ISO-10303-21;
HEADER;
/* Generated by software containing ST-Developer
 * from STEP Tools, Inc. (www.steptools.com) 
 */

FILE_DESCRIPTION(
/* description */ (''),
/* implementation_level */ '2;1');

FILE_NAME(
/* name */ 'Gripper v10.step',
/* time_stamp */ '2026-05-21T11:46:24+02:00',
/* author */ (''),
/* organization */ (''),
/* preprocessor_version */ 'ST-DEVELOPER v20.1',
/* originating_system */ 'Autodesk Translation Framework v15.8.0.0',
/* authorisation */ '');

FILE_SCHEMA (('AUTOMOTIVE_DESIGN { 1 0 10303 214 3 1 1 }'));
ENDSEC;

DATA;
#10=MECHANICAL_DESIGN_GEOMETRIC_PRESENTATION_REPRESENTATION('',(#251,#252,
#253,#254,#255,#256,#257,#258,#259,#260,#261,#262,#263,#264,#265,#266,#267,
#268,#269,#270,#271,#272,#273,#274,#275,#276,#277,#278,#279,#280,#281,#282,
#283,#284,#285,#286,#287,#288,#289,#290,#291,#292,#293,#294,#295,#296,#297,
#298,#299,#300,#301,#302,#303,#304,#305,#306,#307,#308,#309,#310,#311,#312,
#313,#314,#315,#316,#317,#318,#319,#320,#321,#322,#323,#324,#325,#326,#327,
#328,#329,#330,#331,#332,#333,#334,#335,#336,#337,#338,#339,#340,#341,#342,
#343,#344,#345,#346,#347,#348,#349,#350,#351,#352,#353,#354,#355,#356,#357,
#358,#359,#360,#361,#362,#363,#364,#365,#366,#367,#368,#369,#370,#371,#372,
#373,#374,#375,#376,#377,#378,#379,#380,#381,#382,#383,#384,#385,#386,#387,
#388,#389,#390,#391,#392,#393,#394,#395,#396,#397,#398,#399,#400,#401,#402,
#403,#404,#405,#406,#407,#408,#409,#410,#411,#412,#413,#414,#415,#416,#417,
#418,#419,#420,#421,#422,#423,#424,#425,#426,#427,#428,#429,#430,#431,#432,
#433,#434,#435,#436,#437,#438,#439,#440,#441,#442,#443,#444,#445,#446,#447,
#448,#449,#450,#451,#452,#453,#454,#455,#456,#457,#458,#459,#460,#461,#462,
#463,#464,#465,#466,#467,#468,#469,#470,#471,#472,#473,#474,#475,#476,#477,
#478,#479,#480,#481,#482,#483,#484,#485,#486,#487,#488,#489,#490,#491,#492,
#493,#494,#495,#496,#497,#498,#499,#500,#501,#502,#503,#504,#505,#506,#507,
#508,#509,#510,#511,#512,#513,#514,#515,#516,#517,#518,#519,#520,#521,#522,
#523,#524,#525,#526,#527,#528,#529,#530,#531,#532,#533,#534,#535,#536,#537,
#538,#539,#540,#541,#542,#543,#544,#545,#546,#547,#548,#549,#550,#551,#552,
#553,#554,#555,#556,#557,#558,#559,#560,#561,#562,#563,#564,#565,#566,#567,
#568,#569,#570,#571,#572,#573,#574,#575,#576,#577,#578,#579,#580,#581,#582,
#583,#584,#585,#586,#587,#588,#589,#590,#591,#592,#593,#594,#595,#596,#597,
#598,#599,#600,#601,#602,#603,#604,#605,#606,#607,#608,#609,#610,#611,#612,
#613,#614,#615,#616,#617,#618,#619,#620,#621,#622,#623,#624,#625,#626,#627,
#628,#629,#630,#631,#632,#633,#634,#635,#636,#637,#638,#639,#640,#641,#642,
#643,#644,#645,#646,#647,#648,#649,#650,#651,#652,#653,#654,#655,#656,#657,
#658,#659,#660,#661,#662,#663,#664,#665,#666,#667,#668,#669,#670,#671,#672,
#673,#674,#675,#676,#677,#678,#679,#680,#681,#682,#683,#684,#685,#686,#687,
#688,#689,#690,#691,#692,#693,#694,#695,#696,#697,#698,#699,#700,#701,#702,
#703,#704,#705,#706,#707,#708,#709,#710,#711,#712,#713,#714,#715,#716,#717,
#718,#719,#720,#721,#722,#723,#724,#725,#726,#727,#728,#729,#730,#731,#732,
#733,#734,#735,#736,#737,#738,#739,#740,#741,#742,#743,#744,#745,#746,#747,
#748,#749,#750,#751,#752,#753,#754,#755,#756,#757,#758,#759,#760,#761,#762,
#763,#764,#765,#766,#767,#768,#769,#770,#771,#772,#773,#774,#775,#776,#777,
#778,#779,#780,#781,#782,#783,#784,#785,#786,#787,#788,#789,#790,#791,#792,
#793,#794,#795,#796,#797),#19235);
#11=ITEM_DEFINED_TRANSFORMATION($,$,#11956,#12768);
#12=ITEM_DEFINED_TRANSFORMATION($,$,#11913,#12769);
#13=ITEM_DEFINED_TRANSFORMATION($,$,#11956,#12770);
#14=ITEM_DEFINED_TRANSFORMATION($,$,#11956,#12771);
#15=ITEM_DEFINED_TRANSFORMATION($,$,#11956,#12772);
#16=ITEM_DEFINED_TRANSFORMATION($,$,#12027,#12773);
#17=ITEM_DEFINED_TRANSFORMATION($,$,#12027,#12774);
#18=ITEM_DEFINED_TRANSFORMATION($,$,#12027,#12775);
#19=ITEM_DEFINED_TRANSFORMATION($,$,#12027,#12776);
#20=ITEM_DEFINED_TRANSFORMATION($,$,#12027,#12777);
#21=ITEM_DEFINED_TRANSFORMATION($,$,#12027,#12778);
#22=ITEM_DEFINED_TRANSFORMATION($,$,#12027,#12779);
#23=ITEM_DEFINED_TRANSFORMATION($,$,#12027,#12780);
#24=ITEM_DEFINED_TRANSFORMATION($,$,#12027,#12781);
#25=ITEM_DEFINED_TRANSFORMATION($,$,#12027,#12782);
#26=ITEM_DEFINED_TRANSFORMATION($,$,#12027,#12783);
#27=ITEM_DEFINED_TRANSFORMATION($,$,#12027,#12784);
#28=ITEM_DEFINED_TRANSFORMATION($,$,#12027,#12785);
#29=ITEM_DEFINED_TRANSFORMATION($,$,#12027,#12786);
#30=ITEM_DEFINED_TRANSFORMATION($,$,#12027,#12787);
#31=ITEM_DEFINED_TRANSFORMATION($,$,#12027,#12788);
#32=ITEM_DEFINED_TRANSFORMATION($,$,#12681,#12789);
#33=(
REPRESENTATION_RELATIONSHIP($,$,#19274,#19272)
REPRESENTATION_RELATIONSHIP_WITH_TRANSFORMATION(#11)
SHAPE_REPRESENTATION_RELATIONSHIP()
);
#34=(
REPRESENTATION_RELATIONSHIP($,$,#19273,#19272)
REPRESENTATION_RELATIONSHIP_WITH_TRANSFORMATION(#12)
SHAPE_REPRESENTATION_RELATIONSHIP()
);
#35=(
REPRESENTATION_RELATIONSHIP($,$,#19274,#19272)
REPRESENTATION_RELATIONSHIP_WITH_TRANSFORMATION(#13)
SHAPE_REPRESENTATION_RELATIONSHIP()
);
#36=(
REPRESENTATION_RELATIONSHIP($,$,#19274,#19272)
REPRESENTATION_RELATIONSHIP_WITH_TRANSFORMATION(#14)
SHAPE_REPRESENTATION_RELATIONSHIP()
);
#37=(
REPRESENTATION_RELATIONSHIP($,$,#19274,#19272)
REPRESENTATION_RELATIONSHIP_WITH_TRANSFORMATION(#15)
SHAPE_REPRESENTATION_RELATIONSHIP()
);
#38=(
REPRESENTATION_RELATIONSHIP($,$,#19275,#19272)
REPRESENTATION_RELATIONSHIP_WITH_TRANSFORMATION(#16)
SHAPE_REPRESENTATION_RELATIONSHIP()
);
#39=(
REPRESENTATION_RELATIONSHIP($,$,#19275,#19272)
REPRESENTATION_RELATIONSHIP_WITH_TRANSFORMATION(#17)
SHAPE_REPRESENTATION_RELATIONSHIP()
);
#40=(
REPRESENTATION_RELATIONSHIP($,$,#19275,#19272)
REPRESENTATION_RELATIONSHIP_WITH_TRANSFORMATION(#18)
SHAPE_REPRESENTATION_RELATIONSHIP()
);
#41=(
REPRESENTATION_RELATIONSHIP($,$,#19275,#19272)
REPRESENTATION_RELATIONSHIP_WITH_TRANSFORMATION(#19)
SHAPE_REPRESENTATION_RELATIONSHIP()
);
#42=(
REPRESENTATION_RELATIONSHIP($,$,#19275,#19272)
REPRESENTATION_RELATIONSHIP_WITH_TRANSFORMATION(#20)
SHAPE_REPRESENTATION_RELATIONSHIP()
);
#43=(
REPRESENTATION_RELATIONSHIP($,$,#19275,#19272)
REPRESENTATION_RELATIONSHIP_WITH_TRANSFORMATION(#21)
SHAPE_REPRESENTATION_RELATIONSHIP()
);
#44=(
REPRESENTATION_RELATIONSHIP($,$,#19275,#19272)
REPRESENTATION_RELATIONSHIP_WITH_TRANSFORMATION(#22)
SHAPE_REPRESENTATION_RELATIONSHIP()
);
#45=(
REPRESENTATION_RELATIONSHIP($,$,#19275,#19272)
REPRESENTATION_RELATIONSHIP_WITH_TRANSFORMATION(#23)
SHAPE_REPRESENTATION_RELATIONSHIP()
);
#46=(
REPRESENTATION_RELATIONSHIP($,$,#19275,#19272)
REPRESENTATION_RELATIONSHIP_WITH_TRANSFORMATION(#24)
SHAPE_REPRESENTATION_RELATIONSHIP()
);
#47=(
REPRESENTATION_RELATIONSHIP($,$,#19275,#19272)
REPRESENTATION_RELATIONSHIP_WITH_TRANSFORMATION(#25)
SHAPE_REPRESENTATION_RELATIONSHIP()
);
#48=(
REPRESENTATION_RELATIONSHIP($,$,#19275,#19272)
REPRESENTATION_RELATIONSHIP_WITH_TRANSFORMATION(#26)
SHAPE_REPRESENTATION_RELATIONSHIP()
);
#49=(
REPRESENTATION_RELATIONSHIP($,$,#19275,#19272)
REPRESENTATION_RELATIONSHIP_WITH_TRANSFORMATION(#27)
SHAPE_REPRESENTATION_RELATIONSHIP()
);
#50=(
REPRESENTATION_RELATIONSHIP($,$,#19275,#19272)
REPRESENTATION_RELATIONSHIP_WITH_TRANSFORMATION(#28)
SHAPE_REPRESENTATION_RELATIONSHIP()
);
#51=(
REPRESENTATION_RELATIONSHIP($,$,#19275,#19272)
REPRESENTATION_RELATIONSHIP_WITH_TRANSFORMATION(#29)
SHAPE_REPRESENTATION_RELATIONSHIP()
);
#52=(
REPRESENTATION_RELATIONSHIP($,$,#19275,#19272)
REPRESENTATION_RELATIONSHIP_WITH_TRANSFORMATION(#30)
SHAPE_REPRESENTATION_RELATIONSHIP()
);
#53=(
REPRESENTATION_RELATIONSHIP($,$,#19275,#19272)
REPRESENTATION_RELATIONSHIP_WITH_TRANSFORMATION(#31)
SHAPE_REPRESENTATION_RELATIONSHIP()
);
#54=(
REPRESENTATION_RELATIONSHIP($,$,#19276,#19272)
REPRESENTATION_RELATIONSHIP_WITH_TRANSFORMATION(#32)
SHAPE_REPRESENTATION_RELATIONSHIP()
);
#55=CONTEXT_DEPENDENT_SHAPE_REPRESENTATION(#33,#19250);
#56=CONTEXT_DEPENDENT_SHAPE_REPRESENTATION(#34,#19251);
#57=CONTEXT_DEPENDENT_SHAPE_REPRESENTATION(#35,#19252);
#58=CONTEXT_DEPENDENT_SHAPE_REPRESENTATION(#36,#19253);
#59=CONTEXT_DEPENDENT_SHAPE_REPRESENTATION(#37,#19254);
#60=CONTEXT_DEPENDENT_SHAPE_REPRESENTATION(#38,#19255);
#61=CONTEXT_DEPENDENT_SHAPE_REPRESENTATION(#39,#19256);
#62=CONTEXT_DEPENDENT_SHAPE_REPRESENTATION(#40,#19257);
#63=CONTEXT_DEPENDENT_SHAPE_REPRESENTATION(#41,#19258);
#64=CONTEXT_DEPENDENT_SHAPE_REPRESENTATION(#42,#19259);
#65=CONTEXT_DEPENDENT_SHAPE_REPRESENTATION(#43,#19260);
#66=CONTEXT_DEPENDENT_SHAPE_REPRESENTATION(#44,#19261);
#67=CONTEXT_DEPENDENT_SHAPE_REPRESENTATION(#45,#19262);
#68=CONTEXT_DEPENDENT_SHAPE_REPRESENTATION(#46,#19263);
#69=CONTEXT_DEPENDENT_SHAPE_REPRESENTATION(#47,#19264);
#70=CONTEXT_DEPENDENT_SHAPE_REPRESENTATION(#48,#19265);
#71=CONTEXT_DEPENDENT_SHAPE_REPRESENTATION(#49,#19266);
#72=CONTEXT_DEPENDENT_SHAPE_REPRESENTATION(#50,#19267);
#73=CONTEXT_DEPENDENT_SHAPE_REPRESENTATION(#51,#19268);
#74=CONTEXT_DEPENDENT_SHAPE_REPRESENTATION(#52,#19269);
#75=CONTEXT_DEPENDENT_SHAPE_REPRESENTATION(#53,#19270);
#76=CONTEXT_DEPENDENT_SHAPE_REPRESENTATION(#54,#19271);
#77=NEXT_ASSEMBLY_USAGE_OCCURRENCE('square profile v4:7',
'square profile v4:7','square profile v4:7',#19278,#19280,
'square profile v4:7');
#78=NEXT_ASSEMBLY_USAGE_OCCURRENCE('blaszka glowna v7:2',
'blaszka glowna v7:2','blaszka glowna v7:2',#19278,#19279,
'blaszka glowna v7:2');
#79=NEXT_ASSEMBLY_USAGE_OCCURRENCE('square profile v4:8',
'square profile v4:8','square profile v4:8',#19278,#19280,
'square profile v4:8');
#80=NEXT_ASSEMBLY_USAGE_OCCURRENCE('square profile v4:9',
'square profile v4:9','square profile v4:9',#19278,#19280,
'square profile v4:9');
#81=NEXT_ASSEMBLY_USAGE_OCCURRENCE('square profile v4:11',
'square profile v4:11','square profile v4:11',#19278,#19280,
'square profile v4:11');
#82=NEXT_ASSEMBLY_USAGE_OCCURRENCE(
'Elliptical flat vacuum cups - High Grip VVD-70-140-G3_8-B v1:25',
'Elliptical flat vacuum cups - High Grip VVD-70-140-G3_8-B v1:25',
'Elliptical flat vacuum cups - High Grip VVD-70-140-G3_8-B v1:25',#19278,
#19281,
'Elliptical flat vacuum cups - High Grip VVD-70-140-G3_8-B v1:25');
#83=NEXT_ASSEMBLY_USAGE_OCCURRENCE(
'Elliptical flat vacuum cups - High Grip VVD-70-140-G3_8-B v1:26',
'Elliptical flat vacuum cups - High Grip VVD-70-140-G3_8-B v1:26',
'Elliptical flat vacuum cups - High Grip VVD-70-140-G3_8-B v1:26',#19278,
#19281,
'Elliptical flat vacuum cups - High Grip VVD-70-140-G3_8-B v1:26');
#84=NEXT_ASSEMBLY_USAGE_OCCURRENCE(
'Elliptical flat vacuum cups - High Grip VVD-70-140-G3_8-B v1:27',
'Elliptical flat vacuum cups - High Grip VVD-70-140-G3_8-B v1:27',
'Elliptical flat vacuum cups - High Grip VVD-70-140-G3_8-B v1:27',#19278,
#19281,
'Elliptical flat vacuum cups - High Grip VVD-70-140-G3_8-B v1:27');
#85=NEXT_ASSEMBLY_USAGE_OCCURRENCE(
'Elliptical flat vacuum cups - High Grip VVD-70-140-G3_8-B v1:28',
'Elliptical flat vacuum cups - High Grip VVD-70-140-G3_8-B v1:28',
'Elliptical flat vacuum cups - High Grip VVD-70-140-G3_8-B v1:28',#19278,
#19281,
'Elliptical flat vacuum cups - High Grip VVD-70-140-G3_8-B v1:28');
#86=NEXT_ASSEMBLY_USAGE_OCCURRENCE(
'Elliptical flat vacuum cups - High Grip VVD-70-140-G3_8-B v1:29',
'Elliptical flat vacuum cups - High Grip VVD-70-140-G3_8-B v1:29',
'Elliptical flat vacuum cups - High Grip VVD-70-140-G3_8-B v1:29',#19278,
#19281,
'Elliptical flat vacuum cups - High Grip VVD-70-140-G3_8-B v1:29');
#87=NEXT_ASSEMBLY_USAGE_OCCURRENCE(
'Elliptical flat vacuum cups - High Grip VVD-70-140-G3_8-B v1:30',
'Elliptical flat vacuum cups - High Grip VVD-70-140-G3_8-B v1:30',
'Elliptical flat vacuum cups - High Grip VVD-70-140-G3_8-B v1:30',#19278,
#19281,
'Elliptical flat vacuum cups - High Grip VVD-70-140-G3_8-B v1:30');
#88=NEXT_ASSEMBLY_USAGE_OCCURRENCE(
'Elliptical flat vacuum cups - High Grip VVD-70-140-G3_8-B v1:31',
'Elliptical flat vacuum cups - High Grip VVD-70-140-G3_8-B v1:31',
'Elliptical flat vacuum cups - High Grip VVD-70-140-G3_8-B v1:31',#19278,
#19281,
'Elliptical flat vacuum cups - High Grip VVD-70-140-G3_8-B v1:31');
#89=NEXT_ASSEMBLY_USAGE_OCCURRENCE(
'Elliptical flat vacuum cups - High Grip VVD-70-140-G3_8-B v1:32',
'Elliptical flat vacuum cups - High Grip VVD-70-140-G3_8-B v1:32',
'Elliptical flat vacuum cups - High Grip VVD-70-140-G3_8-B v1:32',#19278,
#19281,
'Elliptical flat vacuum cups - High Grip VVD-70-140-G3_8-B v1:32');
#90=NEXT_ASSEMBLY_USAGE_OCCURRENCE(
'Elliptical flat vacuum cups - High Grip VVD-70-140-G3_8-B v1:37',
'Elliptical flat vacuum cups - High Grip VVD-70-140-G3_8-B v1:37',
'Elliptical flat vacuum cups - High Grip VVD-70-140-G3_8-B v1:37',#19278,
#19281,
'Elliptical flat vacuum cups - High Grip VVD-70-140-G3_8-B v1:37');
#91=NEXT_ASSEMBLY_USAGE_OCCURRENCE(
'Elliptical flat vacuum cups - High Grip VVD-70-140-G3_8-B v1:38',
'Elliptical flat vacuum cups - High Grip VVD-70-140-G3_8-B v1:38',
'Elliptical flat vacuum cups - High Grip VVD-70-140-G3_8-B v1:38',#19278,
#19281,
'Elliptical flat vacuum cups - High Grip VVD-70-140-G3_8-B v1:38');
#92=NEXT_ASSEMBLY_USAGE_OCCURRENCE(
'Elliptical flat vacuum cups - High Grip VVD-70-140-G3_8-B v1:39',
'Elliptical flat vacuum cups - High Grip VVD-70-140-G3_8-B v1:39',
'Elliptical flat vacuum cups - High Grip VVD-70-140-G3_8-B v1:39',#19278,
#19281,
'Elliptical flat vacuum cups - High Grip VVD-70-140-G3_8-B v1:39');
#93=NEXT_ASSEMBLY_USAGE_OCCURRENCE(
'Elliptical flat vacuum cups - High Grip VVD-70-140-G3_8-B v1:40',
'Elliptical flat vacuum cups - High Grip VVD-70-140-G3_8-B v1:40',
'Elliptical flat vacuum cups - High Grip VVD-70-140-G3_8-B v1:40',#19278,
#19281,
'Elliptical flat vacuum cups - High Grip VVD-70-140-G3_8-B v1:40');
#94=NEXT_ASSEMBLY_USAGE_OCCURRENCE(
'Elliptical flat vacuum cups - High Grip VVD-70-140-G3_8-B v1:41',
'Elliptical flat vacuum cups - High Grip VVD-70-140-G3_8-B v1:41',
'Elliptical flat vacuum cups - High Grip VVD-70-140-G3_8-B v1:41',#19278,
#19281,
'Elliptical flat vacuum cups - High Grip VVD-70-140-G3_8-B v1:41');
#95=NEXT_ASSEMBLY_USAGE_OCCURRENCE(
'Elliptical flat vacuum cups - High Grip VVD-70-140-G3_8-B v1:42',
'Elliptical flat vacuum cups - High Grip VVD-70-140-G3_8-B v1:42',
'Elliptical flat vacuum cups - High Grip VVD-70-140-G3_8-B v1:42',#19278,
#19281,
'Elliptical flat vacuum cups - High Grip VVD-70-140-G3_8-B v1:42');
#96=NEXT_ASSEMBLY_USAGE_OCCURRENCE(
'Elliptical flat vacuum cups - High Grip VVD-70-140-G3_8-B v1:43',
'Elliptical flat vacuum cups - High Grip VVD-70-140-G3_8-B v1:43',
'Elliptical flat vacuum cups - High Grip VVD-70-140-G3_8-B v1:43',#19278,
#19281,
'Elliptical flat vacuum cups - High Grip VVD-70-140-G3_8-B v1:43');
#97=NEXT_ASSEMBLY_USAGE_OCCURRENCE(
'Elliptical flat vacuum cups - High Grip VVD-70-140-G3_8-B v1:44',
'Elliptical flat vacuum cups - High Grip VVD-70-140-G3_8-B v1:44',
'Elliptical flat vacuum cups - High Grip VVD-70-140-G3_8-B v1:44',#19278,
#19281,
'Elliptical flat vacuum cups - High Grip VVD-70-140-G3_8-B v1:44');
#98=NEXT_ASSEMBLY_USAGE_OCCURRENCE('gripper mount v2:2',
'gripper mount v2:2','gripper mount v2:2',#19278,#19282,
'gripper mount v2:2');
#99=(
BOUNDED_CURVE()
B_SPLINE_CURVE(2,(#16973,#16974,#16975),.UNSPECIFIED.,.F.,.F.)
B_SPLINE_CURVE_WITH_KNOTS((3,3),(-4.04188308126825,-2.59134190044574),
 .UNSPECIFIED.)
CURVE()
GEOMETRIC_REPRESENTATION_ITEM()
RATIONAL_B_SPLINE_CURVE((2.25967331459555,2.25967331459555,2.09743606997573))
REPRESENTATION_ITEM('')
);
#100=(
BOUNDED_CURVE()
B_SPLINE_CURVE(2,(#16977,#16978,#16979),.UNSPECIFIED.,.F.,.F.)
B_SPLINE_CURVE_WITH_KNOTS((3,3),(-5.49242426214258,-4.04188308126825),
 .UNSPECIFIED.)
CURVE()
GEOMETRIC_REPRESENTATION_ITEM()
RATIONAL_B_SPLINE_CURVE((2.09743606996414,2.25967331459555,2.25967331459555))
REPRESENTATION_ITEM('')
);
#101=(
BOUNDED_CURVE()
B_SPLINE_CURVE(2,(#16985,#16986,#16987),.UNSPECIFIED.,.F.,.F.)
B_SPLINE_CURVE_WITH_KNOTS((3,3),(-4.04188308126825,-2.59134190044574),
 .UNSPECIFIED.)
CURVE()
GEOMETRIC_REPRESENTATION_ITEM()
RATIONAL_B_SPLINE_CURVE((2.25967331459555,2.25967331459555,2.09743606997573))
REPRESENTATION_ITEM('')
);
#102=(
BOUNDED_CURVE()
B_SPLINE_CURVE(2,(#16988,#16989,#16990),.UNSPECIFIED.,.F.,.F.)
B_SPLINE_CURVE_WITH_KNOTS((3,3),(-5.49242426214258,-4.04188308126825),
 .UNSPECIFIED.)
CURVE()
GEOMETRIC_REPRESENTATION_ITEM()
RATIONAL_B_SPLINE_CURVE((2.09743606996413,2.25967331459554,2.25967331459554))
REPRESENTATION_ITEM('')
);
#103=(
BOUNDED_CURVE()
B_SPLINE_CURVE(2,(#16995,#16996,#16997),.UNSPECIFIED.,.F.,.F.)
B_SPLINE_CURVE_WITH_KNOTS((3,3),(-4.04188308126825,-2.59134190044574),
 .UNSPECIFIED.)
CURVE()
GEOMETRIC_REPRESENTATION_ITEM()
RATIONAL_B_SPLINE_CURVE((2.25967331459554,2.25967331459554,2.09743606997572))
REPRESENTATION_ITEM('')
);
#104=(
BOUNDED_CURVE()
B_SPLINE_CURVE(2,(#16998,#16999,#17000),.UNSPECIFIED.,.F.,.F.)
B_SPLINE_CURVE_WITH_KNOTS((3,3),(-5.49242426214259,-4.04188308126825),
 .UNSPECIFIED.)
CURVE()
GEOMETRIC_REPRESENTATION_ITEM()
RATIONAL_B_SPLINE_CURVE((2.09743606996413,2.25967331459555,2.25967331459555))
REPRESENTATION_ITEM('')
);
#105=(
BOUNDED_CURVE()
B_SPLINE_CURVE(2,(#17005,#17006,#17007),.UNSPECIFIED.,.F.,.F.)
B_SPLINE_CURVE_WITH_KNOTS((3,3),(-4.04188308126825,-2.59134190044574),
 .UNSPECIFIED.)
CURVE()
GEOMETRIC_REPRESENTATION_ITEM()
RATIONAL_B_SPLINE_CURVE((2.25967331459555,2.25967331459555,2.09743606997573))
REPRESENTATION_ITEM('')
);
#106=(
BOUNDED_CURVE()
B_SPLINE_CURVE(2,(#17008,#17009,#17010),.UNSPECIFIED.,.F.,.F.)
B_SPLINE_CURVE_WITH_KNOTS((3,3),(-5.49242426214258,-4.04188308126825),
 .UNSPECIFIED.)
CURVE()
GEOMETRIC_REPRESENTATION_ITEM()
RATIONAL_B_SPLINE_CURVE((2.09743606996414,2.25967331459555,2.25967331459555))
REPRESENTATION_ITEM('')
);
#107=(
BOUNDED_CURVE()
B_SPLINE_CURVE(2,(#17015,#17016,#17017),.UNSPECIFIED.,.F.,.F.)
B_SPLINE_CURVE_WITH_KNOTS((3,3),(-4.04188308126825,-2.59134190044574),
 .UNSPECIFIED.)
CURVE()
GEOMETRIC_REPRESENTATION_ITEM()
RATIONAL_B_SPLINE_CURVE((2.25967331459555,2.25967331459555,2.09743606997573))
REPRESENTATION_ITEM('')
);
#108=(
BOUNDED_CURVE()
B_SPLINE_CURVE(2,(#17018,#17019,#17020),.UNSPECIFIED.,.F.,.F.)
B_SPLINE_CURVE_WITH_KNOTS((3,3),(-5.49242426214258,-4.04188308126825),
 .UNSPECIFIED.)
CURVE()
GEOMETRIC_REPRESENTATION_ITEM()
RATIONAL_B_SPLINE_CURVE((2.09743606996413,2.25967331459554,2.25967331459554))
REPRESENTATION_ITEM('')
);
#109=(
BOUNDED_CURVE()
B_SPLINE_CURVE(2,(#17134,#17135,#17136),.UNSPECIFIED.,.F.,.F.)
B_SPLINE_CURVE_WITH_KNOTS((3,3),(-4.04188308126825,-2.59134190044574),
 .UNSPECIFIED.)
CURVE()
GEOMETRIC_REPRESENTATION_ITEM()
RATIONAL_B_SPLINE_CURVE((2.25967331459554,2.25967331459554,2.09743606997572))
REPRESENTATION_ITEM('')
);
#110=(
BOUNDED_CURVE()
B_SPLINE_CURVE(2,(#17137,#17138,#17139),.UNSPECIFIED.,.F.,.F.)
B_SPLINE_CURVE_WITH_KNOTS((3,3),(-5.49242426214259,-4.04188308126825),
 .UNSPECIFIED.)
CURVE()
GEOMETRIC_REPRESENTATION_ITEM()
RATIONAL_B_SPLINE_CURVE((2.09743606996413,2.25967331459555,2.25967331459555))
REPRESENTATION_ITEM('')
);
#111=(
BOUNDED_CURVE()
B_SPLINE_CURVE(2,(#17146,#17147,#17148),.UNSPECIFIED.,.F.,.F.)
B_SPLINE_CURVE_WITH_KNOTS((3,3),(4.04188308126825,5.4924242621426),
 .UNSPECIFIED.)
CURVE()
GEOMETRIC_REPRESENTATION_ITEM()
RATIONAL_B_SPLINE_CURVE((2.25967331459555,2.25967331459555,2.09743606996413))
REPRESENTATION_ITEM('')
);
#112=(
BOUNDED_CURVE()
B_SPLINE_CURVE(2,(#17149,#17150,#17151),.UNSPECIFIED.,.F.,.F.)
B_SPLINE_CURVE_WITH_KNOTS((3,3),(2.59134190044575,4.04188308126825),
 .UNSPECIFIED.)
CURVE()
GEOMETRIC_REPRESENTATION_ITEM()
RATIONAL_B_SPLINE_CURVE((2.09743606997573,2.25967331459555,2.25967331459555))
REPRESENTATION_ITEM('')
);
#113=(
BOUNDED_CURVE()
B_SPLINE_CURVE(2,(#17156,#17157,#17158),.UNSPECIFIED.,.F.,.F.)
B_SPLINE_CURVE_WITH_KNOTS((3,3),(4.04188308126826,5.49242426214259),
 .UNSPECIFIED.)
CURVE()
GEOMETRIC_REPRESENTATION_ITEM()
RATIONAL_B_SPLINE_CURVE((2.25967331459554,2.25967331459554,2.09743606996413))
REPRESENTATION_ITEM('')
);
#114=(
BOUNDED_CURVE()
B_SPLINE_CURVE(2,(#17159,#17160,#17161),.UNSPECIFIED.,.F.,.F.)
B_SPLINE_CURVE_WITH_KNOTS((3,3),(2.59134190044575,4.04188308126826),
 .UNSPECIFIED.)
CURVE()
GEOMETRIC_REPRESENTATION_ITEM()
RATIONAL_B_SPLINE_CURVE((2.09743606997572,2.25967331459554,2.25967331459554))
REPRESENTATION_ITEM('')
);
#115=(
BOUNDED_CURVE()
B_SPLINE_CURVE(2,(#17166,#17167,#17168),.UNSPECIFIED.,.F.,.F.)
B_SPLINE_CURVE_WITH_KNOTS((3,3),(4.04188308126826,5.49242426214259),
 .UNSPECIFIED.)
CURVE()
GEOMETRIC_REPRESENTATION_ITEM()
RATIONAL_B_SPLINE_CURVE((2.25967331459555,2.25967331459555,2.09743606996414))
REPRESENTATION_ITEM('')
);
#116=(
BOUNDED_CURVE()
B_SPLINE_CURVE(2,(#17169,#17170,#17171),.UNSPECIFIED.,.F.,.F.)
B_SPLINE_CURVE_WITH_KNOTS((3,3),(2.59134190044574,4.04188308126826),
 .UNSPECIFIED.)
CURVE()
GEOMETRIC_REPRESENTATION_ITEM()
RATIONAL_B_SPLINE_CURVE((2.09743606997573,2.25967331459555,2.25967331459555))
REPRESENTATION_ITEM('')
);
#117=(
BOUNDED_CURVE()
B_SPLINE_CURVE(2,(#17176,#17177,#17178),.UNSPECIFIED.,.F.,.F.)
B_SPLINE_CURVE_WITH_KNOTS((3,3),(4.04188308126825,5.4924242621426),
 .UNSPECIFIED.)
CURVE()
GEOMETRIC_REPRESENTATION_ITEM()
RATIONAL_B_SPLINE_CURVE((2.25967331459555,2.25967331459555,2.09743606996413))
REPRESENTATION_ITEM('')
);
#118=(
BOUNDED_CURVE()
B_SPLINE_CURVE(2,(#17179,#17180,#17181),.UNSPECIFIED.,.F.,.F.)
B_SPLINE_CURVE_WITH_KNOTS((3,3),(2.59134190044575,4.04188308126825),
 .UNSPECIFIED.)
CURVE()
GEOMETRIC_REPRESENTATION_ITEM()
RATIONAL_B_SPLINE_CURVE((2.09743606997573,2.25967331459555,2.25967331459555))
REPRESENTATION_ITEM('')
);
#119=(
BOUNDED_CURVE()
B_SPLINE_CURVE(2,(#17186,#17187,#17188),.UNSPECIFIED.,.F.,.F.)
B_SPLINE_CURVE_WITH_KNOTS((3,3),(4.04188308126826,5.49242426214259),
 .UNSPECIFIED.)
CURVE()
GEOMETRIC_REPRESENTATION_ITEM()
RATIONAL_B_SPLINE_CURVE((2.25967331459554,2.25967331459554,2.09743606996413))
REPRESENTATION_ITEM('')
);
#120=(
BOUNDED_CURVE()
B_SPLINE_CURVE(2,(#17189,#17190,#17191),.UNSPECIFIED.,.F.,.F.)
B_SPLINE_CURVE_WITH_KNOTS((3,3),(2.59134190044575,4.04188308126826),
 .UNSPECIFIED.)
CURVE()
GEOMETRIC_REPRESENTATION_ITEM()
RATIONAL_B_SPLINE_CURVE((2.09743606997572,2.25967331459554,2.25967331459554))
REPRESENTATION_ITEM('')
);
#121=(
BOUNDED_CURVE()
B_SPLINE_CURVE(2,(#17194,#17195,#17196),.UNSPECIFIED.,.F.,.F.)
B_SPLINE_CURVE_WITH_KNOTS((3,3),(4.04188308126826,5.4924242621426),
 .UNSPECIFIED.)
CURVE()
GEOMETRIC_REPRESENTATION_ITEM()
RATIONAL_B_SPLINE_CURVE((2.25967331459555,2.25967331459555,2.09743606996413))
REPRESENTATION_ITEM('')
);
#122=(
BOUNDED_CURVE()
B_SPLINE_CURVE(2,(#17197,#17198,#17199),.UNSPECIFIED.,.F.,.F.)
B_SPLINE_CURVE_WITH_KNOTS((3,3),(2.59134190044574,4.04188308126826),
 .UNSPECIFIED.)
CURVE()
GEOMETRIC_REPRESENTATION_ITEM()
RATIONAL_B_SPLINE_CURVE((2.09743606997573,2.25967331459555,2.25967331459555))
REPRESENTATION_ITEM('')
);
#123=CONICAL_SURFACE('',#12197,13.2,1.0471975511966);
#124=CONICAL_SURFACE('',#12199,13.2,1.0471975511966);
#125=CONICAL_SURFACE('',#12201,13.2,1.0471975511966);
#126=CONICAL_SURFACE('',#12203,13.2,1.0471975511966);
#127=CONICAL_SURFACE('',#12205,13.2,1.0471975511966);
#128=CONICAL_SURFACE('',#12224,20.,0.750491578357563);
#129=CONICAL_SURFACE('',#12225,33.3636039063063,0.925024503556995);
#130=CONICAL_SURFACE('',#12239,20.,0.750491578357562);
#131=CONICAL_SURFACE('',#12240,33.3636039063063,0.925024503556994);
#132=CONICAL_SURFACE('',#12252,13.2,1.0471975511966);
#133=CONICAL_SURFACE('',#12259,11.,1.0471975511966);
#134=CONICAL_SURFACE('',#12261,11.,1.0471975511966);
#135=CONICAL_SURFACE('',#12263,11.,1.0471975511966);
#136=CONICAL_SURFACE('',#12265,11.,1.0471975511966);
#137=CONICAL_SURFACE('',#12267,11.,1.0471975511966);
#138=CONICAL_SURFACE('',#12272,11.,1.0471975511966);
#139=CONICAL_SURFACE('',#12273,8.331,0.785398163397449);
#140=CONICAL_SURFACE('',#12284,7.47460805572797,0.558505360638185);
#141=CONICAL_SURFACE('',#12310,28.8358900266038,1.01229096615671);
#142=CONICAL_SURFACE('',#12311,28.8358900266038,1.01229096615671);
#143=CONICAL_SURFACE('',#12312,28.8358900266038,1.01229096615671);
#144=CONICAL_SURFACE('',#12313,28.8358900266038,1.01229096615671);
#145=CONICAL_SURFACE('',#12314,28.8358900266038,1.01229096615671);
#146=CONICAL_SURFACE('',#12315,28.8358900266038,1.01229096615671);
#147=CONICAL_SURFACE('',#12316,28.8358900266038,1.01229096615671);
#148=CONICAL_SURFACE('',#12317,28.8358900266038,1.01229096615671);
#149=CONICAL_SURFACE('',#12318,28.8358900266038,1.01229096615671);
#150=CONICAL_SURFACE('',#12319,28.8358900266038,1.01229096615671);
#151=CONICAL_SURFACE('',#12320,28.8358900266038,1.01229096615671);
#152=CONICAL_SURFACE('',#12321,28.8358900266038,1.01229096615671);
#153=CONICAL_SURFACE('',#12322,28.8358900266038,1.01229096615671);
#154=CONICAL_SURFACE('',#12323,28.8358900266038,1.01229096615671);
#155=CONICAL_SURFACE('',#12324,28.8358900266038,1.01229096615671);
#156=CONICAL_SURFACE('',#12325,28.8358900266038,1.01229096615671);
#157=CONICAL_SURFACE('',#12326,28.8358900266038,1.01229096615671);
#158=CONICAL_SURFACE('',#12327,28.8358900266038,1.01229096615671);
#159=CONICAL_SURFACE('',#12328,28.8358900266038,1.01229096615671);
#160=CONICAL_SURFACE('',#12329,28.8358900266038,1.01229096615671);
#161=CONICAL_SURFACE('',#12330,28.8358900266038,1.01229096615671);
#162=CONICAL_SURFACE('',#12331,28.8358900266038,1.01229096615671);
#163=B_SPLINE_CURVE_WITH_KNOTS('',3,(#16143,#16144,#16145,#16146),
 .UNSPECIFIED.,.F.,.F.,(4,4),(0.0191683385084971,0.0227622887785398),
 .UNSPECIFIED.);
#164=B_SPLINE_CURVE_WITH_KNOTS('',3,(#16147,#16148,#16149,#16150),
 .UNSPECIFIED.,.F.,.F.,(4,4),(0.0207542295731962,0.0239180280258778),
 .UNSPECIFIED.);
#165=B_SPLINE_CURVE_WITH_KNOTS('',3,(#16153,#16154,#16155,#16156),
 .UNSPECIFIED.,.F.,.F.,(4,4),(0.0317597598530012,0.035349806386048),
 .UNSPECIFIED.);
#166=B_SPLINE_CURVE_WITH_KNOTS('',3,(#16157,#16158,#16159,#16160),
 .UNSPECIFIED.,.F.,.F.,(4,4),(0.027542632097735,0.030706406520231),
 .UNSPECIFIED.);
#167=B_SPLINE_CURVE_WITH_KNOTS('',3,(#16163,#16164,#16165,#16166),
 .UNSPECIFIED.,.F.,.F.,(4,4),(2.47760195525894E-7,0.00359442254774524),
 .UNSPECIFIED.);
#168=B_SPLINE_CURVE_WITH_KNOTS('',3,(#16167,#16168,#16169,#16170),
 .UNSPECIFIED.,.F.,.F.,(4,4),(3.32976731718052E-7,0.00316414148615451),
 .UNSPECIFIED.);
#169=B_SPLINE_CURVE_WITH_KNOTS('',3,(#16173,#16174,#16175,#16176),
 .UNSPECIFIED.,.F.,.F.,(4,4),(3.78431055326941E-7,0.00359455321860509),
 .UNSPECIFIED.);
#170=B_SPLINE_CURVE_WITH_KNOTS('',3,(#16177,#16178,#16179,#16180),
 .UNSPECIFIED.,.F.,.F.,(4,4),(3.33093013716312E-7,0.00316414160243657),
 .UNSPECIFIED.);
#171=B_SPLINE_CURVE_WITH_KNOTS('',3,(#16183,#16184,#16185,#16186),
 .UNSPECIFIED.,.F.,.F.,(4,4),(2.91259578341001E-7,0.00359446604712805),
 .UNSPECIFIED.);
#172=B_SPLINE_CURVE_WITH_KNOTS('',3,(#16187,#16188,#16189,#16190),
 .UNSPECIFIED.,.F.,.F.,(4,4),(3.32976731723859E-7,0.00316414148615452),
 .UNSPECIFIED.);
#173=B_SPLINE_CURVE_WITH_KNOTS('',3,(#16193,#16194,#16195,#16196),
 .UNSPECIFIED.,.F.,.F.,(4,4),(3.78431055332851E-7,0.00359455321860509),
 .UNSPECIFIED.);
#174=B_SPLINE_CURVE_WITH_KNOTS('',3,(#16197,#16198,#16199,#16200),
 .UNSPECIFIED.,.F.,.F.,(4,4),(3.33093013704463E-7,0.00316414160243655),
 .UNSPECIFIED.);
#175=B_SPLINE_CURVE_WITH_KNOTS('',3,(#16203,#16204,#16205,#16206),
 .UNSPECIFIED.,.F.,.F.,(4,4),(2.91259578350707E-7,0.00359446604712807),
 .UNSPECIFIED.);
#176=B_SPLINE_CURVE_WITH_KNOTS('',3,(#16207,#16208,#16209,#16210),
 .UNSPECIFIED.,.F.,.F.,(4,4),(3.32976731725973E-7,0.00316414148615452),
 .UNSPECIFIED.);
#177=B_SPLINE_CURVE_WITH_KNOTS('',3,(#16213,#16214,#16215,#16216),
 .UNSPECIFIED.,.F.,.F.,(4,4),(3.78431055338992E-7,0.00359455321860509),
 .UNSPECIFIED.);
#178=B_SPLINE_CURVE_WITH_KNOTS('',3,(#16217,#16218,#16219,#16220),
 .UNSPECIFIED.,.F.,.F.,(4,4),(3.33093013721297E-7,0.00316414160243656),
 .UNSPECIFIED.);
#179=B_SPLINE_CURVE_WITH_KNOTS('',3,(#16223,#16224,#16225,#16226),
 .UNSPECIFIED.,.F.,.F.,(4,4),(2.47760195540306E-7,0.00359442254774525),
 .UNSPECIFIED.);
#180=B_SPLINE_CURVE_WITH_KNOTS('',3,(#16227,#16228,#16229,#16230),
 .UNSPECIFIED.,.F.,.F.,(4,4),(3.32976731738091E-7,0.00316414148615452),
 .UNSPECIFIED.);
#181=B_SPLINE_CURVE_WITH_KNOTS('',3,(#16233,#16234,#16235,#16236),
 .UNSPECIFIED.,.F.,.F.,(4,4),(3.78431055340147E-7,0.0035945532186051),
 .UNSPECIFIED.);
#182=B_SPLINE_CURVE_WITH_KNOTS('',3,(#16237,#16238,#16239,#16240),
 .UNSPECIFIED.,.F.,.F.,(4,4),(3.33093013715699E-7,0.00316414160243656),
 .UNSPECIFIED.);
#183=B_SPLINE_CURVE_WITH_KNOTS('',3,(#16243,#16244,#16245,#16246),
 .UNSPECIFIED.,.F.,.F.,(4,4),(0.0191683385084971,0.0227622887785399),
 .UNSPECIFIED.);
#184=B_SPLINE_CURVE_WITH_KNOTS('',3,(#16247,#16248,#16249,#16250),
 .UNSPECIFIED.,.F.,.F.,(4,4),(0.0207542295731961,0.0239180280258777),
 .UNSPECIFIED.);
#185=B_SPLINE_CURVE_WITH_KNOTS('',3,(#16253,#16254,#16255,#16256),
 .UNSPECIFIED.,.F.,.F.,(4,4),(0.031759759853001,0.0353498063860478),
 .UNSPECIFIED.);
#186=B_SPLINE_CURVE_WITH_KNOTS('',3,(#16257,#16258,#16259,#16260),
 .UNSPECIFIED.,.F.,.F.,(4,4),(0.027542632097735,0.030706406520231),
 .UNSPECIFIED.);
#187=B_SPLINE_CURVE_WITH_KNOTS('',3,(#16263,#16264,#16265,#16266),
 .UNSPECIFIED.,.F.,.F.,(4,4),(2.47760195458359E-7,0.00359442254774517),
 .UNSPECIFIED.);
#188=B_SPLINE_CURVE_WITH_KNOTS('',3,(#16267,#16268,#16269,#16270),
 .UNSPECIFIED.,.F.,.F.,(4,4),(3.32976731679007E-7,0.00316414148615452),
 .UNSPECIFIED.);
#189=B_SPLINE_CURVE_WITH_KNOTS('',3,(#16273,#16274,#16275,#16276),
 .UNSPECIFIED.,.F.,.F.,(4,4),(3.78431055330203E-7,0.00359455321860505),
 .UNSPECIFIED.);
#190=B_SPLINE_CURVE_WITH_KNOTS('',3,(#16277,#16278,#16279,#16280),
 .UNSPECIFIED.,.F.,.F.,(4,4),(3.33093013715178E-7,0.00316414160243656),
 .UNSPECIFIED.);
#191=B_SPLINE_CURVE_WITH_KNOTS('',3,(#16283,#16284,#16285,#16286),
 .UNSPECIFIED.,.F.,.F.,(4,4),(2.91259578284932E-7,0.003594466047128),
 .UNSPECIFIED.);
#192=B_SPLINE_CURVE_WITH_KNOTS('',3,(#16287,#16288,#16289,#16290),
 .UNSPECIFIED.,.F.,.F.,(4,4),(3.32976731683389E-7,0.00316414148615452),
 .UNSPECIFIED.);
#193=B_SPLINE_CURVE_WITH_KNOTS('',3,(#16293,#16294,#16295,#16296),
 .UNSPECIFIED.,.F.,.F.,(4,4),(3.78431055331934E-7,0.00359455321860505),
 .UNSPECIFIED.);
#194=B_SPLINE_CURVE_WITH_KNOTS('',3,(#16297,#16298,#16299,#16300),
 .UNSPECIFIED.,.F.,.F.,(4,4),(3.3309301370938E-7,0.00316414160243655),
 .UNSPECIFIED.);
#195=B_SPLINE_CURVE_WITH_KNOTS('',3,(#16303,#16304,#16305,#16306),
 .UNSPECIFIED.,.F.,.F.,(4,4),(2.91259578290729E-7,0.003594466047128),
 .UNSPECIFIED.);
#196=B_SPLINE_CURVE_WITH_KNOTS('',3,(#16307,#16308,#16309,#16310),
 .UNSPECIFIED.,.F.,.F.,(4,4),(3.3297673169052E-7,0.00316414148615452),
 .UNSPECIFIED.);
#197=B_SPLINE_CURVE_WITH_KNOTS('',3,(#16313,#16314,#16315,#16316),
 .UNSPECIFIED.,.F.,.F.,(4,4),(3.78431055329515E-7,0.00359455321860505),
 .UNSPECIFIED.);
#198=B_SPLINE_CURVE_WITH_KNOTS('',3,(#16317,#16318,#16319,#16320),
 .UNSPECIFIED.,.F.,.F.,(4,4),(3.33093013718237E-7,0.00316414160243655),
 .UNSPECIFIED.);
#199=B_SPLINE_CURVE_WITH_KNOTS('',3,(#16323,#16324,#16325,#16326),
 .UNSPECIFIED.,.F.,.F.,(4,4),(2.47760195504161E-7,0.00359442254774521),
 .UNSPECIFIED.);
#200=B_SPLINE_CURVE_WITH_KNOTS('',3,(#16327,#16328,#16329,#16330),
 .UNSPECIFIED.,.F.,.F.,(4,4),(3.32976731698399E-7,0.00316414148615452),
 .UNSPECIFIED.);
#201=B_SPLINE_CURVE_WITH_KNOTS('',3,(#16333,#16334,#16335,#16336),
 .UNSPECIFIED.,.F.,.F.,(4,4),(3.78431055324422E-7,0.00359455321860507),
 .UNSPECIFIED.);
#202=B_SPLINE_CURVE_WITH_KNOTS('',3,(#16337,#16338,#16339,#16340),
 .UNSPECIFIED.,.F.,.F.,(4,4),(3.33093013698957E-7,0.00316414160243656),
 .UNSPECIFIED.);
#203=B_SPLINE_CURVE_WITH_KNOTS('',3,(#16450,#16451,#16452,#16453),
 .UNSPECIFIED.,.F.,.F.,(4,4),(0.0317597598530012,0.035349806386048),
 .UNSPECIFIED.);
#204=B_SPLINE_CURVE_WITH_KNOTS('',3,(#16454,#16455,#16456,#16457),
 .UNSPECIFIED.,.F.,.F.,(4,4),(0.027542632097735,0.0307064065202309),
 .UNSPECIFIED.);
#205=B_SPLINE_CURVE_WITH_KNOTS('',3,(#16460,#16461,#16462,#16463),
 .UNSPECIFIED.,.F.,.F.,(4,4),(2.47760195539618E-7,0.00359442254774526),
 .UNSPECIFIED.);
#206=B_SPLINE_CURVE_WITH_KNOTS('',3,(#16464,#16465,#16466,#16467),
 .UNSPECIFIED.,.F.,.F.,(4,4),(3.32976731738351E-7,0.00316414148615453),
 .UNSPECIFIED.);
#207=B_SPLINE_CURVE_WITH_KNOTS('',3,(#16470,#16471,#16472,#16473),
 .UNSPECIFIED.,.F.,.F.,(4,4),(3.78431055322997E-7,0.00359455321860504),
 .UNSPECIFIED.);
#208=B_SPLINE_CURVE_WITH_KNOTS('',3,(#16474,#16475,#16476,#16477),
 .UNSPECIFIED.,.F.,.F.,(4,4),(3.33093013715699E-7,0.00316414160243651),
 .UNSPECIFIED.);
#209=B_SPLINE_CURVE_WITH_KNOTS('',3,(#16480,#16481,#16482,#16483),
 .UNSPECIFIED.,.F.,.F.,(4,4),(2.91259578358729E-7,0.00359446604712808),
 .UNSPECIFIED.);
#210=B_SPLINE_CURVE_WITH_KNOTS('',3,(#16484,#16485,#16486,#16487),
 .UNSPECIFIED.,.F.,.F.,(4,4),(3.32976731737239E-7,0.00316414148615453),
 .UNSPECIFIED.);
#211=B_SPLINE_CURVE_WITH_KNOTS('',3,(#16490,#16491,#16492,#16493),
 .UNSPECIFIED.,.F.,.F.,(4,4),(3.78431055335921E-7,0.00359455321860505),
 .UNSPECIFIED.);
#212=B_SPLINE_CURVE_WITH_KNOTS('',3,(#16494,#16495,#16496,#16497),
 .UNSPECIFIED.,.F.,.F.,(4,4),(3.3309301371475E-7,0.00316414160243651),
 .UNSPECIFIED.);
#213=B_SPLINE_CURVE_WITH_KNOTS('',3,(#16500,#16501,#16502,#16503),
 .UNSPECIFIED.,.F.,.F.,(4,4),(2.91259578344451E-7,0.00359446604712806),
 .UNSPECIFIED.);
#214=B_SPLINE_CURVE_WITH_KNOTS('',3,(#16504,#16505,#16506,#16507),
 .UNSPECIFIED.,.F.,.F.,(4,4),(3.32976731721447E-7,0.00316414148615453),
 .UNSPECIFIED.);
#215=B_SPLINE_CURVE_WITH_KNOTS('',3,(#16510,#16511,#16512,#16513),
 .UNSPECIFIED.,.F.,.F.,(4,4),(3.78431055340086E-7,0.00359455321860504),
 .UNSPECIFIED.);
#216=B_SPLINE_CURVE_WITH_KNOTS('',3,(#16514,#16515,#16516,#16517),
 .UNSPECIFIED.,.F.,.F.,(4,4),(3.33093013723247E-7,0.00316414160243651),
 .UNSPECIFIED.);
#217=B_SPLINE_CURVE_WITH_KNOTS('',3,(#16520,#16521,#16522,#16523),
 .UNSPECIFIED.,.F.,.F.,(4,4),(2.477601955395E-7,0.00359442254774525),
 .UNSPECIFIED.);
#218=B_SPLINE_CURVE_WITH_KNOTS('',3,(#16524,#16525,#16526,#16527),
 .UNSPECIFIED.,.F.,.F.,(4,4),(3.32976731719093E-7,0.00316414148615453),
 .UNSPECIFIED.);
#219=B_SPLINE_CURVE_WITH_KNOTS('',3,(#16530,#16531,#16532,#16533),
 .UNSPECIFIED.,.F.,.F.,(4,4),(3.78431055345239E-7,0.00359455321860505),
 .UNSPECIFIED.);
#220=B_SPLINE_CURVE_WITH_KNOTS('',3,(#16534,#16535,#16536,#16537),
 .UNSPECIFIED.,.F.,.F.,(4,4),(3.33093013733192E-7,0.00316414160243652),
 .UNSPECIFIED.);
#221=B_SPLINE_CURVE_WITH_KNOTS('',3,(#16540,#16541,#16542,#16543),
 .UNSPECIFIED.,.F.,.F.,(4,4),(0.019168338508497,0.0227622887785398),
 .UNSPECIFIED.);
#222=B_SPLINE_CURVE_WITH_KNOTS('',3,(#16544,#16545,#16546,#16547),
 .UNSPECIFIED.,.F.,.F.,(4,4),(0.0207542295731961,0.0239180280258777),
 .UNSPECIFIED.);
#223=B_SPLINE_CURVE_WITH_KNOTS('',3,(#16550,#16551,#16552,#16553),
 .UNSPECIFIED.,.F.,.F.,(4,4),(0.0317597598530014,0.0353498063860482),
 .UNSPECIFIED.);
#224=B_SPLINE_CURVE_WITH_KNOTS('',3,(#16554,#16555,#16556,#16557),
 .UNSPECIFIED.,.F.,.F.,(4,4),(0.0275426320977352,0.0307064065202311),
 .UNSPECIFIED.);
#225=B_SPLINE_CURVE_WITH_KNOTS('',3,(#16560,#16561,#16562,#16563),
 .UNSPECIFIED.,.F.,.F.,(4,4),(2.47760195505305E-7,0.00359442254774521),
 .UNSPECIFIED.);
#226=B_SPLINE_CURVE_WITH_KNOTS('',3,(#16564,#16565,#16566,#16567),
 .UNSPECIFIED.,.F.,.F.,(4,4),(3.32976731715409E-7,0.00316414148615454),
 .UNSPECIFIED.);
#227=B_SPLINE_CURVE_WITH_KNOTS('',3,(#16570,#16571,#16572,#16573),
 .UNSPECIFIED.,.F.,.F.,(4,4),(3.7843105533529E-7,0.00359455321860504),
 .UNSPECIFIED.);
#228=B_SPLINE_CURVE_WITH_KNOTS('',3,(#16574,#16575,#16576,#16577),
 .UNSPECIFIED.,.F.,.F.,(4,4),(3.33093013716052E-7,0.00316414160243654),
 .UNSPECIFIED.);
#229=B_SPLINE_CURVE_WITH_KNOTS('',3,(#16580,#16581,#16582,#16583),
 .UNSPECIFIED.,.F.,.F.,(4,4),(2.91259578300205E-7,0.00359446604712801),
 .UNSPECIFIED.);
#230=B_SPLINE_CURVE_WITH_KNOTS('',3,(#16584,#16585,#16586,#16587),
 .UNSPECIFIED.,.F.,.F.,(4,4),(3.32976731689738E-7,0.00316414148615452),
 .UNSPECIFIED.);
#231=B_SPLINE_CURVE_WITH_KNOTS('',3,(#16590,#16591,#16592,#16593),
 .UNSPECIFIED.,.F.,.F.,(4,4),(3.78431055332851E-7,0.00359455321860504),
 .UNSPECIFIED.);
#232=B_SPLINE_CURVE_WITH_KNOTS('',3,(#16594,#16595,#16596,#16597),
 .UNSPECIFIED.,.F.,.F.,(4,4),(3.33093013716901E-7,0.00316414160243655),
 .UNSPECIFIED.);
#233=B_SPLINE_CURVE_WITH_KNOTS('',3,(#16600,#16601,#16602,#16603),
 .UNSPECIFIED.,.F.,.F.,(4,4),(2.9125957829199E-7,0.00359446604712801),
 .UNSPECIFIED.);
#234=B_SPLINE_CURVE_WITH_KNOTS('',3,(#16604,#16605,#16606,#16607),
 .UNSPECIFIED.,.F.,.F.,(4,4),(3.3297673168365E-7,0.00316414148615452),
 .UNSPECIFIED.);
#235=B_SPLINE_CURVE_WITH_KNOTS('',3,(#16610,#16611,#16612,#16613),
 .UNSPECIFIED.,.F.,.F.,(4,4),(3.78431055332392E-7,0.00359455321860506),
 .UNSPECIFIED.);
#236=B_SPLINE_CURVE_WITH_KNOTS('',3,(#16614,#16615,#16616,#16617),
 .UNSPECIFIED.,.F.,.F.,(4,4),(3.33093013713968E-7,0.00316414160243656),
 .UNSPECIFIED.);
#237=B_SPLINE_CURVE_WITH_KNOTS('',3,(#16620,#16621,#16622,#16623),
 .UNSPECIFIED.,.F.,.F.,(4,4),(2.47760195465909E-7,0.00359442254774518),
 .UNSPECIFIED.);
#238=B_SPLINE_CURVE_WITH_KNOTS('',3,(#16624,#16625,#16626,#16627),
 .UNSPECIFIED.,.F.,.F.,(4,4),(3.32976731687409E-7,0.00316414148615452),
 .UNSPECIFIED.);
#239=B_SPLINE_CURVE_WITH_KNOTS('',3,(#16630,#16631,#16632,#16633),
 .UNSPECIFIED.,.F.,.F.,(4,4),(3.78431055336429E-7,0.00359455321860504),
 .UNSPECIFIED.);
#240=B_SPLINE_CURVE_WITH_KNOTS('',3,(#16634,#16635,#16636,#16637),
 .UNSPECIFIED.,.F.,.F.,(4,4),(3.3309301371622E-7,0.00316414160243655),
 .UNSPECIFIED.);
#241=B_SPLINE_CURVE_WITH_KNOTS('',3,(#16640,#16641,#16642,#16643),
 .UNSPECIFIED.,.F.,.F.,(4,4),(0.019168338508497,0.0227622887785397),
 .UNSPECIFIED.);
#242=B_SPLINE_CURVE_WITH_KNOTS('',3,(#16644,#16645,#16646,#16647),
 .UNSPECIFIED.,.F.,.F.,(4,4),(0.0207542295731962,0.0239180280258779),
 .UNSPECIFIED.);
#243=SHAPE_REPRESENTATION_RELATIONSHIP('SRR','None',#19273,#247);
#244=SHAPE_REPRESENTATION_RELATIONSHIP('SRR','None',#19274,#248);
#245=SHAPE_REPRESENTATION_RELATIONSHIP('SRR','None',#19275,#249);
#246=SHAPE_REPRESENTATION_RELATIONSHIP('SRR','None',#19276,#250);
#247=ADVANCED_BREP_SHAPE_REPRESENTATION('',(#798),#19231);
#248=ADVANCED_BREP_SHAPE_REPRESENTATION('',(#799),#19232);
#249=ADVANCED_BREP_SHAPE_REPRESENTATION('',(#800),#19233);
#250=ADVANCED_BREP_SHAPE_REPRESENTATION('',(#801),#19234);
#251=STYLED_ITEM('',(#19301),#798);
#252=STYLED_ITEM('',(#19301),#799);
#253=STYLED_ITEM('',(#19302),#11282);
#254=STYLED_ITEM('',(#19302),#11283);
#255=STYLED_ITEM('',(#19302),#11284);
#256=STYLED_ITEM('',(#19302),#11285);
#257=STYLED_ITEM('',(#19302),#11286);
#258=STYLED_ITEM('',(#19302),#11287);
#259=STYLED_ITEM('',(#19302),#11288);
#260=STYLED_ITEM('',(#19302),#11289);
#261=STYLED_ITEM('',(#19302),#11290);
#262=STYLED_ITEM('',(#19302),#11291);
#263=STYLED_ITEM('',(#19302),#11292);
#264=STYLED_ITEM('',(#19302),#11293);
#265=STYLED_ITEM('',(#19302),#11294);
#266=STYLED_ITEM('',(#19302),#11295);
#267=STYLED_ITEM('',(#19302),#11296);
#268=STYLED_ITEM('',(#19302),#11297);
#269=STYLED_ITEM('',(#19302),#11298);
#270=STYLED_ITEM('',(#19302),#11299);
#271=STYLED_ITEM('',(#19302),#11300);
#272=STYLED_ITEM('',(#19302),#11301);
#273=STYLED_ITEM('',(#19302),#11302);
#274=STYLED_ITEM('',(#19302),#11303);
#275=STYLED_ITEM('',(#19302),#11304);
#276=STYLED_ITEM('',(#19302),#11305);
#277=STYLED_ITEM('',(#19302),#11306);
#278=STYLED_ITEM('',(#19302),#11307);
#279=STYLED_ITEM('',(#19302),#11308);
#280=STYLED_ITEM('',(#19302),#11309);
#281=STYLED_ITEM('',(#19302),#11310);
#282=STYLED_ITEM('',(#19302),#11311);
#283=STYLED_ITEM('',(#19302),#11312);
#284=STYLED_ITEM('',(#19302),#11313);
#285=STYLED_ITEM('',(#19302),#11314);
#286=STYLED_ITEM('',(#19302),#11315);
#287=STYLED_ITEM('',(#19302),#11316);
#288=STYLED_ITEM('',(#19302),#11317);
#289=STYLED_ITEM('',(#19302),#11318);
#290=STYLED_ITEM('',(#19302),#11319);
#291=STYLED_ITEM('',(#19302),#11320);
#292=STYLED_ITEM('',(#19302),#11321);
#293=STYLED_ITEM('',(#19302),#11322);
#294=STYLED_ITEM('',(#19302),#11323);
#295=STYLED_ITEM('',(#19302),#11324);
#296=STYLED_ITEM('',(#19302),#11325);
#297=STYLED_ITEM('',(#19302),#11326);
#298=STYLED_ITEM('',(#19302),#11327);
#299=STYLED_ITEM('',(#19302),#11328);
#300=STYLED_ITEM('',(#19302),#11329);
#301=STYLED_ITEM('',(#19302),#11330);
#302=STYLED_ITEM('',(#19302),#11331);
#303=STYLED_ITEM('',(#19302),#11332);
#304=STYLED_ITEM('',(#19302),#11333);
#305=STYLED_ITEM('',(#19302),#11334);
#306=STYLED_ITEM('',(#19302),#11335);
#307=STYLED_ITEM('',(#19302),#11336);
#308=STYLED_ITEM('',(#19302),#11337);
#309=STYLED_ITEM('',(#19302),#11338);
#310=STYLED_ITEM('',(#19302),#11339);
#311=STYLED_ITEM('',(#19302),#11340);
#312=STYLED_ITEM('',(#19302),#11341);
#313=STYLED_ITEM('',(#19302),#11342);
#314=STYLED_ITEM('',(#19302),#11343);
#315=STYLED_ITEM('',(#19302),#11344);
#316=STYLED_ITEM('',(#19302),#11345);
#317=STYLED_ITEM('',(#19302),#11346);
#318=STYLED_ITEM('',(#19302),#11347);
#319=STYLED_ITEM('',(#19302),#11348);
#320=STYLED_ITEM('',(#19302),#11349);
#321=STYLED_ITEM('',(#19302),#11350);
#322=STYLED_ITEM('',(#19302),#11351);
#323=STYLED_ITEM('',(#19302),#11352);
#324=STYLED_ITEM('',(#19302),#11353);
#325=STYLED_ITEM('',(#19302),#11354);
#326=STYLED_ITEM('',(#19302),#11355);
#327=STYLED_ITEM('',(#19302),#11356);
#328=STYLED_ITEM('',(#19302),#11357);
#329=STYLED_ITEM('',(#19302),#11358);
#330=STYLED_ITEM('',(#19302),#11359);
#331=STYLED_ITEM('',(#19302),#11360);
#332=STYLED_ITEM('',(#19302),#11361);
#333=STYLED_ITEM('',(#19302),#11362);
#334=STYLED_ITEM('',(#19302),#11363);
#335=STYLED_ITEM('',(#19302),#11364);
#336=STYLED_ITEM('',(#19302),#11365);
#337=STYLED_ITEM('',(#19302),#11366);
#338=STYLED_ITEM('',(#19302),#11367);
#339=STYLED_ITEM('',(#19302),#11368);
#340=STYLED_ITEM('',(#19302),#11369);
#341=STYLED_ITEM('',(#19302),#11370);
#342=STYLED_ITEM('',(#19302),#11371);
#343=STYLED_ITEM('',(#19302),#11372);
#344=STYLED_ITEM('',(#19302),#11373);
#345=STYLED_ITEM('',(#19302),#11374);
#346=STYLED_ITEM('',(#19302),#11375);
#347=STYLED_ITEM('',(#19302),#11376);
#348=STYLED_ITEM('',(#19302),#11377);
#349=STYLED_ITEM('',(#19302),#11378);
#350=STYLED_ITEM('',(#19302),#11379);
#351=STYLED_ITEM('',(#19302),#11380);
#352=STYLED_ITEM('',(#19302),#11381);
#353=STYLED_ITEM('',(#19302),#11382);
#354=STYLED_ITEM('',(#19302),#11383);
#355=STYLED_ITEM('',(#19302),#11384);
#356=STYLED_ITEM('',(#19302),#11385);
#357=STYLED_ITEM('',(#19302),#11386);
#358=STYLED_ITEM('',(#19302),#11387);
#359=STYLED_ITEM('',(#19302),#11388);
#360=STYLED_ITEM('',(#19302),#11389);
#361=STYLED_ITEM('',(#19302),#11390);
#362=STYLED_ITEM('',(#19302),#11391);
#363=STYLED_ITEM('',(#19302),#11392);
#364=STYLED_ITEM('',(#19302),#11393);
#365=STYLED_ITEM('',(#19302),#11394);
#366=STYLED_ITEM('',(#19302),#11395);
#367=STYLED_ITEM('',(#19302),#11396);
#368=STYLED_ITEM('',(#19302),#11397);
#369=STYLED_ITEM('',(#19302),#11398);
#370=STYLED_ITEM('',(#19302),#11399);
#371=STYLED_ITEM('',(#19302),#11400);
#372=STYLED_ITEM('',(#19302),#11401);
#373=STYLED_ITEM('',(#19302),#11402);
#374=STYLED_ITEM('',(#19303),#11403);
#375=STYLED_ITEM('',(#19303),#11404);
#376=STYLED_ITEM('',(#19303),#11405);
#377=STYLED_ITEM('',(#19303),#11406);
#378=STYLED_ITEM('',(#19303),#11407);
#379=STYLED_ITEM('',(#19302),#11408);
#380=STYLED_ITEM('',(#19302),#11409);
#381=STYLED_ITEM('',(#19302),#11410);
#382=STYLED_ITEM('',(#19302),#11411);
#383=STYLED_ITEM('',(#19302),#11412);
#384=STYLED_ITEM('',(#19302),#11413);
#385=STYLED_ITEM('',(#19302),#11414);
#386=STYLED_ITEM('',(#19302),#11415);
#387=STYLED_ITEM('',(#19302),#11416);
#388=STYLED_ITEM('',(#19302),#11417);
#389=STYLED_ITEM('',(#19302),#11418);
#390=STYLED_ITEM('',(#19302),#11419);
#391=STYLED_ITEM('',(#19302),#11420);
#392=STYLED_ITEM('',(#19302),#11421);
#393=STYLED_ITEM('',(#19303),#11422);
#394=STYLED_ITEM('',(#19303),#11423);
#395=STYLED_ITEM('',(#19303),#11424);
#396=STYLED_ITEM('',(#19303),#11425);
#397=STYLED_ITEM('',(#19303),#11426);
#398=STYLED_ITEM('',(#19303),#11427);
#399=STYLED_ITEM('',(#19303),#11428);
#400=STYLED_ITEM('',(#19303),#11429);
#401=STYLED_ITEM('',(#19303),#11430);
#402=STYLED_ITEM('',(#19303),#11431);
#403=STYLED_ITEM('',(#19303),#11432);
#404=STYLED_ITEM('',(#19303),#11433);
#405=STYLED_ITEM('',(#19303),#11434);
#406=STYLED_ITEM('',(#19303),#11435);
#407=STYLED_ITEM('',(#19303),#11436);
#408=STYLED_ITEM('',(#19303),#11437);
#409=STYLED_ITEM('',(#19303),#11438);
#410=STYLED_ITEM('',(#19303),#11439);
#411=STYLED_ITEM('',(#19303),#11440);
#412=STYLED_ITEM('',(#19303),#11441);
#413=STYLED_ITEM('',(#19302),#11442);
#414=STYLED_ITEM('',(#19302),#11443);
#415=STYLED_ITEM('',(#19302),#11444);
#416=STYLED_ITEM('',(#19302),#11445);
#417=STYLED_ITEM('',(#19302),#11446);
#418=STYLED_ITEM('',(#19302),#11447);
#419=STYLED_ITEM('',(#19302),#11448);
#420=STYLED_ITEM('',(#19302),#11449);
#421=STYLED_ITEM('',(#19302),#11450);
#422=STYLED_ITEM('',(#19302),#11451);
#423=STYLED_ITEM('',(#19302),#11452);
#424=STYLED_ITEM('',(#19302),#11453);
#425=STYLED_ITEM('',(#19302),#11454);
#426=STYLED_ITEM('',(#19302),#11455);
#427=STYLED_ITEM('',(#19302),#11456);
#428=STYLED_ITEM('',(#19302),#11457);
#429=STYLED_ITEM('',(#19302),#11458);
#430=STYLED_ITEM('',(#19302),#11459);
#431=STYLED_ITEM('',(#19302),#11460);
#432=STYLED_ITEM('',(#19302),#11461);
#433=STYLED_ITEM('',(#19302),#11462);
#434=STYLED_ITEM('',(#19302),#11463);
#435=STYLED_ITEM('',(#19302),#11464);
#436=STYLED_ITEM('',(#19302),#11465);
#437=STYLED_ITEM('',(#19302),#11466);
#438=STYLED_ITEM('',(#19302),#11467);
#439=STYLED_ITEM('',(#19302),#11468);
#440=STYLED_ITEM('',(#19302),#11469);
#441=STYLED_ITEM('',(#19302),#11470);
#442=STYLED_ITEM('',(#19302),#11471);
#443=STYLED_ITEM('',(#19302),#11472);
#444=STYLED_ITEM('',(#19302),#11473);
#445=STYLED_ITEM('',(#19302),#11474);
#446=STYLED_ITEM('',(#19302),#11475);
#447=STYLED_ITEM('',(#19302),#11476);
#448=STYLED_ITEM('',(#19302),#11477);
#449=STYLED_ITEM('',(#19302),#11478);
#450=STYLED_ITEM('',(#19302),#11479);
#451=STYLED_ITEM('',(#19302),#11480);
#452=STYLED_ITEM('',(#19302),#11481);
#453=STYLED_ITEM('',(#19302),#11482);
#454=STYLED_ITEM('',(#19302),#11483);
#455=STYLED_ITEM('',(#19302),#11484);
#456=STYLED_ITEM('',(#19302),#11485);
#457=STYLED_ITEM('',(#19302),#11486);
#458=STYLED_ITEM('',(#19302),#11487);
#459=STYLED_ITEM('',(#19302),#11488);
#460=STYLED_ITEM('',(#19302),#11489);
#461=STYLED_ITEM('',(#19302),#11490);
#462=STYLED_ITEM('',(#19302),#11491);
#463=STYLED_ITEM('',(#19302),#11492);
#464=STYLED_ITEM('',(#19302),#11493);
#465=STYLED_ITEM('',(#19302),#11494);
#466=STYLED_ITEM('',(#19302),#11495);
#467=STYLED_ITEM('',(#19302),#11496);
#468=STYLED_ITEM('',(#19302),#11497);
#469=STYLED_ITEM('',(#19302),#11498);
#470=STYLED_ITEM('',(#19302),#11499);
#471=STYLED_ITEM('',(#19302),#11500);
#472=STYLED_ITEM('',(#19302),#11501);
#473=STYLED_ITEM('',(#19302),#11502);
#474=STYLED_ITEM('',(#19302),#11503);
#475=STYLED_ITEM('',(#19302),#11504);
#476=STYLED_ITEM('',(#19302),#11505);
#477=STYLED_ITEM('',(#19302),#11506);
#478=STYLED_ITEM('',(#19302),#11507);
#479=STYLED_ITEM('',(#19302),#11508);
#480=STYLED_ITEM('',(#19302),#11509);
#481=STYLED_ITEM('',(#19302),#11510);
#482=STYLED_ITEM('',(#19302),#11511);
#483=STYLED_ITEM('',(#19302),#11512);
#484=STYLED_ITEM('',(#19302),#11513);
#485=STYLED_ITEM('',(#19302),#11514);
#486=STYLED_ITEM('',(#19302),#11515);
#487=STYLED_ITEM('',(#19302),#11516);
#488=STYLED_ITEM('',(#19302),#11517);
#489=STYLED_ITEM('',(#19302),#11518);
#490=STYLED_ITEM('',(#19302),#11519);
#491=STYLED_ITEM('',(#19302),#11520);
#492=STYLED_ITEM('',(#19302),#11521);
#493=STYLED_ITEM('',(#19302),#11522);
#494=STYLED_ITEM('',(#19302),#11523);
#495=STYLED_ITEM('',(#19302),#11524);
#496=STYLED_ITEM('',(#19302),#11525);
#497=STYLED_ITEM('',(#19302),#11526);
#498=STYLED_ITEM('',(#19302),#11527);
#499=STYLED_ITEM('',(#19302),#11528);
#500=STYLED_ITEM('',(#19302),#11529);
#501=STYLED_ITEM('',(#19302),#11530);
#502=STYLED_ITEM('',(#19302),#11531);
#503=STYLED_ITEM('',(#19302),#11532);
#504=STYLED_ITEM('',(#19302),#11533);
#505=STYLED_ITEM('',(#19302),#11534);
#506=STYLED_ITEM('',(#19302),#11535);
#507=STYLED_ITEM('',(#19302),#11536);
#508=STYLED_ITEM('',(#19302),#11537);
#509=STYLED_ITEM('',(#19302),#11538);
#510=STYLED_ITEM('',(#19302),#11539);
#511=STYLED_ITEM('',(#19302),#11540);
#512=STYLED_ITEM('',(#19302),#11541);
#513=STYLED_ITEM('',(#19302),#11542);
#514=STYLED_ITEM('',(#19302),#11543);
#515=STYLED_ITEM('',(#19302),#11544);
#516=STYLED_ITEM('',(#19302),#11545);
#517=STYLED_ITEM('',(#19302),#11546);
#518=STYLED_ITEM('',(#19302),#11547);
#519=STYLED_ITEM('',(#19302),#11548);
#520=STYLED_ITEM('',(#19302),#11549);
#521=STYLED_ITEM('',(#19302),#11550);
#522=STYLED_ITEM('',(#19302),#11551);
#523=STYLED_ITEM('',(#19302),#11552);
#524=STYLED_ITEM('',(#19302),#11553);
#525=STYLED_ITEM('',(#19302),#11554);
#526=STYLED_ITEM('',(#19302),#11555);
#527=STYLED_ITEM('',(#19302),#11556);
#528=STYLED_ITEM('',(#19302),#11557);
#529=STYLED_ITEM('',(#19302),#11558);
#530=STYLED_ITEM('',(#19302),#11559);
#531=STYLED_ITEM('',(#19302),#11560);
#532=STYLED_ITEM('',(#19302),#11561);
#533=STYLED_ITEM('',(#19302),#11562);
#534=STYLED_ITEM('',(#19302),#11563);
#535=STYLED_ITEM('',(#19302),#11564);
#536=STYLED_ITEM('',(#19302),#11565);
#537=STYLED_ITEM('',(#19302),#11566);
#538=STYLED_ITEM('',(#19302),#11567);
#539=STYLED_ITEM('',(#19302),#11568);
#540=STYLED_ITEM('',(#19302),#11569);
#541=STYLED_ITEM('',(#19302),#11570);
#542=STYLED_ITEM('',(#19302),#11571);
#543=STYLED_ITEM('',(#19302),#11572);
#544=STYLED_ITEM('',(#19302),#11573);
#545=STYLED_ITEM('',(#19302),#11574);
#546=STYLED_ITEM('',(#19302),#11575);
#547=STYLED_ITEM('',(#19302),#11576);
#548=STYLED_ITEM('',(#19302),#11577);
#549=STYLED_ITEM('',(#19302),#11578);
#550=STYLED_ITEM('',(#19302),#11579);
#551=STYLED_ITEM('',(#19302),#11580);
#552=STYLED_ITEM('',(#19302),#11581);
#553=STYLED_ITEM('',(#19302),#11582);
#554=STYLED_ITEM('',(#19302),#11583);
#555=STYLED_ITEM('',(#19302),#11584);
#556=STYLED_ITEM('',(#19302),#11585);
#557=STYLED_ITEM('',(#19302),#11586);
#558=STYLED_ITEM('',(#19302),#11587);
#559=STYLED_ITEM('',(#19302),#11588);
#560=STYLED_ITEM('',(#19302),#11589);
#561=STYLED_ITEM('',(#19302),#11590);
#562=STYLED_ITEM('',(#19302),#11591);
#563=STYLED_ITEM('',(#19302),#11592);
#564=STYLED_ITEM('',(#19302),#11593);
#565=STYLED_ITEM('',(#19302),#11594);
#566=STYLED_ITEM('',(#19302),#11595);
#567=STYLED_ITEM('',(#19302),#11596);
#568=STYLED_ITEM('',(#19302),#11597);
#569=STYLED_ITEM('',(#19302),#11598);
#570=STYLED_ITEM('',(#19302),#11599);
#571=STYLED_ITEM('',(#19302),#11600);
#572=STYLED_ITEM('',(#19302),#11601);
#573=STYLED_ITEM('',(#19302),#11602);
#574=STYLED_ITEM('',(#19302),#11603);
#575=STYLED_ITEM('',(#19302),#11604);
#576=STYLED_ITEM('',(#19302),#11605);
#577=STYLED_ITEM('',(#19302),#11606);
#578=STYLED_ITEM('',(#19302),#11607);
#579=STYLED_ITEM('',(#19302),#11608);
#580=STYLED_ITEM('',(#19302),#11609);
#581=STYLED_ITEM('',(#19302),#11610);
#582=STYLED_ITEM('',(#19302),#11611);
#583=STYLED_ITEM('',(#19302),#11612);
#584=STYLED_ITEM('',(#19302),#11613);
#585=STYLED_ITEM('',(#19302),#11614);
#586=STYLED_ITEM('',(#19302),#11615);
#587=STYLED_ITEM('',(#19302),#11616);
#588=STYLED_ITEM('',(#19302),#11617);
#589=STYLED_ITEM('',(#19302),#11618);
#590=STYLED_ITEM('',(#19302),#11619);
#591=STYLED_ITEM('',(#19302),#11620);
#592=STYLED_ITEM('',(#19302),#11621);
#593=STYLED_ITEM('',(#19302),#11622);
#594=STYLED_ITEM('',(#19302),#11623);
#595=STYLED_ITEM('',(#19302),#11624);
#596=STYLED_ITEM('',(#19302),#11625);
#597=STYLED_ITEM('',(#19302),#11626);
#598=STYLED_ITEM('',(#19302),#11627);
#599=STYLED_ITEM('',(#19302),#11628);
#600=STYLED_ITEM('',(#19302),#11629);
#601=STYLED_ITEM('',(#19302),#11630);
#602=STYLED_ITEM('',(#19302),#11631);
#603=STYLED_ITEM('',(#19302),#11632);
#604=STYLED_ITEM('',(#19302),#11633);
#605=STYLED_ITEM('',(#19302),#11634);
#606=STYLED_ITEM('',(#19302),#11635);
#607=STYLED_ITEM('',(#19302),#11636);
#608=STYLED_ITEM('',(#19302),#11637);
#609=STYLED_ITEM('',(#19302),#11638);
#610=STYLED_ITEM('',(#19302),#11639);
#611=STYLED_ITEM('',(#19302),#11640);
#612=STYLED_ITEM('',(#19302),#11641);
#613=STYLED_ITEM('',(#19302),#11642);
#614=STYLED_ITEM('',(#19302),#11643);
#615=STYLED_ITEM('',(#19302),#11644);
#616=STYLED_ITEM('',(#19302),#11645);
#617=STYLED_ITEM('',(#19302),#11646);
#618=STYLED_ITEM('',(#19302),#11647);
#619=STYLED_ITEM('',(#19302),#11648);
#620=STYLED_ITEM('',(#19302),#11649);
#621=STYLED_ITEM('',(#19302),#11650);
#622=STYLED_ITEM('',(#19302),#11651);
#623=STYLED_ITEM('',(#19302),#11652);
#624=STYLED_ITEM('',(#19302),#11653);
#625=STYLED_ITEM('',(#19302),#11654);
#626=STYLED_ITEM('',(#19302),#11655);
#627=STYLED_ITEM('',(#19302),#11656);
#628=STYLED_ITEM('',(#19302),#11657);
#629=STYLED_ITEM('',(#19302),#11658);
#630=STYLED_ITEM('',(#19302),#11659);
#631=STYLED_ITEM('',(#19302),#11660);
#632=STYLED_ITEM('',(#19302),#11661);
#633=STYLED_ITEM('',(#19302),#11662);
#634=STYLED_ITEM('',(#19302),#11663);
#635=STYLED_ITEM('',(#19302),#11664);
#636=STYLED_ITEM('',(#19302),#11665);
#637=STYLED_ITEM('',(#19302),#11666);
#638=STYLED_ITEM('',(#19302),#11667);
#639=STYLED_ITEM('',(#19302),#11668);
#640=STYLED_ITEM('',(#19302),#11669);
#641=STYLED_ITEM('',(#19302),#11670);
#642=STYLED_ITEM('',(#19302),#11671);
#643=STYLED_ITEM('',(#19302),#11672);
#644=STYLED_ITEM('',(#19302),#11673);
#645=STYLED_ITEM('',(#19302),#11674);
#646=STYLED_ITEM('',(#19302),#11675);
#647=STYLED_ITEM('',(#19302),#11676);
#648=STYLED_ITEM('',(#19302),#11677);
#649=STYLED_ITEM('',(#19302),#11678);
#650=STYLED_ITEM('',(#19302),#11679);
#651=STYLED_ITEM('',(#19302),#11680);
#652=STYLED_ITEM('',(#19302),#11681);
#653=STYLED_ITEM('',(#19302),#11682);
#654=STYLED_ITEM('',(#19302),#11683);
#655=STYLED_ITEM('',(#19302),#11684);
#656=STYLED_ITEM('',(#19302),#11685);
#657=STYLED_ITEM('',(#19302),#11686);
#658=STYLED_ITEM('',(#19302),#11687);
#659=STYLED_ITEM('',(#19302),#11688);
#660=STYLED_ITEM('',(#19302),#11689);
#661=STYLED_ITEM('',(#19302),#11690);
#662=STYLED_ITEM('',(#19302),#11691);
#663=STYLED_ITEM('',(#19302),#11692);
#664=STYLED_ITEM('',(#19302),#11693);
#665=STYLED_ITEM('',(#19302),#11694);
#666=STYLED_ITEM('',(#19302),#11695);
#667=STYLED_ITEM('',(#19302),#11696);
#668=STYLED_ITEM('',(#19302),#11697);
#669=STYLED_ITEM('',(#19302),#11698);
#670=STYLED_ITEM('',(#19302),#11699);
#671=STYLED_ITEM('',(#19302),#11700);
#672=STYLED_ITEM('',(#19302),#11701);
#673=STYLED_ITEM('',(#19302),#11702);
#674=STYLED_ITEM('',(#19302),#11703);
#675=STYLED_ITEM('',(#19302),#11704);
#676=STYLED_ITEM('',(#19302),#11705);
#677=STYLED_ITEM('',(#19302),#11706);
#678=STYLED_ITEM('',(#19302),#11707);
#679=STYLED_ITEM('',(#19302),#11708);
#680=STYLED_ITEM('',(#19302),#11709);
#681=STYLED_ITEM('',(#19302),#11710);
#682=STYLED_ITEM('',(#19302),#11711);
#683=STYLED_ITEM('',(#19302),#11712);
#684=STYLED_ITEM('',(#19302),#11713);
#685=STYLED_ITEM('',(#19302),#11714);
#686=STYLED_ITEM('',(#19302),#11715);
#687=STYLED_ITEM('',(#19302),#11716);
#688=STYLED_ITEM('',(#19302),#11717);
#689=STYLED_ITEM('',(#19302),#11718);
#690=STYLED_ITEM('',(#19302),#11719);
#691=STYLED_ITEM('',(#19302),#11720);
#692=STYLED_ITEM('',(#19302),#11721);
#693=STYLED_ITEM('',(#19302),#11722);
#694=STYLED_ITEM('',(#19302),#11723);
#695=STYLED_ITEM('',(#19302),#11724);
#696=STYLED_ITEM('',(#19302),#11725);
#697=STYLED_ITEM('',(#19302),#11726);
#698=STYLED_ITEM('',(#19302),#11727);
#699=STYLED_ITEM('',(#19302),#11728);
#700=STYLED_ITEM('',(#19302),#11729);
#701=STYLED_ITEM('',(#19302),#11730);
#702=STYLED_ITEM('',(#19302),#11731);
#703=STYLED_ITEM('',(#19302),#11732);
#704=STYLED_ITEM('',(#19302),#11733);
#705=STYLED_ITEM('',(#19302),#11734);
#706=STYLED_ITEM('',(#19302),#11735);
#707=STYLED_ITEM('',(#19302),#11736);
#708=STYLED_ITEM('',(#19302),#11737);
#709=STYLED_ITEM('',(#19302),#11738);
#710=STYLED_ITEM('',(#19302),#11739);
#711=STYLED_ITEM('',(#19302),#11740);
#712=STYLED_ITEM('',(#19302),#11741);
#713=STYLED_ITEM('',(#19302),#11742);
#714=STYLED_ITEM('',(#19302),#11743);
#715=STYLED_ITEM('',(#19302),#11744);
#716=STYLED_ITEM('',(#19302),#11745);
#717=STYLED_ITEM('',(#19302),#11746);
#718=STYLED_ITEM('',(#19302),#11747);
#719=STYLED_ITEM('',(#19302),#11748);
#720=STYLED_ITEM('',(#19302),#11749);
#721=STYLED_ITEM('',(#19302),#11750);
#722=STYLED_ITEM('',(#19302),#11751);
#723=STYLED_ITEM('',(#19302),#11752);
#724=STYLED_ITEM('',(#19302),#11753);
#725=STYLED_ITEM('',(#19302),#11754);
#726=STYLED_ITEM('',(#19302),#11755);
#727=STYLED_ITEM('',(#19302),#11756);
#728=STYLED_ITEM('',(#19302),#11757);
#729=STYLED_ITEM('',(#19302),#11758);
#730=STYLED_ITEM('',(#19302),#11759);
#731=STYLED_ITEM('',(#19302),#11760);
#732=STYLED_ITEM('',(#19302),#11761);
#733=STYLED_ITEM('',(#19302),#11762);
#734=STYLED_ITEM('',(#19302),#11763);
#735=STYLED_ITEM('',(#19302),#11764);
#736=STYLED_ITEM('',(#19302),#11765);
#737=STYLED_ITEM('',(#19302),#11766);
#738=STYLED_ITEM('',(#19302),#11767);
#739=STYLED_ITEM('',(#19302),#11768);
#740=STYLED_ITEM('',(#19302),#11769);
#741=STYLED_ITEM('',(#19302),#11770);
#742=STYLED_ITEM('',(#19302),#11771);
#743=STYLED_ITEM('',(#19302),#11772);
#744=STYLED_ITEM('',(#19302),#11773);
#745=STYLED_ITEM('',(#19302),#11774);
#746=STYLED_ITEM('',(#19302),#11775);
#747=STYLED_ITEM('',(#19302),#11776);
#748=STYLED_ITEM('',(#19302),#11777);
#749=STYLED_ITEM('',(#19302),#11778);
#750=STYLED_ITEM('',(#19302),#11779);
#751=STYLED_ITEM('',(#19302),#11780);
#752=STYLED_ITEM('',(#19302),#11781);
#753=STYLED_ITEM('',(#19302),#11782);
#754=STYLED_ITEM('',(#19302),#11783);
#755=STYLED_ITEM('',(#19302),#11784);
#756=STYLED_ITEM('',(#19302),#11785);
#757=STYLED_ITEM('',(#19302),#11786);
#758=STYLED_ITEM('',(#19302),#11787);
#759=STYLED_ITEM('',(#19302),#11788);
#760=STYLED_ITEM('',(#19302),#11789);
#761=STYLED_ITEM('',(#19302),#11790);
#762=STYLED_ITEM('',(#19302),#11791);
#763=STYLED_ITEM('',(#19302),#11792);
#764=STYLED_ITEM('',(#19302),#11793);
#765=STYLED_ITEM('',(#19302),#11794);
#766=STYLED_ITEM('',(#19302),#11795);
#767=STYLED_ITEM('',(#19302),#11796);
#768=STYLED_ITEM('',(#19302),#11797);
#769=STYLED_ITEM('',(#19302),#11798);
#770=STYLED_ITEM('',(#19302),#11799);
#771=STYLED_ITEM('',(#19302),#11800);
#772=STYLED_ITEM('',(#19302),#11801);
#773=STYLED_ITEM('',(#19302),#11802);
#774=STYLED_ITEM('',(#19302),#11803);
#775=STYLED_ITEM('',(#19302),#11804);
#776=STYLED_ITEM('',(#19302),#11805);
#777=STYLED_ITEM('',(#19302),#11806);
#778=STYLED_ITEM('',(#19302),#11807);
#779=STYLED_ITEM('',(#19302),#11808);
#780=STYLED_ITEM('',(#19302),#11809);
#781=STYLED_ITEM('',(#19302),#11810);
#782=STYLED_ITEM('',(#19302),#11811);
#783=STYLED_ITEM('',(#19302),#11812);
#784=STYLED_ITEM('',(#19302),#11813);
#785=STYLED_ITEM('',(#19302),#11814);
#786=STYLED_ITEM('',(#19302),#11815);
#787=STYLED_ITEM('',(#19302),#11816);
#788=STYLED_ITEM('',(#19302),#11817);
#789=STYLED_ITEM('',(#19302),#11818);
#790=STYLED_ITEM('',(#19302),#11819);
#791=STYLED_ITEM('',(#19302),#11820);
#792=STYLED_ITEM('',(#19302),#11821);
#793=STYLED_ITEM('',(#19302),#11822);
#794=STYLED_ITEM('',(#19302),#11823);
#795=STYLED_ITEM('',(#19302),#11824);
#796=STYLED_ITEM('',(#19301),#800);
#797=STYLED_ITEM('',(#19301),#801);
#798=MANIFOLD_SOLID_BREP('Body1',#11863);
#799=MANIFOLD_SOLID_BREP('Body1',#11864);
#800=MANIFOLD_SOLID_BREP('Body1',#11865);
#801=MANIFOLD_SOLID_BREP('Body1',#11866);
#802=FACE_BOUND('',#2160,.T.);
#803=FACE_BOUND('',#2161,.T.);
#804=FACE_BOUND('',#2162,.T.);
#805=FACE_BOUND('',#2163,.T.);
#806=FACE_BOUND('',#2164,.T.);
#807=FACE_BOUND('',#2165,.T.);
#808=FACE_BOUND('',#2166,.T.);
#809=FACE_BOUND('',#2167,.T.);
#810=FACE_BOUND('',#2168,.T.);
#811=FACE_BOUND('',#2169,.T.);
#812=FACE_BOUND('',#2170,.T.);
#813=FACE_BOUND('',#2171,.T.);
#814=FACE_BOUND('',#2173,.T.);
#815=FACE_BOUND('',#2174,.T.);
#816=FACE_BOUND('',#2175,.T.);
#817=FACE_BOUND('',#2176,.T.);
#818=FACE_BOUND('',#2177,.T.);
#819=FACE_BOUND('',#2178,.T.);
#820=FACE_BOUND('',#2179,.T.);
#821=FACE_BOUND('',#2180,.T.);
#822=FACE_BOUND('',#2181,.T.);
#823=FACE_BOUND('',#2182,.T.);
#824=FACE_BOUND('',#2183,.T.);
#825=FACE_BOUND('',#2184,.T.);
#826=FACE_BOUND('',#2198,.T.);
#827=FACE_BOUND('',#2199,.T.);
#828=FACE_BOUND('',#2200,.T.);
#829=FACE_BOUND('',#2201,.T.);
#830=FACE_BOUND('',#2202,.T.);
#831=FACE_BOUND('',#2203,.T.);
#832=FACE_BOUND('',#2208,.T.);
#833=FACE_BOUND('',#2209,.T.);
#834=FACE_BOUND('',#2210,.T.);
#835=FACE_BOUND('',#2211,.T.);
#836=FACE_BOUND('',#2212,.T.);
#837=FACE_BOUND('',#2213,.T.);
#838=FACE_BOUND('',#2218,.T.);
#839=FACE_BOUND('',#2219,.T.);
#840=FACE_BOUND('',#2220,.T.);
#841=FACE_BOUND('',#2221,.T.);
#842=FACE_BOUND('',#2222,.T.);
#843=FACE_BOUND('',#2223,.T.);
#844=FACE_BOUND('',#2228,.T.);
#845=FACE_BOUND('',#2229,.T.);
#846=FACE_BOUND('',#2230,.T.);
#847=FACE_BOUND('',#2231,.T.);
#848=FACE_BOUND('',#2232,.T.);
#849=FACE_BOUND('',#2233,.T.);
#850=FACE_BOUND('',#2238,.T.);
#851=FACE_BOUND('',#2240,.T.);
#852=FACE_BOUND('',#2242,.T.);
#853=FACE_BOUND('',#2370,.T.);
#854=FACE_BOUND('',#2371,.T.);
#855=FACE_BOUND('',#2372,.T.);
#856=FACE_BOUND('',#2373,.T.);
#857=FACE_BOUND('',#2374,.T.);
#858=FACE_BOUND('',#2375,.T.);
#859=FACE_BOUND('',#2376,.T.);
#860=FACE_BOUND('',#2377,.T.);
#861=FACE_BOUND('',#2378,.T.);
#862=FACE_BOUND('',#2380,.T.);
#863=FACE_BOUND('',#2381,.T.);
#864=FACE_BOUND('',#2382,.T.);
#865=FACE_BOUND('',#2383,.T.);
#866=FACE_BOUND('',#2384,.T.);
#867=FACE_BOUND('',#2385,.T.);
#868=FACE_BOUND('',#2386,.T.);
#869=FACE_BOUND('',#2387,.T.);
#870=FACE_BOUND('',#2388,.T.);
#871=FACE_BOUND('',#2390,.T.);
#872=FACE_BOUND('',#2394,.T.);
#873=FACE_BOUND('',#2399,.T.);
#874=FACE_BOUND('',#2400,.T.);
#875=FACE_BOUND('',#2401,.T.);
#876=FACE_BOUND('',#2402,.T.);
#877=FACE_BOUND('',#2403,.T.);
#878=FACE_BOUND('',#2404,.T.);
#879=FACE_BOUND('',#2405,.T.);
#880=FACE_BOUND('',#2406,.T.);
#881=FACE_BOUND('',#2407,.T.);
#882=FACE_BOUND('',#2411,.T.);
#883=FACE_BOUND('',#2412,.T.);
#884=FACE_BOUND('',#2413,.T.);
#885=FACE_BOUND('',#2414,.T.);
#886=FACE_BOUND('',#2415,.T.);
#887=FACE_BOUND('',#2416,.T.);
#888=FACE_BOUND('',#2417,.T.);
#889=FACE_BOUND('',#2418,.T.);
#890=FACE_BOUND('',#2419,.T.);
#891=FACE_BOUND('',#2433,.T.);
#892=FACE_BOUND('',#2438,.T.);
#893=FACE_BOUND('',#2759,.T.);
#894=FACE_BOUND('',#2760,.T.);
#895=FACE_BOUND('',#2761,.T.);
#896=FACE_BOUND('',#2762,.T.);
#897=FACE_BOUND('',#2763,.T.);
#898=FACE_BOUND('',#2764,.T.);
#899=FACE_BOUND('',#2765,.T.);
#900=FACE_BOUND('',#2766,.T.);
#901=FACE_BOUND('',#2767,.T.);
#902=FACE_BOUND('',#2768,.T.);
#903=FACE_BOUND('',#2769,.T.);
#904=FACE_BOUND('',#2770,.T.);
#905=FACE_BOUND('',#2771,.T.);
#906=FACE_BOUND('',#2772,.T.);
#907=FACE_BOUND('',#2773,.T.);
#908=FACE_BOUND('',#2774,.T.);
#909=FACE_BOUND('',#2775,.T.);
#910=FACE_BOUND('',#2776,.T.);
#911=FACE_BOUND('',#2777,.T.);
#912=FACE_BOUND('',#2778,.T.);
#913=FACE_BOUND('',#2779,.T.);
#914=FACE_BOUND('',#2780,.T.);
#915=FACE_BOUND('',#2781,.T.);
#916=FACE_BOUND('',#2782,.T.);
#917=FACE_BOUND('',#2783,.T.);
#918=FACE_BOUND('',#2784,.T.);
#919=FACE_BOUND('',#2785,.T.);
#920=FACE_BOUND('',#2786,.T.);
#921=FACE_BOUND('',#2787,.T.);
#922=FACE_BOUND('',#2788,.T.);
#923=FACE_BOUND('',#2789,.T.);
#924=FACE_BOUND('',#2790,.T.);
#925=FACE_BOUND('',#2791,.T.);
#926=FACE_BOUND('',#2792,.T.);
#927=FACE_BOUND('',#2793,.T.);
#928=FACE_BOUND('',#2794,.T.);
#929=FACE_BOUND('',#2795,.T.);
#930=FACE_BOUND('',#2796,.T.);
#931=FACE_BOUND('',#2797,.T.);
#932=FACE_BOUND('',#2798,.T.);
#933=FACE_BOUND('',#2799,.T.);
#934=FACE_BOUND('',#2800,.T.);
#935=FACE_BOUND('',#2801,.T.);
#936=FACE_BOUND('',#2802,.T.);
#937=FACE_BOUND('',#2803,.T.);
#938=FACE_BOUND('',#2804,.T.);
#939=FACE_BOUND('',#2805,.T.);
#940=FACE_BOUND('',#2806,.T.);
#941=FACE_BOUND('',#2807,.T.);
#942=FACE_BOUND('',#2808,.T.);
#943=FACE_BOUND('',#2809,.T.);
#944=FACE_BOUND('',#2810,.T.);
#945=FACE_BOUND('',#2811,.T.);
#946=FACE_BOUND('',#2812,.T.);
#947=FACE_BOUND('',#2813,.T.);
#948=FACE_BOUND('',#2814,.T.);
#949=FACE_BOUND('',#2815,.T.);
#950=FACE_BOUND('',#2816,.T.);
#951=FACE_BOUND('',#2817,.T.);
#952=FACE_BOUND('',#2818,.T.);
#953=FACE_BOUND('',#2819,.T.);
#954=FACE_BOUND('',#2820,.T.);
#955=FACE_BOUND('',#2821,.T.);
#956=FACE_BOUND('',#2822,.T.);
#957=FACE_BOUND('',#2823,.T.);
#958=FACE_BOUND('',#2824,.T.);
#959=FACE_BOUND('',#2825,.T.);
#960=FACE_BOUND('',#2909,.T.);
#961=FACE_BOUND('',#2910,.T.);
#962=FACE_BOUND('',#2915,.T.);
#963=FACE_BOUND('',#2916,.T.);
#964=FACE_BOUND('',#2917,.T.);
#965=FACE_BOUND('',#2918,.T.);
#966=FACE_BOUND('',#2919,.T.);
#967=FACE_BOUND('',#2920,.T.);
#968=FACE_BOUND('',#2921,.T.);
#969=FACE_BOUND('',#2922,.T.);
#970=FACE_BOUND('',#2923,.T.);
#971=FACE_BOUND('',#2924,.T.);
#972=FACE_BOUND('',#2925,.T.);
#973=FACE_BOUND('',#2926,.T.);
#974=FACE_BOUND('',#2931,.T.);
#975=FACE_BOUND('',#2932,.T.);
#976=FACE_BOUND('',#2935,.T.);
#977=FACE_BOUND('',#2936,.T.);
#978=FACE_BOUND('',#2941,.T.);
#979=FACE_BOUND('',#2942,.T.);
#980=FACE_BOUND('',#2943,.T.);
#981=FACE_BOUND('',#2944,.T.);
#982=FACE_BOUND('',#2945,.T.);
#983=FACE_BOUND('',#2946,.T.);
#984=FACE_BOUND('',#2947,.T.);
#985=FACE_BOUND('',#2948,.T.);
#986=FACE_BOUND('',#2949,.T.);
#987=FACE_BOUND('',#2950,.T.);
#988=FACE_BOUND('',#2951,.T.);
#989=FACE_BOUND('',#2952,.T.);
#990=FACE_BOUND('',#2957,.T.);
#991=FACE_BOUND('',#2958,.T.);
#992=PLANE('',#11950);
#993=PLANE('',#11951);
#994=PLANE('',#11952);
#995=PLANE('',#11953);
#996=PLANE('',#11954);
#997=PLANE('',#11955);
#998=PLANE('',#11993);
#999=PLANE('',#11997);
#1000=PLANE('',#12001);
#1001=PLANE('',#12005);
#1002=PLANE('',#12009);
#1003=PLANE('',#12013);
#1004=PLANE('',#12017);
#1005=PLANE('',#12021);
#1006=PLANE('',#12025);
#1007=PLANE('',#12026);
#1008=PLANE('',#12028);
#1009=PLANE('',#12033);
#1010=PLANE('',#12036);
#1011=PLANE('',#12039);
#1012=PLANE('',#12042);
#1013=PLANE('',#12045);
#1014=PLANE('',#12048);
#1015=PLANE('',#12051);
#1016=PLANE('',#12054);
#1017=PLANE('',#12057);
#1018=PLANE('',#12060);
#1019=PLANE('',#12063);
#1020=PLANE('',#12066);
#1021=PLANE('',#12067);
#1022=PLANE('',#12068);
#1023=PLANE('',#12069);
#1024=PLANE('',#12070);
#1025=PLANE('',#12071);
#1026=PLANE('',#12072);
#1027=PLANE('',#12073);
#1028=PLANE('',#12074);
#1029=PLANE('',#12075);
#1030=PLANE('',#12076);
#1031=PLANE('',#12077);
#1032=PLANE('',#12078);
#1033=PLANE('',#12079);
#1034=PLANE('',#12080);
#1035=PLANE('',#12081);
#1036=PLANE('',#12082);
#1037=PLANE('',#12083);
#1038=PLANE('',#12084);
#1039=PLANE('',#12085);
#1040=PLANE('',#12086);
#1041=PLANE('',#12089);
#1042=PLANE('',#12092);
#1043=PLANE('',#12095);
#1044=PLANE('',#12098);
#1045=PLANE('',#12101);
#1046=PLANE('',#12104);
#1047=PLANE('',#12107);
#1048=PLANE('',#12110);
#1049=PLANE('',#12113);
#1050=PLANE('',#12116);
#1051=PLANE('',#12119);
#1052=PLANE('',#12120);
#1053=PLANE('',#12121);
#1054=PLANE('',#12122);
#1055=PLANE('',#12123);
#1056=PLANE('',#12124);
#1057=PLANE('',#12125);
#1058=PLANE('',#12126);
#1059=PLANE('',#12127);
#1060=PLANE('',#12128);
#1061=PLANE('',#12129);
#1062=PLANE('',#12130);
#1063=PLANE('',#12131);
#1064=PLANE('',#12132);
#1065=PLANE('',#12133);
#1066=PLANE('',#12134);
#1067=PLANE('',#12135);
#1068=PLANE('',#12136);
#1069=PLANE('',#12137);
#1070=PLANE('',#12138);
#1071=PLANE('',#12139);
#1072=PLANE('',#12140);
#1073=PLANE('',#12141);
#1074=PLANE('',#12142);
#1075=PLANE('',#12143);
#1076=PLANE('',#12144);
#1077=PLANE('',#12145);
#1078=PLANE('',#12146);
#1079=PLANE('',#12147);
#1080=PLANE('',#12148);
#1081=PLANE('',#12149);
#1082=PLANE('',#12150);
#1083=PLANE('',#12151);
#1084=PLANE('',#12152);
#1085=PLANE('',#12153);
#1086=PLANE('',#12154);
#1087=PLANE('',#12155);
#1088=PLANE('',#12156);
#1089=PLANE('',#12157);
#1090=PLANE('',#12158);
#1091=PLANE('',#12159);
#1092=PLANE('',#12160);
#1093=PLANE('',#12161);
#1094=PLANE('',#12162);
#1095=PLANE('',#12163);
#1096=PLANE('',#12164);
#1097=PLANE('',#12165);
#1098=PLANE('',#12166);
#1099=PLANE('',#12167);
#1100=PLANE('',#12168);
#1101=PLANE('',#12169);
#1102=PLANE('',#12170);
#1103=PLANE('',#12171);
#1104=PLANE('',#12172);
#1105=PLANE('',#12173);
#1106=PLANE('',#12174);
#1107=PLANE('',#12175);
#1108=PLANE('',#12176);
#1109=PLANE('',#12177);
#1110=PLANE('',#12178);
#1111=PLANE('',#12179);
#1112=PLANE('',#12180);
#1113=PLANE('',#12181);
#1114=PLANE('',#12182);
#1115=PLANE('',#12183);
#1116=PLANE('',#12184);
#1117=PLANE('',#12185);
#1118=PLANE('',#12186);
#1119=PLANE('',#12187);
#1120=PLANE('',#12188);
#1121=PLANE('',#12189);
#1122=PLANE('',#12190);
#1123=PLANE('',#12191);
#1124=PLANE('',#12192);
#1125=PLANE('',#12193);
#1126=PLANE('',#12194);
#1127=PLANE('',#12195);
#1128=PLANE('',#12196);
#1129=PLANE('',#12207);
#1130=PLANE('',#12208);
#1131=PLANE('',#12209);
#1132=PLANE('',#12210);
#1133=PLANE('',#12215);
#1134=PLANE('',#12216);
#1135=PLANE('',#12217);
#1136=PLANE('',#12221);
#1137=PLANE('',#12253);
#1138=PLANE('',#12254);
#1139=PLANE('',#12255);
#1140=PLANE('',#12256);
#1141=PLANE('',#12257);
#1142=PLANE('',#12258);
#1143=PLANE('',#12269);
#1144=PLANE('',#12279);
#1145=PLANE('',#12288);
#1146=PLANE('',#12289);
#1147=PLANE('',#12290);
#1148=PLANE('',#12291);
#1149=PLANE('',#12292);
#1150=PLANE('',#12293);
#1151=PLANE('',#12294);
#1152=PLANE('',#12295);
#1153=PLANE('',#12296);
#1154=PLANE('',#12297);
#1155=PLANE('',#12298);
#1156=PLANE('',#12299);
#1157=PLANE('',#12300);
#1158=PLANE('',#12301);
#1159=PLANE('',#12302);
#1160=PLANE('',#12303);
#1161=PLANE('',#12304);
#1162=PLANE('',#12305);
#1163=PLANE('',#12306);
#1164=PLANE('',#12307);
#1165=PLANE('',#12308);
#1166=PLANE('',#12309);
#1167=PLANE('',#12332);
#1168=PLANE('',#12336);
#1169=PLANE('',#12337);
#1170=PLANE('',#12338);
#1171=PLANE('',#12341);
#1172=PLANE('',#12342);
#1173=PLANE('',#12343);
#1174=PLANE('',#12344);
#1175=PLANE('',#12345);
#1176=PLANE('',#12346);
#1177=PLANE('',#12347);
#1178=PLANE('',#12348);
#1179=PLANE('',#12349);
#1180=PLANE('',#12350);
#1181=PLANE('',#12351);
#1182=PLANE('',#12352);
#1183=PLANE('',#12353);
#1184=PLANE('',#12354);
#1185=PLANE('',#12355);
#1186=PLANE('',#12356);
#1187=PLANE('',#12357);
#1188=PLANE('',#12358);
#1189=PLANE('',#12359);
#1190=PLANE('',#12360);
#1191=PLANE('',#12361);
#1192=PLANE('',#12362);
#1193=PLANE('',#12363);
#1194=PLANE('',#12364);
#1195=PLANE('',#12365);
#1196=PLANE('',#12366);
#1197=PLANE('',#12367);
#1198=PLANE('',#12368);
#1199=PLANE('',#12369);
#1200=PLANE('',#12370);
#1201=PLANE('',#12371);
#1202=PLANE('',#12372);
#1203=PLANE('',#12373);
#1204=PLANE('',#12374);
#1205=PLANE('',#12375);
#1206=PLANE('',#12376);
#1207=PLANE('',#12377);
#1208=PLANE('',#12378);
#1209=PLANE('',#12379);
#1210=PLANE('',#12380);
#1211=PLANE('',#12381);
#1212=PLANE('',#12382);
#1213=PLANE('',#12383);
#1214=PLANE('',#12384);
#1215=PLANE('',#12385);
#1216=PLANE('',#12386);
#1217=PLANE('',#12387);
#1218=PLANE('',#12388);
#1219=PLANE('',#12389);
#1220=PLANE('',#12390);
#1221=PLANE('',#12391);
#1222=PLANE('',#12392);
#1223=PLANE('',#12393);
#1224=PLANE('',#12394);
#1225=PLANE('',#12395);
#1226=PLANE('',#12396);
#1227=PLANE('',#12397);
#1228=PLANE('',#12398);
#1229=PLANE('',#12399);
#1230=PLANE('',#12400);
#1231=PLANE('',#12401);
#1232=PLANE('',#12402);
#1233=PLANE('',#12403);
#1234=PLANE('',#12404);
#1235=PLANE('',#12405);
#1236=PLANE('',#12406);
#1237=PLANE('',#12407);
#1238=PLANE('',#12408);
#1239=PLANE('',#12409);
#1240=PLANE('',#12410);
#1241=PLANE('',#12411);
#1242=PLANE('',#12412);
#1243=PLANE('',#12413);
#1244=PLANE('',#12414);
#1245=PLANE('',#12415);
#1246=PLANE('',#12416);
#1247=PLANE('',#12417);
#1248=PLANE('',#12418);
#1249=PLANE('',#12419);
#1250=PLANE('',#12420);
#1251=PLANE('',#12421);
#1252=PLANE('',#12422);
#1253=PLANE('',#12423);
#1254=PLANE('',#12424);
#1255=PLANE('',#12425);
#1256=PLANE('',#12426);
#1257=PLANE('',#12427);
#1258=PLANE('',#12428);
#1259=PLANE('',#12429);
#1260=PLANE('',#12430);
#1261=PLANE('',#12431);
#1262=PLANE('',#12432);
#1263=PLANE('',#12433);
#1264=PLANE('',#12434);
#1265=PLANE('',#12435);
#1266=PLANE('',#12436);
#1267=PLANE('',#12437);
#1268=PLANE('',#12438);
#1269=PLANE('',#12439);
#1270=PLANE('',#12440);
#1271=PLANE('',#12441);
#1272=PLANE('',#12442);
#1273=PLANE('',#12443);
#1274=PLANE('',#12444);
#1275=PLANE('',#12445);
#1276=PLANE('',#12446);
#1277=PLANE('',#12447);
#1278=PLANE('',#12451);
#1279=PLANE('',#12452);
#1280=PLANE('',#12453);
#1281=PLANE('',#12454);
#1282=PLANE('',#12458);
#1283=PLANE('',#12459);
#1284=PLANE('',#12460);
#1285=PLANE('',#12461);
#1286=PLANE('',#12462);
#1287=PLANE('',#12463);
#1288=PLANE('',#12464);
#1289=PLANE('',#12465);
#1290=PLANE('',#12466);
#1291=PLANE('',#12467);
#1292=PLANE('',#12468);
#1293=PLANE('',#12469);
#1294=PLANE('',#12470);
#1295=PLANE('',#12471);
#1296=PLANE('',#12472);
#1297=PLANE('',#12473);
#1298=PLANE('',#12474);
#1299=PLANE('',#12475);
#1300=PLANE('',#12476);
#1301=PLANE('',#12477);
#1302=PLANE('',#12478);
#1303=PLANE('',#12479);
#1304=PLANE('',#12480);
#1305=PLANE('',#12481);
#1306=PLANE('',#12482);
#1307=PLANE('',#12483);
#1308=PLANE('',#12484);
#1309=PLANE('',#12485);
#1310=PLANE('',#12486);
#1311=PLANE('',#12487);
#1312=PLANE('',#12488);
#1313=PLANE('',#12489);
#1314=PLANE('',#12490);
#1315=PLANE('',#12491);
#1316=PLANE('',#12492);
#1317=PLANE('',#12493);
#1318=PLANE('',#12494);
#1319=PLANE('',#12495);
#1320=PLANE('',#12496);
#1321=PLANE('',#12497);
#1322=PLANE('',#12498);
#1323=PLANE('',#12499);
#1324=PLANE('',#12500);
#1325=PLANE('',#12501);
#1326=PLANE('',#12502);
#1327=PLANE('',#12503);
#1328=PLANE('',#12504);
#1329=PLANE('',#12505);
#1330=PLANE('',#12506);
#1331=PLANE('',#12507);
#1332=PLANE('',#12508);
#1333=PLANE('',#12509);
#1334=PLANE('',#12510);
#1335=PLANE('',#12511);
#1336=PLANE('',#12512);
#1337=PLANE('',#12513);
#1338=PLANE('',#12514);
#1339=PLANE('',#12515);
#1340=PLANE('',#12516);
#1341=PLANE('',#12517);
#1342=PLANE('',#12518);
#1343=PLANE('',#12519);
#1344=PLANE('',#12520);
#1345=PLANE('',#12521);
#1346=PLANE('',#12522);
#1347=PLANE('',#12523);
#1348=PLANE('',#12524);
#1349=PLANE('',#12525);
#1350=PLANE('',#12526);
#1351=PLANE('',#12527);
#1352=PLANE('',#12528);
#1353=PLANE('',#12529);
#1354=PLANE('',#12530);
#1355=PLANE('',#12531);
#1356=PLANE('',#12532);
#1357=PLANE('',#12533);
#1358=PLANE('',#12534);
#1359=PLANE('',#12535);
#1360=PLANE('',#12536);
#1361=PLANE('',#12537);
#1362=PLANE('',#12538);
#1363=PLANE('',#12539);
#1364=PLANE('',#12540);
#1365=PLANE('',#12541);
#1366=PLANE('',#12542);
#1367=PLANE('',#12543);
#1368=PLANE('',#12546);
#1369=PLANE('',#12547);
#1370=PLANE('',#12548);
#1371=PLANE('',#12549);
#1372=PLANE('',#12550);
#1373=PLANE('',#12551);
#1374=PLANE('',#12552);
#1375=PLANE('',#12553);
#1376=PLANE('',#12554);
#1377=PLANE('',#12555);
#1378=PLANE('',#12556);
#1379=PLANE('',#12557);
#1380=PLANE('',#12558);
#1381=PLANE('',#12559);
#1382=PLANE('',#12560);
#1383=PLANE('',#12561);
#1384=PLANE('',#12562);
#1385=PLANE('',#12563);
#1386=PLANE('',#12564);
#1387=PLANE('',#12565);
#1388=PLANE('',#12566);
#1389=PLANE('',#12567);
#1390=PLANE('',#12568);
#1391=PLANE('',#12569);
#1392=PLANE('',#12570);
#1393=PLANE('',#12571);
#1394=PLANE('',#12572);
#1395=PLANE('',#12573);
#1396=PLANE('',#12574);
#1397=PLANE('',#12578);
#1398=PLANE('',#12579);
#1399=PLANE('',#12580);
#1400=PLANE('',#12581);
#1401=PLANE('',#12582);
#1402=PLANE('',#12583);
#1403=PLANE('',#12584);
#1404=PLANE('',#12585);
#1405=PLANE('',#12586);
#1406=PLANE('',#12587);
#1407=PLANE('',#12588);
#1408=PLANE('',#12589);
#1409=PLANE('',#12590);
#1410=PLANE('',#12591);
#1411=PLANE('',#12592);
#1412=PLANE('',#12593);
#1413=PLANE('',#12594);
#1414=PLANE('',#12595);
#1415=PLANE('',#12596);
#1416=PLANE('',#12597);
#1417=PLANE('',#12598);
#1418=PLANE('',#12599);
#1419=PLANE('',#12600);
#1420=PLANE('',#12601);
#1421=PLANE('',#12602);
#1422=PLANE('',#12603);
#1423=PLANE('',#12604);
#1424=PLANE('',#12605);
#1425=PLANE('',#12606);
#1426=PLANE('',#12607);
#1427=PLANE('',#12608);
#1428=PLANE('',#12609);
#1429=PLANE('',#12610);
#1430=PLANE('',#12611);
#1431=PLANE('',#12612);
#1432=PLANE('',#12613);
#1433=PLANE('',#12614);
#1434=PLANE('',#12615);
#1435=PLANE('',#12616);
#1436=PLANE('',#12617);
#1437=PLANE('',#12618);
#1438=PLANE('',#12619);
#1439=PLANE('',#12620);
#1440=PLANE('',#12621);
#1441=PLANE('',#12622);
#1442=PLANE('',#12623);
#1443=PLANE('',#12624);
#1444=PLANE('',#12625);
#1445=PLANE('',#12626);
#1446=PLANE('',#12627);
#1447=PLANE('',#12628);
#1448=PLANE('',#12629);
#1449=PLANE('',#12630);
#1450=PLANE('',#12631);
#1451=PLANE('',#12632);
#1452=PLANE('',#12633);
#1453=PLANE('',#12634);
#1454=PLANE('',#12635);
#1455=PLANE('',#12636);
#1456=PLANE('',#12637);
#1457=PLANE('',#12638);
#1458=PLANE('',#12639);
#1459=PLANE('',#12640);
#1460=PLANE('',#12641);
#1461=PLANE('',#12642);
#1462=PLANE('',#12643);
#1463=PLANE('',#12644);
#1464=PLANE('',#12645);
#1465=PLANE('',#12646);
#1466=PLANE('',#12647);
#1467=PLANE('',#12648);
#1468=PLANE('',#12649);
#1469=PLANE('',#12650);
#1470=PLANE('',#12651);
#1471=PLANE('',#12652);
#1472=PLANE('',#12653);
#1473=PLANE('',#12654);
#1474=PLANE('',#12655);
#1475=PLANE('',#12656);
#1476=PLANE('',#12657);
#1477=PLANE('',#12658);
#1478=PLANE('',#12659);
#1479=PLANE('',#12660);
#1480=PLANE('',#12661);
#1481=PLANE('',#12662);
#1482=PLANE('',#12663);
#1483=PLANE('',#12664);
#1484=PLANE('',#12665);
#1485=PLANE('',#12666);
#1486=PLANE('',#12667);
#1487=PLANE('',#12668);
#1488=PLANE('',#12669);
#1489=PLANE('',#12670);
#1490=PLANE('',#12671);
#1491=PLANE('',#12672);
#1492=PLANE('',#12673);
#1493=PLANE('',#12674);
#1494=PLANE('',#12675);
#1495=PLANE('',#12676);
#1496=PLANE('',#12677);
#1497=PLANE('',#12678);
#1498=PLANE('',#12679);
#1499=PLANE('',#12680);
#1500=PLANE('',#12730);
#1501=PLANE('',#12734);
#1502=PLANE('',#12738);
#1503=PLANE('',#12742);
#1504=PLANE('',#12746);
#1505=PLANE('',#12747);
#1506=PLANE('',#12748);
#1507=PLANE('',#12752);
#1508=PLANE('',#12756);
#1509=PLANE('',#12760);
#1510=PLANE('',#12764);
#1511=PLANE('',#12765);
#1512=PLANE('',#12766);
#1513=PLANE('',#12767);
#1514=FACE_OUTER_BOUND('',#2143,.T.);
#1515=FACE_OUTER_BOUND('',#2144,.T.);
#1516=FACE_OUTER_BOUND('',#2145,.T.);
#1517=FACE_OUTER_BOUND('',#2146,.T.);
#1518=FACE_OUTER_BOUND('',#2147,.T.);
#1519=FACE_OUTER_BOUND('',#2148,.T.);
#1520=FACE_OUTER_BOUND('',#2149,.T.);
#1521=FACE_OUTER_BOUND('',#2150,.T.);
#1522=FACE_OUTER_BOUND('',#2151,.T.);
#1523=FACE_OUTER_BOUND('',#2152,.T.);
#1524=FACE_OUTER_BOUND('',#2153,.T.);
#1525=FACE_OUTER_BOUND('',#2154,.T.);
#1526=FACE_OUTER_BOUND('',#2155,.T.);
#1527=FACE_OUTER_BOUND('',#2156,.T.);
#1528=FACE_OUTER_BOUND('',#2157,.T.);
#1529=FACE_OUTER_BOUND('',#2158,.T.);
#1530=FACE_OUTER_BOUND('',#2159,.T.);
#1531=FACE_OUTER_BOUND('',#2172,.T.);
#1532=FACE_OUTER_BOUND('',#2185,.T.);
#1533=FACE_OUTER_BOUND('',#2186,.T.);
#1534=FACE_OUTER_BOUND('',#2187,.T.);
#1535=FACE_OUTER_BOUND('',#2188,.T.);
#1536=FACE_OUTER_BOUND('',#2189,.T.);
#1537=FACE_OUTER_BOUND('',#2190,.T.);
#1538=FACE_OUTER_BOUND('',#2191,.T.);
#1539=FACE_OUTER_BOUND('',#2192,.T.);
#1540=FACE_OUTER_BOUND('',#2193,.T.);
#1541=FACE_OUTER_BOUND('',#2194,.T.);
#1542=FACE_OUTER_BOUND('',#2195,.T.);
#1543=FACE_OUTER_BOUND('',#2196,.T.);
#1544=FACE_OUTER_BOUND('',#2197,.T.);
#1545=FACE_OUTER_BOUND('',#2204,.T.);
#1546=FACE_OUTER_BOUND('',#2205,.T.);
#1547=FACE_OUTER_BOUND('',#2206,.T.);
#1548=FACE_OUTER_BOUND('',#2207,.T.);
#1549=FACE_OUTER_BOUND('',#2214,.T.);
#1550=FACE_OUTER_BOUND('',#2215,.T.);
#1551=FACE_OUTER_BOUND('',#2216,.T.);
#1552=FACE_OUTER_BOUND('',#2217,.T.);
#1553=FACE_OUTER_BOUND('',#2224,.T.);
#1554=FACE_OUTER_BOUND('',#2225,.T.);
#1555=FACE_OUTER_BOUND('',#2226,.T.);
#1556=FACE_OUTER_BOUND('',#2227,.T.);
#1557=FACE_OUTER_BOUND('',#2234,.T.);
#1558=FACE_OUTER_BOUND('',#2235,.T.);
#1559=FACE_OUTER_BOUND('',#2236,.T.);
#1560=FACE_OUTER_BOUND('',#2237,.T.);
#1561=FACE_OUTER_BOUND('',#2239,.T.);
#1562=FACE_OUTER_BOUND('',#2241,.T.);
#1563=FACE_OUTER_BOUND('',#2243,.T.);
#1564=FACE_OUTER_BOUND('',#2244,.T.);
#1565=FACE_OUTER_BOUND('',#2245,.T.);
#1566=FACE_OUTER_BOUND('',#2246,.T.);
#1567=FACE_OUTER_BOUND('',#2247,.T.);
#1568=FACE_OUTER_BOUND('',#2248,.T.);
#1569=FACE_OUTER_BOUND('',#2249,.T.);
#1570=FACE_OUTER_BOUND('',#2250,.T.);
#1571=FACE_OUTER_BOUND('',#2251,.T.);
#1572=FACE_OUTER_BOUND('',#2252,.T.);
#1573=FACE_OUTER_BOUND('',#2253,.T.);
#1574=FACE_OUTER_BOUND('',#2254,.T.);
#1575=FACE_OUTER_BOUND('',#2255,.T.);
#1576=FACE_OUTER_BOUND('',#2256,.T.);
#1577=FACE_OUTER_BOUND('',#2257,.T.);
#1578=FACE_OUTER_BOUND('',#2258,.T.);
#1579=FACE_OUTER_BOUND('',#2259,.T.);
#1580=FACE_OUTER_BOUND('',#2260,.T.);
#1581=FACE_OUTER_BOUND('',#2261,.T.);
#1582=FACE_OUTER_BOUND('',#2262,.T.);
#1583=FACE_OUTER_BOUND('',#2263,.T.);
#1584=FACE_OUTER_BOUND('',#2264,.T.);
#1585=FACE_OUTER_BOUND('',#2265,.T.);
#1586=FACE_OUTER_BOUND('',#2266,.T.);
#1587=FACE_OUTER_BOUND('',#2267,.T.);
#1588=FACE_OUTER_BOUND('',#2268,.T.);
#1589=FACE_OUTER_BOUND('',#2269,.T.);
#1590=FACE_OUTER_BOUND('',#2270,.T.);
#1591=FACE_OUTER_BOUND('',#2271,.T.);
#1592=FACE_OUTER_BOUND('',#2272,.T.);
#1593=FACE_OUTER_BOUND('',#2273,.T.);
#1594=FACE_OUTER_BOUND('',#2274,.T.);
#1595=FACE_OUTER_BOUND('',#2275,.T.);
#1596=FACE_OUTER_BOUND('',#2276,.T.);
#1597=FACE_OUTER_BOUND('',#2277,.T.);
#1598=FACE_OUTER_BOUND('',#2278,.T.);
#1599=FACE_OUTER_BOUND('',#2279,.T.);
#1600=FACE_OUTER_BOUND('',#2280,.T.);
#1601=FACE_OUTER_BOUND('',#2281,.T.);
#1602=FACE_OUTER_BOUND('',#2282,.T.);
#1603=FACE_OUTER_BOUND('',#2283,.T.);
#1604=FACE_OUTER_BOUND('',#2284,.T.);
#1605=FACE_OUTER_BOUND('',#2285,.T.);
#1606=FACE_OUTER_BOUND('',#2286,.T.);
#1607=FACE_OUTER_BOUND('',#2287,.T.);
#1608=FACE_OUTER_BOUND('',#2288,.T.);
#1609=FACE_OUTER_BOUND('',#2289,.T.);
#1610=FACE_OUTER_BOUND('',#2290,.T.);
#1611=FACE_OUTER_BOUND('',#2291,.T.);
#1612=FACE_OUTER_BOUND('',#2292,.T.);
#1613=FACE_OUTER_BOUND('',#2293,.T.);
#1614=FACE_OUTER_BOUND('',#2294,.T.);
#1615=FACE_OUTER_BOUND('',#2295,.T.);
#1616=FACE_OUTER_BOUND('',#2296,.T.);
#1617=FACE_OUTER_BOUND('',#2297,.T.);
#1618=FACE_OUTER_BOUND('',#2298,.T.);
#1619=FACE_OUTER_BOUND('',#2299,.T.);
#1620=FACE_OUTER_BOUND('',#2300,.T.);
#1621=FACE_OUTER_BOUND('',#2301,.T.);
#1622=FACE_OUTER_BOUND('',#2302,.T.);
#1623=FACE_OUTER_BOUND('',#2303,.T.);
#1624=FACE_OUTER_BOUND('',#2304,.T.);
#1625=FACE_OUTER_BOUND('',#2305,.T.);
#1626=FACE_OUTER_BOUND('',#2306,.T.);
#1627=FACE_OUTER_BOUND('',#2307,.T.);
#1628=FACE_OUTER_BOUND('',#2308,.T.);
#1629=FACE_OUTER_BOUND('',#2309,.T.);
#1630=FACE_OUTER_BOUND('',#2310,.T.);
#1631=FACE_OUTER_BOUND('',#2311,.T.);
#1632=FACE_OUTER_BOUND('',#2312,.T.);
#1633=FACE_OUTER_BOUND('',#2313,.T.);
#1634=FACE_OUTER_BOUND('',#2314,.T.);
#1635=FACE_OUTER_BOUND('',#2315,.T.);
#1636=FACE_OUTER_BOUND('',#2316,.T.);
#1637=FACE_OUTER_BOUND('',#2317,.T.);
#1638=FACE_OUTER_BOUND('',#2318,.T.);
#1639=FACE_OUTER_BOUND('',#2319,.T.);
#1640=FACE_OUTER_BOUND('',#2320,.T.);
#1641=FACE_OUTER_BOUND('',#2321,.T.);
#1642=FACE_OUTER_BOUND('',#2322,.T.);
#1643=FACE_OUTER_BOUND('',#2323,.T.);
#1644=FACE_OUTER_BOUND('',#2324,.T.);
#1645=FACE_OUTER_BOUND('',#2325,.T.);
#1646=FACE_OUTER_BOUND('',#2326,.T.);
#1647=FACE_OUTER_BOUND('',#2327,.T.);
#1648=FACE_OUTER_BOUND('',#2328,.T.);
#1649=FACE_OUTER_BOUND('',#2329,.T.);
#1650=FACE_OUTER_BOUND('',#2330,.T.);
#1651=FACE_OUTER_BOUND('',#2331,.T.);
#1652=FACE_OUTER_BOUND('',#2332,.T.);
#1653=FACE_OUTER_BOUND('',#2333,.T.);
#1654=FACE_OUTER_BOUND('',#2334,.T.);
#1655=FACE_OUTER_BOUND('',#2335,.T.);
#1656=FACE_OUTER_BOUND('',#2336,.T.);
#1657=FACE_OUTER_BOUND('',#2337,.T.);
#1658=FACE_OUTER_BOUND('',#2338,.T.);
#1659=FACE_OUTER_BOUND('',#2339,.T.);
#1660=FACE_OUTER_BOUND('',#2340,.T.);
#1661=FACE_OUTER_BOUND('',#2341,.T.);
#1662=FACE_OUTER_BOUND('',#2342,.T.);
#1663=FACE_OUTER_BOUND('',#2343,.T.);
#1664=FACE_OUTER_BOUND('',#2344,.T.);
#1665=FACE_OUTER_BOUND('',#2345,.T.);
#1666=FACE_OUTER_BOUND('',#2346,.T.);
#1667=FACE_OUTER_BOUND('',#2347,.T.);
#1668=FACE_OUTER_BOUND('',#2348,.T.);
#1669=FACE_OUTER_BOUND('',#2349,.T.);
#1670=FACE_OUTER_BOUND('',#2350,.T.);
#1671=FACE_OUTER_BOUND('',#2351,.T.);
#1672=FACE_OUTER_BOUND('',#2352,.T.);
#1673=FACE_OUTER_BOUND('',#2353,.T.);
#1674=FACE_OUTER_BOUND('',#2354,.T.);
#1675=FACE_OUTER_BOUND('',#2355,.T.);
#1676=FACE_OUTER_BOUND('',#2356,.T.);
#1677=FACE_OUTER_BOUND('',#2357,.T.);
#1678=FACE_OUTER_BOUND('',#2358,.T.);
#1679=FACE_OUTER_BOUND('',#2359,.T.);
#1680=FACE_OUTER_BOUND('',#2360,.T.);
#1681=FACE_OUTER_BOUND('',#2361,.T.);
#1682=FACE_OUTER_BOUND('',#2362,.T.);
#1683=FACE_OUTER_BOUND('',#2363,.T.);
#1684=FACE_OUTER_BOUND('',#2364,.T.);
#1685=FACE_OUTER_BOUND('',#2365,.T.);
#1686=FACE_OUTER_BOUND('',#2366,.T.);
#1687=FACE_OUTER_BOUND('',#2367,.T.);
#1688=FACE_OUTER_BOUND('',#2368,.T.);
#1689=FACE_OUTER_BOUND('',#2369,.T.);
#1690=FACE_OUTER_BOUND('',#2379,.T.);
#1691=FACE_OUTER_BOUND('',#2389,.T.);
#1692=FACE_OUTER_BOUND('',#2391,.T.);
#1693=FACE_OUTER_BOUND('',#2392,.T.);
#1694=FACE_OUTER_BOUND('',#2393,.T.);
#1695=FACE_OUTER_BOUND('',#2395,.T.);
#1696=FACE_OUTER_BOUND('',#2396,.T.);
#1697=FACE_OUTER_BOUND('',#2397,.T.);
#1698=FACE_OUTER_BOUND('',#2398,.T.);
#1699=FACE_OUTER_BOUND('',#2408,.T.);
#1700=FACE_OUTER_BOUND('',#2409,.T.);
#1701=FACE_OUTER_BOUND('',#2410,.T.);
#1702=FACE_OUTER_BOUND('',#2420,.T.);
#1703=FACE_OUTER_BOUND('',#2421,.T.);
#1704=FACE_OUTER_BOUND('',#2422,.T.);
#1705=FACE_OUTER_BOUND('',#2423,.T.);
#1706=FACE_OUTER_BOUND('',#2424,.T.);
#1707=FACE_OUTER_BOUND('',#2425,.T.);
#1708=FACE_OUTER_BOUND('',#2426,.T.);
#1709=FACE_OUTER_BOUND('',#2427,.T.);
#1710=FACE_OUTER_BOUND('',#2428,.T.);
#1711=FACE_OUTER_BOUND('',#2429,.T.);
#1712=FACE_OUTER_BOUND('',#2430,.T.);
#1713=FACE_OUTER_BOUND('',#2431,.T.);
#1714=FACE_OUTER_BOUND('',#2432,.T.);
#1715=FACE_OUTER_BOUND('',#2434,.T.);
#1716=FACE_OUTER_BOUND('',#2435,.T.);
#1717=FACE_OUTER_BOUND('',#2436,.T.);
#1718=FACE_OUTER_BOUND('',#2437,.T.);
#1719=FACE_OUTER_BOUND('',#2439,.T.);
#1720=FACE_OUTER_BOUND('',#2440,.T.);
#1721=FACE_OUTER_BOUND('',#2441,.T.);
#1722=FACE_OUTER_BOUND('',#2442,.T.);
#1723=FACE_OUTER_BOUND('',#2443,.T.);
#1724=FACE_OUTER_BOUND('',#2444,.T.);
#1725=FACE_OUTER_BOUND('',#2445,.T.);
#1726=FACE_OUTER_BOUND('',#2446,.T.);
#1727=FACE_OUTER_BOUND('',#2447,.T.);
#1728=FACE_OUTER_BOUND('',#2448,.T.);
#1729=FACE_OUTER_BOUND('',#2449,.T.);
#1730=FACE_OUTER_BOUND('',#2450,.T.);
#1731=FACE_OUTER_BOUND('',#2451,.T.);
#1732=FACE_OUTER_BOUND('',#2452,.T.);
#1733=FACE_OUTER_BOUND('',#2453,.T.);
#1734=FACE_OUTER_BOUND('',#2454,.T.);
#1735=FACE_OUTER_BOUND('',#2455,.T.);
#1736=FACE_OUTER_BOUND('',#2456,.T.);
#1737=FACE_OUTER_BOUND('',#2457,.T.);
#1738=FACE_OUTER_BOUND('',#2458,.T.);
#1739=FACE_OUTER_BOUND('',#2459,.T.);
#1740=FACE_OUTER_BOUND('',#2460,.T.);
#1741=FACE_OUTER_BOUND('',#2461,.T.);
#1742=FACE_OUTER_BOUND('',#2462,.T.);
#1743=FACE_OUTER_BOUND('',#2463,.T.);
#1744=FACE_OUTER_BOUND('',#2464,.T.);
#1745=FACE_OUTER_BOUND('',#2465,.T.);
#1746=FACE_OUTER_BOUND('',#2466,.T.);
#1747=FACE_OUTER_BOUND('',#2467,.T.);
#1748=FACE_OUTER_BOUND('',#2468,.T.);
#1749=FACE_OUTER_BOUND('',#2469,.T.);
#1750=FACE_OUTER_BOUND('',#2470,.T.);
#1751=FACE_OUTER_BOUND('',#2471,.T.);
#1752=FACE_OUTER_BOUND('',#2472,.T.);
#1753=FACE_OUTER_BOUND('',#2473,.T.);
#1754=FACE_OUTER_BOUND('',#2474,.T.);
#1755=FACE_OUTER_BOUND('',#2475,.T.);
#1756=FACE_OUTER_BOUND('',#2476,.T.);
#1757=FACE_OUTER_BOUND('',#2477,.T.);
#1758=FACE_OUTER_BOUND('',#2478,.T.);
#1759=FACE_OUTER_BOUND('',#2479,.T.);
#1760=FACE_OUTER_BOUND('',#2480,.T.);
#1761=FACE_OUTER_BOUND('',#2481,.T.);
#1762=FACE_OUTER_BOUND('',#2482,.T.);
#1763=FACE_OUTER_BOUND('',#2483,.T.);
#1764=FACE_OUTER_BOUND('',#2484,.T.);
#1765=FACE_OUTER_BOUND('',#2485,.T.);
#1766=FACE_OUTER_BOUND('',#2486,.T.);
#1767=FACE_OUTER_BOUND('',#2487,.T.);
#1768=FACE_OUTER_BOUND('',#2488,.T.);
#1769=FACE_OUTER_BOUND('',#2489,.T.);
#1770=FACE_OUTER_BOUND('',#2490,.T.);
#1771=FACE_OUTER_BOUND('',#2491,.T.);
#1772=FACE_OUTER_BOUND('',#2492,.T.);
#1773=FACE_OUTER_BOUND('',#2493,.T.);
#1774=FACE_OUTER_BOUND('',#2494,.T.);
#1775=FACE_OUTER_BOUND('',#2495,.T.);
#1776=FACE_OUTER_BOUND('',#2496,.T.);
#1777=FACE_OUTER_BOUND('',#2497,.T.);
#1778=FACE_OUTER_BOUND('',#2498,.T.);
#1779=FACE_OUTER_BOUND('',#2499,.T.);
#1780=FACE_OUTER_BOUND('',#2500,.T.);
#1781=FACE_OUTER_BOUND('',#2501,.T.);
#1782=FACE_OUTER_BOUND('',#2502,.T.);
#1783=FACE_OUTER_BOUND('',#2503,.T.);
#1784=FACE_OUTER_BOUND('',#2504,.T.);
#1785=FACE_OUTER_BOUND('',#2505,.T.);
#1786=FACE_OUTER_BOUND('',#2506,.T.);
#1787=FACE_OUTER_BOUND('',#2507,.T.);
#1788=FACE_OUTER_BOUND('',#2508,.T.);
#1789=FACE_OUTER_BOUND('',#2509,.T.);
#1790=FACE_OUTER_BOUND('',#2510,.T.);
#1791=FACE_OUTER_BOUND('',#2511,.T.);
#1792=FACE_OUTER_BOUND('',#2512,.T.);
#1793=FACE_OUTER_BOUND('',#2513,.T.);
#1794=FACE_OUTER_BOUND('',#2514,.T.);
#1795=FACE_OUTER_BOUND('',#2515,.T.);
#1796=FACE_OUTER_BOUND('',#2516,.T.);
#1797=FACE_OUTER_BOUND('',#2517,.T.);
#1798=FACE_OUTER_BOUND('',#2518,.T.);
#1799=FACE_OUTER_BOUND('',#2519,.T.);
#1800=FACE_OUTER_BOUND('',#2520,.T.);
#1801=FACE_OUTER_BOUND('',#2521,.T.);
#1802=FACE_OUTER_BOUND('',#2522,.T.);
#1803=FACE_OUTER_BOUND('',#2523,.T.);
#1804=FACE_OUTER_BOUND('',#2524,.T.);
#1805=FACE_OUTER_BOUND('',#2525,.T.);
#1806=FACE_OUTER_BOUND('',#2526,.T.);
#1807=FACE_OUTER_BOUND('',#2527,.T.);
#1808=FACE_OUTER_BOUND('',#2528,.T.);
#1809=FACE_OUTER_BOUND('',#2529,.T.);
#1810=FACE_OUTER_BOUND('',#2530,.T.);
#1811=FACE_OUTER_BOUND('',#2531,.T.);
#1812=FACE_OUTER_BOUND('',#2532,.T.);
#1813=FACE_OUTER_BOUND('',#2533,.T.);
#1814=FACE_OUTER_BOUND('',#2534,.T.);
#1815=FACE_OUTER_BOUND('',#2535,.T.);
#1816=FACE_OUTER_BOUND('',#2536,.T.);
#1817=FACE_OUTER_BOUND('',#2537,.T.);
#1818=FACE_OUTER_BOUND('',#2538,.T.);
#1819=FACE_OUTER_BOUND('',#2539,.T.);
#1820=FACE_OUTER_BOUND('',#2540,.T.);
#1821=FACE_OUTER_BOUND('',#2541,.T.);
#1822=FACE_OUTER_BOUND('',#2542,.T.);
#1823=FACE_OUTER_BOUND('',#2543,.T.);
#1824=FACE_OUTER_BOUND('',#2544,.T.);
#1825=FACE_OUTER_BOUND('',#2545,.T.);
#1826=FACE_OUTER_BOUND('',#2546,.T.);
#1827=FACE_OUTER_BOUND('',#2547,.T.);
#1828=FACE_OUTER_BOUND('',#2548,.T.);
#1829=FACE_OUTER_BOUND('',#2549,.T.);
#1830=FACE_OUTER_BOUND('',#2550,.T.);
#1831=FACE_OUTER_BOUND('',#2551,.T.);
#1832=FACE_OUTER_BOUND('',#2552,.T.);
#1833=FACE_OUTER_BOUND('',#2553,.T.);
#1834=FACE_OUTER_BOUND('',#2554,.T.);
#1835=FACE_OUTER_BOUND('',#2555,.T.);
#1836=FACE_OUTER_BOUND('',#2556,.T.);
#1837=FACE_OUTER_BOUND('',#2557,.T.);
#1838=FACE_OUTER_BOUND('',#2558,.T.);
#1839=FACE_OUTER_BOUND('',#2559,.T.);
#1840=FACE_OUTER_BOUND('',#2560,.T.);
#1841=FACE_OUTER_BOUND('',#2561,.T.);
#1842=FACE_OUTER_BOUND('',#2562,.T.);
#1843=FACE_OUTER_BOUND('',#2563,.T.);
#1844=FACE_OUTER_BOUND('',#2564,.T.);
#1845=FACE_OUTER_BOUND('',#2565,.T.);
#1846=FACE_OUTER_BOUND('',#2566,.T.);
#1847=FACE_OUTER_BOUND('',#2567,.T.);
#1848=FACE_OUTER_BOUND('',#2568,.T.);
#1849=FACE_OUTER_BOUND('',#2569,.T.);
#1850=FACE_OUTER_BOUND('',#2570,.T.);
#1851=FACE_OUTER_BOUND('',#2571,.T.);
#1852=FACE_OUTER_BOUND('',#2572,.T.);
#1853=FACE_OUTER_BOUND('',#2573,.T.);
#1854=FACE_OUTER_BOUND('',#2574,.T.);
#1855=FACE_OUTER_BOUND('',#2575,.T.);
#1856=FACE_OUTER_BOUND('',#2576,.T.);
#1857=FACE_OUTER_BOUND('',#2577,.T.);
#1858=FACE_OUTER_BOUND('',#2578,.T.);
#1859=FACE_OUTER_BOUND('',#2579,.T.);
#1860=FACE_OUTER_BOUND('',#2580,.T.);
#1861=FACE_OUTER_BOUND('',#2581,.T.);
#1862=FACE_OUTER_BOUND('',#2582,.T.);
#1863=FACE_OUTER_BOUND('',#2583,.T.);
#1864=FACE_OUTER_BOUND('',#2584,.T.);
#1865=FACE_OUTER_BOUND('',#2585,.T.);
#1866=FACE_OUTER_BOUND('',#2586,.T.);
#1867=FACE_OUTER_BOUND('',#2587,.T.);
#1868=FACE_OUTER_BOUND('',#2588,.T.);
#1869=FACE_OUTER_BOUND('',#2589,.T.);
#1870=FACE_OUTER_BOUND('',#2590,.T.);
#1871=FACE_OUTER_BOUND('',#2591,.T.);
#1872=FACE_OUTER_BOUND('',#2592,.T.);
#1873=FACE_OUTER_BOUND('',#2593,.T.);
#1874=FACE_OUTER_BOUND('',#2594,.T.);
#1875=FACE_OUTER_BOUND('',#2595,.T.);
#1876=FACE_OUTER_BOUND('',#2596,.T.);
#1877=FACE_OUTER_BOUND('',#2597,.T.);
#1878=FACE_OUTER_BOUND('',#2598,.T.);
#1879=FACE_OUTER_BOUND('',#2599,.T.);
#1880=FACE_OUTER_BOUND('',#2600,.T.);
#1881=FACE_OUTER_BOUND('',#2601,.T.);
#1882=FACE_OUTER_BOUND('',#2602,.T.);
#1883=FACE_OUTER_BOUND('',#2603,.T.);
#1884=FACE_OUTER_BOUND('',#2604,.T.);
#1885=FACE_OUTER_BOUND('',#2605,.T.);
#1886=FACE_OUTER_BOUND('',#2606,.T.);
#1887=FACE_OUTER_BOUND('',#2607,.T.);
#1888=FACE_OUTER_BOUND('',#2608,.T.);
#1889=FACE_OUTER_BOUND('',#2609,.T.);
#1890=FACE_OUTER_BOUND('',#2610,.T.);
#1891=FACE_OUTER_BOUND('',#2611,.T.);
#1892=FACE_OUTER_BOUND('',#2612,.T.);
#1893=FACE_OUTER_BOUND('',#2613,.T.);
#1894=FACE_OUTER_BOUND('',#2614,.T.);
#1895=FACE_OUTER_BOUND('',#2615,.T.);
#1896=FACE_OUTER_BOUND('',#2616,.T.);
#1897=FACE_OUTER_BOUND('',#2617,.T.);
#1898=FACE_OUTER_BOUND('',#2618,.T.);
#1899=FACE_OUTER_BOUND('',#2619,.T.);
#1900=FACE_OUTER_BOUND('',#2620,.T.);
#1901=FACE_OUTER_BOUND('',#2621,.T.);
#1902=FACE_OUTER_BOUND('',#2622,.T.);
#1903=FACE_OUTER_BOUND('',#2623,.T.);
#1904=FACE_OUTER_BOUND('',#2624,.T.);
#1905=FACE_OUTER_BOUND('',#2625,.T.);
#1906=FACE_OUTER_BOUND('',#2626,.T.);
#1907=FACE_OUTER_BOUND('',#2627,.T.);
#1908=FACE_OUTER_BOUND('',#2628,.T.);
#1909=FACE_OUTER_BOUND('',#2629,.T.);
#1910=FACE_OUTER_BOUND('',#2630,.T.);
#1911=FACE_OUTER_BOUND('',#2631,.T.);
#1912=FACE_OUTER_BOUND('',#2632,.T.);
#1913=FACE_OUTER_BOUND('',#2633,.T.);
#1914=FACE_OUTER_BOUND('',#2634,.T.);
#1915=FACE_OUTER_BOUND('',#2635,.T.);
#1916=FACE_OUTER_BOUND('',#2636,.T.);
#1917=FACE_OUTER_BOUND('',#2637,.T.);
#1918=FACE_OUTER_BOUND('',#2638,.T.);
#1919=FACE_OUTER_BOUND('',#2639,.T.);
#1920=FACE_OUTER_BOUND('',#2640,.T.);
#1921=FACE_OUTER_BOUND('',#2641,.T.);
#1922=FACE_OUTER_BOUND('',#2642,.T.);
#1923=FACE_OUTER_BOUND('',#2643,.T.);
#1924=FACE_OUTER_BOUND('',#2644,.T.);
#1925=FACE_OUTER_BOUND('',#2645,.T.);
#1926=FACE_OUTER_BOUND('',#2646,.T.);
#1927=FACE_OUTER_BOUND('',#2647,.T.);
#1928=FACE_OUTER_BOUND('',#2648,.T.);
#1929=FACE_OUTER_BOUND('',#2649,.T.);
#1930=FACE_OUTER_BOUND('',#2650,.T.);
#1931=FACE_OUTER_BOUND('',#2651,.T.);
#1932=FACE_OUTER_BOUND('',#2652,.T.);
#1933=FACE_OUTER_BOUND('',#2653,.T.);
#1934=FACE_OUTER_BOUND('',#2654,.T.);
#1935=FACE_OUTER_BOUND('',#2655,.T.);
#1936=FACE_OUTER_BOUND('',#2656,.T.);
#1937=FACE_OUTER_BOUND('',#2657,.T.);
#1938=FACE_OUTER_BOUND('',#2658,.T.);
#1939=FACE_OUTER_BOUND('',#2659,.T.);
#1940=FACE_OUTER_BOUND('',#2660,.T.);
#1941=FACE_OUTER_BOUND('',#2661,.T.);
#1942=FACE_OUTER_BOUND('',#2662,.T.);
#1943=FACE_OUTER_BOUND('',#2663,.T.);
#1944=FACE_OUTER_BOUND('',#2664,.T.);
#1945=FACE_OUTER_BOUND('',#2665,.T.);
#1946=FACE_OUTER_BOUND('',#2666,.T.);
#1947=FACE_OUTER_BOUND('',#2667,.T.);
#1948=FACE_OUTER_BOUND('',#2668,.T.);
#1949=FACE_OUTER_BOUND('',#2669,.T.);
#1950=FACE_OUTER_BOUND('',#2670,.T.);
#1951=FACE_OUTER_BOUND('',#2671,.T.);
#1952=FACE_OUTER_BOUND('',#2672,.T.);
#1953=FACE_OUTER_BOUND('',#2673,.T.);
#1954=FACE_OUTER_BOUND('',#2674,.T.);
#1955=FACE_OUTER_BOUND('',#2675,.T.);
#1956=FACE_OUTER_BOUND('',#2676,.T.);
#1957=FACE_OUTER_BOUND('',#2677,.T.);
#1958=FACE_OUTER_BOUND('',#2678,.T.);
#1959=FACE_OUTER_BOUND('',#2679,.T.);
#1960=FACE_OUTER_BOUND('',#2680,.T.);
#1961=FACE_OUTER_BOUND('',#2681,.T.);
#1962=FACE_OUTER_BOUND('',#2682,.T.);
#1963=FACE_OUTER_BOUND('',#2683,.T.);
#1964=FACE_OUTER_BOUND('',#2684,.T.);
#1965=FACE_OUTER_BOUND('',#2685,.T.);
#1966=FACE_OUTER_BOUND('',#2686,.T.);
#1967=FACE_OUTER_BOUND('',#2687,.T.);
#1968=FACE_OUTER_BOUND('',#2688,.T.);
#1969=FACE_OUTER_BOUND('',#2689,.T.);
#1970=FACE_OUTER_BOUND('',#2690,.T.);
#1971=FACE_OUTER_BOUND('',#2691,.T.);
#1972=FACE_OUTER_BOUND('',#2692,.T.);
#1973=FACE_OUTER_BOUND('',#2693,.T.);
#1974=FACE_OUTER_BOUND('',#2694,.T.);
#1975=FACE_OUTER_BOUND('',#2695,.T.);
#1976=FACE_OUTER_BOUND('',#2696,.T.);
#1977=FACE_OUTER_BOUND('',#2697,.T.);
#1978=FACE_OUTER_BOUND('',#2698,.T.);
#1979=FACE_OUTER_BOUND('',#2699,.T.);
#1980=FACE_OUTER_BOUND('',#2700,.T.);
#1981=FACE_OUTER_BOUND('',#2701,.T.);
#1982=FACE_OUTER_BOUND('',#2702,.T.);
#1983=FACE_OUTER_BOUND('',#2703,.T.);
#1984=FACE_OUTER_BOUND('',#2704,.T.);
#1985=FACE_OUTER_BOUND('',#2705,.T.);
#1986=FACE_OUTER_BOUND('',#2706,.T.);
#1987=FACE_OUTER_BOUND('',#2707,.T.);
#1988=FACE_OUTER_BOUND('',#2708,.T.);
#1989=FACE_OUTER_BOUND('',#2709,.T.);
#1990=FACE_OUTER_BOUND('',#2710,.T.);
#1991=FACE_OUTER_BOUND('',#2711,.T.);
#1992=FACE_OUTER_BOUND('',#2712,.T.);
#1993=FACE_OUTER_BOUND('',#2713,.T.);
#1994=FACE_OUTER_BOUND('',#2714,.T.);
#1995=FACE_OUTER_BOUND('',#2715,.T.);
#1996=FACE_OUTER_BOUND('',#2716,.T.);
#1997=FACE_OUTER_BOUND('',#2717,.T.);
#1998=FACE_OUTER_BOUND('',#2718,.T.);
#1999=FACE_OUTER_BOUND('',#2719,.T.);
#2000=FACE_OUTER_BOUND('',#2720,.T.);
#2001=FACE_OUTER_BOUND('',#2721,.T.);
#2002=FACE_OUTER_BOUND('',#2722,.T.);
#2003=FACE_OUTER_BOUND('',#2723,.T.);
#2004=FACE_OUTER_BOUND('',#2724,.T.);
#2005=FACE_OUTER_BOUND('',#2725,.T.);
#2006=FACE_OUTER_BOUND('',#2726,.T.);
#2007=FACE_OUTER_BOUND('',#2727,.T.);
#2008=FACE_OUTER_BOUND('',#2728,.T.);
#2009=FACE_OUTER_BOUND('',#2729,.T.);
#2010=FACE_OUTER_BOUND('',#2730,.T.);
#2011=FACE_OUTER_BOUND('',#2731,.T.);
#2012=FACE_OUTER_BOUND('',#2732,.T.);
#2013=FACE_OUTER_BOUND('',#2733,.T.);
#2014=FACE_OUTER_BOUND('',#2734,.T.);
#2015=FACE_OUTER_BOUND('',#2735,.T.);
#2016=FACE_OUTER_BOUND('',#2736,.T.);
#2017=FACE_OUTER_BOUND('',#2737,.T.);
#2018=FACE_OUTER_BOUND('',#2738,.T.);
#2019=FACE_OUTER_BOUND('',#2739,.T.);
#2020=FACE_OUTER_BOUND('',#2740,.T.);
#2021=FACE_OUTER_BOUND('',#2741,.T.);
#2022=FACE_OUTER_BOUND('',#2742,.T.);
#2023=FACE_OUTER_BOUND('',#2743,.T.);
#2024=FACE_OUTER_BOUND('',#2744,.T.);
#2025=FACE_OUTER_BOUND('',#2745,.T.);
#2026=FACE_OUTER_BOUND('',#2746,.T.);
#2027=FACE_OUTER_BOUND('',#2747,.T.);
#2028=FACE_OUTER_BOUND('',#2748,.T.);
#2029=FACE_OUTER_BOUND('',#2749,.T.);
#2030=FACE_OUTER_BOUND('',#2750,.T.);
#2031=FACE_OUTER_BOUND('',#2751,.T.);
#2032=FACE_OUTER_BOUND('',#2752,.T.);
#2033=FACE_OUTER_BOUND('',#2753,.T.);
#2034=FACE_OUTER_BOUND('',#2754,.T.);
#2035=FACE_OUTER_BOUND('',#2755,.T.);
#2036=FACE_OUTER_BOUND('',#2756,.T.);
#2037=FACE_OUTER_BOUND('',#2757,.T.);
#2038=FACE_OUTER_BOUND('',#2758,.T.);
#2039=FACE_OUTER_BOUND('',#2826,.T.);
#2040=FACE_OUTER_BOUND('',#2827,.T.);
#2041=FACE_OUTER_BOUND('',#2828,.T.);
#2042=FACE_OUTER_BOUND('',#2829,.T.);
#2043=FACE_OUTER_BOUND('',#2830,.T.);
#2044=FACE_OUTER_BOUND('',#2831,.T.);
#2045=FACE_OUTER_BOUND('',#2832,.T.);
#2046=FACE_OUTER_BOUND('',#2833,.T.);
#2047=FACE_OUTER_BOUND('',#2834,.T.);
#2048=FACE_OUTER_BOUND('',#2835,.T.);
#2049=FACE_OUTER_BOUND('',#2836,.T.);
#2050=FACE_OUTER_BOUND('',#2837,.T.);
#2051=FACE_OUTER_BOUND('',#2838,.T.);
#2052=FACE_OUTER_BOUND('',#2839,.T.);
#2053=FACE_OUTER_BOUND('',#2840,.T.);
#2054=FACE_OUTER_BOUND('',#2841,.T.);
#2055=FACE_OUTER_BOUND('',#2842,.T.);
#2056=FACE_OUTER_BOUND('',#2843,.T.);
#2057=FACE_OUTER_BOUND('',#2844,.T.);
#2058=FACE_OUTER_BOUND('',#2845,.T.);
#2059=FACE_OUTER_BOUND('',#2846,.T.);
#2060=FACE_OUTER_BOUND('',#2847,.T.);
#2061=FACE_OUTER_BOUND('',#2848,.T.);
#2062=FACE_OUTER_BOUND('',#2849,.T.);
#2063=FACE_OUTER_BOUND('',#2850,.T.);
#2064=FACE_OUTER_BOUND('',#2851,.T.);
#2065=FACE_OUTER_BOUND('',#2852,.T.);
#2066=FACE_OUTER_BOUND('',#2853,.T.);
#2067=FACE_OUTER_BOUND('',#2854,.T.);
#2068=FACE_OUTER_BOUND('',#2855,.T.);
#2069=FACE_OUTER_BOUND('',#2856,.T.);
#2070=FACE_OUTER_BOUND('',#2857,.T.);
#2071=FACE_OUTER_BOUND('',#2858,.T.);
#2072=FACE_OUTER_BOUND('',#2859,.T.);
#2073=FACE_OUTER_BOUND('',#2860,.T.);
#2074=FACE_OUTER_BOUND('',#2861,.T.);
#2075=FACE_OUTER_BOUND('',#2862,.T.);
#2076=FACE_OUTER_BOUND('',#2863,.T.);
#2077=FACE_OUTER_BOUND('',#2864,.T.);
#2078=FACE_OUTER_BOUND('',#2865,.T.);
#2079=FACE_OUTER_BOUND('',#2866,.T.);
#2080=FACE_OUTER_BOUND('',#2867,.T.);
#2081=FACE_OUTER_BOUND('',#2868,.T.);
#2082=FACE_OUTER_BOUND('',#2869,.T.);
#2083=FACE_OUTER_BOUND('',#2870,.T.);
#2084=FACE_OUTER_BOUND('',#2871,.T.);
#2085=FACE_OUTER_BOUND('',#2872,.T.);
#2086=FACE_OUTER_BOUND('',#2873,.T.);
#2087=FACE_OUTER_BOUND('',#2874,.T.);
#2088=FACE_OUTER_BOUND('',#2875,.T.);
#2089=FACE_OUTER_BOUND('',#2876,.T.);
#2090=FACE_OUTER_BOUND('',#2877,.T.);
#2091=FACE_OUTER_BOUND('',#2878,.T.);
#2092=FACE_OUTER_BOUND('',#2879,.T.);
#2093=FACE_OUTER_BOUND('',#2880,.T.);
#2094=FACE_OUTER_BOUND('',#2881,.T.);
#2095=FACE_OUTER_BOUND('',#2882,.T.);
#2096=FACE_OUTER_BOUND('',#2883,.T.);
#2097=FACE_OUTER_BOUND('',#2884,.T.);
#2098=FACE_OUTER_BOUND('',#2885,.T.);
#2099=FACE_OUTER_BOUND('',#2886,.T.);
#2100=FACE_OUTER_BOUND('',#2887,.T.);
#2101=FACE_OUTER_BOUND('',#2888,.T.);
#2102=FACE_OUTER_BOUND('',#2889,.T.);
#2103=FACE_OUTER_BOUND('',#2890,.T.);
#2104=FACE_OUTER_BOUND('',#2891,.T.);
#2105=FACE_OUTER_BOUND('',#2892,.T.);
#2106=FACE_OUTER_BOUND('',#2893,.T.);
#2107=FACE_OUTER_BOUND('',#2894,.T.);
#2108=FACE_OUTER_BOUND('',#2895,.T.);
#2109=FACE_OUTER_BOUND('',#2896,.T.);
#2110=FACE_OUTER_BOUND('',#2897,.T.);
#2111=FACE_OUTER_BOUND('',#2898,.T.);
#2112=FACE_OUTER_BOUND('',#2899,.T.);
#2113=FACE_OUTER_BOUND('',#2900,.T.);
#2114=FACE_OUTER_BOUND('',#2901,.T.);
#2115=FACE_OUTER_BOUND('',#2902,.T.);
#2116=FACE_OUTER_BOUND('',#2903,.T.);
#2117=FACE_OUTER_BOUND('',#2904,.T.);
#2118=FACE_OUTER_BOUND('',#2905,.T.);
#2119=FACE_OUTER_BOUND('',#2906,.T.);
#2120=FACE_OUTER_BOUND('',#2907,.T.);
#2121=FACE_OUTER_BOUND('',#2908,.T.);
#2122=FACE_OUTER_BOUND('',#2911,.T.);
#2123=FACE_OUTER_BOUND('',#2912,.T.);
#2124=FACE_OUTER_BOUND('',#2913,.T.);
#2125=FACE_OUTER_BOUND('',#2914,.T.);
#2126=FACE_OUTER_BOUND('',#2927,.T.);
#2127=FACE_OUTER_BOUND('',#2928,.T.);
#2128=FACE_OUTER_BOUND('',#2929,.T.);
#2129=FACE_OUTER_BOUND('',#2930,.T.);
#2130=FACE_OUTER_BOUND('',#2933,.T.);
#2131=FACE_OUTER_BOUND('',#2934,.T.);
#2132=FACE_OUTER_BOUND('',#2937,.T.);
#2133=FACE_OUTER_BOUND('',#2938,.T.);
#2134=FACE_OUTER_BOUND('',#2939,.T.);
#2135=FACE_OUTER_BOUND('',#2940,.T.);
#2136=FACE_OUTER_BOUND('',#2953,.T.);
#2137=FACE_OUTER_BOUND('',#2954,.T.);
#2138=FACE_OUTER_BOUND('',#2955,.T.);
#2139=FACE_OUTER_BOUND('',#2956,.T.);
#2140=FACE_OUTER_BOUND('',#2959,.T.);
#2141=FACE_OUTER_BOUND('',#2960,.T.);
#2142=FACE_OUTER_BOUND('',#2961,.T.);
#2143=EDGE_LOOP('',(#8117,#8118,#8119,#8120));
#2144=EDGE_LOOP('',(#8121,#8122,#8123,#8124));
#2145=EDGE_LOOP('',(#8125,#8126,#8127,#8128));
#2146=EDGE_LOOP('',(#8129,#8130,#8131,#8132));
#2147=EDGE_LOOP('',(#8133,#8134,#8135,#8136));
#2148=EDGE_LOOP('',(#8137,#8138,#8139,#8140));
#2149=EDGE_LOOP('',(#8141,#8142,#8143,#8144));
#2150=EDGE_LOOP('',(#8145,#8146,#8147,#8148));
#2151=EDGE_LOOP('',(#8149,#8150,#8151,#8152));
#2152=EDGE_LOOP('',(#8153,#8154,#8155,#8156));
#2153=EDGE_LOOP('',(#8157,#8158,#8159,#8160));
#2154=EDGE_LOOP('',(#8161,#8162,#8163,#8164));
#2155=EDGE_LOOP('',(#8165,#8166,#8167,#8168));
#2156=EDGE_LOOP('',(#8169,#8170,#8171,#8172));
#2157=EDGE_LOOP('',(#8173,#8174,#8175,#8176));
#2158=EDGE_LOOP('',(#8177,#8178,#8179,#8180));
#2159=EDGE_LOOP('',(#8181,#8182,#8183,#8184));
#2160=EDGE_LOOP('',(#8185));
#2161=EDGE_LOOP('',(#8186));
#2162=EDGE_LOOP('',(#8187));
#2163=EDGE_LOOP('',(#8188));
#2164=EDGE_LOOP('',(#8189));
#2165=EDGE_LOOP('',(#8190));
#2166=EDGE_LOOP('',(#8191));
#2167=EDGE_LOOP('',(#8192));
#2168=EDGE_LOOP('',(#8193));
#2169=EDGE_LOOP('',(#8194));
#2170=EDGE_LOOP('',(#8195));
#2171=EDGE_LOOP('',(#8196));
#2172=EDGE_LOOP('',(#8197,#8198,#8199,#8200));
#2173=EDGE_LOOP('',(#8201));
#2174=EDGE_LOOP('',(#8202));
#2175=EDGE_LOOP('',(#8203));
#2176=EDGE_LOOP('',(#8204));
#2177=EDGE_LOOP('',(#8205));
#2178=EDGE_LOOP('',(#8206));
#2179=EDGE_LOOP('',(#8207));
#2180=EDGE_LOOP('',(#8208));
#2181=EDGE_LOOP('',(#8209));
#2182=EDGE_LOOP('',(#8210));
#2183=EDGE_LOOP('',(#8211));
#2184=EDGE_LOOP('',(#8212));
#2185=EDGE_LOOP('',(#8213,#8214,#8215,#8216));
#2186=EDGE_LOOP('',(#8217,#8218,#8219,#8220));
#2187=EDGE_LOOP('',(#8221,#8222,#8223,#8224));
#2188=EDGE_LOOP('',(#8225,#8226,#8227,#8228));
#2189=EDGE_LOOP('',(#8229,#8230,#8231,#8232));
#2190=EDGE_LOOP('',(#8233,#8234,#8235,#8236));
#2191=EDGE_LOOP('',(#8237,#8238,#8239,#8240));
#2192=EDGE_LOOP('',(#8241,#8242,#8243,#8244));
#2193=EDGE_LOOP('',(#8245,#8246,#8247,#8248));
#2194=EDGE_LOOP('',(#8249,#8250,#8251,#8252));
#2195=EDGE_LOOP('',(#8253,#8254,#8255,#8256));
#2196=EDGE_LOOP('',(#8257,#8258,#8259,#8260));
#2197=EDGE_LOOP('',(#8261,#8262,#8263,#8264));
#2198=EDGE_LOOP('',(#8265));
#2199=EDGE_LOOP('',(#8266));
#2200=EDGE_LOOP('',(#8267));
#2201=EDGE_LOOP('',(#8268));
#2202=EDGE_LOOP('',(#8269));
#2203=EDGE_LOOP('',(#8270));
#2204=EDGE_LOOP('',(#8271,#8272,#8273,#8274));
#2205=EDGE_LOOP('',(#8275,#8276,#8277,#8278));
#2206=EDGE_LOOP('',(#8279,#8280,#8281,#8282));
#2207=EDGE_LOOP('',(#8283,#8284,#8285,#8286));
#2208=EDGE_LOOP('',(#8287));
#2209=EDGE_LOOP('',(#8288));
#2210=EDGE_LOOP('',(#8289));
#2211=EDGE_LOOP('',(#8290));
#2212=EDGE_LOOP('',(#8291));
#2213=EDGE_LOOP('',(#8292));
#2214=EDGE_LOOP('',(#8293,#8294,#8295,#8296));
#2215=EDGE_LOOP('',(#8297,#8298,#8299,#8300));
#2216=EDGE_LOOP('',(#8301,#8302,#8303,#8304));
#2217=EDGE_LOOP('',(#8305,#8306,#8307,#8308));
#2218=EDGE_LOOP('',(#8309));
#2219=EDGE_LOOP('',(#8310));
#2220=EDGE_LOOP('',(#8311));
#2221=EDGE_LOOP('',(#8312));
#2222=EDGE_LOOP('',(#8313));
#2223=EDGE_LOOP('',(#8314));
#2224=EDGE_LOOP('',(#8315,#8316,#8317,#8318));
#2225=EDGE_LOOP('',(#8319,#8320,#8321,#8322));
#2226=EDGE_LOOP('',(#8323,#8324,#8325,#8326));
#2227=EDGE_LOOP('',(#8327,#8328,#8329,#8330));
#2228=EDGE_LOOP('',(#8331));
#2229=EDGE_LOOP('',(#8332));
#2230=EDGE_LOOP('',(#8333));
#2231=EDGE_LOOP('',(#8334));
#2232=EDGE_LOOP('',(#8335));
#2233=EDGE_LOOP('',(#8336));
#2234=EDGE_LOOP('',(#8337,#8338,#8339,#8340));
#2235=EDGE_LOOP('',(#8341,#8342,#8343,#8344));
#2236=EDGE_LOOP('',(#8345,#8346,#8347,#8348));
#2237=EDGE_LOOP('',(#8349,#8350,#8351,#8352,#8353,#8354,#8355,#8356));
#2238=EDGE_LOOP('',(#8357,#8358,#8359,#8360,#8361,#8362,#8363,#8364));
#2239=EDGE_LOOP('',(#8365,#8366,#8367,#8368,#8369,#8370,#8371,#8372));
#2240=EDGE_LOOP('',(#8373,#8374,#8375,#8376,#8377,#8378,#8379,#8380));
#2241=EDGE_LOOP('',(#8381,#8382,#8383,#8384));
#2242=EDGE_LOOP('',(#8385,#8386,#8387,#8388));
#2243=EDGE_LOOP('',(#8389,#8390,#8391,#8392,#8393,#8394));
#2244=EDGE_LOOP('',(#8395,#8396,#8397,#8398));
#2245=EDGE_LOOP('',(#8399,#8400,#8401,#8402));
#2246=EDGE_LOOP('',(#8403,#8404,#8405,#8406));
#2247=EDGE_LOOP('',(#8407,#8408,#8409,#8410));
#2248=EDGE_LOOP('',(#8411,#8412,#8413,#8414));
#2249=EDGE_LOOP('',(#8415,#8416,#8417,#8418));
#2250=EDGE_LOOP('',(#8419,#8420,#8421,#8422));
#2251=EDGE_LOOP('',(#8423,#8424,#8425,#8426));
#2252=EDGE_LOOP('',(#8427,#8428,#8429,#8430));
#2253=EDGE_LOOP('',(#8431,#8432,#8433,#8434,#8435,#8436));
#2254=EDGE_LOOP('',(#8437,#8438,#8439));
#2255=EDGE_LOOP('',(#8440,#8441,#8442));
#2256=EDGE_LOOP('',(#8443,#8444,#8445));
#2257=EDGE_LOOP('',(#8446,#8447,#8448));
#2258=EDGE_LOOP('',(#8449,#8450,#8451));
#2259=EDGE_LOOP('',(#8452,#8453,#8454));
#2260=EDGE_LOOP('',(#8455,#8456,#8457));
#2261=EDGE_LOOP('',(#8458,#8459,#8460));
#2262=EDGE_LOOP('',(#8461,#8462,#8463));
#2263=EDGE_LOOP('',(#8464,#8465,#8466));
#2264=EDGE_LOOP('',(#8467,#8468,#8469));
#2265=EDGE_LOOP('',(#8470,#8471,#8472));
#2266=EDGE_LOOP('',(#8473,#8474,#8475));
#2267=EDGE_LOOP('',(#8476,#8477,#8478));
#2268=EDGE_LOOP('',(#8479,#8480,#8481));
#2269=EDGE_LOOP('',(#8482,#8483,#8484));
#2270=EDGE_LOOP('',(#8485,#8486,#8487));
#2271=EDGE_LOOP('',(#8488,#8489,#8490));
#2272=EDGE_LOOP('',(#8491,#8492,#8493));
#2273=EDGE_LOOP('',(#8494,#8495,#8496));
#2274=EDGE_LOOP('',(#8497,#8498,#8499,#8500,#8501,#8502));
#2275=EDGE_LOOP('',(#8503,#8504,#8505,#8506));
#2276=EDGE_LOOP('',(#8507,#8508,#8509,#8510));
#2277=EDGE_LOOP('',(#8511,#8512,#8513,#8514));
#2278=EDGE_LOOP('',(#8515,#8516,#8517,#8518));
#2279=EDGE_LOOP('',(#8519,#8520,#8521,#8522));
#2280=EDGE_LOOP('',(#8523,#8524,#8525,#8526));
#2281=EDGE_LOOP('',(#8527,#8528,#8529,#8530));
#2282=EDGE_LOOP('',(#8531,#8532,#8533,#8534));
#2283=EDGE_LOOP('',(#8535,#8536,#8537,#8538));
#2284=EDGE_LOOP('',(#8539,#8540,#8541,#8542,#8543,#8544));
#2285=EDGE_LOOP('',(#8545,#8546,#8547));
#2286=EDGE_LOOP('',(#8548,#8549,#8550));
#2287=EDGE_LOOP('',(#8551,#8552,#8553));
#2288=EDGE_LOOP('',(#8554,#8555,#8556));
#2289=EDGE_LOOP('',(#8557,#8558,#8559));
#2290=EDGE_LOOP('',(#8560,#8561,#8562));
#2291=EDGE_LOOP('',(#8563,#8564,#8565));
#2292=EDGE_LOOP('',(#8566,#8567,#8568));
#2293=EDGE_LOOP('',(#8569,#8570,#8571));
#2294=EDGE_LOOP('',(#8572,#8573,#8574));
#2295=EDGE_LOOP('',(#8575,#8576,#8577));
#2296=EDGE_LOOP('',(#8578,#8579,#8580));
#2297=EDGE_LOOP('',(#8581,#8582,#8583));
#2298=EDGE_LOOP('',(#8584,#8585,#8586));
#2299=EDGE_LOOP('',(#8587,#8588,#8589));
#2300=EDGE_LOOP('',(#8590,#8591,#8592));
#2301=EDGE_LOOP('',(#8593,#8594,#8595));
#2302=EDGE_LOOP('',(#8596,#8597,#8598));
#2303=EDGE_LOOP('',(#8599,#8600,#8601));
#2304=EDGE_LOOP('',(#8602,#8603,#8604));
#2305=EDGE_LOOP('',(#8605,#8606,#8607));
#2306=EDGE_LOOP('',(#8608,#8609,#8610));
#2307=EDGE_LOOP('',(#8611,#8612,#8613));
#2308=EDGE_LOOP('',(#8614,#8615,#8616));
#2309=EDGE_LOOP('',(#8617,#8618,#8619));
#2310=EDGE_LOOP('',(#8620,#8621,#8622));
#2311=EDGE_LOOP('',(#8623,#8624,#8625));
#2312=EDGE_LOOP('',(#8626,#8627,#8628));
#2313=EDGE_LOOP('',(#8629,#8630,#8631));
#2314=EDGE_LOOP('',(#8632,#8633,#8634));
#2315=EDGE_LOOP('',(#8635,#8636,#8637));
#2316=EDGE_LOOP('',(#8638,#8639,#8640));
#2317=EDGE_LOOP('',(#8641,#8642,#8643));
#2318=EDGE_LOOP('',(#8644,#8645,#8646));
#2319=EDGE_LOOP('',(#8647,#8648,#8649));
#2320=EDGE_LOOP('',(#8650,#8651,#8652));
#2321=EDGE_LOOP('',(#8653,#8654,#8655));
#2322=EDGE_LOOP('',(#8656,#8657,#8658));
#2323=EDGE_LOOP('',(#8659,#8660,#8661));
#2324=EDGE_LOOP('',(#8662,#8663,#8664));
#2325=EDGE_LOOP('',(#8665,#8666,#8667));
#2326=EDGE_LOOP('',(#8668,#8669,#8670));
#2327=EDGE_LOOP('',(#8671,#8672,#8673));
#2328=EDGE_LOOP('',(#8674,#8675,#8676));
#2329=EDGE_LOOP('',(#8677,#8678,#8679));
#2330=EDGE_LOOP('',(#8680,#8681,#8682));
#2331=EDGE_LOOP('',(#8683,#8684,#8685));
#2332=EDGE_LOOP('',(#8686,#8687,#8688));
#2333=EDGE_LOOP('',(#8689,#8690,#8691));
#2334=EDGE_LOOP('',(#8692,#8693,#8694));
#2335=EDGE_LOOP('',(#8695,#8696,#8697));
#2336=EDGE_LOOP('',(#8698,#8699,#8700));
#2337=EDGE_LOOP('',(#8701,#8702,#8703));
#2338=EDGE_LOOP('',(#8704,#8705,#8706));
#2339=EDGE_LOOP('',(#8707,#8708,#8709));
#2340=EDGE_LOOP('',(#8710,#8711,#8712));
#2341=EDGE_LOOP('',(#8713,#8714,#8715));
#2342=EDGE_LOOP('',(#8716,#8717,#8718));
#2343=EDGE_LOOP('',(#8719,#8720,#8721));
#2344=EDGE_LOOP('',(#8722,#8723,#8724));
#2345=EDGE_LOOP('',(#8725,#8726,#8727,#8728));
#2346=EDGE_LOOP('',(#8729,#8730,#8731,#8732));
#2347=EDGE_LOOP('',(#8733,#8734,#8735,#8736));
#2348=EDGE_LOOP('',(#8737,#8738,#8739,#8740));
#2349=EDGE_LOOP('',(#8741,#8742,#8743,#8744));
#2350=EDGE_LOOP('',(#8745,#8746,#8747,#8748));
#2351=EDGE_LOOP('',(#8749,#8750,#8751,#8752));
#2352=EDGE_LOOP('',(#8753,#8754,#8755,#8756));
#2353=EDGE_LOOP('',(#8757,#8758,#8759,#8760));
#2354=EDGE_LOOP('',(#8761,#8762,#8763,#8764));
#2355=EDGE_LOOP('',(#8765,#8766,#8767,#8768));
#2356=EDGE_LOOP('',(#8769,#8770,#8771,#8772));
#2357=EDGE_LOOP('',(#8773,#8774,#8775,#8776));
#2358=EDGE_LOOP('',(#8777,#8778,#8779,#8780));
#2359=EDGE_LOOP('',(#8781,#8782,#8783,#8784));
#2360=EDGE_LOOP('',(#8785,#8786,#8787,#8788));
#2361=EDGE_LOOP('',(#8789,#8790,#8791,#8792));
#2362=EDGE_LOOP('',(#8793,#8794,#8795,#8796));
#2363=EDGE_LOOP('',(#8797,#8798,#8799));
#2364=EDGE_LOOP('',(#8800,#8801,#8802));
#2365=EDGE_LOOP('',(#8803,#8804,#8805));
#2366=EDGE_LOOP('',(#8806,#8807,#8808));
#2367=EDGE_LOOP('',(#8809,#8810,#8811));
#2368=EDGE_LOOP('',(#8812,#8813,#8814,#8815));
#2369=EDGE_LOOP('',(#8816,#8817,#8818,#8819,#8820,#8821,#8822,#8823,#8824,
#8825,#8826,#8827));
#2370=EDGE_LOOP('',(#8828,#8829,#8830,#8831));
#2371=EDGE_LOOP('',(#8832,#8833,#8834,#8835));
#2372=EDGE_LOOP('',(#8836,#8837,#8838,#8839));
#2373=EDGE_LOOP('',(#8840,#8841,#8842,#8843));
#2374=EDGE_LOOP('',(#8844,#8845,#8846,#8847));
#2375=EDGE_LOOP('',(#8848,#8849,#8850,#8851));
#2376=EDGE_LOOP('',(#8852,#8853,#8854,#8855));
#2377=EDGE_LOOP('',(#8856,#8857,#8858,#8859));
#2378=EDGE_LOOP('',(#8860,#8861,#8862,#8863));
#2379=EDGE_LOOP('',(#8864,#8865,#8866,#8867,#8868,#8869,#8870,#8871,#8872,
#8873,#8874,#8875));
#2380=EDGE_LOOP('',(#8876,#8877,#8878,#8879));
#2381=EDGE_LOOP('',(#8880,#8881,#8882,#8883));
#2382=EDGE_LOOP('',(#8884,#8885,#8886,#8887));
#2383=EDGE_LOOP('',(#8888,#8889,#8890,#8891));
#2384=EDGE_LOOP('',(#8892,#8893,#8894,#8895));
#2385=EDGE_LOOP('',(#8896,#8897,#8898,#8899));
#2386=EDGE_LOOP('',(#8900,#8901,#8902,#8903));
#2387=EDGE_LOOP('',(#8904,#8905,#8906,#8907));
#2388=EDGE_LOOP('',(#8908,#8909,#8910,#8911));
#2389=EDGE_LOOP('',(#8912,#8913,#8914,#8915));
#2390=EDGE_LOOP('',(#8916,#8917,#8918,#8919));
#2391=EDGE_LOOP('',(#8920,#8921,#8922,#8923));
#2392=EDGE_LOOP('',(#8924,#8925,#8926,#8927));
#2393=EDGE_LOOP('',(#8928,#8929,#8930,#8931));
#2394=EDGE_LOOP('',(#8932,#8933,#8934,#8935,#8936,#8937));
#2395=EDGE_LOOP('',(#8938,#8939,#8940,#8941));
#2396=EDGE_LOOP('',(#8942,#8943,#8944,#8945));
#2397=EDGE_LOOP('',(#8946,#8947,#8948,#8949));
#2398=EDGE_LOOP('',(#8950,#8951,#8952,#8953,#8954,#8955,#8956,#8957,#8958,
#8959,#8960,#8961));
#2399=EDGE_LOOP('',(#8962,#8963,#8964,#8965));
#2400=EDGE_LOOP('',(#8966,#8967,#8968,#8969));
#2401=EDGE_LOOP('',(#8970,#8971,#8972,#8973));
#2402=EDGE_LOOP('',(#8974,#8975,#8976,#8977));
#2403=EDGE_LOOP('',(#8978,#8979,#8980,#8981));
#2404=EDGE_LOOP('',(#8982,#8983,#8984,#8985));
#2405=EDGE_LOOP('',(#8986,#8987,#8988,#8989));
#2406=EDGE_LOOP('',(#8990,#8991,#8992,#8993));
#2407=EDGE_LOOP('',(#8994,#8995,#8996,#8997));
#2408=EDGE_LOOP('',(#8998,#8999,#9000,#9001));
#2409=EDGE_LOOP('',(#9002,#9003,#9004,#9005));
#2410=EDGE_LOOP('',(#9006,#9007,#9008,#9009,#9010,#9011,#9012,#9013,#9014,
#9015,#9016,#9017));
#2411=EDGE_LOOP('',(#9018,#9019,#9020,#9021));
#2412=EDGE_LOOP('',(#9022,#9023,#9024,#9025));
#2413=EDGE_LOOP('',(#9026,#9027,#9028,#9029));
#2414=EDGE_LOOP('',(#9030,#9031,#9032,#9033));
#2415=EDGE_LOOP('',(#9034,#9035,#9036,#9037));
#2416=EDGE_LOOP('',(#9038,#9039,#9040,#9041));
#2417=EDGE_LOOP('',(#9042,#9043,#9044,#9045));
#2418=EDGE_LOOP('',(#9046,#9047,#9048,#9049));
#2419=EDGE_LOOP('',(#9050,#9051,#9052,#9053));
#2420=EDGE_LOOP('',(#9054,#9055,#9056));
#2421=EDGE_LOOP('',(#9057,#9058,#9059,#9060,#9061,#9062));
#2422=EDGE_LOOP('',(#9063,#9064,#9065,#9066,#9067,#9068));
#2423=EDGE_LOOP('',(#9069,#9070,#9071,#9072,#9073,#9074));
#2424=EDGE_LOOP('',(#9075,#9076,#9077,#9078,#9079,#9080));
#2425=EDGE_LOOP('',(#9081,#9082,#9083,#9084,#9085,#9086));
#2426=EDGE_LOOP('',(#9087,#9088,#9089,#9090,#9091,#9092));
#2427=EDGE_LOOP('',(#9093,#9094,#9095));
#2428=EDGE_LOOP('',(#9096,#9097,#9098));
#2429=EDGE_LOOP('',(#9099,#9100,#9101));
#2430=EDGE_LOOP('',(#9102,#9103,#9104));
#2431=EDGE_LOOP('',(#9105,#9106,#9107));
#2432=EDGE_LOOP('',(#9108,#9109,#9110,#9111,#9112,#9113));
#2433=EDGE_LOOP('',(#9114));
#2434=EDGE_LOOP('',(#9115,#9116,#9117));
#2435=EDGE_LOOP('',(#9118,#9119,#9120,#9121,#9122));
#2436=EDGE_LOOP('',(#9123,#9124,#9125,#9126,#9127,#9128));
#2437=EDGE_LOOP('',(#9129));
#2438=EDGE_LOOP('',(#9130));
#2439=EDGE_LOOP('',(#9131,#9132,#9133,#9134));
#2440=EDGE_LOOP('',(#9135,#9136,#9137,#9138,#9139,#9140));
#2441=EDGE_LOOP('',(#9141,#9142,#9143,#9144,#9145));
#2442=EDGE_LOOP('',(#9146,#9147,#9148,#9149));
#2443=EDGE_LOOP('',(#9150,#9151,#9152,#9153));
#2444=EDGE_LOOP('',(#9154,#9155,#9156,#9157));
#2445=EDGE_LOOP('',(#9158,#9159,#9160,#9161));
#2446=EDGE_LOOP('',(#9162,#9163,#9164,#9165));
#2447=EDGE_LOOP('',(#9166,#9167,#9168,#9169));
#2448=EDGE_LOOP('',(#9170,#9171,#9172,#9173));
#2449=EDGE_LOOP('',(#9174,#9175,#9176,#9177));
#2450=EDGE_LOOP('',(#9178,#9179,#9180,#9181));
#2451=EDGE_LOOP('',(#9182,#9183,#9184,#9185));
#2452=EDGE_LOOP('',(#9186,#9187,#9188,#9189));
#2453=EDGE_LOOP('',(#9190,#9191,#9192,#9193));
#2454=EDGE_LOOP('',(#9194,#9195,#9196,#9197));
#2455=EDGE_LOOP('',(#9198,#9199,#9200,#9201));
#2456=EDGE_LOOP('',(#9202,#9203,#9204,#9205));
#2457=EDGE_LOOP('',(#9206,#9207,#9208,#9209));
#2458=EDGE_LOOP('',(#9210,#9211,#9212,#9213));
#2459=EDGE_LOOP('',(#9214,#9215,#9216,#9217));
#2460=EDGE_LOOP('',(#9218,#9219,#9220,#9221));
#2461=EDGE_LOOP('',(#9222,#9223,#9224,#9225));
#2462=EDGE_LOOP('',(#9226,#9227,#9228,#9229));
#2463=EDGE_LOOP('',(#9230,#9231,#9232,#9233));
#2464=EDGE_LOOP('',(#9234,#9235,#9236,#9237));
#2465=EDGE_LOOP('',(#9238,#9239,#9240,#9241));
#2466=EDGE_LOOP('',(#9242,#9243,#9244,#9245));
#2467=EDGE_LOOP('',(#9246,#9247,#9248,#9249));
#2468=EDGE_LOOP('',(#9250,#9251,#9252,#9253));
#2469=EDGE_LOOP('',(#9254,#9255,#9256,#9257));
#2470=EDGE_LOOP('',(#9258,#9259,#9260,#9261));
#2471=EDGE_LOOP('',(#9262,#9263,#9264,#9265));
#2472=EDGE_LOOP('',(#9266,#9267,#9268,#9269));
#2473=EDGE_LOOP('',(#9270,#9271,#9272,#9273));
#2474=EDGE_LOOP('',(#9274,#9275,#9276,#9277));
#2475=EDGE_LOOP('',(#9278,#9279,#9280,#9281));
#2476=EDGE_LOOP('',(#9282,#9283,#9284,#9285));
#2477=EDGE_LOOP('',(#9286,#9287,#9288,#9289));
#2478=EDGE_LOOP('',(#9290,#9291,#9292,#9293));
#2479=EDGE_LOOP('',(#9294,#9295,#9296,#9297));
#2480=EDGE_LOOP('',(#9298,#9299,#9300,#9301));
#2481=EDGE_LOOP('',(#9302,#9303,#9304,#9305));
#2482=EDGE_LOOP('',(#9306,#9307,#9308,#9309));
#2483=EDGE_LOOP('',(#9310,#9311,#9312,#9313));
#2484=EDGE_LOOP('',(#9314,#9315,#9316,#9317));
#2485=EDGE_LOOP('',(#9318,#9319,#9320,#9321));
#2486=EDGE_LOOP('',(#9322,#9323,#9324,#9325));
#2487=EDGE_LOOP('',(#9326,#9327,#9328,#9329));
#2488=EDGE_LOOP('',(#9330,#9331,#9332,#9333));
#2489=EDGE_LOOP('',(#9334,#9335,#9336,#9337));
#2490=EDGE_LOOP('',(#9338,#9339,#9340,#9341));
#2491=EDGE_LOOP('',(#9342,#9343,#9344,#9345));
#2492=EDGE_LOOP('',(#9346,#9347,#9348,#9349));
#2493=EDGE_LOOP('',(#9350,#9351,#9352,#9353));
#2494=EDGE_LOOP('',(#9354,#9355,#9356,#9357));
#2495=EDGE_LOOP('',(#9358,#9359,#9360,#9361));
#2496=EDGE_LOOP('',(#9362,#9363,#9364,#9365));
#2497=EDGE_LOOP('',(#9366,#9367,#9368,#9369));
#2498=EDGE_LOOP('',(#9370,#9371,#9372,#9373));
#2499=EDGE_LOOP('',(#9374,#9375,#9376,#9377));
#2500=EDGE_LOOP('',(#9378,#9379,#9380,#9381));
#2501=EDGE_LOOP('',(#9382,#9383,#9384,#9385));
#2502=EDGE_LOOP('',(#9386,#9387,#9388,#9389));
#2503=EDGE_LOOP('',(#9390,#9391,#9392,#9393));
#2504=EDGE_LOOP('',(#9394,#9395,#9396,#9397));
#2505=EDGE_LOOP('',(#9398,#9399,#9400,#9401));
#2506=EDGE_LOOP('',(#9402,#9403,#9404,#9405));
#2507=EDGE_LOOP('',(#9406,#9407,#9408,#9409));
#2508=EDGE_LOOP('',(#9410,#9411,#9412,#9413));
#2509=EDGE_LOOP('',(#9414,#9415,#9416,#9417));
#2510=EDGE_LOOP('',(#9418,#9419,#9420,#9421));
#2511=EDGE_LOOP('',(#9422,#9423,#9424,#9425));
#2512=EDGE_LOOP('',(#9426,#9427,#9428,#9429));
#2513=EDGE_LOOP('',(#9430,#9431,#9432,#9433));
#2514=EDGE_LOOP('',(#9434,#9435,#9436,#9437));
#2515=EDGE_LOOP('',(#9438,#9439,#9440,#9441));
#2516=EDGE_LOOP('',(#9442,#9443,#9444,#9445));
#2517=EDGE_LOOP('',(#9446,#9447,#9448,#9449));
#2518=EDGE_LOOP('',(#9450,#9451,#9452,#9453));
#2519=EDGE_LOOP('',(#9454,#9455,#9456,#9457));
#2520=EDGE_LOOP('',(#9458,#9459,#9460,#9461));
#2521=EDGE_LOOP('',(#9462,#9463,#9464,#9465));
#2522=EDGE_LOOP('',(#9466,#9467,#9468,#9469));
#2523=EDGE_LOOP('',(#9470,#9471,#9472,#9473));
#2524=EDGE_LOOP('',(#9474,#9475,#9476,#9477));
#2525=EDGE_LOOP('',(#9478,#9479,#9480,#9481));
#2526=EDGE_LOOP('',(#9482,#9483,#9484,#9485));
#2527=EDGE_LOOP('',(#9486,#9487,#9488,#9489));
#2528=EDGE_LOOP('',(#9490,#9491,#9492,#9493));
#2529=EDGE_LOOP('',(#9494,#9495,#9496,#9497));
#2530=EDGE_LOOP('',(#9498,#9499,#9500,#9501));
#2531=EDGE_LOOP('',(#9502,#9503,#9504,#9505));
#2532=EDGE_LOOP('',(#9506,#9507,#9508,#9509));
#2533=EDGE_LOOP('',(#9510,#9511,#9512,#9513));
#2534=EDGE_LOOP('',(#9514,#9515,#9516,#9517));
#2535=EDGE_LOOP('',(#9518,#9519,#9520,#9521));
#2536=EDGE_LOOP('',(#9522,#9523,#9524,#9525));
#2537=EDGE_LOOP('',(#9526,#9527,#9528,#9529));
#2538=EDGE_LOOP('',(#9530,#9531,#9532,#9533));
#2539=EDGE_LOOP('',(#9534,#9535,#9536,#9537));
#2540=EDGE_LOOP('',(#9538,#9539,#9540,#9541));
#2541=EDGE_LOOP('',(#9542,#9543,#9544,#9545));
#2542=EDGE_LOOP('',(#9546,#9547,#9548,#9549));
#2543=EDGE_LOOP('',(#9550,#9551,#9552,#9553));
#2544=EDGE_LOOP('',(#9554,#9555,#9556,#9557));
#2545=EDGE_LOOP('',(#9558,#9559,#9560,#9561));
#2546=EDGE_LOOP('',(#9562,#9563,#9564,#9565));
#2547=EDGE_LOOP('',(#9566,#9567,#9568,#9569));
#2548=EDGE_LOOP('',(#9570,#9571,#9572,#9573));
#2549=EDGE_LOOP('',(#9574,#9575,#9576,#9577));
#2550=EDGE_LOOP('',(#9578,#9579,#9580,#9581));
#2551=EDGE_LOOP('',(#9582,#9583,#9584,#9585));
#2552=EDGE_LOOP('',(#9586,#9587,#9588,#9589));
#2553=EDGE_LOOP('',(#9590,#9591,#9592,#9593));
#2554=EDGE_LOOP('',(#9594,#9595,#9596,#9597));
#2555=EDGE_LOOP('',(#9598,#9599,#9600,#9601));
#2556=EDGE_LOOP('',(#9602,#9603,#9604,#9605));
#2557=EDGE_LOOP('',(#9606,#9607,#9608,#9609));
#2558=EDGE_LOOP('',(#9610,#9611,#9612,#9613));
#2559=EDGE_LOOP('',(#9614,#9615,#9616,#9617));
#2560=EDGE_LOOP('',(#9618,#9619,#9620,#9621));
#2561=EDGE_LOOP('',(#9622,#9623,#9624,#9625));
#2562=EDGE_LOOP('',(#9626,#9627,#9628,#9629));
#2563=EDGE_LOOP('',(#9630,#9631,#9632,#9633));
#2564=EDGE_LOOP('',(#9634,#9635,#9636,#9637));
#2565=EDGE_LOOP('',(#9638,#9639,#9640,#9641));
#2566=EDGE_LOOP('',(#9642,#9643,#9644,#9645));
#2567=EDGE_LOOP('',(#9646,#9647,#9648,#9649));
#2568=EDGE_LOOP('',(#9650,#9651,#9652,#9653));
#2569=EDGE_LOOP('',(#9654,#9655,#9656,#9657));
#2570=EDGE_LOOP('',(#9658,#9659,#9660,#9661));
#2571=EDGE_LOOP('',(#9662,#9663,#9664,#9665));
#2572=EDGE_LOOP('',(#9666,#9667,#9668,#9669));
#2573=EDGE_LOOP('',(#9670,#9671,#9672,#9673));
#2574=EDGE_LOOP('',(#9674,#9675,#9676,#9677));
#2575=EDGE_LOOP('',(#9678,#9679,#9680,#9681));
#2576=EDGE_LOOP('',(#9682,#9683,#9684,#9685));
#2577=EDGE_LOOP('',(#9686,#9687,#9688,#9689));
#2578=EDGE_LOOP('',(#9690,#9691,#9692,#9693));
#2579=EDGE_LOOP('',(#9694,#9695,#9696,#9697));
#2580=EDGE_LOOP('',(#9698,#9699,#9700,#9701));
#2581=EDGE_LOOP('',(#9702,#9703,#9704,#9705));
#2582=EDGE_LOOP('',(#9706,#9707,#9708,#9709));
#2583=EDGE_LOOP('',(#9710,#9711,#9712,#9713));
#2584=EDGE_LOOP('',(#9714,#9715,#9716,#9717));
#2585=EDGE_LOOP('',(#9718,#9719,#9720,#9721));
#2586=EDGE_LOOP('',(#9722,#9723,#9724,#9725));
#2587=EDGE_LOOP('',(#9726,#9727,#9728,#9729));
#2588=EDGE_LOOP('',(#9730,#9731,#9732,#9733));
#2589=EDGE_LOOP('',(#9734,#9735,#9736,#9737));
#2590=EDGE_LOOP('',(#9738,#9739,#9740,#9741));
#2591=EDGE_LOOP('',(#9742,#9743,#9744,#9745));
#2592=EDGE_LOOP('',(#9746,#9747,#9748,#9749));
#2593=EDGE_LOOP('',(#9750,#9751,#9752,#9753));
#2594=EDGE_LOOP('',(#9754,#9755,#9756,#9757));
#2595=EDGE_LOOP('',(#9758,#9759,#9760,#9761));
#2596=EDGE_LOOP('',(#9762,#9763,#9764,#9765));
#2597=EDGE_LOOP('',(#9766,#9767,#9768,#9769));
#2598=EDGE_LOOP('',(#9770,#9771,#9772,#9773));
#2599=EDGE_LOOP('',(#9774,#9775,#9776,#9777));
#2600=EDGE_LOOP('',(#9778,#9779,#9780,#9781));
#2601=EDGE_LOOP('',(#9782,#9783,#9784,#9785));
#2602=EDGE_LOOP('',(#9786,#9787,#9788,#9789));
#2603=EDGE_LOOP('',(#9790,#9791,#9792,#9793));
#2604=EDGE_LOOP('',(#9794,#9795,#9796,#9797));
#2605=EDGE_LOOP('',(#9798,#9799,#9800,#9801));
#2606=EDGE_LOOP('',(#9802,#9803,#9804,#9805));
#2607=EDGE_LOOP('',(#9806,#9807,#9808,#9809));
#2608=EDGE_LOOP('',(#9810,#9811,#9812,#9813));
#2609=EDGE_LOOP('',(#9814,#9815,#9816,#9817));
#2610=EDGE_LOOP('',(#9818,#9819,#9820,#9821));
#2611=EDGE_LOOP('',(#9822,#9823,#9824,#9825));
#2612=EDGE_LOOP('',(#9826,#9827,#9828,#9829));
#2613=EDGE_LOOP('',(#9830,#9831,#9832,#9833));
#2614=EDGE_LOOP('',(#9834,#9835,#9836,#9837));
#2615=EDGE_LOOP('',(#9838,#9839,#9840,#9841));
#2616=EDGE_LOOP('',(#9842,#9843,#9844,#9845));
#2617=EDGE_LOOP('',(#9846,#9847,#9848,#9849));
#2618=EDGE_LOOP('',(#9850,#9851,#9852,#9853));
#2619=EDGE_LOOP('',(#9854,#9855,#9856,#9857));
#2620=EDGE_LOOP('',(#9858,#9859,#9860,#9861));
#2621=EDGE_LOOP('',(#9862,#9863,#9864,#9865));
#2622=EDGE_LOOP('',(#9866,#9867,#9868,#9869));
#2623=EDGE_LOOP('',(#9870,#9871,#9872,#9873));
#2624=EDGE_LOOP('',(#9874,#9875,#9876,#9877));
#2625=EDGE_LOOP('',(#9878,#9879,#9880,#9881));
#2626=EDGE_LOOP('',(#9882,#9883,#9884,#9885));
#2627=EDGE_LOOP('',(#9886,#9887,#9888,#9889));
#2628=EDGE_LOOP('',(#9890,#9891,#9892,#9893));
#2629=EDGE_LOOP('',(#9894,#9895,#9896,#9897));
#2630=EDGE_LOOP('',(#9898,#9899,#9900,#9901));
#2631=EDGE_LOOP('',(#9902,#9903,#9904,#9905));
#2632=EDGE_LOOP('',(#9906,#9907,#9908,#9909));
#2633=EDGE_LOOP('',(#9910,#9911,#9912,#9913));
#2634=EDGE_LOOP('',(#9914,#9915,#9916,#9917));
#2635=EDGE_LOOP('',(#9918,#9919,#9920,#9921));
#2636=EDGE_LOOP('',(#9922,#9923,#9924,#9925));
#2637=EDGE_LOOP('',(#9926,#9927,#9928,#9929));
#2638=EDGE_LOOP('',(#9930,#9931,#9932,#9933));
#2639=EDGE_LOOP('',(#9934,#9935,#9936,#9937));
#2640=EDGE_LOOP('',(#9938,#9939,#9940,#9941));
#2641=EDGE_LOOP('',(#9942,#9943,#9944,#9945));
#2642=EDGE_LOOP('',(#9946,#9947,#9948,#9949));
#2643=EDGE_LOOP('',(#9950,#9951,#9952,#9953));
#2644=EDGE_LOOP('',(#9954,#9955,#9956,#9957));
#2645=EDGE_LOOP('',(#9958,#9959,#9960,#9961));
#2646=EDGE_LOOP('',(#9962,#9963,#9964,#9965));
#2647=EDGE_LOOP('',(#9966,#9967,#9968,#9969));
#2648=EDGE_LOOP('',(#9970,#9971,#9972,#9973));
#2649=EDGE_LOOP('',(#9974,#9975,#9976,#9977));
#2650=EDGE_LOOP('',(#9978,#9979,#9980,#9981));
#2651=EDGE_LOOP('',(#9982,#9983,#9984,#9985));
#2652=EDGE_LOOP('',(#9986,#9987,#9988,#9989));
#2653=EDGE_LOOP('',(#9990,#9991,#9992,#9993));
#2654=EDGE_LOOP('',(#9994,#9995,#9996,#9997));
#2655=EDGE_LOOP('',(#9998,#9999,#10000,#10001));
#2656=EDGE_LOOP('',(#10002,#10003,#10004,#10005));
#2657=EDGE_LOOP('',(#10006,#10007,#10008,#10009));
#2658=EDGE_LOOP('',(#10010,#10011,#10012,#10013));
#2659=EDGE_LOOP('',(#10014,#10015,#10016,#10017));
#2660=EDGE_LOOP('',(#10018,#10019,#10020,#10021));
#2661=EDGE_LOOP('',(#10022,#10023,#10024,#10025));
#2662=EDGE_LOOP('',(#10026,#10027,#10028,#10029));
#2663=EDGE_LOOP('',(#10030,#10031,#10032,#10033));
#2664=EDGE_LOOP('',(#10034,#10035,#10036,#10037));
#2665=EDGE_LOOP('',(#10038,#10039,#10040,#10041));
#2666=EDGE_LOOP('',(#10042,#10043,#10044,#10045));
#2667=EDGE_LOOP('',(#10046,#10047,#10048,#10049));
#2668=EDGE_LOOP('',(#10050,#10051,#10052,#10053));
#2669=EDGE_LOOP('',(#10054,#10055,#10056,#10057));
#2670=EDGE_LOOP('',(#10058,#10059,#10060,#10061));
#2671=EDGE_LOOP('',(#10062,#10063,#10064,#10065));
#2672=EDGE_LOOP('',(#10066,#10067,#10068,#10069));
#2673=EDGE_LOOP('',(#10070,#10071,#10072,#10073));
#2674=EDGE_LOOP('',(#10074,#10075,#10076,#10077));
#2675=EDGE_LOOP('',(#10078,#10079,#10080,#10081));
#2676=EDGE_LOOP('',(#10082,#10083,#10084,#10085));
#2677=EDGE_LOOP('',(#10086,#10087,#10088,#10089));
#2678=EDGE_LOOP('',(#10090,#10091,#10092,#10093));
#2679=EDGE_LOOP('',(#10094,#10095,#10096,#10097));
#2680=EDGE_LOOP('',(#10098,#10099,#10100,#10101));
#2681=EDGE_LOOP('',(#10102,#10103,#10104,#10105));
#2682=EDGE_LOOP('',(#10106,#10107,#10108,#10109));
#2683=EDGE_LOOP('',(#10110,#10111,#10112,#10113));
#2684=EDGE_LOOP('',(#10114,#10115,#10116,#10117));
#2685=EDGE_LOOP('',(#10118,#10119,#10120,#10121));
#2686=EDGE_LOOP('',(#10122,#10123,#10124,#10125));
#2687=EDGE_LOOP('',(#10126,#10127,#10128,#10129));
#2688=EDGE_LOOP('',(#10130,#10131,#10132,#10133));
#2689=EDGE_LOOP('',(#10134,#10135,#10136,#10137));
#2690=EDGE_LOOP('',(#10138,#10139,#10140,#10141));
#2691=EDGE_LOOP('',(#10142,#10143,#10144,#10145));
#2692=EDGE_LOOP('',(#10146,#10147,#10148,#10149));
#2693=EDGE_LOOP('',(#10150,#10151,#10152,#10153));
#2694=EDGE_LOOP('',(#10154,#10155,#10156,#10157));
#2695=EDGE_LOOP('',(#10158,#10159,#10160,#10161));
#2696=EDGE_LOOP('',(#10162,#10163,#10164,#10165));
#2697=EDGE_LOOP('',(#10166,#10167,#10168,#10169));
#2698=EDGE_LOOP('',(#10170,#10171,#10172,#10173));
#2699=EDGE_LOOP('',(#10174,#10175,#10176,#10177));
#2700=EDGE_LOOP('',(#10178,#10179,#10180,#10181));
#2701=EDGE_LOOP('',(#10182,#10183,#10184,#10185));
#2702=EDGE_LOOP('',(#10186,#10187,#10188,#10189));
#2703=EDGE_LOOP('',(#10190,#10191,#10192,#10193));
#2704=EDGE_LOOP('',(#10194,#10195,#10196,#10197));
#2705=EDGE_LOOP('',(#10198,#10199,#10200,#10201));
#2706=EDGE_LOOP('',(#10202,#10203,#10204,#10205));
#2707=EDGE_LOOP('',(#10206,#10207,#10208,#10209));
#2708=EDGE_LOOP('',(#10210,#10211,#10212,#10213));
#2709=EDGE_LOOP('',(#10214,#10215,#10216,#10217));
#2710=EDGE_LOOP('',(#10218,#10219,#10220,#10221));
#2711=EDGE_LOOP('',(#10222,#10223,#10224,#10225));
#2712=EDGE_LOOP('',(#10226,#10227,#10228,#10229));
#2713=EDGE_LOOP('',(#10230,#10231,#10232,#10233));
#2714=EDGE_LOOP('',(#10234,#10235,#10236,#10237));
#2715=EDGE_LOOP('',(#10238,#10239,#10240,#10241));
#2716=EDGE_LOOP('',(#10242,#10243,#10244,#10245));
#2717=EDGE_LOOP('',(#10246,#10247,#10248,#10249));
#2718=EDGE_LOOP('',(#10250,#10251,#10252,#10253));
#2719=EDGE_LOOP('',(#10254,#10255,#10256,#10257));
#2720=EDGE_LOOP('',(#10258,#10259,#10260,#10261));
#2721=EDGE_LOOP('',(#10262,#10263,#10264,#10265));
#2722=EDGE_LOOP('',(#10266,#10267,#10268,#10269));
#2723=EDGE_LOOP('',(#10270,#10271,#10272,#10273));
#2724=EDGE_LOOP('',(#10274,#10275,#10276,#10277));
#2725=EDGE_LOOP('',(#10278,#10279,#10280,#10281));
#2726=EDGE_LOOP('',(#10282,#10283,#10284,#10285));
#2727=EDGE_LOOP('',(#10286,#10287,#10288,#10289));
#2728=EDGE_LOOP('',(#10290,#10291,#10292,#10293));
#2729=EDGE_LOOP('',(#10294,#10295,#10296,#10297));
#2730=EDGE_LOOP('',(#10298,#10299,#10300,#10301));
#2731=EDGE_LOOP('',(#10302,#10303,#10304,#10305));
#2732=EDGE_LOOP('',(#10306,#10307,#10308,#10309));
#2733=EDGE_LOOP('',(#10310,#10311,#10312,#10313));
#2734=EDGE_LOOP('',(#10314,#10315,#10316,#10317));
#2735=EDGE_LOOP('',(#10318,#10319,#10320,#10321));
#2736=EDGE_LOOP('',(#10322,#10323,#10324,#10325));
#2737=EDGE_LOOP('',(#10326,#10327,#10328,#10329));
#2738=EDGE_LOOP('',(#10330,#10331,#10332,#10333));
#2739=EDGE_LOOP('',(#10334,#10335,#10336,#10337));
#2740=EDGE_LOOP('',(#10338,#10339,#10340,#10341));
#2741=EDGE_LOOP('',(#10342,#10343,#10344,#10345));
#2742=EDGE_LOOP('',(#10346,#10347,#10348,#10349));
#2743=EDGE_LOOP('',(#10350,#10351,#10352,#10353));
#2744=EDGE_LOOP('',(#10354,#10355,#10356,#10357));
#2745=EDGE_LOOP('',(#10358,#10359,#10360,#10361));
#2746=EDGE_LOOP('',(#10362,#10363,#10364,#10365));
#2747=EDGE_LOOP('',(#10366,#10367,#10368,#10369));
#2748=EDGE_LOOP('',(#10370,#10371,#10372,#10373));
#2749=EDGE_LOOP('',(#10374,#10375,#10376,#10377));
#2750=EDGE_LOOP('',(#10378,#10379,#10380,#10381));
#2751=EDGE_LOOP('',(#10382,#10383,#10384,#10385));
#2752=EDGE_LOOP('',(#10386,#10387,#10388,#10389));
#2753=EDGE_LOOP('',(#10390,#10391,#10392,#10393));
#2754=EDGE_LOOP('',(#10394,#10395,#10396,#10397));
#2755=EDGE_LOOP('',(#10398,#10399,#10400,#10401));
#2756=EDGE_LOOP('',(#10402,#10403,#10404,#10405));
#2757=EDGE_LOOP('',(#10406,#10407,#10408,#10409));
#2758=EDGE_LOOP('',(#10410,#10411,#10412,#10413));
#2759=EDGE_LOOP('',(#10414,#10415,#10416,#10417,#10418));
#2760=EDGE_LOOP('',(#10419));
#2761=EDGE_LOOP('',(#10420,#10421,#10422,#10423));
#2762=EDGE_LOOP('',(#10424,#10425,#10426,#10427));
#2763=EDGE_LOOP('',(#10428,#10429,#10430,#10431));
#2764=EDGE_LOOP('',(#10432,#10433,#10434,#10435));
#2765=EDGE_LOOP('',(#10436,#10437,#10438,#10439));
#2766=EDGE_LOOP('',(#10440,#10441,#10442,#10443));
#2767=EDGE_LOOP('',(#10444,#10445,#10446,#10447));
#2768=EDGE_LOOP('',(#10448,#10449,#10450,#10451));
#2769=EDGE_LOOP('',(#10452,#10453,#10454,#10455));
#2770=EDGE_LOOP('',(#10456,#10457,#10458,#10459));
#2771=EDGE_LOOP('',(#10460,#10461,#10462,#10463));
#2772=EDGE_LOOP('',(#10464,#10465,#10466,#10467));
#2773=EDGE_LOOP('',(#10468,#10469,#10470,#10471));
#2774=EDGE_LOOP('',(#10472,#10473,#10474,#10475));
#2775=EDGE_LOOP('',(#10476,#10477,#10478,#10479));
#2776=EDGE_LOOP('',(#10480,#10481,#10482,#10483));
#2777=EDGE_LOOP('',(#10484,#10485,#10486,#10487));
#2778=EDGE_LOOP('',(#10488,#10489,#10490,#10491));
#2779=EDGE_LOOP('',(#10492,#10493,#10494,#10495));
#2780=EDGE_LOOP('',(#10496,#10497,#10498,#10499));
#2781=EDGE_LOOP('',(#10500,#10501,#10502,#10503));
#2782=EDGE_LOOP('',(#10504,#10505,#10506,#10507));
#2783=EDGE_LOOP('',(#10508,#10509,#10510,#10511));
#2784=EDGE_LOOP('',(#10512,#10513,#10514,#10515));
#2785=EDGE_LOOP('',(#10516,#10517,#10518,#10519));
#2786=EDGE_LOOP('',(#10520,#10521,#10522,#10523));
#2787=EDGE_LOOP('',(#10524,#10525,#10526,#10527));
#2788=EDGE_LOOP('',(#10528,#10529,#10530,#10531));
#2789=EDGE_LOOP('',(#10532,#10533,#10534,#10535,#10536));
#2790=EDGE_LOOP('',(#10537,#10538,#10539,#10540));
#2791=EDGE_LOOP('',(#10541,#10542,#10543,#10544,#10545));
#2792=EDGE_LOOP('',(#10546,#10547,#10548,#10549));
#2793=EDGE_LOOP('',(#10550,#10551,#10552,#10553));
#2794=EDGE_LOOP('',(#10554,#10555,#10556,#10557));
#2795=EDGE_LOOP('',(#10558,#10559,#10560,#10561));
#2796=EDGE_LOOP('',(#10562,#10563,#10564,#10565,#10566));
#2797=EDGE_LOOP('',(#10567,#10568,#10569,#10570));
#2798=EDGE_LOOP('',(#10571,#10572,#10573,#10574));
#2799=EDGE_LOOP('',(#10575,#10576,#10577,#10578));
#2800=EDGE_LOOP('',(#10579,#10580,#10581,#10582));
#2801=EDGE_LOOP('',(#10583,#10584,#10585,#10586));
#2802=EDGE_LOOP('',(#10587,#10588,#10589,#10590));
#2803=EDGE_LOOP('',(#10591,#10592,#10593,#10594));
#2804=EDGE_LOOP('',(#10595,#10596,#10597,#10598));
#2805=EDGE_LOOP('',(#10599,#10600,#10601,#10602));
#2806=EDGE_LOOP('',(#10603,#10604,#10605,#10606));
#2807=EDGE_LOOP('',(#10607,#10608,#10609,#10610));
#2808=EDGE_LOOP('',(#10611,#10612,#10613,#10614));
#2809=EDGE_LOOP('',(#10615,#10616,#10617,#10618));
#2810=EDGE_LOOP('',(#10619,#10620,#10621,#10622));
#2811=EDGE_LOOP('',(#10623,#10624,#10625,#10626));
#2812=EDGE_LOOP('',(#10627,#10628,#10629,#10630));
#2813=EDGE_LOOP('',(#10631,#10632,#10633,#10634));
#2814=EDGE_LOOP('',(#10635,#10636,#10637,#10638));
#2815=EDGE_LOOP('',(#10639,#10640,#10641,#10642));
#2816=EDGE_LOOP('',(#10643,#10644,#10645,#10646));
#2817=EDGE_LOOP('',(#10647,#10648,#10649,#10650));
#2818=EDGE_LOOP('',(#10651,#10652,#10653,#10654));
#2819=EDGE_LOOP('',(#10655,#10656,#10657,#10658));
#2820=EDGE_LOOP('',(#10659,#10660,#10661,#10662));
#2821=EDGE_LOOP('',(#10663,#10664,#10665,#10666));
#2822=EDGE_LOOP('',(#10667,#10668,#10669,#10670));
#2823=EDGE_LOOP('',(#10671,#10672,#10673,#10674));
#2824=EDGE_LOOP('',(#10675,#10676,#10677,#10678));
#2825=EDGE_LOOP('',(#10679,#10680,#10681,#10682));
#2826=EDGE_LOOP('',(#10683,#10684,#10685,#10686,#10687));
#2827=EDGE_LOOP('',(#10688,#10689,#10690,#10691));
#2828=EDGE_LOOP('',(#10692,#10693,#10694,#10695));
#2829=EDGE_LOOP('',(#10696,#10697,#10698,#10699));
#2830=EDGE_LOOP('',(#10700,#10701,#10702,#10703));
#2831=EDGE_LOOP('',(#10704,#10705,#10706,#10707));
#2832=EDGE_LOOP('',(#10708,#10709,#10710,#10711));
#2833=EDGE_LOOP('',(#10712,#10713,#10714,#10715));
#2834=EDGE_LOOP('',(#10716,#10717,#10718,#10719));
#2835=EDGE_LOOP('',(#10720,#10721,#10722,#10723));
#2836=EDGE_LOOP('',(#10724,#10725,#10726,#10727));
#2837=EDGE_LOOP('',(#10728,#10729,#10730,#10731));
#2838=EDGE_LOOP('',(#10732,#10733,#10734,#10735));
#2839=EDGE_LOOP('',(#10736,#10737,#10738,#10739));
#2840=EDGE_LOOP('',(#10740,#10741,#10742,#10743));
#2841=EDGE_LOOP('',(#10744,#10745,#10746,#10747));
#2842=EDGE_LOOP('',(#10748,#10749,#10750,#10751));
#2843=EDGE_LOOP('',(#10752,#10753,#10754,#10755));
#2844=EDGE_LOOP('',(#10756,#10757,#10758,#10759));
#2845=EDGE_LOOP('',(#10760,#10761,#10762,#10763));
#2846=EDGE_LOOP('',(#10764,#10765,#10766,#10767));
#2847=EDGE_LOOP('',(#10768,#10769,#10770,#10771));
#2848=EDGE_LOOP('',(#10772,#10773,#10774,#10775));
#2849=EDGE_LOOP('',(#10776,#10777,#10778,#10779));
#2850=EDGE_LOOP('',(#10780,#10781,#10782,#10783));
#2851=EDGE_LOOP('',(#10784,#10785,#10786,#10787));
#2852=EDGE_LOOP('',(#10788,#10789,#10790,#10791));
#2853=EDGE_LOOP('',(#10792,#10793,#10794,#10795));
#2854=EDGE_LOOP('',(#10796,#10797,#10798,#10799));
#2855=EDGE_LOOP('',(#10800,#10801,#10802,#10803,#10804));
#2856=EDGE_LOOP('',(#10805,#10806,#10807,#10808));
#2857=EDGE_LOOP('',(#10809,#10810,#10811,#10812,#10813));
#2858=EDGE_LOOP('',(#10814,#10815,#10816,#10817));
#2859=EDGE_LOOP('',(#10818,#10819,#10820,#10821));
#2860=EDGE_LOOP('',(#10822,#10823,#10824,#10825));
#2861=EDGE_LOOP('',(#10826,#10827,#10828,#10829));
#2862=EDGE_LOOP('',(#10830,#10831,#10832,#10833,#10834));
#2863=EDGE_LOOP('',(#10835,#10836,#10837,#10838));
#2864=EDGE_LOOP('',(#10839,#10840,#10841,#10842));
#2865=EDGE_LOOP('',(#10843,#10844,#10845,#10846));
#2866=EDGE_LOOP('',(#10847,#10848,#10849,#10850));
#2867=EDGE_LOOP('',(#10851,#10852,#10853,#10854));
#2868=EDGE_LOOP('',(#10855,#10856,#10857,#10858));
#2869=EDGE_LOOP('',(#10859,#10860,#10861,#10862));
#2870=EDGE_LOOP('',(#10863,#10864,#10865,#10866));
#2871=EDGE_LOOP('',(#10867,#10868,#10869,#10870));
#2872=EDGE_LOOP('',(#10871,#10872,#10873,#10874));
#2873=EDGE_LOOP('',(#10875,#10876,#10877,#10878));
#2874=EDGE_LOOP('',(#10879,#10880,#10881,#10882));
#2875=EDGE_LOOP('',(#10883,#10884,#10885,#10886));
#2876=EDGE_LOOP('',(#10887,#10888,#10889,#10890));
#2877=EDGE_LOOP('',(#10891,#10892,#10893,#10894));
#2878=EDGE_LOOP('',(#10895,#10896,#10897,#10898));
#2879=EDGE_LOOP('',(#10899,#10900,#10901,#10902));
#2880=EDGE_LOOP('',(#10903,#10904,#10905,#10906));
#2881=EDGE_LOOP('',(#10907,#10908,#10909,#10910));
#2882=EDGE_LOOP('',(#10911,#10912,#10913,#10914));
#2883=EDGE_LOOP('',(#10915,#10916,#10917,#10918));
#2884=EDGE_LOOP('',(#10919,#10920,#10921,#10922));
#2885=EDGE_LOOP('',(#10923,#10924,#10925,#10926));
#2886=EDGE_LOOP('',(#10927,#10928,#10929,#10930));
#2887=EDGE_LOOP('',(#10931,#10932,#10933,#10934));
#2888=EDGE_LOOP('',(#10935,#10936,#10937,#10938));
#2889=EDGE_LOOP('',(#10939,#10940,#10941,#10942));
#2890=EDGE_LOOP('',(#10943,#10944,#10945,#10946));
#2891=EDGE_LOOP('',(#10947,#10948,#10949,#10950));
#2892=EDGE_LOOP('',(#10951,#10952,#10953,#10954));
#2893=EDGE_LOOP('',(#10955,#10956,#10957,#10958));
#2894=EDGE_LOOP('',(#10959,#10960,#10961,#10962));
#2895=EDGE_LOOP('',(#10963,#10964,#10965,#10966));
#2896=EDGE_LOOP('',(#10967,#10968,#10969,#10970));
#2897=EDGE_LOOP('',(#10971,#10972,#10973,#10974));
#2898=EDGE_LOOP('',(#10975,#10976,#10977,#10978));
#2899=EDGE_LOOP('',(#10979,#10980,#10981,#10982));
#2900=EDGE_LOOP('',(#10983,#10984,#10985,#10986));
#2901=EDGE_LOOP('',(#10987,#10988,#10989,#10990));
#2902=EDGE_LOOP('',(#10991,#10992,#10993,#10994));
#2903=EDGE_LOOP('',(#10995,#10996,#10997,#10998));
#2904=EDGE_LOOP('',(#10999,#11000,#11001,#11002));
#2905=EDGE_LOOP('',(#11003,#11004,#11005,#11006));
#2906=EDGE_LOOP('',(#11007,#11008,#11009,#11010));
#2907=EDGE_LOOP('',(#11011,#11012,#11013,#11014));
#2908=EDGE_LOOP('',(#11015,#11016,#11017,#11018));
#2909=EDGE_LOOP('',(#11019));
#2910=EDGE_LOOP('',(#11020));
#2911=EDGE_LOOP('',(#11021,#11022,#11023,#11024));
#2912=EDGE_LOOP('',(#11025,#11026,#11027,#11028));
#2913=EDGE_LOOP('',(#11029,#11030,#11031,#11032));
#2914=EDGE_LOOP('',(#11033,#11034,#11035,#11036));
#2915=EDGE_LOOP('',(#11037));
#2916=EDGE_LOOP('',(#11038));
#2917=EDGE_LOOP('',(#11039));
#2918=EDGE_LOOP('',(#11040));
#2919=EDGE_LOOP('',(#11041));
#2920=EDGE_LOOP('',(#11042));
#2921=EDGE_LOOP('',(#11043));
#2922=EDGE_LOOP('',(#11044));
#2923=EDGE_LOOP('',(#11045));
#2924=EDGE_LOOP('',(#11046));
#2925=EDGE_LOOP('',(#11047));
#2926=EDGE_LOOP('',(#11048));
#2927=EDGE_LOOP('',(#11049,#11050,#11051,#11052));
#2928=EDGE_LOOP('',(#11053,#11054,#11055,#11056));
#2929=EDGE_LOOP('',(#11057,#11058,#11059,#11060));
#2930=EDGE_LOOP('',(#11061,#11062,#11063,#11064));
#2931=EDGE_LOOP('',(#11065));
#2932=EDGE_LOOP('',(#11066));
#2933=EDGE_LOOP('',(#11067,#11068,#11069,#11070));
#2934=EDGE_LOOP('',(#11071,#11072,#11073,#11074));
#2935=EDGE_LOOP('',(#11075));
#2936=EDGE_LOOP('',(#11076));
#2937=EDGE_LOOP('',(#11077,#11078,#11079,#11080));
#2938=EDGE_LOOP('',(#11081,#11082,#11083,#11084));
#2939=EDGE_LOOP('',(#11085,#11086,#11087,#11088));
#2940=EDGE_LOOP('',(#11089,#11090,#11091,#11092));
#2941=EDGE_LOOP('',(#11093));
#2942=EDGE_LOOP('',(#11094));
#2943=EDGE_LOOP('',(#11095));
#2944=EDGE_LOOP('',(#11096));
#2945=EDGE_LOOP('',(#11097));
#2946=EDGE_LOOP('',(#11098));
#2947=EDGE_LOOP('',(#11099));
#2948=EDGE_LOOP('',(#11100));
#2949=EDGE_LOOP('',(#11101));
#2950=EDGE_LOOP('',(#11102));
#2951=EDGE_LOOP('',(#11103));
#2952=EDGE_LOOP('',(#11104));
#2953=EDGE_LOOP('',(#11105,#11106,#11107,#11108));
#2954=EDGE_LOOP('',(#11109,#11110,#11111,#11112));
#2955=EDGE_LOOP('',(#11113,#11114,#11115,#11116));
#2956=EDGE_LOOP('',(#11117,#11118,#11119,#11120));
#2957=EDGE_LOOP('',(#11121));
#2958=EDGE_LOOP('',(#11122));
#2959=EDGE_LOOP('',(#11123,#11124,#11125,#11126));
#2960=EDGE_LOOP('',(#11127,#11128,#11129,#11130,#11131,#11132,#11133,#11134,
#11135,#11136,#11137,#11138,#11139,#11140,#11141,#11142,#11143,#11144,#11145,
#11146));
#2961=EDGE_LOOP('',(#11147,#11148,#11149,#11150,#11151,#11152,#11153,#11154,
#11155,#11156,#11157,#11158,#11159,#11160,#11161,#11162,#11163,#11164,#11165,
#11166));
#2962=LINE('',#15751,#4161);
#2963=LINE('',#15757,#4162);
#2964=LINE('',#15763,#4163);
#2965=LINE('',#15769,#4164);
#2966=LINE('',#15775,#4165);
#2967=LINE('',#15781,#4166);
#2968=LINE('',#15787,#4167);
#2969=LINE('',#15793,#4168);
#2970=LINE('',#15799,#4169);
#2971=LINE('',#15805,#4170);
#2972=LINE('',#15811,#4171);
#2973=LINE('',#15817,#4172);
#2974=LINE('',#15822,#4173);
#2975=LINE('',#15824,#4174);
#2976=LINE('',#15826,#4175);
#2977=LINE('',#15827,#4176);
#2978=LINE('',#15830,#4177);
#2979=LINE('',#15832,#4178);
#2980=LINE('',#15833,#4179);
#2981=LINE('',#15836,#4180);
#2982=LINE('',#15838,#4181);
#2983=LINE('',#15839,#4182);
#2984=LINE('',#15841,#4183);
#2985=LINE('',#15842,#4184);
#2986=LINE('',#15850,#4185);
#2987=LINE('',#15856,#4186);
#2988=LINE('',#15862,#4187);
#2989=LINE('',#15868,#4188);
#2990=LINE('',#15874,#4189);
#2991=LINE('',#15880,#4190);
#2992=LINE('',#15886,#4191);
#2993=LINE('',#15892,#4192);
#2994=LINE('',#15898,#4193);
#2995=LINE('',#15904,#4194);
#2996=LINE('',#15910,#4195);
#2997=LINE('',#15916,#4196);
#2998=LINE('',#15921,#4197);
#2999=LINE('',#15923,#4198);
#3000=LINE('',#15925,#4199);
#3001=LINE('',#15926,#4200);
#3002=LINE('',#15932,#4201);
#3003=LINE('',#15935,#4202);
#3004=LINE('',#15937,#4203);
#3005=LINE('',#15938,#4204);
#3006=LINE('',#15944,#4205);
#3007=LINE('',#15947,#4206);
#3008=LINE('',#15949,#4207);
#3009=LINE('',#15950,#4208);
#3010=LINE('',#15956,#4209);
#3011=LINE('',#15959,#4210);
#3012=LINE('',#15961,#4211);
#3013=LINE('',#15962,#4212);
#3014=LINE('',#15969,#4213);
#3015=LINE('',#15971,#4214);
#3016=LINE('',#15973,#4215);
#3017=LINE('',#15974,#4216);
#3018=LINE('',#15980,#4217);
#3019=LINE('',#15983,#4218);
#3020=LINE('',#15985,#4219);
#3021=LINE('',#15986,#4220);
#3022=LINE('',#15992,#4221);
#3023=LINE('',#15995,#4222);
#3024=LINE('',#15997,#4223);
#3025=LINE('',#15998,#4224);
#3026=LINE('',#16004,#4225);
#3027=LINE('',#16007,#4226);
#3028=LINE('',#16009,#4227);
#3029=LINE('',#16010,#4228);
#3030=LINE('',#16020,#4229);
#3031=LINE('',#16024,#4230);
#3032=LINE('',#16028,#4231);
#3033=LINE('',#16032,#4232);
#3034=LINE('',#16037,#4233);
#3035=LINE('',#16041,#4234);
#3036=LINE('',#16045,#4235);
#3037=LINE('',#16046,#4236);
#3038=LINE('',#16050,#4237);
#3039=LINE('',#16054,#4238);
#3040=LINE('',#16059,#4239);
#3041=LINE('',#16063,#4240);
#3042=LINE('',#16068,#4241);
#3043=LINE('',#16072,#4242);
#3044=LINE('',#16077,#4243);
#3045=LINE('',#16081,#4244);
#3046=LINE('',#16086,#4245);
#3047=LINE('',#16090,#4246);
#3048=LINE('',#16095,#4247);
#3049=LINE('',#16099,#4248);
#3050=LINE('',#16104,#4249);
#3051=LINE('',#16108,#4250);
#3052=LINE('',#16113,#4251);
#3053=LINE('',#16117,#4252);
#3054=LINE('',#16122,#4253);
#3055=LINE('',#16126,#4254);
#3056=LINE('',#16131,#4255);
#3057=LINE('',#16135,#4256);
#3058=LINE('',#16137,#4257);
#3059=LINE('',#16139,#4258);
#3060=LINE('',#16344,#4259);
#3061=LINE('',#16348,#4260);
#3062=LINE('',#16352,#4261);
#3063=LINE('',#16353,#4262);
#3064=LINE('',#16357,#4263);
#3065=LINE('',#16361,#4264);
#3066=LINE('',#16366,#4265);
#3067=LINE('',#16370,#4266);
#3068=LINE('',#16375,#4267);
#3069=LINE('',#16379,#4268);
#3070=LINE('',#16384,#4269);
#3071=LINE('',#16388,#4270);
#3072=LINE('',#16393,#4271);
#3073=LINE('',#16397,#4272);
#3074=LINE('',#16402,#4273);
#3075=LINE('',#16406,#4274);
#3076=LINE('',#16411,#4275);
#3077=LINE('',#16415,#4276);
#3078=LINE('',#16420,#4277);
#3079=LINE('',#16424,#4278);
#3080=LINE('',#16429,#4279);
#3081=LINE('',#16433,#4280);
#3082=LINE('',#16438,#4281);
#3083=LINE('',#16442,#4282);
#3084=LINE('',#16444,#4283);
#3085=LINE('',#16446,#4284);
#3086=LINE('',#16650,#4285);
#3087=LINE('',#16651,#4286);
#3088=LINE('',#16655,#4287);
#3089=LINE('',#16657,#4288);
#3090=LINE('',#16658,#4289);
#3091=LINE('',#16662,#4290);
#3092=LINE('',#16664,#4291);
#3093=LINE('',#16665,#4292);
#3094=LINE('',#16669,#4293);
#3095=LINE('',#16671,#4294);
#3096=LINE('',#16672,#4295);
#3097=LINE('',#16676,#4296);
#3098=LINE('',#16678,#4297);
#3099=LINE('',#16679,#4298);
#3100=LINE('',#16683,#4299);
#3101=LINE('',#16685,#4300);
#3102=LINE('',#16686,#4301);
#3103=LINE('',#16690,#4302);
#3104=LINE('',#16692,#4303);
#3105=LINE('',#16693,#4304);
#3106=LINE('',#16697,#4305);
#3107=LINE('',#16699,#4306);
#3108=LINE('',#16700,#4307);
#3109=LINE('',#16704,#4308);
#3110=LINE('',#16706,#4309);
#3111=LINE('',#16707,#4310);
#3112=LINE('',#16711,#4311);
#3113=LINE('',#16713,#4312);
#3114=LINE('',#16714,#4313);
#3115=LINE('',#16718,#4314);
#3116=LINE('',#16720,#4315);
#3117=LINE('',#16721,#4316);
#3118=LINE('',#16725,#4317);
#3119=LINE('',#16727,#4318);
#3120=LINE('',#16728,#4319);
#3121=LINE('',#16732,#4320);
#3122=LINE('',#16734,#4321);
#3123=LINE('',#16735,#4322);
#3124=LINE('',#16739,#4323);
#3125=LINE('',#16741,#4324);
#3126=LINE('',#16742,#4325);
#3127=LINE('',#16746,#4326);
#3128=LINE('',#16748,#4327);
#3129=LINE('',#16749,#4328);
#3130=LINE('',#16753,#4329);
#3131=LINE('',#16755,#4330);
#3132=LINE('',#16756,#4331);
#3133=LINE('',#16760,#4332);
#3134=LINE('',#16762,#4333);
#3135=LINE('',#16763,#4334);
#3136=LINE('',#16767,#4335);
#3137=LINE('',#16769,#4336);
#3138=LINE('',#16770,#4337);
#3139=LINE('',#16774,#4338);
#3140=LINE('',#16776,#4339);
#3141=LINE('',#16777,#4340);
#3142=LINE('',#16780,#4341);
#3143=LINE('',#16781,#4342);
#3144=LINE('',#16784,#4343);
#3145=LINE('',#16785,#4344);
#3146=LINE('',#16789,#4345);
#3147=LINE('',#16791,#4346);
#3148=LINE('',#16792,#4347);
#3149=LINE('',#16796,#4348);
#3150=LINE('',#16798,#4349);
#3151=LINE('',#16799,#4350);
#3152=LINE('',#16803,#4351);
#3153=LINE('',#16805,#4352);
#3154=LINE('',#16806,#4353);
#3155=LINE('',#16810,#4354);
#3156=LINE('',#16812,#4355);
#3157=LINE('',#16813,#4356);
#3158=LINE('',#16817,#4357);
#3159=LINE('',#16819,#4358);
#3160=LINE('',#16820,#4359);
#3161=LINE('',#16824,#4360);
#3162=LINE('',#16826,#4361);
#3163=LINE('',#16827,#4362);
#3164=LINE('',#16831,#4363);
#3165=LINE('',#16833,#4364);
#3166=LINE('',#16834,#4365);
#3167=LINE('',#16838,#4366);
#3168=LINE('',#16840,#4367);
#3169=LINE('',#16841,#4368);
#3170=LINE('',#16845,#4369);
#3171=LINE('',#16847,#4370);
#3172=LINE('',#16848,#4371);
#3173=LINE('',#16852,#4372);
#3174=LINE('',#16854,#4373);
#3175=LINE('',#16855,#4374);
#3176=LINE('',#16859,#4375);
#3177=LINE('',#16861,#4376);
#3178=LINE('',#16862,#4377);
#3179=LINE('',#16866,#4378);
#3180=LINE('',#16868,#4379);
#3181=LINE('',#16869,#4380);
#3182=LINE('',#16873,#4381);
#3183=LINE('',#16875,#4382);
#3184=LINE('',#16876,#4383);
#3185=LINE('',#16880,#4384);
#3186=LINE('',#16882,#4385);
#3187=LINE('',#16883,#4386);
#3188=LINE('',#16887,#4387);
#3189=LINE('',#16889,#4388);
#3190=LINE('',#16890,#4389);
#3191=LINE('',#16894,#4390);
#3192=LINE('',#16896,#4391);
#3193=LINE('',#16897,#4392);
#3194=LINE('',#16901,#4393);
#3195=LINE('',#16903,#4394);
#3196=LINE('',#16904,#4395);
#3197=LINE('',#16908,#4396);
#3198=LINE('',#16910,#4397);
#3199=LINE('',#16911,#4398);
#3200=LINE('',#16914,#4399);
#3201=LINE('',#16915,#4400);
#3202=LINE('',#16917,#4401);
#3203=LINE('',#16918,#4402);
#3204=LINE('',#16920,#4403);
#3205=LINE('',#16921,#4404);
#3206=LINE('',#16923,#4405);
#3207=LINE('',#16924,#4406);
#3208=LINE('',#16926,#4407);
#3209=LINE('',#16927,#4408);
#3210=LINE('',#16929,#4409);
#3211=LINE('',#16930,#4410);
#3212=LINE('',#16932,#4411);
#3213=LINE('',#16933,#4412);
#3214=LINE('',#16935,#4413);
#3215=LINE('',#16936,#4414);
#3216=LINE('',#16938,#4415);
#3217=LINE('',#16939,#4416);
#3218=LINE('',#16941,#4417);
#3219=LINE('',#16942,#4418);
#3220=LINE('',#16944,#4419);
#3221=LINE('',#16945,#4420);
#3222=LINE('',#16947,#4421);
#3223=LINE('',#16948,#4422);
#3224=LINE('',#16950,#4423);
#3225=LINE('',#16951,#4424);
#3226=LINE('',#16953,#4425);
#3227=LINE('',#16954,#4426);
#3228=LINE('',#16956,#4427);
#3229=LINE('',#16957,#4428);
#3230=LINE('',#16959,#4429);
#3231=LINE('',#16960,#4430);
#3232=LINE('',#16962,#4431);
#3233=LINE('',#16963,#4432);
#3234=LINE('',#16965,#4433);
#3235=LINE('',#16966,#4434);
#3236=LINE('',#16968,#4435);
#3237=LINE('',#16969,#4436);
#3238=LINE('',#17024,#4437);
#3239=LINE('',#17026,#4438);
#3240=LINE('',#17028,#4439);
#3241=LINE('',#17029,#4440);
#3242=LINE('',#17032,#4441);
#3243=LINE('',#17034,#4442);
#3244=LINE('',#17036,#4443);
#3245=LINE('',#17038,#4444);
#3246=LINE('',#17039,#4445);
#3247=LINE('',#17040,#4446);
#3248=LINE('',#17041,#4447);
#3249=LINE('',#17042,#4448);
#3250=LINE('',#17043,#4449);
#3251=LINE('',#17044,#4450);
#3252=LINE('',#17045,#4451);
#3253=LINE('',#17046,#4452);
#3254=LINE('',#17047,#4453);
#3255=LINE('',#17048,#4454);
#3256=LINE('',#17049,#4455);
#3257=LINE('',#17050,#4456);
#3258=LINE('',#17053,#4457);
#3259=LINE('',#17054,#4458);
#3260=LINE('',#17055,#4459);
#3261=LINE('',#17057,#4460);
#3262=LINE('',#17059,#4461);
#3263=LINE('',#17061,#4462);
#3264=LINE('',#17062,#4463);
#3265=LINE('',#17063,#4464);
#3266=LINE('',#17064,#4465);
#3267=LINE('',#17065,#4466);
#3268=LINE('',#17066,#4467);
#3269=LINE('',#17067,#4468);
#3270=LINE('',#17068,#4469);
#3271=LINE('',#17069,#4470);
#3272=LINE('',#17070,#4471);
#3273=LINE('',#17071,#4472);
#3274=LINE('',#17076,#4473);
#3275=LINE('',#17082,#4474);
#3276=LINE('',#17084,#4475);
#3277=LINE('',#17085,#4476);
#3278=LINE('',#17088,#4477);
#3279=LINE('',#17090,#4478);
#3280=LINE('',#17091,#4479);
#3281=LINE('',#17095,#4480);
#3282=LINE('',#17100,#4481);
#3283=LINE('',#17101,#4482);
#3284=LINE('',#17142,#4483);
#3285=LINE('',#17144,#4484);
#3286=LINE('',#17154,#4485);
#3287=LINE('',#17164,#4486);
#3288=LINE('',#17174,#4487);
#3289=LINE('',#17184,#4488);
#3290=LINE('',#17220,#4489);
#3291=LINE('',#17223,#4490);
#3292=LINE('',#17234,#4491);
#3293=LINE('',#17241,#4492);
#3294=LINE('',#17243,#4493);
#3295=LINE('',#17245,#4494);
#3296=LINE('',#17247,#4495);
#3297=LINE('',#17249,#4496);
#3298=LINE('',#17251,#4497);
#3299=LINE('',#17295,#4498);
#3300=LINE('',#17297,#4499);
#3301=LINE('',#17299,#4500);
#3302=LINE('',#17300,#4501);
#3303=LINE('',#17306,#4502);
#3304=LINE('',#17309,#4503);
#3305=LINE('',#17311,#4504);
#3306=LINE('',#17312,#4505);
#3307=LINE('',#17315,#4506);
#3308=LINE('',#17317,#4507);
#3309=LINE('',#17318,#4508);
#3310=LINE('',#17321,#4509);
#3311=LINE('',#17323,#4510);
#3312=LINE('',#17324,#4511);
#3313=LINE('',#17328,#4512);
#3314=LINE('',#17331,#4513);
#3315=LINE('',#17332,#4514);
#3316=LINE('',#17336,#4515);
#3317=LINE('',#17338,#4516);
#3318=LINE('',#17340,#4517);
#3319=LINE('',#17341,#4518);
#3320=LINE('',#17344,#4519);
#3321=LINE('',#17346,#4520);
#3322=LINE('',#17347,#4521);
#3323=LINE('',#17350,#4522);
#3324=LINE('',#17352,#4523);
#3325=LINE('',#17353,#4524);
#3326=LINE('',#17357,#4525);
#3327=LINE('',#17359,#4526);
#3328=LINE('',#17361,#4527);
#3329=LINE('',#17362,#4528);
#3330=LINE('',#17365,#4529);
#3331=LINE('',#17367,#4530);
#3332=LINE('',#17368,#4531);
#3333=LINE('',#17371,#4532);
#3334=LINE('',#17373,#4533);
#3335=LINE('',#17374,#4534);
#3336=LINE('',#17378,#4535);
#3337=LINE('',#17380,#4536);
#3338=LINE('',#17382,#4537);
#3339=LINE('',#17383,#4538);
#3340=LINE('',#17386,#4539);
#3341=LINE('',#17388,#4540);
#3342=LINE('',#17389,#4541);
#3343=LINE('',#17392,#4542);
#3344=LINE('',#17394,#4543);
#3345=LINE('',#17395,#4544);
#3346=LINE('',#17399,#4545);
#3347=LINE('',#17401,#4546);
#3348=LINE('',#17403,#4547);
#3349=LINE('',#17404,#4548);
#3350=LINE('',#17407,#4549);
#3351=LINE('',#17409,#4550);
#3352=LINE('',#17410,#4551);
#3353=LINE('',#17413,#4552);
#3354=LINE('',#17415,#4553);
#3355=LINE('',#17416,#4554);
#3356=LINE('',#17420,#4555);
#3357=LINE('',#17422,#4556);
#3358=LINE('',#17424,#4557);
#3359=LINE('',#17425,#4558);
#3360=LINE('',#17428,#4559);
#3361=LINE('',#17430,#4560);
#3362=LINE('',#17431,#4561);
#3363=LINE('',#17434,#4562);
#3364=LINE('',#17436,#4563);
#3365=LINE('',#17437,#4564);
#3366=LINE('',#17441,#4565);
#3367=LINE('',#17443,#4566);
#3368=LINE('',#17445,#4567);
#3369=LINE('',#17446,#4568);
#3370=LINE('',#17449,#4569);
#3371=LINE('',#17451,#4570);
#3372=LINE('',#17452,#4571);
#3373=LINE('',#17455,#4572);
#3374=LINE('',#17457,#4573);
#3375=LINE('',#17458,#4574);
#3376=LINE('',#17462,#4575);
#3377=LINE('',#17464,#4576);
#3378=LINE('',#17466,#4577);
#3379=LINE('',#17467,#4578);
#3380=LINE('',#17470,#4579);
#3381=LINE('',#17472,#4580);
#3382=LINE('',#17473,#4581);
#3383=LINE('',#17476,#4582);
#3384=LINE('',#17478,#4583);
#3385=LINE('',#17479,#4584);
#3386=LINE('',#17483,#4585);
#3387=LINE('',#17485,#4586);
#3388=LINE('',#17487,#4587);
#3389=LINE('',#17488,#4588);
#3390=LINE('',#17491,#4589);
#3391=LINE('',#17493,#4590);
#3392=LINE('',#17494,#4591);
#3393=LINE('',#17497,#4592);
#3394=LINE('',#17499,#4593);
#3395=LINE('',#17500,#4594);
#3396=LINE('',#17504,#4595);
#3397=LINE('',#17506,#4596);
#3398=LINE('',#17508,#4597);
#3399=LINE('',#17509,#4598);
#3400=LINE('',#17512,#4599);
#3401=LINE('',#17514,#4600);
#3402=LINE('',#17515,#4601);
#3403=LINE('',#17518,#4602);
#3404=LINE('',#17520,#4603);
#3405=LINE('',#17521,#4604);
#3406=LINE('',#17525,#4605);
#3407=LINE('',#17527,#4606);
#3408=LINE('',#17529,#4607);
#3409=LINE('',#17530,#4608);
#3410=LINE('',#17533,#4609);
#3411=LINE('',#17535,#4610);
#3412=LINE('',#17536,#4611);
#3413=LINE('',#17539,#4612);
#3414=LINE('',#17541,#4613);
#3415=LINE('',#17542,#4614);
#3416=LINE('',#17546,#4615);
#3417=LINE('',#17548,#4616);
#3418=LINE('',#17550,#4617);
#3419=LINE('',#17551,#4618);
#3420=LINE('',#17554,#4619);
#3421=LINE('',#17556,#4620);
#3422=LINE('',#17557,#4621);
#3423=LINE('',#17560,#4622);
#3424=LINE('',#17562,#4623);
#3425=LINE('',#17563,#4624);
#3426=LINE('',#17567,#4625);
#3427=LINE('',#17569,#4626);
#3428=LINE('',#17571,#4627);
#3429=LINE('',#17572,#4628);
#3430=LINE('',#17575,#4629);
#3431=LINE('',#17577,#4630);
#3432=LINE('',#17578,#4631);
#3433=LINE('',#17581,#4632);
#3434=LINE('',#17583,#4633);
#3435=LINE('',#17584,#4634);
#3436=LINE('',#17588,#4635);
#3437=LINE('',#17590,#4636);
#3438=LINE('',#17592,#4637);
#3439=LINE('',#17593,#4638);
#3440=LINE('',#17596,#4639);
#3441=LINE('',#17598,#4640);
#3442=LINE('',#17599,#4641);
#3443=LINE('',#17602,#4642);
#3444=LINE('',#17604,#4643);
#3445=LINE('',#17605,#4644);
#3446=LINE('',#17609,#4645);
#3447=LINE('',#17611,#4646);
#3448=LINE('',#17613,#4647);
#3449=LINE('',#17614,#4648);
#3450=LINE('',#17617,#4649);
#3451=LINE('',#17619,#4650);
#3452=LINE('',#17620,#4651);
#3453=LINE('',#17623,#4652);
#3454=LINE('',#17625,#4653);
#3455=LINE('',#17626,#4654);
#3456=LINE('',#17630,#4655);
#3457=LINE('',#17632,#4656);
#3458=LINE('',#17634,#4657);
#3459=LINE('',#17635,#4658);
#3460=LINE('',#17638,#4659);
#3461=LINE('',#17640,#4660);
#3462=LINE('',#17641,#4661);
#3463=LINE('',#17644,#4662);
#3464=LINE('',#17646,#4663);
#3465=LINE('',#17647,#4664);
#3466=LINE('',#17651,#4665);
#3467=LINE('',#17653,#4666);
#3468=LINE('',#17655,#4667);
#3469=LINE('',#17656,#4668);
#3470=LINE('',#17659,#4669);
#3471=LINE('',#17661,#4670);
#3472=LINE('',#17662,#4671);
#3473=LINE('',#17665,#4672);
#3474=LINE('',#17667,#4673);
#3475=LINE('',#17668,#4674);
#3476=LINE('',#17672,#4675);
#3477=LINE('',#17674,#4676);
#3478=LINE('',#17676,#4677);
#3479=LINE('',#17677,#4678);
#3480=LINE('',#17680,#4679);
#3481=LINE('',#17682,#4680);
#3482=LINE('',#17683,#4681);
#3483=LINE('',#17686,#4682);
#3484=LINE('',#17688,#4683);
#3485=LINE('',#17689,#4684);
#3486=LINE('',#17693,#4685);
#3487=LINE('',#17695,#4686);
#3488=LINE('',#17697,#4687);
#3489=LINE('',#17698,#4688);
#3490=LINE('',#17701,#4689);
#3491=LINE('',#17703,#4690);
#3492=LINE('',#17704,#4691);
#3493=LINE('',#17707,#4692);
#3494=LINE('',#17709,#4693);
#3495=LINE('',#17710,#4694);
#3496=LINE('',#17714,#4695);
#3497=LINE('',#17716,#4696);
#3498=LINE('',#17718,#4697);
#3499=LINE('',#17719,#4698);
#3500=LINE('',#17722,#4699);
#3501=LINE('',#17724,#4700);
#3502=LINE('',#17725,#4701);
#3503=LINE('',#17728,#4702);
#3504=LINE('',#17730,#4703);
#3505=LINE('',#17731,#4704);
#3506=LINE('',#17735,#4705);
#3507=LINE('',#17737,#4706);
#3508=LINE('',#17739,#4707);
#3509=LINE('',#17740,#4708);
#3510=LINE('',#17743,#4709);
#3511=LINE('',#17745,#4710);
#3512=LINE('',#17746,#4711);
#3513=LINE('',#17749,#4712);
#3514=LINE('',#17751,#4713);
#3515=LINE('',#17752,#4714);
#3516=LINE('',#17756,#4715);
#3517=LINE('',#17758,#4716);
#3518=LINE('',#17760,#4717);
#3519=LINE('',#17761,#4718);
#3520=LINE('',#17764,#4719);
#3521=LINE('',#17766,#4720);
#3522=LINE('',#17767,#4721);
#3523=LINE('',#17770,#4722);
#3524=LINE('',#17772,#4723);
#3525=LINE('',#17773,#4724);
#3526=LINE('',#17777,#4725);
#3527=LINE('',#17779,#4726);
#3528=LINE('',#17781,#4727);
#3529=LINE('',#17782,#4728);
#3530=LINE('',#17785,#4729);
#3531=LINE('',#17787,#4730);
#3532=LINE('',#17788,#4731);
#3533=LINE('',#17791,#4732);
#3534=LINE('',#17793,#4733);
#3535=LINE('',#17794,#4734);
#3536=LINE('',#17798,#4735);
#3537=LINE('',#17800,#4736);
#3538=LINE('',#17802,#4737);
#3539=LINE('',#17803,#4738);
#3540=LINE('',#17806,#4739);
#3541=LINE('',#17808,#4740);
#3542=LINE('',#17809,#4741);
#3543=LINE('',#17812,#4742);
#3544=LINE('',#17814,#4743);
#3545=LINE('',#17815,#4744);
#3546=LINE('',#17819,#4745);
#3547=LINE('',#17821,#4746);
#3548=LINE('',#17823,#4747);
#3549=LINE('',#17824,#4748);
#3550=LINE('',#17827,#4749);
#3551=LINE('',#17829,#4750);
#3552=LINE('',#17830,#4751);
#3553=LINE('',#17833,#4752);
#3554=LINE('',#17835,#4753);
#3555=LINE('',#17836,#4754);
#3556=LINE('',#17840,#4755);
#3557=LINE('',#17842,#4756);
#3558=LINE('',#17844,#4757);
#3559=LINE('',#17845,#4758);
#3560=LINE('',#17848,#4759);
#3561=LINE('',#17850,#4760);
#3562=LINE('',#17851,#4761);
#3563=LINE('',#17854,#4762);
#3564=LINE('',#17856,#4763);
#3565=LINE('',#17857,#4764);
#3566=LINE('',#17861,#4765);
#3567=LINE('',#17863,#4766);
#3568=LINE('',#17865,#4767);
#3569=LINE('',#17866,#4768);
#3570=LINE('',#17869,#4769);
#3571=LINE('',#17871,#4770);
#3572=LINE('',#17872,#4771);
#3573=LINE('',#17875,#4772);
#3574=LINE('',#17877,#4773);
#3575=LINE('',#17878,#4774);
#3576=LINE('',#17882,#4775);
#3577=LINE('',#17884,#4776);
#3578=LINE('',#17886,#4777);
#3579=LINE('',#17887,#4778);
#3580=LINE('',#17890,#4779);
#3581=LINE('',#17892,#4780);
#3582=LINE('',#17893,#4781);
#3583=LINE('',#17896,#4782);
#3584=LINE('',#17898,#4783);
#3585=LINE('',#17899,#4784);
#3586=LINE('',#17903,#4785);
#3587=LINE('',#17905,#4786);
#3588=LINE('',#17907,#4787);
#3589=LINE('',#17908,#4788);
#3590=LINE('',#17911,#4789);
#3591=LINE('',#17913,#4790);
#3592=LINE('',#17914,#4791);
#3593=LINE('',#17917,#4792);
#3594=LINE('',#17919,#4793);
#3595=LINE('',#17920,#4794);
#3596=LINE('',#17924,#4795);
#3597=LINE('',#17926,#4796);
#3598=LINE('',#17928,#4797);
#3599=LINE('',#17929,#4798);
#3600=LINE('',#17932,#4799);
#3601=LINE('',#17934,#4800);
#3602=LINE('',#17935,#4801);
#3603=LINE('',#17938,#4802);
#3604=LINE('',#17940,#4803);
#3605=LINE('',#17941,#4804);
#3606=LINE('',#17945,#4805);
#3607=LINE('',#17947,#4806);
#3608=LINE('',#17949,#4807);
#3609=LINE('',#17950,#4808);
#3610=LINE('',#17953,#4809);
#3611=LINE('',#17955,#4810);
#3612=LINE('',#17956,#4811);
#3613=LINE('',#17959,#4812);
#3614=LINE('',#17961,#4813);
#3615=LINE('',#17962,#4814);
#3616=LINE('',#17965,#4815);
#3617=LINE('',#17967,#4816);
#3618=LINE('',#17968,#4817);
#3619=LINE('',#17972,#4818);
#3620=LINE('',#17974,#4819);
#3621=LINE('',#17976,#4820);
#3622=LINE('',#17977,#4821);
#3623=LINE('',#17980,#4822);
#3624=LINE('',#17982,#4823);
#3625=LINE('',#17983,#4824);
#3626=LINE('',#17986,#4825);
#3627=LINE('',#17988,#4826);
#3628=LINE('',#17989,#4827);
#3629=LINE('',#17993,#4828);
#3630=LINE('',#17995,#4829);
#3631=LINE('',#17997,#4830);
#3632=LINE('',#17998,#4831);
#3633=LINE('',#18001,#4832);
#3634=LINE('',#18003,#4833);
#3635=LINE('',#18004,#4834);
#3636=LINE('',#18007,#4835);
#3637=LINE('',#18009,#4836);
#3638=LINE('',#18010,#4837);
#3639=LINE('',#18014,#4838);
#3640=LINE('',#18016,#4839);
#3641=LINE('',#18018,#4840);
#3642=LINE('',#18019,#4841);
#3643=LINE('',#18022,#4842);
#3644=LINE('',#18024,#4843);
#3645=LINE('',#18025,#4844);
#3646=LINE('',#18028,#4845);
#3647=LINE('',#18030,#4846);
#3648=LINE('',#18031,#4847);
#3649=LINE('',#18035,#4848);
#3650=LINE('',#18037,#4849);
#3651=LINE('',#18039,#4850);
#3652=LINE('',#18040,#4851);
#3653=LINE('',#18043,#4852);
#3654=LINE('',#18045,#4853);
#3655=LINE('',#18046,#4854);
#3656=LINE('',#18049,#4855);
#3657=LINE('',#18051,#4856);
#3658=LINE('',#18052,#4857);
#3659=LINE('',#18056,#4858);
#3660=LINE('',#18058,#4859);
#3661=LINE('',#18060,#4860);
#3662=LINE('',#18061,#4861);
#3663=LINE('',#18064,#4862);
#3664=LINE('',#18066,#4863);
#3665=LINE('',#18067,#4864);
#3666=LINE('',#18070,#4865);
#3667=LINE('',#18072,#4866);
#3668=LINE('',#18073,#4867);
#3669=LINE('',#18079,#4868);
#3670=LINE('',#18083,#4869);
#3671=LINE('',#18085,#4870);
#3672=LINE('',#18087,#4871);
#3673=LINE('',#18088,#4872);
#3674=LINE('',#18091,#4873);
#3675=LINE('',#18093,#4874);
#3676=LINE('',#18094,#4875);
#3677=LINE('',#18097,#4876);
#3678=LINE('',#18099,#4877);
#3679=LINE('',#18100,#4878);
#3680=LINE('',#18104,#4879);
#3681=LINE('',#18106,#4880);
#3682=LINE('',#18108,#4881);
#3683=LINE('',#18109,#4882);
#3684=LINE('',#18115,#4883);
#3685=LINE('',#18118,#4884);
#3686=LINE('',#18120,#4885);
#3687=LINE('',#18121,#4886);
#3688=LINE('',#18124,#4887);
#3689=LINE('',#18126,#4888);
#3690=LINE('',#18127,#4889);
#3691=LINE('',#18131,#4890);
#3692=LINE('',#18133,#4891);
#3693=LINE('',#18135,#4892);
#3694=LINE('',#18136,#4893);
#3695=LINE('',#18139,#4894);
#3696=LINE('',#18141,#4895);
#3697=LINE('',#18142,#4896);
#3698=LINE('',#18145,#4897);
#3699=LINE('',#18147,#4898);
#3700=LINE('',#18148,#4899);
#3701=LINE('',#18152,#4900);
#3702=LINE('',#18154,#4901);
#3703=LINE('',#18156,#4902);
#3704=LINE('',#18157,#4903);
#3705=LINE('',#18160,#4904);
#3706=LINE('',#18162,#4905);
#3707=LINE('',#18163,#4906);
#3708=LINE('',#18166,#4907);
#3709=LINE('',#18168,#4908);
#3710=LINE('',#18169,#4909);
#3711=LINE('',#18173,#4910);
#3712=LINE('',#18175,#4911);
#3713=LINE('',#18177,#4912);
#3714=LINE('',#18178,#4913);
#3715=LINE('',#18181,#4914);
#3716=LINE('',#18183,#4915);
#3717=LINE('',#18184,#4916);
#3718=LINE('',#18187,#4917);
#3719=LINE('',#18189,#4918);
#3720=LINE('',#18190,#4919);
#3721=LINE('',#18194,#4920);
#3722=LINE('',#18196,#4921);
#3723=LINE('',#18198,#4922);
#3724=LINE('',#18199,#4923);
#3725=LINE('',#18202,#4924);
#3726=LINE('',#18204,#4925);
#3727=LINE('',#18205,#4926);
#3728=LINE('',#18208,#4927);
#3729=LINE('',#18210,#4928);
#3730=LINE('',#18211,#4929);
#3731=LINE('',#18215,#4930);
#3732=LINE('',#18217,#4931);
#3733=LINE('',#18219,#4932);
#3734=LINE('',#18220,#4933);
#3735=LINE('',#18223,#4934);
#3736=LINE('',#18225,#4935);
#3737=LINE('',#18226,#4936);
#3738=LINE('',#18229,#4937);
#3739=LINE('',#18231,#4938);
#3740=LINE('',#18232,#4939);
#3741=LINE('',#18236,#4940);
#3742=LINE('',#18238,#4941);
#3743=LINE('',#18240,#4942);
#3744=LINE('',#18241,#4943);
#3745=LINE('',#18244,#4944);
#3746=LINE('',#18246,#4945);
#3747=LINE('',#18247,#4946);
#3748=LINE('',#18250,#4947);
#3749=LINE('',#18252,#4948);
#3750=LINE('',#18253,#4949);
#3751=LINE('',#18257,#4950);
#3752=LINE('',#18259,#4951);
#3753=LINE('',#18261,#4952);
#3754=LINE('',#18262,#4953);
#3755=LINE('',#18265,#4954);
#3756=LINE('',#18267,#4955);
#3757=LINE('',#18268,#4956);
#3758=LINE('',#18271,#4957);
#3759=LINE('',#18273,#4958);
#3760=LINE('',#18274,#4959);
#3761=LINE('',#18278,#4960);
#3762=LINE('',#18280,#4961);
#3763=LINE('',#18282,#4962);
#3764=LINE('',#18283,#4963);
#3765=LINE('',#18286,#4964);
#3766=LINE('',#18288,#4965);
#3767=LINE('',#18289,#4966);
#3768=LINE('',#18292,#4967);
#3769=LINE('',#18294,#4968);
#3770=LINE('',#18295,#4969);
#3771=LINE('',#18299,#4970);
#3772=LINE('',#18301,#4971);
#3773=LINE('',#18303,#4972);
#3774=LINE('',#18304,#4973);
#3775=LINE('',#18307,#4974);
#3776=LINE('',#18309,#4975);
#3777=LINE('',#18310,#4976);
#3778=LINE('',#18313,#4977);
#3779=LINE('',#18315,#4978);
#3780=LINE('',#18316,#4979);
#3781=LINE('',#18320,#4980);
#3782=LINE('',#18322,#4981);
#3783=LINE('',#18324,#4982);
#3784=LINE('',#18325,#4983);
#3785=LINE('',#18328,#4984);
#3786=LINE('',#18330,#4985);
#3787=LINE('',#18331,#4986);
#3788=LINE('',#18334,#4987);
#3789=LINE('',#18336,#4988);
#3790=LINE('',#18337,#4989);
#3791=LINE('',#18341,#4990);
#3792=LINE('',#18343,#4991);
#3793=LINE('',#18345,#4992);
#3794=LINE('',#18346,#4993);
#3795=LINE('',#18349,#4994);
#3796=LINE('',#18351,#4995);
#3797=LINE('',#18352,#4996);
#3798=LINE('',#18355,#4997);
#3799=LINE('',#18357,#4998);
#3800=LINE('',#18358,#4999);
#3801=LINE('',#18362,#5000);
#3802=LINE('',#18364,#5001);
#3803=LINE('',#18366,#5002);
#3804=LINE('',#18367,#5003);
#3805=LINE('',#18370,#5004);
#3806=LINE('',#18372,#5005);
#3807=LINE('',#18373,#5006);
#3808=LINE('',#18376,#5007);
#3809=LINE('',#18378,#5008);
#3810=LINE('',#18379,#5009);
#3811=LINE('',#18383,#5010);
#3812=LINE('',#18385,#5011);
#3813=LINE('',#18387,#5012);
#3814=LINE('',#18388,#5013);
#3815=LINE('',#18391,#5014);
#3816=LINE('',#18393,#5015);
#3817=LINE('',#18394,#5016);
#3818=LINE('',#18397,#5017);
#3819=LINE('',#18399,#5018);
#3820=LINE('',#18400,#5019);
#3821=LINE('',#18404,#5020);
#3822=LINE('',#18406,#5021);
#3823=LINE('',#18408,#5022);
#3824=LINE('',#18409,#5023);
#3825=LINE('',#18412,#5024);
#3826=LINE('',#18414,#5025);
#3827=LINE('',#18415,#5026);
#3828=LINE('',#18418,#5027);
#3829=LINE('',#18420,#5028);
#3830=LINE('',#18421,#5029);
#3831=LINE('',#18425,#5030);
#3832=LINE('',#18427,#5031);
#3833=LINE('',#18429,#5032);
#3834=LINE('',#18430,#5033);
#3835=LINE('',#18433,#5034);
#3836=LINE('',#18435,#5035);
#3837=LINE('',#18436,#5036);
#3838=LINE('',#18439,#5037);
#3839=LINE('',#18441,#5038);
#3840=LINE('',#18442,#5039);
#3841=LINE('',#18446,#5040);
#3842=LINE('',#18448,#5041);
#3843=LINE('',#18450,#5042);
#3844=LINE('',#18451,#5043);
#3845=LINE('',#18454,#5044);
#3846=LINE('',#18456,#5045);
#3847=LINE('',#18457,#5046);
#3848=LINE('',#18460,#5047);
#3849=LINE('',#18462,#5048);
#3850=LINE('',#18463,#5049);
#3851=LINE('',#18467,#5050);
#3852=LINE('',#18469,#5051);
#3853=LINE('',#18471,#5052);
#3854=LINE('',#18472,#5053);
#3855=LINE('',#18475,#5054);
#3856=LINE('',#18477,#5055);
#3857=LINE('',#18478,#5056);
#3858=LINE('',#18481,#5057);
#3859=LINE('',#18483,#5058);
#3860=LINE('',#18484,#5059);
#3861=LINE('',#18488,#5060);
#3862=LINE('',#18490,#5061);
#3863=LINE('',#18492,#5062);
#3864=LINE('',#18493,#5063);
#3865=LINE('',#18496,#5064);
#3866=LINE('',#18498,#5065);
#3867=LINE('',#18499,#5066);
#3868=LINE('',#18502,#5067);
#3869=LINE('',#18504,#5068);
#3870=LINE('',#18505,#5069);
#3871=LINE('',#18509,#5070);
#3872=LINE('',#18511,#5071);
#3873=LINE('',#18513,#5072);
#3874=LINE('',#18514,#5073);
#3875=LINE('',#18517,#5074);
#3876=LINE('',#18519,#5075);
#3877=LINE('',#18520,#5076);
#3878=LINE('',#18523,#5077);
#3879=LINE('',#18525,#5078);
#3880=LINE('',#18526,#5079);
#3881=LINE('',#18530,#5080);
#3882=LINE('',#18532,#5081);
#3883=LINE('',#18534,#5082);
#3884=LINE('',#18535,#5083);
#3885=LINE('',#18538,#5084);
#3886=LINE('',#18540,#5085);
#3887=LINE('',#18541,#5086);
#3888=LINE('',#18544,#5087);
#3889=LINE('',#18546,#5088);
#3890=LINE('',#18547,#5089);
#3891=LINE('',#18551,#5090);
#3892=LINE('',#18553,#5091);
#3893=LINE('',#18555,#5092);
#3894=LINE('',#18556,#5093);
#3895=LINE('',#18559,#5094);
#3896=LINE('',#18561,#5095);
#3897=LINE('',#18562,#5096);
#3898=LINE('',#18565,#5097);
#3899=LINE('',#18567,#5098);
#3900=LINE('',#18568,#5099);
#3901=LINE('',#18572,#5100);
#3902=LINE('',#18574,#5101);
#3903=LINE('',#18576,#5102);
#3904=LINE('',#18577,#5103);
#3905=LINE('',#18580,#5104);
#3906=LINE('',#18582,#5105);
#3907=LINE('',#18583,#5106);
#3908=LINE('',#18586,#5107);
#3909=LINE('',#18588,#5108);
#3910=LINE('',#18589,#5109);
#3911=LINE('',#18593,#5110);
#3912=LINE('',#18595,#5111);
#3913=LINE('',#18597,#5112);
#3914=LINE('',#18598,#5113);
#3915=LINE('',#18601,#5114);
#3916=LINE('',#18603,#5115);
#3917=LINE('',#18604,#5116);
#3918=LINE('',#18607,#5117);
#3919=LINE('',#18609,#5118);
#3920=LINE('',#18610,#5119);
#3921=LINE('',#18614,#5120);
#3922=LINE('',#18616,#5121);
#3923=LINE('',#18618,#5122);
#3924=LINE('',#18619,#5123);
#3925=LINE('',#18622,#5124);
#3926=LINE('',#18624,#5125);
#3927=LINE('',#18625,#5126);
#3928=LINE('',#18628,#5127);
#3929=LINE('',#18630,#5128);
#3930=LINE('',#18631,#5129);
#3931=LINE('',#18635,#5130);
#3932=LINE('',#18637,#5131);
#3933=LINE('',#18639,#5132);
#3934=LINE('',#18640,#5133);
#3935=LINE('',#18643,#5134);
#3936=LINE('',#18645,#5135);
#3937=LINE('',#18646,#5136);
#3938=LINE('',#18649,#5137);
#3939=LINE('',#18651,#5138);
#3940=LINE('',#18652,#5139);
#3941=LINE('',#18656,#5140);
#3942=LINE('',#18658,#5141);
#3943=LINE('',#18660,#5142);
#3944=LINE('',#18661,#5143);
#3945=LINE('',#18664,#5144);
#3946=LINE('',#18666,#5145);
#3947=LINE('',#18667,#5146);
#3948=LINE('',#18670,#5147);
#3949=LINE('',#18672,#5148);
#3950=LINE('',#18673,#5149);
#3951=LINE('',#18677,#5150);
#3952=LINE('',#18679,#5151);
#3953=LINE('',#18681,#5152);
#3954=LINE('',#18682,#5153);
#3955=LINE('',#18685,#5154);
#3956=LINE('',#18687,#5155);
#3957=LINE('',#18688,#5156);
#3958=LINE('',#18691,#5157);
#3959=LINE('',#18693,#5158);
#3960=LINE('',#18694,#5159);
#3961=LINE('',#18698,#5160);
#3962=LINE('',#18700,#5161);
#3963=LINE('',#18702,#5162);
#3964=LINE('',#18703,#5163);
#3965=LINE('',#18706,#5164);
#3966=LINE('',#18708,#5165);
#3967=LINE('',#18709,#5166);
#3968=LINE('',#18712,#5167);
#3969=LINE('',#18714,#5168);
#3970=LINE('',#18715,#5169);
#3971=LINE('',#18719,#5170);
#3972=LINE('',#18720,#5171);
#3973=LINE('',#18722,#5172);
#3974=LINE('',#18723,#5173);
#3975=LINE('',#18725,#5174);
#3976=LINE('',#18726,#5175);
#3977=LINE('',#18728,#5176);
#3978=LINE('',#18729,#5177);
#3979=LINE('',#18731,#5178);
#3980=LINE('',#18732,#5179);
#3981=LINE('',#18734,#5180);
#3982=LINE('',#18735,#5181);
#3983=LINE('',#18737,#5182);
#3984=LINE('',#18738,#5183);
#3985=LINE('',#18740,#5184);
#3986=LINE('',#18741,#5185);
#3987=LINE('',#18743,#5186);
#3988=LINE('',#18744,#5187);
#3989=LINE('',#18746,#5188);
#3990=LINE('',#18747,#5189);
#3991=LINE('',#18749,#5190);
#3992=LINE('',#18750,#5191);
#3993=LINE('',#18752,#5192);
#3994=LINE('',#18753,#5193);
#3995=LINE('',#18755,#5194);
#3996=LINE('',#18756,#5195);
#3997=LINE('',#18758,#5196);
#3998=LINE('',#18759,#5197);
#3999=LINE('',#18761,#5198);
#4000=LINE('',#18762,#5199);
#4001=LINE('',#18764,#5200);
#4002=LINE('',#18765,#5201);
#4003=LINE('',#18767,#5202);
#4004=LINE('',#18768,#5203);
#4005=LINE('',#18770,#5204);
#4006=LINE('',#18771,#5205);
#4007=LINE('',#18773,#5206);
#4008=LINE('',#18774,#5207);
#4009=LINE('',#18776,#5208);
#4010=LINE('',#18777,#5209);
#4011=LINE('',#18779,#5210);
#4012=LINE('',#18780,#5211);
#4013=LINE('',#18782,#5212);
#4014=LINE('',#18783,#5213);
#4015=LINE('',#18785,#5214);
#4016=LINE('',#18786,#5215);
#4017=LINE('',#18788,#5216);
#4018=LINE('',#18789,#5217);
#4019=LINE('',#18791,#5218);
#4020=LINE('',#18792,#5219);
#4021=LINE('',#18794,#5220);
#4022=LINE('',#18795,#5221);
#4023=LINE('',#18797,#5222);
#4024=LINE('',#18798,#5223);
#4025=LINE('',#18800,#5224);
#4026=LINE('',#18801,#5225);
#4027=LINE('',#18803,#5226);
#4028=LINE('',#18804,#5227);
#4029=LINE('',#18809,#5228);
#4030=LINE('',#18810,#5229);
#4031=LINE('',#18812,#5230);
#4032=LINE('',#18813,#5231);
#4033=LINE('',#18815,#5232);
#4034=LINE('',#18816,#5233);
#4035=LINE('',#18818,#5234);
#4036=LINE('',#18819,#5235);
#4037=LINE('',#18821,#5236);
#4038=LINE('',#18822,#5237);
#4039=LINE('',#18824,#5238);
#4040=LINE('',#18825,#5239);
#4041=LINE('',#18827,#5240);
#4042=LINE('',#18828,#5241);
#4043=LINE('',#18830,#5242);
#4044=LINE('',#18831,#5243);
#4045=LINE('',#18833,#5244);
#4046=LINE('',#18834,#5245);
#4047=LINE('',#18836,#5246);
#4048=LINE('',#18837,#5247);
#4049=LINE('',#18839,#5248);
#4050=LINE('',#18840,#5249);
#4051=LINE('',#18842,#5250);
#4052=LINE('',#18843,#5251);
#4053=LINE('',#18845,#5252);
#4054=LINE('',#18846,#5253);
#4055=LINE('',#18848,#5254);
#4056=LINE('',#18849,#5255);
#4057=LINE('',#18851,#5256);
#4058=LINE('',#18852,#5257);
#4059=LINE('',#18854,#5258);
#4060=LINE('',#18855,#5259);
#4061=LINE('',#18857,#5260);
#4062=LINE('',#18858,#5261);
#4063=LINE('',#18860,#5262);
#4064=LINE('',#18861,#5263);
#4065=LINE('',#18863,#5264);
#4066=LINE('',#18864,#5265);
#4067=LINE('',#18866,#5266);
#4068=LINE('',#18867,#5267);
#4069=LINE('',#18869,#5268);
#4070=LINE('',#18870,#5269);
#4071=LINE('',#18872,#5270);
#4072=LINE('',#18873,#5271);
#4073=LINE('',#18875,#5272);
#4074=LINE('',#18876,#5273);
#4075=LINE('',#18878,#5274);
#4076=LINE('',#18879,#5275);
#4077=LINE('',#18881,#5276);
#4078=LINE('',#18882,#5277);
#4079=LINE('',#18884,#5278);
#4080=LINE('',#18885,#5279);
#4081=LINE('',#18887,#5280);
#4082=LINE('',#18888,#5281);
#4083=LINE('',#18890,#5282);
#4084=LINE('',#18891,#5283);
#4085=LINE('',#18893,#5284);
#4086=LINE('',#18894,#5285);
#4087=LINE('',#18896,#5286);
#4088=LINE('',#18897,#5287);
#4089=LINE('',#18899,#5288);
#4090=LINE('',#18900,#5289);
#4091=LINE('',#18902,#5290);
#4092=LINE('',#18903,#5291);
#4093=LINE('',#18905,#5292);
#4094=LINE('',#18906,#5293);
#4095=LINE('',#18908,#5294);
#4096=LINE('',#18909,#5295);
#4097=LINE('',#18911,#5296);
#4098=LINE('',#18912,#5297);
#4099=LINE('',#18914,#5298);
#4100=LINE('',#18915,#5299);
#4101=LINE('',#18988,#5300);
#4102=LINE('',#18994,#5301);
#4103=LINE('',#19000,#5302);
#4104=LINE('',#19006,#5303);
#4105=LINE('',#19012,#5304);
#4106=LINE('',#19018,#5305);
#4107=LINE('',#19024,#5306);
#4108=LINE('',#19030,#5307);
#4109=LINE('',#19036,#5308);
#4110=LINE('',#19042,#5309);
#4111=LINE('',#19048,#5310);
#4112=LINE('',#19054,#5311);
#4113=LINE('',#19060,#5312);
#4114=LINE('',#19066,#5313);
#4115=LINE('',#19072,#5314);
#4116=LINE('',#19078,#5315);
#4117=LINE('',#19083,#5316);
#4118=LINE('',#19085,#5317);
#4119=LINE('',#19087,#5318);
#4120=LINE('',#19088,#5319);
#4121=LINE('',#19094,#5320);
#4122=LINE('',#19097,#5321);
#4123=LINE('',#19099,#5322);
#4124=LINE('',#19100,#5323);
#4125=LINE('',#19106,#5324);
#4126=LINE('',#19109,#5325);
#4127=LINE('',#19111,#5326);
#4128=LINE('',#19112,#5327);
#4129=LINE('',#19118,#5328);
#4130=LINE('',#19121,#5329);
#4131=LINE('',#19123,#5330);
#4132=LINE('',#19124,#5331);
#4133=LINE('',#19130,#5332);
#4134=LINE('',#19133,#5333);
#4135=LINE('',#19135,#5334);
#4136=LINE('',#19136,#5335);
#4137=LINE('',#19139,#5336);
#4138=LINE('',#19141,#5337);
#4139=LINE('',#19142,#5338);
#4140=LINE('',#19145,#5339);
#4141=LINE('',#19147,#5340);
#4142=LINE('',#19148,#5341);
#4143=LINE('',#19154,#5342);
#4144=LINE('',#19157,#5343);
#4145=LINE('',#19159,#5344);
#4146=LINE('',#19160,#5345);
#4147=LINE('',#19166,#5346);
#4148=LINE('',#19169,#5347);
#4149=LINE('',#19171,#5348);
#4150=LINE('',#19172,#5349);
#4151=LINE('',#19178,#5350);
#4152=LINE('',#19181,#5351);
#4153=LINE('',#19183,#5352);
#4154=LINE('',#19184,#5353);
#4155=LINE('',#19190,#5354);
#4156=LINE('',#19193,#5355);
#4157=LINE('',#19195,#5356);
#4158=LINE('',#19196,#5357);
#4159=LINE('',#19198,#5358);
#4160=LINE('',#19199,#5359);
#4161=VECTOR('',#12798,5.);
#4162=VECTOR('',#12805,5.);
#4163=VECTOR('',#12812,5.);
#4164=VECTOR('',#12819,5.);
#4165=VECTOR('',#12826,4.);
#4166=VECTOR('',#12833,4.);
#4167=VECTOR('',#12840,4.);
#4168=VECTOR('',#12847,4.);
#4169=VECTOR('',#12854,4.);
#4170=VECTOR('',#12861,4.);
#4171=VECTOR('',#12868,4.);
#4172=VECTOR('',#12875,4.);
#4173=VECTOR('',#12880,10.);
#4174=VECTOR('',#12881,10.);
#4175=VECTOR('',#12882,10.);
#4176=VECTOR('',#12883,10.);
#4177=VECTOR('',#12886,10.);
#4178=VECTOR('',#12887,10.);
#4179=VECTOR('',#12888,10.);
#4180=VECTOR('',#12891,10.);
#4181=VECTOR('',#12892,10.);
#4182=VECTOR('',#12893,10.);
#4183=VECTOR('',#12896,10.);
#4184=VECTOR('',#12897,10.);
#4185=VECTOR('',#12908,9.525);
#4186=VECTOR('',#12915,9.525);
#4187=VECTOR('',#12922,9.525);
#4188=VECTOR('',#12929,9.525);
#4189=VECTOR('',#12936,9.525);
#4190=VECTOR('',#12943,9.525);
#4191=VECTOR('',#12950,9.525);
#4192=VECTOR('',#12957,9.525);
#4193=VECTOR('',#12964,5.);
#4194=VECTOR('',#12971,5.);
#4195=VECTOR('',#12978,5.);
#4196=VECTOR('',#12985,5.);
#4197=VECTOR('',#12990,10.);
#4198=VECTOR('',#12991,10.);
#4199=VECTOR('',#12992,10.);
#4200=VECTOR('',#12993,10.);
#4201=VECTOR('',#13000,10.);
#4202=VECTOR('',#13003,10.);
#4203=VECTOR('',#13004,10.);
#4204=VECTOR('',#13005,10.);
#4205=VECTOR('',#13012,10.);
#4206=VECTOR('',#13015,10.);
#4207=VECTOR('',#13016,10.);
#4208=VECTOR('',#13017,10.);
#4209=VECTOR('',#13024,10.);
#4210=VECTOR('',#13027,10.);
#4211=VECTOR('',#13028,10.);
#4212=VECTOR('',#13029,10.);
#4213=VECTOR('',#13038,10.);
#4214=VECTOR('',#13039,10.);
#4215=VECTOR('',#13040,10.);
#4216=VECTOR('',#13041,10.);
#4217=VECTOR('',#13048,10.);
#4218=VECTOR('',#13051,10.);
#4219=VECTOR('',#13052,10.);
#4220=VECTOR('',#13053,10.);
#4221=VECTOR('',#13060,10.);
#4222=VECTOR('',#13063,10.);
#4223=VECTOR('',#13064,10.);
#4224=VECTOR('',#13065,10.);
#4225=VECTOR('',#13072,10.);
#4226=VECTOR('',#13075,10.);
#4227=VECTOR('',#13076,10.);
#4228=VECTOR('',#13077,10.);
#4229=VECTOR('',#13092,1000.);
#4230=VECTOR('',#13095,1000.);
#4231=VECTOR('',#13098,1000.);
#4232=VECTOR('',#13101,1000.);
#4233=VECTOR('',#13106,1000.);
#4234=VECTOR('',#13109,1000.);
#4235=VECTOR('',#13112,1000.);
#4236=VECTOR('',#13113,1000.);
#4237=VECTOR('',#13116,1000.);
#4238=VECTOR('',#13119,1000.);
#4239=VECTOR('',#13124,1000.);
#4240=VECTOR('',#13127,1000.);
#4241=VECTOR('',#13132,1000.);
#4242=VECTOR('',#13135,1000.);
#4243=VECTOR('',#13140,1000.);
#4244=VECTOR('',#13143,1000.);
#4245=VECTOR('',#13148,1000.);
#4246=VECTOR('',#13151,1000.);
#4247=VECTOR('',#13156,1000.);
#4248=VECTOR('',#13159,1000.);
#4249=VECTOR('',#13164,1000.);
#4250=VECTOR('',#13167,1000.);
#4251=VECTOR('',#13172,1000.);
#4252=VECTOR('',#13175,1000.);
#4253=VECTOR('',#13180,1000.);
#4254=VECTOR('',#13183,1000.);
#4255=VECTOR('',#13188,1000.);
#4256=VECTOR('',#13191,1000.);
#4257=VECTOR('',#13192,1000.);
#4258=VECTOR('',#13193,1000.);
#4259=VECTOR('',#13238,1000.);
#4260=VECTOR('',#13241,1000.);
#4261=VECTOR('',#13244,1000.);
#4262=VECTOR('',#13245,1000.);
#4263=VECTOR('',#13248,1000.);
#4264=VECTOR('',#13251,1000.);
#4265=VECTOR('',#13256,1000.);
#4266=VECTOR('',#13259,1000.);
#4267=VECTOR('',#13264,1000.);
#4268=VECTOR('',#13267,1000.);
#4269=VECTOR('',#13272,1000.);
#4270=VECTOR('',#13275,1000.);
#4271=VECTOR('',#13280,1000.);
#4272=VECTOR('',#13283,1000.);
#4273=VECTOR('',#13288,1000.);
#4274=VECTOR('',#13291,1000.);
#4275=VECTOR('',#13296,1000.);
#4276=VECTOR('',#13299,1000.);
#4277=VECTOR('',#13304,1000.);
#4278=VECTOR('',#13307,1000.);
#4279=VECTOR('',#13312,1000.);
#4280=VECTOR('',#13315,1000.);
#4281=VECTOR('',#13320,1000.);
#4282=VECTOR('',#13323,1000.);
#4283=VECTOR('',#13324,1000.);
#4284=VECTOR('',#13325,1000.);
#4285=VECTOR('',#13370,1000.);
#4286=VECTOR('',#13371,1000.);
#4287=VECTOR('',#13374,1000.);
#4288=VECTOR('',#13375,1000.);
#4289=VECTOR('',#13376,1000.);
#4290=VECTOR('',#13379,1000.);
#4291=VECTOR('',#13380,1000.);
#4292=VECTOR('',#13381,1000.);
#4293=VECTOR('',#13384,1000.);
#4294=VECTOR('',#13385,1000.);
#4295=VECTOR('',#13386,1000.);
#4296=VECTOR('',#13389,1000.);
#4297=VECTOR('',#13390,1000.);
#4298=VECTOR('',#13391,1000.);
#4299=VECTOR('',#13394,1000.);
#4300=VECTOR('',#13395,1000.);
#4301=VECTOR('',#13396,1000.);
#4302=VECTOR('',#13399,1000.);
#4303=VECTOR('',#13400,1000.);
#4304=VECTOR('',#13401,1000.);
#4305=VECTOR('',#13404,1000.);
#4306=VECTOR('',#13405,1000.);
#4307=VECTOR('',#13406,1000.);
#4308=VECTOR('',#13409,1000.);
#4309=VECTOR('',#13410,1000.);
#4310=VECTOR('',#13411,1000.);
#4311=VECTOR('',#13414,1000.);
#4312=VECTOR('',#13415,1000.);
#4313=VECTOR('',#13416,1000.);
#4314=VECTOR('',#13419,1000.);
#4315=VECTOR('',#13420,1000.);
#4316=VECTOR('',#13421,1000.);
#4317=VECTOR('',#13424,1000.);
#4318=VECTOR('',#13425,1000.);
#4319=VECTOR('',#13426,1000.);
#4320=VECTOR('',#13429,1000.);
#4321=VECTOR('',#13430,1000.);
#4322=VECTOR('',#13431,1000.);
#4323=VECTOR('',#13434,1000.);
#4324=VECTOR('',#13435,1000.);
#4325=VECTOR('',#13436,1000.);
#4326=VECTOR('',#13439,1000.);
#4327=VECTOR('',#13440,1000.);
#4328=VECTOR('',#13441,1000.);
#4329=VECTOR('',#13444,1000.);
#4330=VECTOR('',#13445,1000.);
#4331=VECTOR('',#13446,1000.);
#4332=VECTOR('',#13449,1000.);
#4333=VECTOR('',#13450,1000.);
#4334=VECTOR('',#13451,1000.);
#4335=VECTOR('',#13454,1000.);
#4336=VECTOR('',#13455,1000.);
#4337=VECTOR('',#13456,1000.);
#4338=VECTOR('',#13459,1000.);
#4339=VECTOR('',#13460,1000.);
#4340=VECTOR('',#13461,1000.);
#4341=VECTOR('',#13464,1000.);
#4342=VECTOR('',#13465,1000.);
#4343=VECTOR('',#13468,1000.);
#4344=VECTOR('',#13469,1000.);
#4345=VECTOR('',#13472,1000.);
#4346=VECTOR('',#13473,1000.);
#4347=VECTOR('',#13474,1000.);
#4348=VECTOR('',#13477,1000.);
#4349=VECTOR('',#13478,1000.);
#4350=VECTOR('',#13479,1000.);
#4351=VECTOR('',#13482,1000.);
#4352=VECTOR('',#13483,1000.);
#4353=VECTOR('',#13484,1000.);
#4354=VECTOR('',#13487,1000.);
#4355=VECTOR('',#13488,1000.);
#4356=VECTOR('',#13489,1000.);
#4357=VECTOR('',#13492,1000.);
#4358=VECTOR('',#13493,1000.);
#4359=VECTOR('',#13494,1000.);
#4360=VECTOR('',#13497,1000.);
#4361=VECTOR('',#13498,1000.);
#4362=VECTOR('',#13499,1000.);
#4363=VECTOR('',#13502,1000.);
#4364=VECTOR('',#13503,1000.);
#4365=VECTOR('',#13504,1000.);
#4366=VECTOR('',#13507,1000.);
#4367=VECTOR('',#13508,1000.);
#4368=VECTOR('',#13509,1000.);
#4369=VECTOR('',#13512,1000.);
#4370=VECTOR('',#13513,1000.);
#4371=VECTOR('',#13514,1000.);
#4372=VECTOR('',#13517,1000.);
#4373=VECTOR('',#13518,1000.);
#4374=VECTOR('',#13519,1000.);
#4375=VECTOR('',#13522,1000.);
#4376=VECTOR('',#13523,1000.);
#4377=VECTOR('',#13524,1000.);
#4378=VECTOR('',#13527,1000.);
#4379=VECTOR('',#13528,1000.);
#4380=VECTOR('',#13529,1000.);
#4381=VECTOR('',#13532,1000.);
#4382=VECTOR('',#13533,1000.);
#4383=VECTOR('',#13534,1000.);
#4384=VECTOR('',#13537,1000.);
#4385=VECTOR('',#13538,1000.);
#4386=VECTOR('',#13539,1000.);
#4387=VECTOR('',#13542,1000.);
#4388=VECTOR('',#13543,1000.);
#4389=VECTOR('',#13544,1000.);
#4390=VECTOR('',#13547,1000.);
#4391=VECTOR('',#13548,1000.);
#4392=VECTOR('',#13549,1000.);
#4393=VECTOR('',#13552,1000.);
#4394=VECTOR('',#13553,1000.);
#4395=VECTOR('',#13554,1000.);
#4396=VECTOR('',#13557,1000.);
#4397=VECTOR('',#13558,1000.);
#4398=VECTOR('',#13559,1000.);
#4399=VECTOR('',#13562,1000.);
#4400=VECTOR('',#13563,1000.);
#4401=VECTOR('',#13566,1000.);
#4402=VECTOR('',#13567,1000.);
#4403=VECTOR('',#13570,1000.);
#4404=VECTOR('',#13571,1000.);
#4405=VECTOR('',#13574,1000.);
#4406=VECTOR('',#13575,1000.);
#4407=VECTOR('',#13578,1000.);
#4408=VECTOR('',#13579,1000.);
#4409=VECTOR('',#13582,1000.);
#4410=VECTOR('',#13583,1000.);
#4411=VECTOR('',#13586,1000.);
#4412=VECTOR('',#13587,1000.);
#4413=VECTOR('',#13590,1000.);
#4414=VECTOR('',#13591,1000.);
#4415=VECTOR('',#13594,1000.);
#4416=VECTOR('',#13595,1000.);
#4417=VECTOR('',#13598,1000.);
#4418=VECTOR('',#13599,1000.);
#4419=VECTOR('',#13602,1000.);
#4420=VECTOR('',#13603,1000.);
#4421=VECTOR('',#13606,1000.);
#4422=VECTOR('',#13607,1000.);
#4423=VECTOR('',#13610,1000.);
#4424=VECTOR('',#13611,1000.);
#4425=VECTOR('',#13614,1000.);
#4426=VECTOR('',#13615,1000.);
#4427=VECTOR('',#13618,1000.);
#4428=VECTOR('',#13619,1000.);
#4429=VECTOR('',#13622,1000.);
#4430=VECTOR('',#13623,1000.);
#4431=VECTOR('',#13626,1000.);
#4432=VECTOR('',#13627,1000.);
#4433=VECTOR('',#13630,1000.);
#4434=VECTOR('',#13631,1000.);
#4435=VECTOR('',#13634,1000.);
#4436=VECTOR('',#13635,1000.);
#4437=VECTOR('',#13658,1000.);
#4438=VECTOR('',#13659,1000.);
#4439=VECTOR('',#13660,1000.);
#4440=VECTOR('',#13661,1000.);
#4441=VECTOR('',#13664,1000.);
#4442=VECTOR('',#13665,1000.);
#4443=VECTOR('',#13666,1000.);
#4444=VECTOR('',#13667,1000.);
#4445=VECTOR('',#13668,1000.);
#4446=VECTOR('',#13669,1000.);
#4447=VECTOR('',#13670,1000.);
#4448=VECTOR('',#13671,1000.);
#4449=VECTOR('',#13672,1000.);
#4450=VECTOR('',#13673,1000.);
#4451=VECTOR('',#13674,1000.);
#4452=VECTOR('',#13675,1000.);
#4453=VECTOR('',#13676,1000.);
#4454=VECTOR('',#13677,1000.);
#4455=VECTOR('',#13678,1000.);
#4456=VECTOR('',#13679,1000.);
#4457=VECTOR('',#13682,1000.);
#4458=VECTOR('',#13683,1000.);
#4459=VECTOR('',#13684,1000.);
#4460=VECTOR('',#13685,1000.);
#4461=VECTOR('',#13686,1000.);
#4462=VECTOR('',#13687,1000.);
#4463=VECTOR('',#13688,1000.);
#4464=VECTOR('',#13689,1000.);
#4465=VECTOR('',#13690,1000.);
#4466=VECTOR('',#13691,1000.);
#4467=VECTOR('',#13692,1000.);
#4468=VECTOR('',#13693,1000.);
#4469=VECTOR('',#13694,1000.);
#4470=VECTOR('',#13695,1000.);
#4471=VECTOR('',#13696,1000.);
#4472=VECTOR('',#13697,1000.);
#4473=VECTOR('',#13702,1000.);
#4474=VECTOR('',#13711,1000.);
#4475=VECTOR('',#13712,1000.);
#4476=VECTOR('',#13713,1000.);
#4477=VECTOR('',#13716,1000.);
#4478=VECTOR('',#13717,1000.);
#4479=VECTOR('',#13718,1000.);
#4480=VECTOR('',#13721,1000.);
#4481=VECTOR('',#13730,1000.);
#4482=VECTOR('',#13731,1000.);
#4483=VECTOR('',#13796,1000.);
#4484=VECTOR('',#13797,1000.);
#4485=VECTOR('',#13800,1000.);
#4486=VECTOR('',#13803,1000.);
#4487=VECTOR('',#13806,1000.);
#4488=VECTOR('',#13809,1000.);
#4489=VECTOR('',#13846,8.331);
#4490=VECTOR('',#13849,7.475);
#4491=VECTOR('',#13862,5.7225);
#4492=VECTOR('',#13871,7.47460805572797);
#4493=VECTOR('',#13874,5.6);
#4494=VECTOR('',#13877,1000.);
#4495=VECTOR('',#13880,1000.);
#4496=VECTOR('',#13883,1000.);
#4497=VECTOR('',#13886,1000.);
#4498=VECTOR('',#13969,1000.);
#4499=VECTOR('',#13970,1000.);
#4500=VECTOR('',#13971,1000.);
#4501=VECTOR('',#13972,1000.);
#4502=VECTOR('',#13979,1000.);
#4503=VECTOR('',#13982,1000.);
#4504=VECTOR('',#13983,1000.);
#4505=VECTOR('',#13984,1000.);
#4506=VECTOR('',#13987,1000.);
#4507=VECTOR('',#13988,1000.);
#4508=VECTOR('',#13989,1000.);
#4509=VECTOR('',#13992,1000.);
#4510=VECTOR('',#13993,1000.);
#4511=VECTOR('',#13994,1000.);
#4512=VECTOR('',#13999,1000.);
#4513=VECTOR('',#14002,1000.);
#4514=VECTOR('',#14003,1000.);
#4515=VECTOR('',#14006,1000.);
#4516=VECTOR('',#14007,1000.);
#4517=VECTOR('',#14008,1000.);
#4518=VECTOR('',#14009,1000.);
#4519=VECTOR('',#14012,1000.);
#4520=VECTOR('',#14013,1000.);
#4521=VECTOR('',#14014,1000.);
#4522=VECTOR('',#14017,1000.);
#4523=VECTOR('',#14018,1000.);
#4524=VECTOR('',#14019,1000.);
#4525=VECTOR('',#14022,1000.);
#4526=VECTOR('',#14023,1000.);
#4527=VECTOR('',#14024,1000.);
#4528=VECTOR('',#14025,1000.);
#4529=VECTOR('',#14028,1000.);
#4530=VECTOR('',#14029,1000.);
#4531=VECTOR('',#14030,1000.);
#4532=VECTOR('',#14033,1000.);
#4533=VECTOR('',#14034,1000.);
#4534=VECTOR('',#14035,1000.);
#4535=VECTOR('',#14038,1000.);
#4536=VECTOR('',#14039,1000.);
#4537=VECTOR('',#14040,1000.);
#4538=VECTOR('',#14041,1000.);
#4539=VECTOR('',#14044,1000.);
#4540=VECTOR('',#14045,1000.);
#4541=VECTOR('',#14046,1000.);
#4542=VECTOR('',#14049,1000.);
#4543=VECTOR('',#14050,1000.);
#4544=VECTOR('',#14051,1000.);
#4545=VECTOR('',#14054,1000.);
#4546=VECTOR('',#14055,1000.);
#4547=VECTOR('',#14056,1000.);
#4548=VECTOR('',#14057,1000.);
#4549=VECTOR('',#14060,1000.);
#4550=VECTOR('',#14061,1000.);
#4551=VECTOR('',#14062,1000.);
#4552=VECTOR('',#14065,1000.);
#4553=VECTOR('',#14066,1000.);
#4554=VECTOR('',#14067,1000.);
#4555=VECTOR('',#14070,1000.);
#4556=VECTOR('',#14071,1000.);
#4557=VECTOR('',#14072,1000.);
#4558=VECTOR('',#14073,1000.);
#4559=VECTOR('',#14076,1000.);
#4560=VECTOR('',#14077,1000.);
#4561=VECTOR('',#14078,1000.);
#4562=VECTOR('',#14081,1000.);
#4563=VECTOR('',#14082,1000.);
#4564=VECTOR('',#14083,1000.);
#4565=VECTOR('',#14086,1000.);
#4566=VECTOR('',#14087,1000.);
#4567=VECTOR('',#14088,1000.);
#4568=VECTOR('',#14089,1000.);
#4569=VECTOR('',#14092,1000.);
#4570=VECTOR('',#14093,1000.);
#4571=VECTOR('',#14094,1000.);
#4572=VECTOR('',#14097,1000.);
#4573=VECTOR('',#14098,1000.);
#4574=VECTOR('',#14099,1000.);
#4575=VECTOR('',#14102,1000.);
#4576=VECTOR('',#14103,1000.);
#4577=VECTOR('',#14104,1000.);
#4578=VECTOR('',#14105,1000.);
#4579=VECTOR('',#14108,1000.);
#4580=VECTOR('',#14109,1000.);
#4581=VECTOR('',#14110,1000.);
#4582=VECTOR('',#14113,1000.);
#4583=VECTOR('',#14114,1000.);
#4584=VECTOR('',#14115,1000.);
#4585=VECTOR('',#14118,1000.);
#4586=VECTOR('',#14119,1000.);
#4587=VECTOR('',#14120,1000.);
#4588=VECTOR('',#14121,1000.);
#4589=VECTOR('',#14124,1000.);
#4590=VECTOR('',#14125,1000.);
#4591=VECTOR('',#14126,1000.);
#4592=VECTOR('',#14129,1000.);
#4593=VECTOR('',#14130,1000.);
#4594=VECTOR('',#14131,1000.);
#4595=VECTOR('',#14134,1000.);
#4596=VECTOR('',#14135,1000.);
#4597=VECTOR('',#14136,1000.);
#4598=VECTOR('',#14137,1000.);
#4599=VECTOR('',#14140,1000.);
#4600=VECTOR('',#14141,1000.);
#4601=VECTOR('',#14142,1000.);
#4602=VECTOR('',#14145,1000.);
#4603=VECTOR('',#14146,1000.);
#4604=VECTOR('',#14147,1000.);
#4605=VECTOR('',#14150,1000.);
#4606=VECTOR('',#14151,1000.);
#4607=VECTOR('',#14152,1000.);
#4608=VECTOR('',#14153,1000.);
#4609=VECTOR('',#14156,1000.);
#4610=VECTOR('',#14157,1000.);
#4611=VECTOR('',#14158,1000.);
#4612=VECTOR('',#14161,1000.);
#4613=VECTOR('',#14162,1000.);
#4614=VECTOR('',#14163,1000.);
#4615=VECTOR('',#14166,1000.);
#4616=VECTOR('',#14167,1000.);
#4617=VECTOR('',#14168,1000.);
#4618=VECTOR('',#14169,1000.);
#4619=VECTOR('',#14172,1000.);
#4620=VECTOR('',#14173,1000.);
#4621=VECTOR('',#14174,1000.);
#4622=VECTOR('',#14177,1000.);
#4623=VECTOR('',#14178,1000.);
#4624=VECTOR('',#14179,1000.);
#4625=VECTOR('',#14182,1000.);
#4626=VECTOR('',#14183,1000.);
#4627=VECTOR('',#14184,1000.);
#4628=VECTOR('',#14185,1000.);
#4629=VECTOR('',#14188,1000.);
#4630=VECTOR('',#14189,1000.);
#4631=VECTOR('',#14190,1000.);
#4632=VECTOR('',#14193,1000.);
#4633=VECTOR('',#14194,1000.);
#4634=VECTOR('',#14195,1000.);
#4635=VECTOR('',#14198,1000.);
#4636=VECTOR('',#14199,1000.);
#4637=VECTOR('',#14200,1000.);
#4638=VECTOR('',#14201,1000.);
#4639=VECTOR('',#14204,1000.);
#4640=VECTOR('',#14205,1000.);
#4641=VECTOR('',#14206,1000.);
#4642=VECTOR('',#14209,1000.);
#4643=VECTOR('',#14210,1000.);
#4644=VECTOR('',#14211,1000.);
#4645=VECTOR('',#14214,1000.);
#4646=VECTOR('',#14215,1000.);
#4647=VECTOR('',#14216,1000.);
#4648=VECTOR('',#14217,1000.);
#4649=VECTOR('',#14220,1000.);
#4650=VECTOR('',#14221,1000.);
#4651=VECTOR('',#14222,1000.);
#4652=VECTOR('',#14225,1000.);
#4653=VECTOR('',#14226,1000.);
#4654=VECTOR('',#14227,1000.);
#4655=VECTOR('',#14230,1000.);
#4656=VECTOR('',#14231,1000.);
#4657=VECTOR('',#14232,1000.);
#4658=VECTOR('',#14233,1000.);
#4659=VECTOR('',#14236,1000.);
#4660=VECTOR('',#14237,1000.);
#4661=VECTOR('',#14238,1000.);
#4662=VECTOR('',#14241,1000.);
#4663=VECTOR('',#14242,1000.);
#4664=VECTOR('',#14243,1000.);
#4665=VECTOR('',#14246,1000.);
#4666=VECTOR('',#14247,1000.);
#4667=VECTOR('',#14248,1000.);
#4668=VECTOR('',#14249,1000.);
#4669=VECTOR('',#14252,1000.);
#4670=VECTOR('',#14253,1000.);
#4671=VECTOR('',#14254,1000.);
#4672=VECTOR('',#14257,1000.);
#4673=VECTOR('',#14258,1000.);
#4674=VECTOR('',#14259,1000.);
#4675=VECTOR('',#14262,1000.);
#4676=VECTOR('',#14263,1000.);
#4677=VECTOR('',#14264,1000.);
#4678=VECTOR('',#14265,1000.);
#4679=VECTOR('',#14268,1000.);
#4680=VECTOR('',#14269,1000.);
#4681=VECTOR('',#14270,1000.);
#4682=VECTOR('',#14273,1000.);
#4683=VECTOR('',#14274,1000.);
#4684=VECTOR('',#14275,1000.);
#4685=VECTOR('',#14278,1000.);
#4686=VECTOR('',#14279,1000.);
#4687=VECTOR('',#14280,1000.);
#4688=VECTOR('',#14281,1000.);
#4689=VECTOR('',#14284,1000.);
#4690=VECTOR('',#14285,1000.);
#4691=VECTOR('',#14286,1000.);
#4692=VECTOR('',#14289,1000.);
#4693=VECTOR('',#14290,1000.);
#4694=VECTOR('',#14291,1000.);
#4695=VECTOR('',#14294,1000.);
#4696=VECTOR('',#14295,1000.);
#4697=VECTOR('',#14296,1000.);
#4698=VECTOR('',#14297,1000.);
#4699=VECTOR('',#14300,1000.);
#4700=VECTOR('',#14301,1000.);
#4701=VECTOR('',#14302,1000.);
#4702=VECTOR('',#14305,1000.);
#4703=VECTOR('',#14306,1000.);
#4704=VECTOR('',#14307,1000.);
#4705=VECTOR('',#14310,1000.);
#4706=VECTOR('',#14311,1000.);
#4707=VECTOR('',#14312,1000.);
#4708=VECTOR('',#14313,1000.);
#4709=VECTOR('',#14316,1000.);
#4710=VECTOR('',#14317,1000.);
#4711=VECTOR('',#14318,1000.);
#4712=VECTOR('',#14321,1000.);
#4713=VECTOR('',#14322,1000.);
#4714=VECTOR('',#14323,1000.);
#4715=VECTOR('',#14326,1000.);
#4716=VECTOR('',#14327,1000.);
#4717=VECTOR('',#14328,1000.);
#4718=VECTOR('',#14329,1000.);
#4719=VECTOR('',#14332,1000.);
#4720=VECTOR('',#14333,1000.);
#4721=VECTOR('',#14334,1000.);
#4722=VECTOR('',#14337,1000.);
#4723=VECTOR('',#14338,1000.);
#4724=VECTOR('',#14339,1000.);
#4725=VECTOR('',#14342,1000.);
#4726=VECTOR('',#14343,1000.);
#4727=VECTOR('',#14344,1000.);
#4728=VECTOR('',#14345,1000.);
#4729=VECTOR('',#14348,1000.);
#4730=VECTOR('',#14349,1000.);
#4731=VECTOR('',#14350,1000.);
#4732=VECTOR('',#14353,1000.);
#4733=VECTOR('',#14354,1000.);
#4734=VECTOR('',#14355,1000.);
#4735=VECTOR('',#14358,1000.);
#4736=VECTOR('',#14359,1000.);
#4737=VECTOR('',#14360,1000.);
#4738=VECTOR('',#14361,1000.);
#4739=VECTOR('',#14364,1000.);
#4740=VECTOR('',#14365,1000.);
#4741=VECTOR('',#14366,1000.);
#4742=VECTOR('',#14369,1000.);
#4743=VECTOR('',#14370,1000.);
#4744=VECTOR('',#14371,1000.);
#4745=VECTOR('',#14374,1000.);
#4746=VECTOR('',#14375,1000.);
#4747=VECTOR('',#14376,1000.);
#4748=VECTOR('',#14377,1000.);
#4749=VECTOR('',#14380,1000.);
#4750=VECTOR('',#14381,1000.);
#4751=VECTOR('',#14382,1000.);
#4752=VECTOR('',#14385,1000.);
#4753=VECTOR('',#14386,1000.);
#4754=VECTOR('',#14387,1000.);
#4755=VECTOR('',#14390,1000.);
#4756=VECTOR('',#14391,1000.);
#4757=VECTOR('',#14392,1000.);
#4758=VECTOR('',#14393,1000.);
#4759=VECTOR('',#14396,1000.);
#4760=VECTOR('',#14397,1000.);
#4761=VECTOR('',#14398,1000.);
#4762=VECTOR('',#14401,1000.);
#4763=VECTOR('',#14402,1000.);
#4764=VECTOR('',#14403,1000.);
#4765=VECTOR('',#14406,1000.);
#4766=VECTOR('',#14407,1000.);
#4767=VECTOR('',#14408,1000.);
#4768=VECTOR('',#14409,1000.);
#4769=VECTOR('',#14412,1000.);
#4770=VECTOR('',#14413,1000.);
#4771=VECTOR('',#14414,1000.);
#4772=VECTOR('',#14417,1000.);
#4773=VECTOR('',#14418,1000.);
#4774=VECTOR('',#14419,1000.);
#4775=VECTOR('',#14422,1000.);
#4776=VECTOR('',#14423,1000.);
#4777=VECTOR('',#14424,1000.);
#4778=VECTOR('',#14425,1000.);
#4779=VECTOR('',#14428,1000.);
#4780=VECTOR('',#14429,1000.);
#4781=VECTOR('',#14430,1000.);
#4782=VECTOR('',#14433,1000.);
#4783=VECTOR('',#14434,1000.);
#4784=VECTOR('',#14435,1000.);
#4785=VECTOR('',#14438,1000.);
#4786=VECTOR('',#14439,1000.);
#4787=VECTOR('',#14440,1000.);
#4788=VECTOR('',#14441,1000.);
#4789=VECTOR('',#14444,1000.);
#4790=VECTOR('',#14445,1000.);
#4791=VECTOR('',#14446,1000.);
#4792=VECTOR('',#14449,1000.);
#4793=VECTOR('',#14450,1000.);
#4794=VECTOR('',#14451,1000.);
#4795=VECTOR('',#14454,1000.);
#4796=VECTOR('',#14455,1000.);
#4797=VECTOR('',#14456,1000.);
#4798=VECTOR('',#14457,1000.);
#4799=VECTOR('',#14460,1000.);
#4800=VECTOR('',#14461,1000.);
#4801=VECTOR('',#14462,1000.);
#4802=VECTOR('',#14465,1000.);
#4803=VECTOR('',#14466,1000.);
#4804=VECTOR('',#14467,1000.);
#4805=VECTOR('',#14470,1000.);
#4806=VECTOR('',#14471,1000.);
#4807=VECTOR('',#14472,1000.);
#4808=VECTOR('',#14473,1000.);
#4809=VECTOR('',#14476,1000.);
#4810=VECTOR('',#14477,1000.);
#4811=VECTOR('',#14478,1000.);
#4812=VECTOR('',#14481,1000.);
#4813=VECTOR('',#14482,1000.);
#4814=VECTOR('',#14483,1000.);
#4815=VECTOR('',#14486,1000.);
#4816=VECTOR('',#14487,1000.);
#4817=VECTOR('',#14488,1000.);
#4818=VECTOR('',#14491,1000.);
#4819=VECTOR('',#14492,1000.);
#4820=VECTOR('',#14493,1000.);
#4821=VECTOR('',#14494,1000.);
#4822=VECTOR('',#14497,1000.);
#4823=VECTOR('',#14498,1000.);
#4824=VECTOR('',#14499,1000.);
#4825=VECTOR('',#14502,1000.);
#4826=VECTOR('',#14503,1000.);
#4827=VECTOR('',#14504,1000.);
#4828=VECTOR('',#14507,1000.);
#4829=VECTOR('',#14508,1000.);
#4830=VECTOR('',#14509,1000.);
#4831=VECTOR('',#14510,1000.);
#4832=VECTOR('',#14513,1000.);
#4833=VECTOR('',#14514,1000.);
#4834=VECTOR('',#14515,1000.);
#4835=VECTOR('',#14518,1000.);
#4836=VECTOR('',#14519,1000.);
#4837=VECTOR('',#14520,1000.);
#4838=VECTOR('',#14523,1000.);
#4839=VECTOR('',#14524,1000.);
#4840=VECTOR('',#14525,1000.);
#4841=VECTOR('',#14526,1000.);
#4842=VECTOR('',#14529,1000.);
#4843=VECTOR('',#14530,1000.);
#4844=VECTOR('',#14531,1000.);
#4845=VECTOR('',#14534,1000.);
#4846=VECTOR('',#14535,1000.);
#4847=VECTOR('',#14536,1000.);
#4848=VECTOR('',#14539,1000.);
#4849=VECTOR('',#14540,1000.);
#4850=VECTOR('',#14541,1000.);
#4851=VECTOR('',#14542,1000.);
#4852=VECTOR('',#14545,1000.);
#4853=VECTOR('',#14546,1000.);
#4854=VECTOR('',#14547,1000.);
#4855=VECTOR('',#14550,1000.);
#4856=VECTOR('',#14551,1000.);
#4857=VECTOR('',#14552,1000.);
#4858=VECTOR('',#14555,1000.);
#4859=VECTOR('',#14556,1000.);
#4860=VECTOR('',#14557,1000.);
#4861=VECTOR('',#14558,1000.);
#4862=VECTOR('',#14561,1000.);
#4863=VECTOR('',#14562,1000.);
#4864=VECTOR('',#14563,1000.);
#4865=VECTOR('',#14566,1000.);
#4866=VECTOR('',#14567,1000.);
#4867=VECTOR('',#14568,1000.);
#4868=VECTOR('',#14575,1000.);
#4869=VECTOR('',#14578,1000.);
#4870=VECTOR('',#14579,1000.);
#4871=VECTOR('',#14580,1000.);
#4872=VECTOR('',#14581,1000.);
#4873=VECTOR('',#14584,1000.);
#4874=VECTOR('',#14585,1000.);
#4875=VECTOR('',#14586,1000.);
#4876=VECTOR('',#14589,1000.);
#4877=VECTOR('',#14590,1000.);
#4878=VECTOR('',#14591,1000.);
#4879=VECTOR('',#14594,1000.);
#4880=VECTOR('',#14595,1000.);
#4881=VECTOR('',#14596,1000.);
#4882=VECTOR('',#14597,1000.);
#4883=VECTOR('',#14604,1000.);
#4884=VECTOR('',#14607,1000.);
#4885=VECTOR('',#14608,1000.);
#4886=VECTOR('',#14609,1000.);
#4887=VECTOR('',#14612,1000.);
#4888=VECTOR('',#14613,1000.);
#4889=VECTOR('',#14614,1000.);
#4890=VECTOR('',#14617,1000.);
#4891=VECTOR('',#14618,1000.);
#4892=VECTOR('',#14619,1000.);
#4893=VECTOR('',#14620,1000.);
#4894=VECTOR('',#14623,1000.);
#4895=VECTOR('',#14624,1000.);
#4896=VECTOR('',#14625,1000.);
#4897=VECTOR('',#14628,1000.);
#4898=VECTOR('',#14629,1000.);
#4899=VECTOR('',#14630,1000.);
#4900=VECTOR('',#14633,1000.);
#4901=VECTOR('',#14634,1000.);
#4902=VECTOR('',#14635,1000.);
#4903=VECTOR('',#14636,1000.);
#4904=VECTOR('',#14639,1000.);
#4905=VECTOR('',#14640,1000.);
#4906=VECTOR('',#14641,1000.);
#4907=VECTOR('',#14644,1000.);
#4908=VECTOR('',#14645,1000.);
#4909=VECTOR('',#14646,1000.);
#4910=VECTOR('',#14649,1000.);
#4911=VECTOR('',#14650,1000.);
#4912=VECTOR('',#14651,1000.);
#4913=VECTOR('',#14652,1000.);
#4914=VECTOR('',#14655,1000.);
#4915=VECTOR('',#14656,1000.);
#4916=VECTOR('',#14657,1000.);
#4917=VECTOR('',#14660,1000.);
#4918=VECTOR('',#14661,1000.);
#4919=VECTOR('',#14662,1000.);
#4920=VECTOR('',#14665,1000.);
#4921=VECTOR('',#14666,1000.);
#4922=VECTOR('',#14667,1000.);
#4923=VECTOR('',#14668,1000.);
#4924=VECTOR('',#14671,1000.);
#4925=VECTOR('',#14672,1000.);
#4926=VECTOR('',#14673,1000.);
#4927=VECTOR('',#14676,1000.);
#4928=VECTOR('',#14677,1000.);
#4929=VECTOR('',#14678,1000.);
#4930=VECTOR('',#14681,1000.);
#4931=VECTOR('',#14682,1000.);
#4932=VECTOR('',#14683,1000.);
#4933=VECTOR('',#14684,1000.);
#4934=VECTOR('',#14687,1000.);
#4935=VECTOR('',#14688,1000.);
#4936=VECTOR('',#14689,1000.);
#4937=VECTOR('',#14692,1000.);
#4938=VECTOR('',#14693,1000.);
#4939=VECTOR('',#14694,1000.);
#4940=VECTOR('',#14697,1000.);
#4941=VECTOR('',#14698,1000.);
#4942=VECTOR('',#14699,1000.);
#4943=VECTOR('',#14700,1000.);
#4944=VECTOR('',#14703,1000.);
#4945=VECTOR('',#14704,1000.);
#4946=VECTOR('',#14705,1000.);
#4947=VECTOR('',#14708,1000.);
#4948=VECTOR('',#14709,1000.);
#4949=VECTOR('',#14710,1000.);
#4950=VECTOR('',#14713,1000.);
#4951=VECTOR('',#14714,1000.);
#4952=VECTOR('',#14715,1000.);
#4953=VECTOR('',#14716,1000.);
#4954=VECTOR('',#14719,1000.);
#4955=VECTOR('',#14720,1000.);
#4956=VECTOR('',#14721,1000.);
#4957=VECTOR('',#14724,1000.);
#4958=VECTOR('',#14725,1000.);
#4959=VECTOR('',#14726,1000.);
#4960=VECTOR('',#14729,1000.);
#4961=VECTOR('',#14730,1000.);
#4962=VECTOR('',#14731,1000.);
#4963=VECTOR('',#14732,1000.);
#4964=VECTOR('',#14735,1000.);
#4965=VECTOR('',#14736,1000.);
#4966=VECTOR('',#14737,1000.);
#4967=VECTOR('',#14740,1000.);
#4968=VECTOR('',#14741,1000.);
#4969=VECTOR('',#14742,1000.);
#4970=VECTOR('',#14745,1000.);
#4971=VECTOR('',#14746,1000.);
#4972=VECTOR('',#14747,1000.);
#4973=VECTOR('',#14748,1000.);
#4974=VECTOR('',#14751,1000.);
#4975=VECTOR('',#14752,1000.);
#4976=VECTOR('',#14753,1000.);
#4977=VECTOR('',#14756,1000.);
#4978=VECTOR('',#14757,1000.);
#4979=VECTOR('',#14758,1000.);
#4980=VECTOR('',#14761,1000.);
#4981=VECTOR('',#14762,1000.);
#4982=VECTOR('',#14763,1000.);
#4983=VECTOR('',#14764,1000.);
#4984=VECTOR('',#14767,1000.);
#4985=VECTOR('',#14768,1000.);
#4986=VECTOR('',#14769,1000.);
#4987=VECTOR('',#14772,1000.);
#4988=VECTOR('',#14773,1000.);
#4989=VECTOR('',#14774,1000.);
#4990=VECTOR('',#14777,1000.);
#4991=VECTOR('',#14778,1000.);
#4992=VECTOR('',#14779,1000.);
#4993=VECTOR('',#14780,1000.);
#4994=VECTOR('',#14783,1000.);
#4995=VECTOR('',#14784,1000.);
#4996=VECTOR('',#14785,1000.);
#4997=VECTOR('',#14788,1000.);
#4998=VECTOR('',#14789,1000.);
#4999=VECTOR('',#14790,1000.);
#5000=VECTOR('',#14793,1000.);
#5001=VECTOR('',#14794,1000.);
#5002=VECTOR('',#14795,1000.);
#5003=VECTOR('',#14796,1000.);
#5004=VECTOR('',#14799,1000.);
#5005=VECTOR('',#14800,1000.);
#5006=VECTOR('',#14801,1000.);
#5007=VECTOR('',#14804,1000.);
#5008=VECTOR('',#14805,1000.);
#5009=VECTOR('',#14806,1000.);
#5010=VECTOR('',#14809,1000.);
#5011=VECTOR('',#14810,1000.);
#5012=VECTOR('',#14811,1000.);
#5013=VECTOR('',#14812,1000.);
#5014=VECTOR('',#14815,1000.);
#5015=VECTOR('',#14816,1000.);
#5016=VECTOR('',#14817,1000.);
#5017=VECTOR('',#14820,1000.);
#5018=VECTOR('',#14821,1000.);
#5019=VECTOR('',#14822,1000.);
#5020=VECTOR('',#14825,1000.);
#5021=VECTOR('',#14826,1000.);
#5022=VECTOR('',#14827,1000.);
#5023=VECTOR('',#14828,1000.);
#5024=VECTOR('',#14831,1000.);
#5025=VECTOR('',#14832,1000.);
#5026=VECTOR('',#14833,1000.);
#5027=VECTOR('',#14836,1000.);
#5028=VECTOR('',#14837,1000.);
#5029=VECTOR('',#14838,1000.);
#5030=VECTOR('',#14841,1000.);
#5031=VECTOR('',#14842,1000.);
#5032=VECTOR('',#14843,1000.);
#5033=VECTOR('',#14844,1000.);
#5034=VECTOR('',#14847,1000.);
#5035=VECTOR('',#14848,1000.);
#5036=VECTOR('',#14849,1000.);
#5037=VECTOR('',#14852,1000.);
#5038=VECTOR('',#14853,1000.);
#5039=VECTOR('',#14854,1000.);
#5040=VECTOR('',#14857,1000.);
#5041=VECTOR('',#14858,1000.);
#5042=VECTOR('',#14859,1000.);
#5043=VECTOR('',#14860,1000.);
#5044=VECTOR('',#14863,1000.);
#5045=VECTOR('',#14864,1000.);
#5046=VECTOR('',#14865,1000.);
#5047=VECTOR('',#14868,1000.);
#5048=VECTOR('',#14869,1000.);
#5049=VECTOR('',#14870,1000.);
#5050=VECTOR('',#14873,1000.);
#5051=VECTOR('',#14874,1000.);
#5052=VECTOR('',#14875,1000.);
#5053=VECTOR('',#14876,1000.);
#5054=VECTOR('',#14879,1000.);
#5055=VECTOR('',#14880,1000.);
#5056=VECTOR('',#14881,1000.);
#5057=VECTOR('',#14884,1000.);
#5058=VECTOR('',#14885,1000.);
#5059=VECTOR('',#14886,1000.);
#5060=VECTOR('',#14889,1000.);
#5061=VECTOR('',#14890,1000.);
#5062=VECTOR('',#14891,1000.);
#5063=VECTOR('',#14892,1000.);
#5064=VECTOR('',#14895,1000.);
#5065=VECTOR('',#14896,1000.);
#5066=VECTOR('',#14897,1000.);
#5067=VECTOR('',#14900,1000.);
#5068=VECTOR('',#14901,1000.);
#5069=VECTOR('',#14902,1000.);
#5070=VECTOR('',#14905,1000.);
#5071=VECTOR('',#14906,1000.);
#5072=VECTOR('',#14907,1000.);
#5073=VECTOR('',#14908,1000.);
#5074=VECTOR('',#14911,1000.);
#5075=VECTOR('',#14912,1000.);
#5076=VECTOR('',#14913,1000.);
#5077=VECTOR('',#14916,1000.);
#5078=VECTOR('',#14917,1000.);
#5079=VECTOR('',#14918,1000.);
#5080=VECTOR('',#14921,1000.);
#5081=VECTOR('',#14922,1000.);
#5082=VECTOR('',#14923,1000.);
#5083=VECTOR('',#14924,1000.);
#5084=VECTOR('',#14927,1000.);
#5085=VECTOR('',#14928,1000.);
#5086=VECTOR('',#14929,1000.);
#5087=VECTOR('',#14932,1000.);
#5088=VECTOR('',#14933,1000.);
#5089=VECTOR('',#14934,1000.);
#5090=VECTOR('',#14937,1000.);
#5091=VECTOR('',#14938,1000.);
#5092=VECTOR('',#14939,1000.);
#5093=VECTOR('',#14940,1000.);
#5094=VECTOR('',#14943,1000.);
#5095=VECTOR('',#14944,1000.);
#5096=VECTOR('',#14945,1000.);
#5097=VECTOR('',#14948,1000.);
#5098=VECTOR('',#14949,1000.);
#5099=VECTOR('',#14950,1000.);
#5100=VECTOR('',#14953,1000.);
#5101=VECTOR('',#14954,1000.);
#5102=VECTOR('',#14955,1000.);
#5103=VECTOR('',#14956,1000.);
#5104=VECTOR('',#14959,1000.);
#5105=VECTOR('',#14960,1000.);
#5106=VECTOR('',#14961,1000.);
#5107=VECTOR('',#14964,1000.);
#5108=VECTOR('',#14965,1000.);
#5109=VECTOR('',#14966,1000.);
#5110=VECTOR('',#14969,1000.);
#5111=VECTOR('',#14970,1000.);
#5112=VECTOR('',#14971,1000.);
#5113=VECTOR('',#14972,1000.);
#5114=VECTOR('',#14975,1000.);
#5115=VECTOR('',#14976,1000.);
#5116=VECTOR('',#14977,1000.);
#5117=VECTOR('',#14980,1000.);
#5118=VECTOR('',#14981,1000.);
#5119=VECTOR('',#14982,1000.);
#5120=VECTOR('',#14985,1000.);
#5121=VECTOR('',#14986,1000.);
#5122=VECTOR('',#14987,1000.);
#5123=VECTOR('',#14988,1000.);
#5124=VECTOR('',#14991,1000.);
#5125=VECTOR('',#14992,1000.);
#5126=VECTOR('',#14993,1000.);
#5127=VECTOR('',#14996,1000.);
#5128=VECTOR('',#14997,1000.);
#5129=VECTOR('',#14998,1000.);
#5130=VECTOR('',#15001,1000.);
#5131=VECTOR('',#15002,1000.);
#5132=VECTOR('',#15003,1000.);
#5133=VECTOR('',#15004,1000.);
#5134=VECTOR('',#15007,1000.);
#5135=VECTOR('',#15008,1000.);
#5136=VECTOR('',#15009,1000.);
#5137=VECTOR('',#15012,1000.);
#5138=VECTOR('',#15013,1000.);
#5139=VECTOR('',#15014,1000.);
#5140=VECTOR('',#15017,1000.);
#5141=VECTOR('',#15018,1000.);
#5142=VECTOR('',#15019,1000.);
#5143=VECTOR('',#15020,1000.);
#5144=VECTOR('',#15023,1000.);
#5145=VECTOR('',#15024,1000.);
#5146=VECTOR('',#15025,1000.);
#5147=VECTOR('',#15028,1000.);
#5148=VECTOR('',#15029,1000.);
#5149=VECTOR('',#15030,1000.);
#5150=VECTOR('',#15033,1000.);
#5151=VECTOR('',#15034,1000.);
#5152=VECTOR('',#15035,1000.);
#5153=VECTOR('',#15036,1000.);
#5154=VECTOR('',#15039,1000.);
#5155=VECTOR('',#15040,1000.);
#5156=VECTOR('',#15041,1000.);
#5157=VECTOR('',#15044,1000.);
#5158=VECTOR('',#15045,1000.);
#5159=VECTOR('',#15046,1000.);
#5160=VECTOR('',#15049,1000.);
#5161=VECTOR('',#15050,1000.);
#5162=VECTOR('',#15051,1000.);
#5163=VECTOR('',#15052,1000.);
#5164=VECTOR('',#15055,1000.);
#5165=VECTOR('',#15056,1000.);
#5166=VECTOR('',#15057,1000.);
#5167=VECTOR('',#15060,1000.);
#5168=VECTOR('',#15061,1000.);
#5169=VECTOR('',#15062,1000.);
#5170=VECTOR('',#15069,1000.);
#5171=VECTOR('',#15070,1000.);
#5172=VECTOR('',#15073,1000.);
#5173=VECTOR('',#15074,1000.);
#5174=VECTOR('',#15077,1000.);
#5175=VECTOR('',#15078,1000.);
#5176=VECTOR('',#15081,1000.);
#5177=VECTOR('',#15082,1000.);
#5178=VECTOR('',#15085,1000.);
#5179=VECTOR('',#15086,1000.);
#5180=VECTOR('',#15089,1000.);
#5181=VECTOR('',#15090,1000.);
#5182=VECTOR('',#15093,1000.);
#5183=VECTOR('',#15094,1000.);
#5184=VECTOR('',#15097,1000.);
#5185=VECTOR('',#15098,1000.);
#5186=VECTOR('',#15101,1000.);
#5187=VECTOR('',#15102,1000.);
#5188=VECTOR('',#15105,1000.);
#5189=VECTOR('',#15106,1000.);
#5190=VECTOR('',#15109,1000.);
#5191=VECTOR('',#15110,1000.);
#5192=VECTOR('',#15113,1000.);
#5193=VECTOR('',#15114,1000.);
#5194=VECTOR('',#15117,1000.);
#5195=VECTOR('',#15118,1000.);
#5196=VECTOR('',#15121,1000.);
#5197=VECTOR('',#15122,1000.);
#5198=VECTOR('',#15125,1000.);
#5199=VECTOR('',#15126,1000.);
#5200=VECTOR('',#15129,1000.);
#5201=VECTOR('',#15130,1000.);
#5202=VECTOR('',#15133,1000.);
#5203=VECTOR('',#15134,1000.);
#5204=VECTOR('',#15137,1000.);
#5205=VECTOR('',#15138,1000.);
#5206=VECTOR('',#15141,1000.);
#5207=VECTOR('',#15142,1000.);
#5208=VECTOR('',#15145,1000.);
#5209=VECTOR('',#15146,1000.);
#5210=VECTOR('',#15149,1000.);
#5211=VECTOR('',#15150,1000.);
#5212=VECTOR('',#15153,1000.);
#5213=VECTOR('',#15154,1000.);
#5214=VECTOR('',#15157,1000.);
#5215=VECTOR('',#15158,1000.);
#5216=VECTOR('',#15161,1000.);
#5217=VECTOR('',#15162,1000.);
#5218=VECTOR('',#15165,1000.);
#5219=VECTOR('',#15166,1000.);
#5220=VECTOR('',#15169,1000.);
#5221=VECTOR('',#15170,1000.);
#5222=VECTOR('',#15173,1000.);
#5223=VECTOR('',#15174,1000.);
#5224=VECTOR('',#15177,1000.);
#5225=VECTOR('',#15178,1000.);
#5226=VECTOR('',#15181,1000.);
#5227=VECTOR('',#15182,1000.);
#5228=VECTOR('',#15191,1000.);
#5229=VECTOR('',#15192,1000.);
#5230=VECTOR('',#15195,1000.);
#5231=VECTOR('',#15196,1000.);
#5232=VECTOR('',#15199,1000.);
#5233=VECTOR('',#15200,1000.);
#5234=VECTOR('',#15203,1000.);
#5235=VECTOR('',#15204,1000.);
#5236=VECTOR('',#15207,1000.);
#5237=VECTOR('',#15208,1000.);
#5238=VECTOR('',#15211,1000.);
#5239=VECTOR('',#15212,1000.);
#5240=VECTOR('',#15215,1000.);
#5241=VECTOR('',#15216,1000.);
#5242=VECTOR('',#15219,1000.);
#5243=VECTOR('',#15220,1000.);
#5244=VECTOR('',#15223,1000.);
#5245=VECTOR('',#15224,1000.);
#5246=VECTOR('',#15227,1000.);
#5247=VECTOR('',#15228,1000.);
#5248=VECTOR('',#15231,1000.);
#5249=VECTOR('',#15232,1000.);
#5250=VECTOR('',#15235,1000.);
#5251=VECTOR('',#15236,1000.);
#5252=VECTOR('',#15239,1000.);
#5253=VECTOR('',#15240,1000.);
#5254=VECTOR('',#15243,1000.);
#5255=VECTOR('',#15244,1000.);
#5256=VECTOR('',#15247,1000.);
#5257=VECTOR('',#15248,1000.);
#5258=VECTOR('',#15251,1000.);
#5259=VECTOR('',#15252,1000.);
#5260=VECTOR('',#15255,1000.);
#5261=VECTOR('',#15256,1000.);
#5262=VECTOR('',#15259,1000.);
#5263=VECTOR('',#15260,1000.);
#5264=VECTOR('',#15263,1000.);
#5265=VECTOR('',#15264,1000.);
#5266=VECTOR('',#15267,1000.);
#5267=VECTOR('',#15268,1000.);
#5268=VECTOR('',#15271,1000.);
#5269=VECTOR('',#15272,1000.);
#5270=VECTOR('',#15275,1000.);
#5271=VECTOR('',#15276,1000.);
#5272=VECTOR('',#15279,1000.);
#5273=VECTOR('',#15280,1000.);
#5274=VECTOR('',#15283,1000.);
#5275=VECTOR('',#15284,1000.);
#5276=VECTOR('',#15287,1000.);
#5277=VECTOR('',#15288,1000.);
#5278=VECTOR('',#15291,1000.);
#5279=VECTOR('',#15292,1000.);
#5280=VECTOR('',#15295,1000.);
#5281=VECTOR('',#15296,1000.);
#5282=VECTOR('',#15299,1000.);
#5283=VECTOR('',#15300,1000.);
#5284=VECTOR('',#15303,1000.);
#5285=VECTOR('',#15304,1000.);
#5286=VECTOR('',#15307,1000.);
#5287=VECTOR('',#15308,1000.);
#5288=VECTOR('',#15311,1000.);
#5289=VECTOR('',#15312,1000.);
#5290=VECTOR('',#15315,1000.);
#5291=VECTOR('',#15316,1000.);
#5292=VECTOR('',#15319,1000.);
#5293=VECTOR('',#15320,1000.);
#5294=VECTOR('',#15323,1000.);
#5295=VECTOR('',#15324,1000.);
#5296=VECTOR('',#15327,1000.);
#5297=VECTOR('',#15328,1000.);
#5298=VECTOR('',#15331,1000.);
#5299=VECTOR('',#15332,1000.);
#5300=VECTOR('',#15473,4.);
#5301=VECTOR('',#15480,4.);
#5302=VECTOR('',#15487,4.);
#5303=VECTOR('',#15494,4.);
#5304=VECTOR('',#15501,4.);
#5305=VECTOR('',#15508,4.);
#5306=VECTOR('',#15515,4.);
#5307=VECTOR('',#15522,4.);
#5308=VECTOR('',#15529,4.);
#5309=VECTOR('',#15536,4.);
#5310=VECTOR('',#15543,4.);
#5311=VECTOR('',#15550,4.);
#5312=VECTOR('',#15557,5.);
#5313=VECTOR('',#15564,5.);
#5314=VECTOR('',#15571,5.);
#5315=VECTOR('',#15578,5.);
#5316=VECTOR('',#15583,10.);
#5317=VECTOR('',#15584,10.);
#5318=VECTOR('',#15585,10.);
#5319=VECTOR('',#15586,10.);
#5320=VECTOR('',#15593,10.);
#5321=VECTOR('',#15596,10.);
#5322=VECTOR('',#15597,10.);
#5323=VECTOR('',#15598,10.);
#5324=VECTOR('',#15605,10.);
#5325=VECTOR('',#15608,10.);
#5326=VECTOR('',#15609,10.);
#5327=VECTOR('',#15610,10.);
#5328=VECTOR('',#15617,10.);
#5329=VECTOR('',#15620,10.);
#5330=VECTOR('',#15621,10.);
#5331=VECTOR('',#15622,10.);
#5332=VECTOR('',#15629,10.);
#5333=VECTOR('',#15632,10.);
#5334=VECTOR('',#15633,10.);
#5335=VECTOR('',#15634,10.);
#5336=VECTOR('',#15637,10.);
#5337=VECTOR('',#15638,10.);
#5338=VECTOR('',#15639,10.);
#5339=VECTOR('',#15642,10.);
#5340=VECTOR('',#15643,10.);
#5341=VECTOR('',#15644,10.);
#5342=VECTOR('',#15651,10.);
#5343=VECTOR('',#15654,10.);
#5344=VECTOR('',#15655,10.);
#5345=VECTOR('',#15656,10.);
#5346=VECTOR('',#15663,10.);
#5347=VECTOR('',#15666,10.);
#5348=VECTOR('',#15667,10.);
#5349=VECTOR('',#15668,10.);
#5350=VECTOR('',#15675,10.);
#5351=VECTOR('',#15678,10.);
#5352=VECTOR('',#15679,10.);
#5353=VECTOR('',#15680,10.);
#5354=VECTOR('',#15687,10.);
#5355=VECTOR('',#15690,10.);
#5356=VECTOR('',#15691,10.);
#5357=VECTOR('',#15692,10.);
#5358=VECTOR('',#15695,10.);
#5359=VECTOR('',#15696,10.);
#5360=CIRCLE('',#11915,5.);
#5361=CIRCLE('',#11916,5.);
#5362=CIRCLE('',#11918,5.);
#5363=CIRCLE('',#11919,5.);
#5364=CIRCLE('',#11921,5.);
#5365=CIRCLE('',#11922,5.);
#5366=CIRCLE('',#11924,5.);
#5367=CIRCLE('',#11925,5.);
#5368=CIRCLE('',#11927,4.);
#5369=CIRCLE('',#11928,4.);
#5370=CIRCLE('',#11930,4.);
#5371=CIRCLE('',#11931,4.);
#5372=CIRCLE('',#11933,4.);
#5373=CIRCLE('',#11934,4.);
#5374=CIRCLE('',#11936,4.);
#5375=CIRCLE('',#11937,4.);
#5376=CIRCLE('',#11939,4.);
#5377=CIRCLE('',#11940,4.);
#5378=CIRCLE('',#11942,4.);
#5379=CIRCLE('',#11943,4.);
#5380=CIRCLE('',#11945,4.);
#5381=CIRCLE('',#11946,4.);
#5382=CIRCLE('',#11948,4.);
#5383=CIRCLE('',#11949,4.);
#5384=CIRCLE('',#11958,9.525);
#5385=CIRCLE('',#11959,9.525);
#5386=CIRCLE('',#11961,9.525);
#5387=CIRCLE('',#11962,9.525);
#5388=CIRCLE('',#11964,9.525);
#5389=CIRCLE('',#11965,9.525);
#5390=CIRCLE('',#11967,9.525);
#5391=CIRCLE('',#11968,9.525);
#5392=CIRCLE('',#11970,9.525);
#5393=CIRCLE('',#11971,9.525);
#5394=CIRCLE('',#11973,9.525);
#5395=CIRCLE('',#11974,9.525);
#5396=CIRCLE('',#11976,9.525);
#5397=CIRCLE('',#11977,9.525);
#5398=CIRCLE('',#11979,9.525);
#5399=CIRCLE('',#11980,9.525);
#5400=CIRCLE('',#11982,5.);
#5401=CIRCLE('',#11983,5.);
#5402=CIRCLE('',#11985,5.);
#5403=CIRCLE('',#11986,5.);
#5404=CIRCLE('',#11988,5.);
#5405=CIRCLE('',#11989,5.);
#5406=CIRCLE('',#11991,5.);
#5407=CIRCLE('',#11992,5.);
#5408=CIRCLE('',#11995,1.);
#5409=CIRCLE('',#11996,1.);
#5410=CIRCLE('',#11999,1.);
#5411=CIRCLE('',#12000,1.);
#5412=CIRCLE('',#12003,1.);
#5413=CIRCLE('',#12004,1.);
#5414=CIRCLE('',#12007,1.);
#5415=CIRCLE('',#12008,1.);
#5416=CIRCLE('',#12011,3.);
#5417=CIRCLE('',#12012,3.);
#5418=CIRCLE('',#12015,3.);
#5419=CIRCLE('',#12016,3.);
#5420=CIRCLE('',#12019,3.);
#5421=CIRCLE('',#12020,3.);
#5422=CIRCLE('',#12023,3.);
#5423=CIRCLE('',#12024,3.);
#5424=CIRCLE('',#12029,24.0742901549634);
#5425=CIRCLE('',#12030,24.0742901549634);
#5426=CIRCLE('',#12031,22.);
#5427=CIRCLE('',#12032,22.);
#5428=CIRCLE('',#12034,28.9959234795079);
#5429=CIRCLE('',#12035,29.5151739236071);
#5430=CIRCLE('',#12037,28.9959234795079);
#5431=CIRCLE('',#12038,29.5151739236071);
#5432=CIRCLE('',#12040,28.9959234795079);
#5433=CIRCLE('',#12041,29.5151739236071);
#5434=CIRCLE('',#12043,28.9959234795079);
#5435=CIRCLE('',#12044,29.5151739236071);
#5436=CIRCLE('',#12046,28.9959234795079);
#5437=CIRCLE('',#12047,29.5151739236071);
#5438=CIRCLE('',#12049,28.9959234795079);
#5439=CIRCLE('',#12050,29.5151739236071);
#5440=CIRCLE('',#12052,28.9959234795079);
#5441=CIRCLE('',#12053,29.5151739236071);
#5442=CIRCLE('',#12055,28.9959234795079);
#5443=CIRCLE('',#12056,29.5151739236071);
#5444=CIRCLE('',#12058,28.9959234795079);
#5445=CIRCLE('',#12059,29.5151739236071);
#5446=CIRCLE('',#12061,28.9959234795079);
#5447=CIRCLE('',#12062,29.5151739236071);
#5448=CIRCLE('',#12064,28.9959234795079);
#5449=CIRCLE('',#12065,29.5151739236071);
#5450=CIRCLE('',#12087,28.9959234795079);
#5451=CIRCLE('',#12088,29.5151739236071);
#5452=CIRCLE('',#12090,28.9959234795079);
#5453=CIRCLE('',#12091,29.5151739236071);
#5454=CIRCLE('',#12093,28.9959234795079);
#5455=CIRCLE('',#12094,29.5151739236071);
#5456=CIRCLE('',#12096,28.9959234795079);
#5457=CIRCLE('',#12097,29.5151739236071);
#5458=CIRCLE('',#12099,28.9959234795079);
#5459=CIRCLE('',#12100,29.5151739236071);
#5460=CIRCLE('',#12102,28.9959234795079);
#5461=CIRCLE('',#12103,29.5151739236071);
#5462=CIRCLE('',#12105,28.9959234795079);
#5463=CIRCLE('',#12106,29.5151739236071);
#5464=CIRCLE('',#12108,28.9959234795079);
#5465=CIRCLE('',#12109,29.5151739236071);
#5466=CIRCLE('',#12111,28.9959234795079);
#5467=CIRCLE('',#12112,29.5151739236071);
#5468=CIRCLE('',#12114,28.9959234795079);
#5469=CIRCLE('',#12115,29.5151739236071);
#5470=CIRCLE('',#12117,28.9959234795079);
#5471=CIRCLE('',#12118,29.5151739236071);
#5472=CIRCLE('',#12198,11.);
#5473=CIRCLE('',#12200,11.);
#5474=CIRCLE('',#12202,11.);
#5475=CIRCLE('',#12204,11.);
#5476=CIRCLE('',#12206,11.);
#5477=CIRCLE('',#12211,35.);
#5478=CIRCLE('',#12212,35.);
#5479=CIRCLE('',#12213,33.3636039063063);
#5480=CIRCLE('',#12214,33.3636039063063);
#5481=CIRCLE('',#12218,20.);
#5482=CIRCLE('',#12219,20.);
#5483=CIRCLE('',#12220,11.);
#5484=CIRCLE('',#12223,20.);
#5485=CIRCLE('',#12226,32.0365590846859);
#5486=CIRCLE('',#12227,32.0365590846859);
#5487=CIRCLE('',#12228,32.0365590846859);
#5488=CIRCLE('',#12229,32.0365590846859);
#5489=CIRCLE('',#12230,32.0365590846859);
#5490=CIRCLE('',#12231,32.0365590846859);
#5491=CIRCLE('',#12232,32.0365590846859);
#5492=CIRCLE('',#12233,32.0365590846859);
#5493=CIRCLE('',#12234,32.0365590846859);
#5494=CIRCLE('',#12235,32.0365590846859);
#5495=CIRCLE('',#12236,32.0365590846859);
#5496=CIRCLE('',#12238,20.);
#5497=CIRCLE('',#12241,32.0365590846859);
#5498=CIRCLE('',#12242,32.0365590846859);
#5499=CIRCLE('',#12243,32.0365590846859);
#5500=CIRCLE('',#12244,32.0365590846859);
#5501=CIRCLE('',#12245,32.0365590846859);
#5502=CIRCLE('',#12246,32.0365590846859);
#5503=CIRCLE('',#12247,32.0365590846859);
#5504=CIRCLE('',#12248,32.0365590846859);
#5505=CIRCLE('',#12249,32.0365590846859);
#5506=CIRCLE('',#12250,32.0365590846859);
#5507=CIRCLE('',#12251,32.0365590846859);
#5508=CIRCLE('',#12260,11.);
#5509=CIRCLE('',#12262,11.);
#5510=CIRCLE('',#12264,11.);
#5511=CIRCLE('',#12266,11.);
#5512=CIRCLE('',#12268,11.);
#5513=CIRCLE('',#12270,11.);
#5514=CIRCLE('',#12271,8.331);
#5515=CIRCLE('',#12274,7.475);
#5516=CIRCLE('',#12275,7.475);
#5517=CIRCLE('',#12277,7.475);
#5518=CIRCLE('',#12278,7.475);
#5519=CIRCLE('',#12280,5.7225);
#5520=CIRCLE('',#12281,5.6);
#5521=CIRCLE('',#12283,5.7225);
#5522=CIRCLE('',#12285,5.6);
#5523=CIRCLE('',#12286,5.6);
#5524=CIRCLE('',#12334,9.50000000000005);
#5525=CIRCLE('',#12335,9.50000000000005);
#5526=CIRCLE('',#12340,22.);
#5527=CIRCLE('',#12449,9.50000000000002);
#5528=CIRCLE('',#12450,9.50000000000002);
#5529=CIRCLE('',#12456,9.50000000000004);
#5530=CIRCLE('',#12457,9.50000000000004);
#5531=CIRCLE('',#12545,22.);
#5532=CIRCLE('',#12576,9.50000000000009);
#5533=CIRCLE('',#12577,9.50000000000009);
#5534=CIRCLE('',#12683,4.);
#5535=CIRCLE('',#12684,4.);
#5536=CIRCLE('',#12686,4.);
#5537=CIRCLE('',#12687,4.);
#5538=CIRCLE('',#12689,4.);
#5539=CIRCLE('',#12690,4.);
#5540=CIRCLE('',#12692,4.);
#5541=CIRCLE('',#12693,4.);
#5542=CIRCLE('',#12695,4.);
#5543=CIRCLE('',#12696,4.);
#5544=CIRCLE('',#12698,4.);
#5545=CIRCLE('',#12699,4.);
#5546=CIRCLE('',#12701,4.);
#5547=CIRCLE('',#12702,4.);
#5548=CIRCLE('',#12704,4.);
#5549=CIRCLE('',#12705,4.);
#5550=CIRCLE('',#12707,4.);
#5551=CIRCLE('',#12708,4.);
#5552=CIRCLE('',#12710,4.);
#5553=CIRCLE('',#12711,4.);
#5554=CIRCLE('',#12713,4.);
#5555=CIRCLE('',#12714,4.);
#5556=CIRCLE('',#12716,4.);
#5557=CIRCLE('',#12717,4.);
#5558=CIRCLE('',#12719,5.);
#5559=CIRCLE('',#12720,5.);
#5560=CIRCLE('',#12722,5.);
#5561=CIRCLE('',#12723,5.);
#5562=CIRCLE('',#12725,5.);
#5563=CIRCLE('',#12726,5.);
#5564=CIRCLE('',#12728,5.);
#5565=CIRCLE('',#12729,5.);
#5566=CIRCLE('',#12732,3.00000000000003);
#5567=CIRCLE('',#12733,3.00000000000003);
#5568=CIRCLE('',#12736,5.00000000000003);
#5569=CIRCLE('',#12737,5.00000000000003);
#5570=CIRCLE('',#12740,5.00000000000004);
#5571=CIRCLE('',#12741,5.00000000000004);
#5572=CIRCLE('',#12744,3.00000000000002);
#5573=CIRCLE('',#12745,3.00000000000002);
#5574=CIRCLE('',#12750,5.00000000000002);
#5575=CIRCLE('',#12751,5.00000000000002);
#5576=CIRCLE('',#12754,3.00000000000002);
#5577=CIRCLE('',#12755,3.00000000000002);
#5578=CIRCLE('',#12758,3.00000000000002);
#5579=CIRCLE('',#12759,3.00000000000002);
#5580=CIRCLE('',#12762,5.00000000000002);
#5581=CIRCLE('',#12763,5.00000000000002);
#5582=VERTEX_POINT('',#15748);
#5583=VERTEX_POINT('',#15750);
#5584=VERTEX_POINT('',#15754);
#5585=VERTEX_POINT('',#15756);
#5586=VERTEX_POINT('',#15760);
#5587=VERTEX_POINT('',#15762);
#5588=VERTEX_POINT('',#15766);
#5589=VERTEX_POINT('',#15768);
#5590=VERTEX_POINT('',#15772);
#5591=VERTEX_POINT('',#15774);
#5592=VERTEX_POINT('',#15778);
#5593=VERTEX_POINT('',#15780);
#5594=VERTEX_POINT('',#15784);
#5595=VERTEX_POINT('',#15786);
#5596=VERTEX_POINT('',#15790);
#5597=VERTEX_POINT('',#15792);
#5598=VERTEX_POINT('',#15796);
#5599=VERTEX_POINT('',#15798);
#5600=VERTEX_POINT('',#15802);
#5601=VERTEX_POINT('',#15804);
#5602=VERTEX_POINT('',#15808);
#5603=VERTEX_POINT('',#15810);
#5604=VERTEX_POINT('',#15814);
#5605=VERTEX_POINT('',#15816);
#5606=VERTEX_POINT('',#15820);
#5607=VERTEX_POINT('',#15821);
#5608=VERTEX_POINT('',#15823);
#5609=VERTEX_POINT('',#15825);
#5610=VERTEX_POINT('',#15829);
#5611=VERTEX_POINT('',#15831);
#5612=VERTEX_POINT('',#15835);
#5613=VERTEX_POINT('',#15837);
#5614=VERTEX_POINT('',#15847);
#5615=VERTEX_POINT('',#15849);
#5616=VERTEX_POINT('',#15853);
#5617=VERTEX_POINT('',#15855);
#5618=VERTEX_POINT('',#15859);
#5619=VERTEX_POINT('',#15861);
#5620=VERTEX_POINT('',#15865);
#5621=VERTEX_POINT('',#15867);
#5622=VERTEX_POINT('',#15871);
#5623=VERTEX_POINT('',#15873);
#5624=VERTEX_POINT('',#15877);
#5625=VERTEX_POINT('',#15879);
#5626=VERTEX_POINT('',#15883);
#5627=VERTEX_POINT('',#15885);
#5628=VERTEX_POINT('',#15889);
#5629=VERTEX_POINT('',#15891);
#5630=VERTEX_POINT('',#15895);
#5631=VERTEX_POINT('',#15897);
#5632=VERTEX_POINT('',#15901);
#5633=VERTEX_POINT('',#15903);
#5634=VERTEX_POINT('',#15907);
#5635=VERTEX_POINT('',#15909);
#5636=VERTEX_POINT('',#15913);
#5637=VERTEX_POINT('',#15915);
#5638=VERTEX_POINT('',#15919);
#5639=VERTEX_POINT('',#15920);
#5640=VERTEX_POINT('',#15922);
#5641=VERTEX_POINT('',#15924);
#5642=VERTEX_POINT('',#15928);
#5643=VERTEX_POINT('',#15930);
#5644=VERTEX_POINT('',#15934);
#5645=VERTEX_POINT('',#15936);
#5646=VERTEX_POINT('',#15940);
#5647=VERTEX_POINT('',#15942);
#5648=VERTEX_POINT('',#15946);
#5649=VERTEX_POINT('',#15948);
#5650=VERTEX_POINT('',#15952);
#5651=VERTEX_POINT('',#15954);
#5652=VERTEX_POINT('',#15958);
#5653=VERTEX_POINT('',#15960);
#5654=VERTEX_POINT('',#15967);
#5655=VERTEX_POINT('',#15968);
#5656=VERTEX_POINT('',#15970);
#5657=VERTEX_POINT('',#15972);
#5658=VERTEX_POINT('',#15976);
#5659=VERTEX_POINT('',#15978);
#5660=VERTEX_POINT('',#15982);
#5661=VERTEX_POINT('',#15984);
#5662=VERTEX_POINT('',#15988);
#5663=VERTEX_POINT('',#15990);
#5664=VERTEX_POINT('',#15994);
#5665=VERTEX_POINT('',#15996);
#5666=VERTEX_POINT('',#16000);
#5667=VERTEX_POINT('',#16002);
#5668=VERTEX_POINT('',#16006);
#5669=VERTEX_POINT('',#16008);
#5670=VERTEX_POINT('',#16018);
#5671=VERTEX_POINT('',#16019);
#5672=VERTEX_POINT('',#16021);
#5673=VERTEX_POINT('',#16023);
#5674=VERTEX_POINT('',#16026);
#5675=VERTEX_POINT('',#16027);
#5676=VERTEX_POINT('',#16029);
#5677=VERTEX_POINT('',#16031);
#5678=VERTEX_POINT('',#16035);
#5679=VERTEX_POINT('',#16036);
#5680=VERTEX_POINT('',#16038);
#5681=VERTEX_POINT('',#16040);
#5682=VERTEX_POINT('',#16042);
#5683=VERTEX_POINT('',#16044);
#5684=VERTEX_POINT('',#16048);
#5685=VERTEX_POINT('',#16049);
#5686=VERTEX_POINT('',#16051);
#5687=VERTEX_POINT('',#16053);
#5688=VERTEX_POINT('',#16057);
#5689=VERTEX_POINT('',#16058);
#5690=VERTEX_POINT('',#16060);
#5691=VERTEX_POINT('',#16062);
#5692=VERTEX_POINT('',#16066);
#5693=VERTEX_POINT('',#16067);
#5694=VERTEX_POINT('',#16069);
#5695=VERTEX_POINT('',#16071);
#5696=VERTEX_POINT('',#16075);
#5697=VERTEX_POINT('',#16076);
#5698=VERTEX_POINT('',#16078);
#5699=VERTEX_POINT('',#16080);
#5700=VERTEX_POINT('',#16084);
#5701=VERTEX_POINT('',#16085);
#5702=VERTEX_POINT('',#16087);
#5703=VERTEX_POINT('',#16089);
#5704=VERTEX_POINT('',#16093);
#5705=VERTEX_POINT('',#16094);
#5706=VERTEX_POINT('',#16096);
#5707=VERTEX_POINT('',#16098);
#5708=VERTEX_POINT('',#16102);
#5709=VERTEX_POINT('',#16103);
#5710=VERTEX_POINT('',#16105);
#5711=VERTEX_POINT('',#16107);
#5712=VERTEX_POINT('',#16111);
#5713=VERTEX_POINT('',#16112);
#5714=VERTEX_POINT('',#16114);
#5715=VERTEX_POINT('',#16116);
#5716=VERTEX_POINT('',#16120);
#5717=VERTEX_POINT('',#16121);
#5718=VERTEX_POINT('',#16123);
#5719=VERTEX_POINT('',#16125);
#5720=VERTEX_POINT('',#16129);
#5721=VERTEX_POINT('',#16130);
#5722=VERTEX_POINT('',#16132);
#5723=VERTEX_POINT('',#16134);
#5724=VERTEX_POINT('',#16136);
#5725=VERTEX_POINT('',#16138);
#5726=VERTEX_POINT('',#16142);
#5727=VERTEX_POINT('',#16152);
#5728=VERTEX_POINT('',#16162);
#5729=VERTEX_POINT('',#16172);
#5730=VERTEX_POINT('',#16182);
#5731=VERTEX_POINT('',#16192);
#5732=VERTEX_POINT('',#16202);
#5733=VERTEX_POINT('',#16212);
#5734=VERTEX_POINT('',#16222);
#5735=VERTEX_POINT('',#16232);
#5736=VERTEX_POINT('',#16242);
#5737=VERTEX_POINT('',#16252);
#5738=VERTEX_POINT('',#16262);
#5739=VERTEX_POINT('',#16272);
#5740=VERTEX_POINT('',#16282);
#5741=VERTEX_POINT('',#16292);
#5742=VERTEX_POINT('',#16302);
#5743=VERTEX_POINT('',#16312);
#5744=VERTEX_POINT('',#16322);
#5745=VERTEX_POINT('',#16332);
#5746=VERTEX_POINT('',#16342);
#5747=VERTEX_POINT('',#16343);
#5748=VERTEX_POINT('',#16345);
#5749=VERTEX_POINT('',#16347);
#5750=VERTEX_POINT('',#16349);
#5751=VERTEX_POINT('',#16351);
#5752=VERTEX_POINT('',#16355);
#5753=VERTEX_POINT('',#16356);
#5754=VERTEX_POINT('',#16358);
#5755=VERTEX_POINT('',#16360);
#5756=VERTEX_POINT('',#16364);
#5757=VERTEX_POINT('',#16365);
#5758=VERTEX_POINT('',#16367);
#5759=VERTEX_POINT('',#16369);
#5760=VERTEX_POINT('',#16373);
#5761=VERTEX_POINT('',#16374);
#5762=VERTEX_POINT('',#16376);
#5763=VERTEX_POINT('',#16378);
#5764=VERTEX_POINT('',#16382);
#5765=VERTEX_POINT('',#16383);
#5766=VERTEX_POINT('',#16385);
#5767=VERTEX_POINT('',#16387);
#5768=VERTEX_POINT('',#16391);
#5769=VERTEX_POINT('',#16392);
#5770=VERTEX_POINT('',#16394);
#5771=VERTEX_POINT('',#16396);
#5772=VERTEX_POINT('',#16400);
#5773=VERTEX_POINT('',#16401);
#5774=VERTEX_POINT('',#16403);
#5775=VERTEX_POINT('',#16405);
#5776=VERTEX_POINT('',#16409);
#5777=VERTEX_POINT('',#16410);
#5778=VERTEX_POINT('',#16412);
#5779=VERTEX_POINT('',#16414);
#5780=VERTEX_POINT('',#16418);
#5781=VERTEX_POINT('',#16419);
#5782=VERTEX_POINT('',#16421);
#5783=VERTEX_POINT('',#16423);
#5784=VERTEX_POINT('',#16427);
#5785=VERTEX_POINT('',#16428);
#5786=VERTEX_POINT('',#16430);
#5787=VERTEX_POINT('',#16432);
#5788=VERTEX_POINT('',#16436);
#5789=VERTEX_POINT('',#16437);
#5790=VERTEX_POINT('',#16439);
#5791=VERTEX_POINT('',#16441);
#5792=VERTEX_POINT('',#16443);
#5793=VERTEX_POINT('',#16445);
#5794=VERTEX_POINT('',#16449);
#5795=VERTEX_POINT('',#16459);
#5796=VERTEX_POINT('',#16469);
#5797=VERTEX_POINT('',#16479);
#5798=VERTEX_POINT('',#16489);
#5799=VERTEX_POINT('',#16499);
#5800=VERTEX_POINT('',#16509);
#5801=VERTEX_POINT('',#16519);
#5802=VERTEX_POINT('',#16529);
#5803=VERTEX_POINT('',#16539);
#5804=VERTEX_POINT('',#16549);
#5805=VERTEX_POINT('',#16559);
#5806=VERTEX_POINT('',#16569);
#5807=VERTEX_POINT('',#16579);
#5808=VERTEX_POINT('',#16589);
#5809=VERTEX_POINT('',#16599);
#5810=VERTEX_POINT('',#16609);
#5811=VERTEX_POINT('',#16619);
#5812=VERTEX_POINT('',#16629);
#5813=VERTEX_POINT('',#16639);
#5814=VERTEX_POINT('',#16649);
#5815=VERTEX_POINT('',#16653);
#5816=VERTEX_POINT('',#16654);
#5817=VERTEX_POINT('',#16656);
#5818=VERTEX_POINT('',#16660);
#5819=VERTEX_POINT('',#16661);
#5820=VERTEX_POINT('',#16663);
#5821=VERTEX_POINT('',#16667);
#5822=VERTEX_POINT('',#16668);
#5823=VERTEX_POINT('',#16670);
#5824=VERTEX_POINT('',#16674);
#5825=VERTEX_POINT('',#16675);
#5826=VERTEX_POINT('',#16677);
#5827=VERTEX_POINT('',#16681);
#5828=VERTEX_POINT('',#16682);
#5829=VERTEX_POINT('',#16684);
#5830=VERTEX_POINT('',#16688);
#5831=VERTEX_POINT('',#16689);
#5832=VERTEX_POINT('',#16691);
#5833=VERTEX_POINT('',#16695);
#5834=VERTEX_POINT('',#16696);
#5835=VERTEX_POINT('',#16698);
#5836=VERTEX_POINT('',#16702);
#5837=VERTEX_POINT('',#16703);
#5838=VERTEX_POINT('',#16705);
#5839=VERTEX_POINT('',#16709);
#5840=VERTEX_POINT('',#16710);
#5841=VERTEX_POINT('',#16712);
#5842=VERTEX_POINT('',#16716);
#5843=VERTEX_POINT('',#16717);
#5844=VERTEX_POINT('',#16719);
#5845=VERTEX_POINT('',#16723);
#5846=VERTEX_POINT('',#16724);
#5847=VERTEX_POINT('',#16726);
#5848=VERTEX_POINT('',#16730);
#5849=VERTEX_POINT('',#16731);
#5850=VERTEX_POINT('',#16733);
#5851=VERTEX_POINT('',#16737);
#5852=VERTEX_POINT('',#16738);
#5853=VERTEX_POINT('',#16740);
#5854=VERTEX_POINT('',#16744);
#5855=VERTEX_POINT('',#16745);
#5856=VERTEX_POINT('',#16747);
#5857=VERTEX_POINT('',#16751);
#5858=VERTEX_POINT('',#16752);
#5859=VERTEX_POINT('',#16754);
#5860=VERTEX_POINT('',#16758);
#5861=VERTEX_POINT('',#16759);
#5862=VERTEX_POINT('',#16761);
#5863=VERTEX_POINT('',#16765);
#5864=VERTEX_POINT('',#16766);
#5865=VERTEX_POINT('',#16768);
#5866=VERTEX_POINT('',#16772);
#5867=VERTEX_POINT('',#16773);
#5868=VERTEX_POINT('',#16775);
#5869=VERTEX_POINT('',#16779);
#5870=VERTEX_POINT('',#16783);
#5871=VERTEX_POINT('',#16787);
#5872=VERTEX_POINT('',#16788);
#5873=VERTEX_POINT('',#16790);
#5874=VERTEX_POINT('',#16794);
#5875=VERTEX_POINT('',#16795);
#5876=VERTEX_POINT('',#16797);
#5877=VERTEX_POINT('',#16801);
#5878=VERTEX_POINT('',#16802);
#5879=VERTEX_POINT('',#16804);
#5880=VERTEX_POINT('',#16808);
#5881=VERTEX_POINT('',#16809);
#5882=VERTEX_POINT('',#16811);
#5883=VERTEX_POINT('',#16815);
#5884=VERTEX_POINT('',#16816);
#5885=VERTEX_POINT('',#16818);
#5886=VERTEX_POINT('',#16822);
#5887=VERTEX_POINT('',#16823);
#5888=VERTEX_POINT('',#16825);
#5889=VERTEX_POINT('',#16829);
#5890=VERTEX_POINT('',#16830);
#5891=VERTEX_POINT('',#16832);
#5892=VERTEX_POINT('',#16836);
#5893=VERTEX_POINT('',#16837);
#5894=VERTEX_POINT('',#16839);
#5895=VERTEX_POINT('',#16843);
#5896=VERTEX_POINT('',#16844);
#5897=VERTEX_POINT('',#16846);
#5898=VERTEX_POINT('',#16850);
#5899=VERTEX_POINT('',#16851);
#5900=VERTEX_POINT('',#16853);
#5901=VERTEX_POINT('',#16857);
#5902=VERTEX_POINT('',#16858);
#5903=VERTEX_POINT('',#16860);
#5904=VERTEX_POINT('',#16864);
#5905=VERTEX_POINT('',#16865);
#5906=VERTEX_POINT('',#16867);
#5907=VERTEX_POINT('',#16871);
#5908=VERTEX_POINT('',#16872);
#5909=VERTEX_POINT('',#16874);
#5910=VERTEX_POINT('',#16878);
#5911=VERTEX_POINT('',#16879);
#5912=VERTEX_POINT('',#16881);
#5913=VERTEX_POINT('',#16885);
#5914=VERTEX_POINT('',#16886);
#5915=VERTEX_POINT('',#16888);
#5916=VERTEX_POINT('',#16892);
#5917=VERTEX_POINT('',#16893);
#5918=VERTEX_POINT('',#16895);
#5919=VERTEX_POINT('',#16899);
#5920=VERTEX_POINT('',#16900);
#5921=VERTEX_POINT('',#16902);
#5922=VERTEX_POINT('',#16906);
#5923=VERTEX_POINT('',#16907);
#5924=VERTEX_POINT('',#16909);
#5925=VERTEX_POINT('',#16913);
#5926=VERTEX_POINT('',#16971);
#5927=VERTEX_POINT('',#16972);
#5928=VERTEX_POINT('',#16976);
#5929=VERTEX_POINT('',#16982);
#5930=VERTEX_POINT('',#16984);
#5931=VERTEX_POINT('',#16992);
#5932=VERTEX_POINT('',#16994);
#5933=VERTEX_POINT('',#17002);
#5934=VERTEX_POINT('',#17004);
#5935=VERTEX_POINT('',#17012);
#5936=VERTEX_POINT('',#17014);
#5937=VERTEX_POINT('',#17022);
#5938=VERTEX_POINT('',#17023);
#5939=VERTEX_POINT('',#17025);
#5940=VERTEX_POINT('',#17027);
#5941=VERTEX_POINT('',#17031);
#5942=VERTEX_POINT('',#17033);
#5943=VERTEX_POINT('',#17035);
#5944=VERTEX_POINT('',#17037);
#5945=VERTEX_POINT('',#17052);
#5946=VERTEX_POINT('',#17056);
#5947=VERTEX_POINT('',#17058);
#5948=VERTEX_POINT('',#17060);
#5949=VERTEX_POINT('',#17073);
#5950=VERTEX_POINT('',#17075);
#5951=VERTEX_POINT('',#17081);
#5952=VERTEX_POINT('',#17083);
#5953=VERTEX_POINT('',#17087);
#5954=VERTEX_POINT('',#17089);
#5955=VERTEX_POINT('',#17093);
#5956=VERTEX_POINT('',#17094);
#5957=VERTEX_POINT('',#17133);
#5958=VERTEX_POINT('',#17141);
#5959=VERTEX_POINT('',#17143);
#5960=VERTEX_POINT('',#17145);
#5961=VERTEX_POINT('',#17153);
#5962=VERTEX_POINT('',#17155);
#5963=VERTEX_POINT('',#17163);
#5964=VERTEX_POINT('',#17165);
#5965=VERTEX_POINT('',#17173);
#5966=VERTEX_POINT('',#17175);
#5967=VERTEX_POINT('',#17183);
#5968=VERTEX_POINT('',#17185);
#5969=VERTEX_POINT('',#17193);
#5970=VERTEX_POINT('',#17212);
#5971=VERTEX_POINT('',#17216);
#5972=VERTEX_POINT('',#17217);
#5973=VERTEX_POINT('',#17222);
#5974=VERTEX_POINT('',#17224);
#5975=VERTEX_POINT('',#17228);
#5976=VERTEX_POINT('',#17230);
#5977=VERTEX_POINT('',#17233);
#5978=VERTEX_POINT('',#17237);
#5979=VERTEX_POINT('',#17238);
#5980=VERTEX_POINT('',#17293);
#5981=VERTEX_POINT('',#17294);
#5982=VERTEX_POINT('',#17296);
#5983=VERTEX_POINT('',#17298);
#5984=VERTEX_POINT('',#17302);
#5985=VERTEX_POINT('',#17304);
#5986=VERTEX_POINT('',#17308);
#5987=VERTEX_POINT('',#17310);
#5988=VERTEX_POINT('',#17314);
#5989=VERTEX_POINT('',#17316);
#5990=VERTEX_POINT('',#17320);
#5991=VERTEX_POINT('',#17322);
#5992=VERTEX_POINT('',#17326);
#5993=VERTEX_POINT('',#17330);
#5994=VERTEX_POINT('',#17334);
#5995=VERTEX_POINT('',#17335);
#5996=VERTEX_POINT('',#17337);
#5997=VERTEX_POINT('',#17339);
#5998=VERTEX_POINT('',#17343);
#5999=VERTEX_POINT('',#17345);
#6000=VERTEX_POINT('',#17349);
#6001=VERTEX_POINT('',#17351);
#6002=VERTEX_POINT('',#17355);
#6003=VERTEX_POINT('',#17356);
#6004=VERTEX_POINT('',#17358);
#6005=VERTEX_POINT('',#17360);
#6006=VERTEX_POINT('',#17364);
#6007=VERTEX_POINT('',#17366);
#6008=VERTEX_POINT('',#17370);
#6009=VERTEX_POINT('',#17372);
#6010=VERTEX_POINT('',#17376);
#6011=VERTEX_POINT('',#17377);
#6012=VERTEX_POINT('',#17379);
#6013=VERTEX_POINT('',#17381);
#6014=VERTEX_POINT('',#17385);
#6015=VERTEX_POINT('',#17387);
#6016=VERTEX_POINT('',#17391);
#6017=VERTEX_POINT('',#17393);
#6018=VERTEX_POINT('',#17397);
#6019=VERTEX_POINT('',#17398);
#6020=VERTEX_POINT('',#17400);
#6021=VERTEX_POINT('',#17402);
#6022=VERTEX_POINT('',#17406);
#6023=VERTEX_POINT('',#17408);
#6024=VERTEX_POINT('',#17412);
#6025=VERTEX_POINT('',#17414);
#6026=VERTEX_POINT('',#17418);
#6027=VERTEX_POINT('',#17419);
#6028=VERTEX_POINT('',#17421);
#6029=VERTEX_POINT('',#17423);
#6030=VERTEX_POINT('',#17427);
#6031=VERTEX_POINT('',#17429);
#6032=VERTEX_POINT('',#17433);
#6033=VERTEX_POINT('',#17435);
#6034=VERTEX_POINT('',#17439);
#6035=VERTEX_POINT('',#17440);
#6036=VERTEX_POINT('',#17442);
#6037=VERTEX_POINT('',#17444);
#6038=VERTEX_POINT('',#17448);
#6039=VERTEX_POINT('',#17450);
#6040=VERTEX_POINT('',#17454);
#6041=VERTEX_POINT('',#17456);
#6042=VERTEX_POINT('',#17460);
#6043=VERTEX_POINT('',#17461);
#6044=VERTEX_POINT('',#17463);
#6045=VERTEX_POINT('',#17465);
#6046=VERTEX_POINT('',#17469);
#6047=VERTEX_POINT('',#17471);
#6048=VERTEX_POINT('',#17475);
#6049=VERTEX_POINT('',#17477);
#6050=VERTEX_POINT('',#17481);
#6051=VERTEX_POINT('',#17482);
#6052=VERTEX_POINT('',#17484);
#6053=VERTEX_POINT('',#17486);
#6054=VERTEX_POINT('',#17490);
#6055=VERTEX_POINT('',#17492);
#6056=VERTEX_POINT('',#17496);
#6057=VERTEX_POINT('',#17498);
#6058=VERTEX_POINT('',#17502);
#6059=VERTEX_POINT('',#17503);
#6060=VERTEX_POINT('',#17505);
#6061=VERTEX_POINT('',#17507);
#6062=VERTEX_POINT('',#17511);
#6063=VERTEX_POINT('',#17513);
#6064=VERTEX_POINT('',#17517);
#6065=VERTEX_POINT('',#17519);
#6066=VERTEX_POINT('',#17523);
#6067=VERTEX_POINT('',#17524);
#6068=VERTEX_POINT('',#17526);
#6069=VERTEX_POINT('',#17528);
#6070=VERTEX_POINT('',#17532);
#6071=VERTEX_POINT('',#17534);
#6072=VERTEX_POINT('',#17538);
#6073=VERTEX_POINT('',#17540);
#6074=VERTEX_POINT('',#17544);
#6075=VERTEX_POINT('',#17545);
#6076=VERTEX_POINT('',#17547);
#6077=VERTEX_POINT('',#17549);
#6078=VERTEX_POINT('',#17553);
#6079=VERTEX_POINT('',#17555);
#6080=VERTEX_POINT('',#17559);
#6081=VERTEX_POINT('',#17561);
#6082=VERTEX_POINT('',#17565);
#6083=VERTEX_POINT('',#17566);
#6084=VERTEX_POINT('',#17568);
#6085=VERTEX_POINT('',#17570);
#6086=VERTEX_POINT('',#17574);
#6087=VERTEX_POINT('',#17576);
#6088=VERTEX_POINT('',#17580);
#6089=VERTEX_POINT('',#17582);
#6090=VERTEX_POINT('',#17586);
#6091=VERTEX_POINT('',#17587);
#6092=VERTEX_POINT('',#17589);
#6093=VERTEX_POINT('',#17591);
#6094=VERTEX_POINT('',#17595);
#6095=VERTEX_POINT('',#17597);
#6096=VERTEX_POINT('',#17601);
#6097=VERTEX_POINT('',#17603);
#6098=VERTEX_POINT('',#17607);
#6099=VERTEX_POINT('',#17608);
#6100=VERTEX_POINT('',#17610);
#6101=VERTEX_POINT('',#17612);
#6102=VERTEX_POINT('',#17616);
#6103=VERTEX_POINT('',#17618);
#6104=VERTEX_POINT('',#17622);
#6105=VERTEX_POINT('',#17624);
#6106=VERTEX_POINT('',#17628);
#6107=VERTEX_POINT('',#17629);
#6108=VERTEX_POINT('',#17631);
#6109=VERTEX_POINT('',#17633);
#6110=VERTEX_POINT('',#17637);
#6111=VERTEX_POINT('',#17639);
#6112=VERTEX_POINT('',#17643);
#6113=VERTEX_POINT('',#17645);
#6114=VERTEX_POINT('',#17649);
#6115=VERTEX_POINT('',#17650);
#6116=VERTEX_POINT('',#17652);
#6117=VERTEX_POINT('',#17654);
#6118=VERTEX_POINT('',#17658);
#6119=VERTEX_POINT('',#17660);
#6120=VERTEX_POINT('',#17664);
#6121=VERTEX_POINT('',#17666);
#6122=VERTEX_POINT('',#17670);
#6123=VERTEX_POINT('',#17671);
#6124=VERTEX_POINT('',#17673);
#6125=VERTEX_POINT('',#17675);
#6126=VERTEX_POINT('',#17679);
#6127=VERTEX_POINT('',#17681);
#6128=VERTEX_POINT('',#17685);
#6129=VERTEX_POINT('',#17687);
#6130=VERTEX_POINT('',#17691);
#6131=VERTEX_POINT('',#17692);
#6132=VERTEX_POINT('',#17694);
#6133=VERTEX_POINT('',#17696);
#6134=VERTEX_POINT('',#17700);
#6135=VERTEX_POINT('',#17702);
#6136=VERTEX_POINT('',#17706);
#6137=VERTEX_POINT('',#17708);
#6138=VERTEX_POINT('',#17712);
#6139=VERTEX_POINT('',#17713);
#6140=VERTEX_POINT('',#17715);
#6141=VERTEX_POINT('',#17717);
#6142=VERTEX_POINT('',#17721);
#6143=VERTEX_POINT('',#17723);
#6144=VERTEX_POINT('',#17727);
#6145=VERTEX_POINT('',#17729);
#6146=VERTEX_POINT('',#17733);
#6147=VERTEX_POINT('',#17734);
#6148=VERTEX_POINT('',#17736);
#6149=VERTEX_POINT('',#17738);
#6150=VERTEX_POINT('',#17742);
#6151=VERTEX_POINT('',#17744);
#6152=VERTEX_POINT('',#17748);
#6153=VERTEX_POINT('',#17750);
#6154=VERTEX_POINT('',#17754);
#6155=VERTEX_POINT('',#17755);
#6156=VERTEX_POINT('',#17757);
#6157=VERTEX_POINT('',#17759);
#6158=VERTEX_POINT('',#17763);
#6159=VERTEX_POINT('',#17765);
#6160=VERTEX_POINT('',#17769);
#6161=VERTEX_POINT('',#17771);
#6162=VERTEX_POINT('',#17775);
#6163=VERTEX_POINT('',#17776);
#6164=VERTEX_POINT('',#17778);
#6165=VERTEX_POINT('',#17780);
#6166=VERTEX_POINT('',#17784);
#6167=VERTEX_POINT('',#17786);
#6168=VERTEX_POINT('',#17790);
#6169=VERTEX_POINT('',#17792);
#6170=VERTEX_POINT('',#17796);
#6171=VERTEX_POINT('',#17797);
#6172=VERTEX_POINT('',#17799);
#6173=VERTEX_POINT('',#17801);
#6174=VERTEX_POINT('',#17805);
#6175=VERTEX_POINT('',#17807);
#6176=VERTEX_POINT('',#17811);
#6177=VERTEX_POINT('',#17813);
#6178=VERTEX_POINT('',#17817);
#6179=VERTEX_POINT('',#17818);
#6180=VERTEX_POINT('',#17820);
#6181=VERTEX_POINT('',#17822);
#6182=VERTEX_POINT('',#17826);
#6183=VERTEX_POINT('',#17828);
#6184=VERTEX_POINT('',#17832);
#6185=VERTEX_POINT('',#17834);
#6186=VERTEX_POINT('',#17838);
#6187=VERTEX_POINT('',#17839);
#6188=VERTEX_POINT('',#17841);
#6189=VERTEX_POINT('',#17843);
#6190=VERTEX_POINT('',#17847);
#6191=VERTEX_POINT('',#17849);
#6192=VERTEX_POINT('',#17853);
#6193=VERTEX_POINT('',#17855);
#6194=VERTEX_POINT('',#17859);
#6195=VERTEX_POINT('',#17860);
#6196=VERTEX_POINT('',#17862);
#6197=VERTEX_POINT('',#17864);
#6198=VERTEX_POINT('',#17868);
#6199=VERTEX_POINT('',#17870);
#6200=VERTEX_POINT('',#17874);
#6201=VERTEX_POINT('',#17876);
#6202=VERTEX_POINT('',#17880);
#6203=VERTEX_POINT('',#17881);
#6204=VERTEX_POINT('',#17883);
#6205=VERTEX_POINT('',#17885);
#6206=VERTEX_POINT('',#17889);
#6207=VERTEX_POINT('',#17891);
#6208=VERTEX_POINT('',#17895);
#6209=VERTEX_POINT('',#17897);
#6210=VERTEX_POINT('',#17901);
#6211=VERTEX_POINT('',#17902);
#6212=VERTEX_POINT('',#17904);
#6213=VERTEX_POINT('',#17906);
#6214=VERTEX_POINT('',#17910);
#6215=VERTEX_POINT('',#17912);
#6216=VERTEX_POINT('',#17916);
#6217=VERTEX_POINT('',#17918);
#6218=VERTEX_POINT('',#17922);
#6219=VERTEX_POINT('',#17923);
#6220=VERTEX_POINT('',#17925);
#6221=VERTEX_POINT('',#17927);
#6222=VERTEX_POINT('',#17931);
#6223=VERTEX_POINT('',#17933);
#6224=VERTEX_POINT('',#17937);
#6225=VERTEX_POINT('',#17939);
#6226=VERTEX_POINT('',#17943);
#6227=VERTEX_POINT('',#17944);
#6228=VERTEX_POINT('',#17946);
#6229=VERTEX_POINT('',#17948);
#6230=VERTEX_POINT('',#17952);
#6231=VERTEX_POINT('',#17954);
#6232=VERTEX_POINT('',#17958);
#6233=VERTEX_POINT('',#17960);
#6234=VERTEX_POINT('',#17964);
#6235=VERTEX_POINT('',#17966);
#6236=VERTEX_POINT('',#17970);
#6237=VERTEX_POINT('',#17971);
#6238=VERTEX_POINT('',#17973);
#6239=VERTEX_POINT('',#17975);
#6240=VERTEX_POINT('',#17979);
#6241=VERTEX_POINT('',#17981);
#6242=VERTEX_POINT('',#17985);
#6243=VERTEX_POINT('',#17987);
#6244=VERTEX_POINT('',#17991);
#6245=VERTEX_POINT('',#17992);
#6246=VERTEX_POINT('',#17994);
#6247=VERTEX_POINT('',#17996);
#6248=VERTEX_POINT('',#18000);
#6249=VERTEX_POINT('',#18002);
#6250=VERTEX_POINT('',#18006);
#6251=VERTEX_POINT('',#18008);
#6252=VERTEX_POINT('',#18012);
#6253=VERTEX_POINT('',#18013);
#6254=VERTEX_POINT('',#18015);
#6255=VERTEX_POINT('',#18017);
#6256=VERTEX_POINT('',#18021);
#6257=VERTEX_POINT('',#18023);
#6258=VERTEX_POINT('',#18027);
#6259=VERTEX_POINT('',#18029);
#6260=VERTEX_POINT('',#18033);
#6261=VERTEX_POINT('',#18034);
#6262=VERTEX_POINT('',#18036);
#6263=VERTEX_POINT('',#18038);
#6264=VERTEX_POINT('',#18042);
#6265=VERTEX_POINT('',#18044);
#6266=VERTEX_POINT('',#18048);
#6267=VERTEX_POINT('',#18050);
#6268=VERTEX_POINT('',#18054);
#6269=VERTEX_POINT('',#18055);
#6270=VERTEX_POINT('',#18057);
#6271=VERTEX_POINT('',#18059);
#6272=VERTEX_POINT('',#18063);
#6273=VERTEX_POINT('',#18065);
#6274=VERTEX_POINT('',#18069);
#6275=VERTEX_POINT('',#18071);
#6276=VERTEX_POINT('',#18075);
#6277=VERTEX_POINT('',#18077);
#6278=VERTEX_POINT('',#18081);
#6279=VERTEX_POINT('',#18082);
#6280=VERTEX_POINT('',#18084);
#6281=VERTEX_POINT('',#18086);
#6282=VERTEX_POINT('',#18090);
#6283=VERTEX_POINT('',#18092);
#6284=VERTEX_POINT('',#18096);
#6285=VERTEX_POINT('',#18098);
#6286=VERTEX_POINT('',#18102);
#6287=VERTEX_POINT('',#18103);
#6288=VERTEX_POINT('',#18105);
#6289=VERTEX_POINT('',#18107);
#6290=VERTEX_POINT('',#18111);
#6291=VERTEX_POINT('',#18113);
#6292=VERTEX_POINT('',#18117);
#6293=VERTEX_POINT('',#18119);
#6294=VERTEX_POINT('',#18123);
#6295=VERTEX_POINT('',#18125);
#6296=VERTEX_POINT('',#18129);
#6297=VERTEX_POINT('',#18130);
#6298=VERTEX_POINT('',#18132);
#6299=VERTEX_POINT('',#18134);
#6300=VERTEX_POINT('',#18138);
#6301=VERTEX_POINT('',#18140);
#6302=VERTEX_POINT('',#18144);
#6303=VERTEX_POINT('',#18146);
#6304=VERTEX_POINT('',#18150);
#6305=VERTEX_POINT('',#18151);
#6306=VERTEX_POINT('',#18153);
#6307=VERTEX_POINT('',#18155);
#6308=VERTEX_POINT('',#18159);
#6309=VERTEX_POINT('',#18161);
#6310=VERTEX_POINT('',#18165);
#6311=VERTEX_POINT('',#18167);
#6312=VERTEX_POINT('',#18171);
#6313=VERTEX_POINT('',#18172);
#6314=VERTEX_POINT('',#18174);
#6315=VERTEX_POINT('',#18176);
#6316=VERTEX_POINT('',#18180);
#6317=VERTEX_POINT('',#18182);
#6318=VERTEX_POINT('',#18186);
#6319=VERTEX_POINT('',#18188);
#6320=VERTEX_POINT('',#18192);
#6321=VERTEX_POINT('',#18193);
#6322=VERTEX_POINT('',#18195);
#6323=VERTEX_POINT('',#18197);
#6324=VERTEX_POINT('',#18201);
#6325=VERTEX_POINT('',#18203);
#6326=VERTEX_POINT('',#18207);
#6327=VERTEX_POINT('',#18209);
#6328=VERTEX_POINT('',#18213);
#6329=VERTEX_POINT('',#18214);
#6330=VERTEX_POINT('',#18216);
#6331=VERTEX_POINT('',#18218);
#6332=VERTEX_POINT('',#18222);
#6333=VERTEX_POINT('',#18224);
#6334=VERTEX_POINT('',#18228);
#6335=VERTEX_POINT('',#18230);
#6336=VERTEX_POINT('',#18234);
#6337=VERTEX_POINT('',#18235);
#6338=VERTEX_POINT('',#18237);
#6339=VERTEX_POINT('',#18239);
#6340=VERTEX_POINT('',#18243);
#6341=VERTEX_POINT('',#18245);
#6342=VERTEX_POINT('',#18249);
#6343=VERTEX_POINT('',#18251);
#6344=VERTEX_POINT('',#18255);
#6345=VERTEX_POINT('',#18256);
#6346=VERTEX_POINT('',#18258);
#6347=VERTEX_POINT('',#18260);
#6348=VERTEX_POINT('',#18264);
#6349=VERTEX_POINT('',#18266);
#6350=VERTEX_POINT('',#18270);
#6351=VERTEX_POINT('',#18272);
#6352=VERTEX_POINT('',#18276);
#6353=VERTEX_POINT('',#18277);
#6354=VERTEX_POINT('',#18279);
#6355=VERTEX_POINT('',#18281);
#6356=VERTEX_POINT('',#18285);
#6357=VERTEX_POINT('',#18287);
#6358=VERTEX_POINT('',#18291);
#6359=VERTEX_POINT('',#18293);
#6360=VERTEX_POINT('',#18297);
#6361=VERTEX_POINT('',#18298);
#6362=VERTEX_POINT('',#18300);
#6363=VERTEX_POINT('',#18302);
#6364=VERTEX_POINT('',#18306);
#6365=VERTEX_POINT('',#18308);
#6366=VERTEX_POINT('',#18312);
#6367=VERTEX_POINT('',#18314);
#6368=VERTEX_POINT('',#18318);
#6369=VERTEX_POINT('',#18319);
#6370=VERTEX_POINT('',#18321);
#6371=VERTEX_POINT('',#18323);
#6372=VERTEX_POINT('',#18327);
#6373=VERTEX_POINT('',#18329);
#6374=VERTEX_POINT('',#18333);
#6375=VERTEX_POINT('',#18335);
#6376=VERTEX_POINT('',#18339);
#6377=VERTEX_POINT('',#18340);
#6378=VERTEX_POINT('',#18342);
#6379=VERTEX_POINT('',#18344);
#6380=VERTEX_POINT('',#18348);
#6381=VERTEX_POINT('',#18350);
#6382=VERTEX_POINT('',#18354);
#6383=VERTEX_POINT('',#18356);
#6384=VERTEX_POINT('',#18360);
#6385=VERTEX_POINT('',#18361);
#6386=VERTEX_POINT('',#18363);
#6387=VERTEX_POINT('',#18365);
#6388=VERTEX_POINT('',#18369);
#6389=VERTEX_POINT('',#18371);
#6390=VERTEX_POINT('',#18375);
#6391=VERTEX_POINT('',#18377);
#6392=VERTEX_POINT('',#18381);
#6393=VERTEX_POINT('',#18382);
#6394=VERTEX_POINT('',#18384);
#6395=VERTEX_POINT('',#18386);
#6396=VERTEX_POINT('',#18390);
#6397=VERTEX_POINT('',#18392);
#6398=VERTEX_POINT('',#18396);
#6399=VERTEX_POINT('',#18398);
#6400=VERTEX_POINT('',#18402);
#6401=VERTEX_POINT('',#18403);
#6402=VERTEX_POINT('',#18405);
#6403=VERTEX_POINT('',#18407);
#6404=VERTEX_POINT('',#18411);
#6405=VERTEX_POINT('',#18413);
#6406=VERTEX_POINT('',#18417);
#6407=VERTEX_POINT('',#18419);
#6408=VERTEX_POINT('',#18423);
#6409=VERTEX_POINT('',#18424);
#6410=VERTEX_POINT('',#18426);
#6411=VERTEX_POINT('',#18428);
#6412=VERTEX_POINT('',#18432);
#6413=VERTEX_POINT('',#18434);
#6414=VERTEX_POINT('',#18438);
#6415=VERTEX_POINT('',#18440);
#6416=VERTEX_POINT('',#18444);
#6417=VERTEX_POINT('',#18445);
#6418=VERTEX_POINT('',#18447);
#6419=VERTEX_POINT('',#18449);
#6420=VERTEX_POINT('',#18453);
#6421=VERTEX_POINT('',#18455);
#6422=VERTEX_POINT('',#18459);
#6423=VERTEX_POINT('',#18461);
#6424=VERTEX_POINT('',#18465);
#6425=VERTEX_POINT('',#18466);
#6426=VERTEX_POINT('',#18468);
#6427=VERTEX_POINT('',#18470);
#6428=VERTEX_POINT('',#18474);
#6429=VERTEX_POINT('',#18476);
#6430=VERTEX_POINT('',#18480);
#6431=VERTEX_POINT('',#18482);
#6432=VERTEX_POINT('',#18486);
#6433=VERTEX_POINT('',#18487);
#6434=VERTEX_POINT('',#18489);
#6435=VERTEX_POINT('',#18491);
#6436=VERTEX_POINT('',#18495);
#6437=VERTEX_POINT('',#18497);
#6438=VERTEX_POINT('',#18501);
#6439=VERTEX_POINT('',#18503);
#6440=VERTEX_POINT('',#18507);
#6441=VERTEX_POINT('',#18508);
#6442=VERTEX_POINT('',#18510);
#6443=VERTEX_POINT('',#18512);
#6444=VERTEX_POINT('',#18516);
#6445=VERTEX_POINT('',#18518);
#6446=VERTEX_POINT('',#18522);
#6447=VERTEX_POINT('',#18524);
#6448=VERTEX_POINT('',#18528);
#6449=VERTEX_POINT('',#18529);
#6450=VERTEX_POINT('',#18531);
#6451=VERTEX_POINT('',#18533);
#6452=VERTEX_POINT('',#18537);
#6453=VERTEX_POINT('',#18539);
#6454=VERTEX_POINT('',#18543);
#6455=VERTEX_POINT('',#18545);
#6456=VERTEX_POINT('',#18549);
#6457=VERTEX_POINT('',#18550);
#6458=VERTEX_POINT('',#18552);
#6459=VERTEX_POINT('',#18554);
#6460=VERTEX_POINT('',#18558);
#6461=VERTEX_POINT('',#18560);
#6462=VERTEX_POINT('',#18564);
#6463=VERTEX_POINT('',#18566);
#6464=VERTEX_POINT('',#18570);
#6465=VERTEX_POINT('',#18571);
#6466=VERTEX_POINT('',#18573);
#6467=VERTEX_POINT('',#18575);
#6468=VERTEX_POINT('',#18579);
#6469=VERTEX_POINT('',#18581);
#6470=VERTEX_POINT('',#18585);
#6471=VERTEX_POINT('',#18587);
#6472=VERTEX_POINT('',#18591);
#6473=VERTEX_POINT('',#18592);
#6474=VERTEX_POINT('',#18594);
#6475=VERTEX_POINT('',#18596);
#6476=VERTEX_POINT('',#18600);
#6477=VERTEX_POINT('',#18602);
#6478=VERTEX_POINT('',#18606);
#6479=VERTEX_POINT('',#18608);
#6480=VERTEX_POINT('',#18612);
#6481=VERTEX_POINT('',#18613);
#6482=VERTEX_POINT('',#18615);
#6483=VERTEX_POINT('',#18617);
#6484=VERTEX_POINT('',#18621);
#6485=VERTEX_POINT('',#18623);
#6486=VERTEX_POINT('',#18627);
#6487=VERTEX_POINT('',#18629);
#6488=VERTEX_POINT('',#18633);
#6489=VERTEX_POINT('',#18634);
#6490=VERTEX_POINT('',#18636);
#6491=VERTEX_POINT('',#18638);
#6492=VERTEX_POINT('',#18642);
#6493=VERTEX_POINT('',#18644);
#6494=VERTEX_POINT('',#18648);
#6495=VERTEX_POINT('',#18650);
#6496=VERTEX_POINT('',#18654);
#6497=VERTEX_POINT('',#18655);
#6498=VERTEX_POINT('',#18657);
#6499=VERTEX_POINT('',#18659);
#6500=VERTEX_POINT('',#18663);
#6501=VERTEX_POINT('',#18665);
#6502=VERTEX_POINT('',#18669);
#6503=VERTEX_POINT('',#18671);
#6504=VERTEX_POINT('',#18675);
#6505=VERTEX_POINT('',#18676);
#6506=VERTEX_POINT('',#18678);
#6507=VERTEX_POINT('',#18680);
#6508=VERTEX_POINT('',#18684);
#6509=VERTEX_POINT('',#18686);
#6510=VERTEX_POINT('',#18690);
#6511=VERTEX_POINT('',#18692);
#6512=VERTEX_POINT('',#18696);
#6513=VERTEX_POINT('',#18697);
#6514=VERTEX_POINT('',#18699);
#6515=VERTEX_POINT('',#18701);
#6516=VERTEX_POINT('',#18705);
#6517=VERTEX_POINT('',#18707);
#6518=VERTEX_POINT('',#18711);
#6519=VERTEX_POINT('',#18713);
#6520=VERTEX_POINT('',#18985);
#6521=VERTEX_POINT('',#18987);
#6522=VERTEX_POINT('',#18991);
#6523=VERTEX_POINT('',#18993);
#6524=VERTEX_POINT('',#18997);
#6525=VERTEX_POINT('',#18999);
#6526=VERTEX_POINT('',#19003);
#6527=VERTEX_POINT('',#19005);
#6528=VERTEX_POINT('',#19009);
#6529=VERTEX_POINT('',#19011);
#6530=VERTEX_POINT('',#19015);
#6531=VERTEX_POINT('',#19017);
#6532=VERTEX_POINT('',#19021);
#6533=VERTEX_POINT('',#19023);
#6534=VERTEX_POINT('',#19027);
#6535=VERTEX_POINT('',#19029);
#6536=VERTEX_POINT('',#19033);
#6537=VERTEX_POINT('',#19035);
#6538=VERTEX_POINT('',#19039);
#6539=VERTEX_POINT('',#19041);
#6540=VERTEX_POINT('',#19045);
#6541=VERTEX_POINT('',#19047);
#6542=VERTEX_POINT('',#19051);
#6543=VERTEX_POINT('',#19053);
#6544=VERTEX_POINT('',#19057);
#6545=VERTEX_POINT('',#19059);
#6546=VERTEX_POINT('',#19063);
#6547=VERTEX_POINT('',#19065);
#6548=VERTEX_POINT('',#19069);
#6549=VERTEX_POINT('',#19071);
#6550=VERTEX_POINT('',#19075);
#6551=VERTEX_POINT('',#19077);
#6552=VERTEX_POINT('',#19081);
#6553=VERTEX_POINT('',#19082);
#6554=VERTEX_POINT('',#19084);
#6555=VERTEX_POINT('',#19086);
#6556=VERTEX_POINT('',#19090);
#6557=VERTEX_POINT('',#19092);
#6558=VERTEX_POINT('',#19096);
#6559=VERTEX_POINT('',#19098);
#6560=VERTEX_POINT('',#19102);
#6561=VERTEX_POINT('',#19104);
#6562=VERTEX_POINT('',#19108);
#6563=VERTEX_POINT('',#19110);
#6564=VERTEX_POINT('',#19114);
#6565=VERTEX_POINT('',#19116);
#6566=VERTEX_POINT('',#19120);
#6567=VERTEX_POINT('',#19122);
#6568=VERTEX_POINT('',#19126);
#6569=VERTEX_POINT('',#19128);
#6570=VERTEX_POINT('',#19132);
#6571=VERTEX_POINT('',#19134);
#6572=VERTEX_POINT('',#19138);
#6573=VERTEX_POINT('',#19140);
#6574=VERTEX_POINT('',#19144);
#6575=VERTEX_POINT('',#19146);
#6576=VERTEX_POINT('',#19150);
#6577=VERTEX_POINT('',#19152);
#6578=VERTEX_POINT('',#19156);
#6579=VERTEX_POINT('',#19158);
#6580=VERTEX_POINT('',#19162);
#6581=VERTEX_POINT('',#19164);
#6582=VERTEX_POINT('',#19168);
#6583=VERTEX_POINT('',#19170);
#6584=VERTEX_POINT('',#19174);
#6585=VERTEX_POINT('',#19176);
#6586=VERTEX_POINT('',#19180);
#6587=VERTEX_POINT('',#19182);
#6588=VERTEX_POINT('',#19186);
#6589=VERTEX_POINT('',#19188);
#6590=VERTEX_POINT('',#19192);
#6591=VERTEX_POINT('',#19194);
#6592=EDGE_CURVE('',#5582,#5582,#5360,.T.);
#6593=EDGE_CURVE('',#5582,#5583,#2962,.T.);
#6594=EDGE_CURVE('',#5583,#5583,#5361,.T.);
#6595=EDGE_CURVE('',#5584,#5584,#5362,.T.);
#6596=EDGE_CURVE('',#5584,#5585,#2963,.T.);
#6597=EDGE_CURVE('',#5585,#5585,#5363,.T.);
#6598=EDGE_CURVE('',#5586,#5586,#5364,.T.);
#6599=EDGE_CURVE('',#5586,#5587,#2964,.T.);
#6600=EDGE_CURVE('',#5587,#5587,#5365,.T.);
#6601=EDGE_CURVE('',#5588,#5588,#5366,.T.);
#6602=EDGE_CURVE('',#5588,#5589,#2965,.T.);
#6603=EDGE_CURVE('',#5589,#5589,#5367,.T.);
#6604=EDGE_CURVE('',#5590,#5590,#5368,.T.);
#6605=EDGE_CURVE('',#5590,#5591,#2966,.T.);
#6606=EDGE_CURVE('',#5591,#5591,#5369,.T.);
#6607=EDGE_CURVE('',#5592,#5592,#5370,.T.);
#6608=EDGE_CURVE('',#5592,#5593,#2967,.T.);
#6609=EDGE_CURVE('',#5593,#5593,#5371,.T.);
#6610=EDGE_CURVE('',#5594,#5594,#5372,.T.);
#6611=EDGE_CURVE('',#5594,#5595,#2968,.T.);
#6612=EDGE_CURVE('',#5595,#5595,#5373,.T.);
#6613=EDGE_CURVE('',#5596,#5596,#5374,.T.);
#6614=EDGE_CURVE('',#5596,#5597,#2969,.T.);
#6615=EDGE_CURVE('',#5597,#5597,#5375,.T.);
#6616=EDGE_CURVE('',#5598,#5598,#5376,.T.);
#6617=EDGE_CURVE('',#5598,#5599,#2970,.T.);
#6618=EDGE_CURVE('',#5599,#5599,#5377,.T.);
#6619=EDGE_CURVE('',#5600,#5600,#5378,.T.);
#6620=EDGE_CURVE('',#5600,#5601,#2971,.T.);
#6621=EDGE_CURVE('',#5601,#5601,#5379,.T.);
#6622=EDGE_CURVE('',#5602,#5602,#5380,.T.);
#6623=EDGE_CURVE('',#5602,#5603,#2972,.T.);
#6624=EDGE_CURVE('',#5603,#5603,#5381,.T.);
#6625=EDGE_CURVE('',#5604,#5604,#5382,.T.);
#6626=EDGE_CURVE('',#5604,#5605,#2973,.T.);
#6627=EDGE_CURVE('',#5605,#5605,#5383,.T.);
#6628=EDGE_CURVE('',#5606,#5607,#2974,.T.);
#6629=EDGE_CURVE('',#5606,#5608,#2975,.T.);
#6630=EDGE_CURVE('',#5609,#5608,#2976,.T.);
#6631=EDGE_CURVE('',#5607,#5609,#2977,.T.);
#6632=EDGE_CURVE('',#5607,#5610,#2978,.T.);
#6633=EDGE_CURVE('',#5611,#5609,#2979,.T.);
#6634=EDGE_CURVE('',#5610,#5611,#2980,.T.);
#6635=EDGE_CURVE('',#5610,#5612,#2981,.T.);
#6636=EDGE_CURVE('',#5613,#5611,#2982,.T.);
#6637=EDGE_CURVE('',#5612,#5613,#2983,.T.);
#6638=EDGE_CURVE('',#5612,#5606,#2984,.T.);
#6639=EDGE_CURVE('',#5608,#5613,#2985,.T.);
#6640=EDGE_CURVE('',#5614,#5614,#5384,.T.);
#6641=EDGE_CURVE('',#5614,#5615,#2986,.T.);
#6642=EDGE_CURVE('',#5615,#5615,#5385,.T.);
#6643=EDGE_CURVE('',#5616,#5616,#5386,.T.);
#6644=EDGE_CURVE('',#5616,#5617,#2987,.T.);
#6645=EDGE_CURVE('',#5617,#5617,#5387,.T.);
#6646=EDGE_CURVE('',#5618,#5618,#5388,.T.);
#6647=EDGE_CURVE('',#5618,#5619,#2988,.T.);
#6648=EDGE_CURVE('',#5619,#5619,#5389,.T.);
#6649=EDGE_CURVE('',#5620,#5620,#5390,.T.);
#6650=EDGE_CURVE('',#5620,#5621,#2989,.T.);
#6651=EDGE_CURVE('',#5621,#5621,#5391,.T.);
#6652=EDGE_CURVE('',#5622,#5622,#5392,.T.);
#6653=EDGE_CURVE('',#5622,#5623,#2990,.T.);
#6654=EDGE_CURVE('',#5623,#5623,#5393,.T.);
#6655=EDGE_CURVE('',#5624,#5624,#5394,.T.);
#6656=EDGE_CURVE('',#5624,#5625,#2991,.T.);
#6657=EDGE_CURVE('',#5625,#5625,#5395,.T.);
#6658=EDGE_CURVE('',#5626,#5626,#5396,.T.);
#6659=EDGE_CURVE('',#5626,#5627,#2992,.T.);
#6660=EDGE_CURVE('',#5627,#5627,#5397,.T.);
#6661=EDGE_CURVE('',#5628,#5628,#5398,.T.);
#6662=EDGE_CURVE('',#5628,#5629,#2993,.T.);
#6663=EDGE_CURVE('',#5629,#5629,#5399,.T.);
#6664=EDGE_CURVE('',#5630,#5630,#5400,.T.);
#6665=EDGE_CURVE('',#5630,#5631,#2994,.T.);
#6666=EDGE_CURVE('',#5631,#5631,#5401,.T.);
#6667=EDGE_CURVE('',#5632,#5632,#5402,.T.);
#6668=EDGE_CURVE('',#5632,#5633,#2995,.T.);
#6669=EDGE_CURVE('',#5633,#5633,#5403,.T.);
#6670=EDGE_CURVE('',#5634,#5634,#5404,.T.);
#6671=EDGE_CURVE('',#5634,#5635,#2996,.T.);
#6672=EDGE_CURVE('',#5635,#5635,#5405,.T.);
#6673=EDGE_CURVE('',#5636,#5636,#5406,.T.);
#6674=EDGE_CURVE('',#5636,#5637,#2997,.T.);
#6675=EDGE_CURVE('',#5637,#5637,#5407,.T.);
#6676=EDGE_CURVE('',#5638,#5639,#2998,.T.);
#6677=EDGE_CURVE('',#5639,#5640,#2999,.T.);
#6678=EDGE_CURVE('',#5641,#5640,#3000,.T.);
#6679=EDGE_CURVE('',#5638,#5641,#3001,.T.);
#6680=EDGE_CURVE('',#5642,#5638,#5408,.T.);
#6681=EDGE_CURVE('',#5643,#5641,#5409,.T.);
#6682=EDGE_CURVE('',#5642,#5643,#3002,.T.);
#6683=EDGE_CURVE('',#5644,#5642,#3003,.T.);
#6684=EDGE_CURVE('',#5645,#5643,#3004,.T.);
#6685=EDGE_CURVE('',#5644,#5645,#3005,.T.);
#6686=EDGE_CURVE('',#5646,#5644,#5410,.T.);
#6687=EDGE_CURVE('',#5647,#5645,#5411,.T.);
#6688=EDGE_CURVE('',#5646,#5647,#3006,.T.);
#6689=EDGE_CURVE('',#5648,#5646,#3007,.T.);
#6690=EDGE_CURVE('',#5649,#5647,#3008,.T.);
#6691=EDGE_CURVE('',#5648,#5649,#3009,.T.);
#6692=EDGE_CURVE('',#5650,#5648,#5412,.T.);
#6693=EDGE_CURVE('',#5651,#5649,#5413,.T.);
#6694=EDGE_CURVE('',#5650,#5651,#3010,.T.);
#6695=EDGE_CURVE('',#5652,#5650,#3011,.T.);
#6696=EDGE_CURVE('',#5653,#5651,#3012,.T.);
#6697=EDGE_CURVE('',#5652,#5653,#3013,.T.);
#6698=EDGE_CURVE('',#5639,#5652,#5414,.T.);
#6699=EDGE_CURVE('',#5640,#5653,#5415,.T.);
#6700=EDGE_CURVE('',#5654,#5655,#3014,.T.);
#6701=EDGE_CURVE('',#5655,#5656,#3015,.T.);
#6702=EDGE_CURVE('',#5657,#5656,#3016,.T.);
#6703=EDGE_CURVE('',#5654,#5657,#3017,.T.);
#6704=EDGE_CURVE('',#5658,#5654,#5416,.T.);
#6705=EDGE_CURVE('',#5659,#5657,#5417,.T.);
#6706=EDGE_CURVE('',#5658,#5659,#3018,.T.);
#6707=EDGE_CURVE('',#5660,#5658,#3019,.T.);
#6708=EDGE_CURVE('',#5661,#5659,#3020,.T.);
#6709=EDGE_CURVE('',#5660,#5661,#3021,.T.);
#6710=EDGE_CURVE('',#5662,#5660,#5418,.T.);
#6711=EDGE_CURVE('',#5663,#5661,#5419,.T.);
#6712=EDGE_CURVE('',#5662,#5663,#3022,.T.);
#6713=EDGE_CURVE('',#5664,#5662,#3023,.T.);
#6714=EDGE_CURVE('',#5665,#5663,#3024,.T.);
#6715=EDGE_CURVE('',#5664,#5665,#3025,.T.);
#6716=EDGE_CURVE('',#5666,#5664,#5420,.T.);
#6717=EDGE_CURVE('',#5667,#5665,#5421,.T.);
#6718=EDGE_CURVE('',#5666,#5667,#3026,.T.);
#6719=EDGE_CURVE('',#5668,#5666,#3027,.T.);
#6720=EDGE_CURVE('',#5669,#5667,#3028,.T.);
#6721=EDGE_CURVE('',#5668,#5669,#3029,.T.);
#6722=EDGE_CURVE('',#5655,#5668,#5422,.T.);
#6723=EDGE_CURVE('',#5656,#5669,#5423,.T.);
#6724=EDGE_CURVE('',#5670,#5671,#3030,.T.);
#6725=EDGE_CURVE('',#5671,#5672,#5424,.T.);
#6726=EDGE_CURVE('',#5673,#5672,#3031,.T.);
#6727=EDGE_CURVE('',#5673,#5670,#5425,.T.);
#6728=EDGE_CURVE('',#5674,#5675,#3032,.T.);
#6729=EDGE_CURVE('',#5675,#5676,#5426,.T.);
#6730=EDGE_CURVE('',#5676,#5677,#3033,.T.);
#6731=EDGE_CURVE('',#5677,#5674,#5427,.T.);
#6732=EDGE_CURVE('',#5678,#5679,#3034,.T.);
#6733=EDGE_CURVE('',#5679,#5680,#5428,.F.);
#6734=EDGE_CURVE('',#5680,#5681,#3035,.T.);
#6735=EDGE_CURVE('',#5682,#5681,#5429,.F.);
#6736=EDGE_CURVE('',#5683,#5682,#3036,.T.);
#6737=EDGE_CURVE('',#5683,#5678,#3037,.T.);
#6738=EDGE_CURVE('',#5684,#5685,#3038,.T.);
#6739=EDGE_CURVE('',#5685,#5686,#5430,.F.);
#6740=EDGE_CURVE('',#5686,#5687,#3039,.T.);
#6741=EDGE_CURVE('',#5684,#5687,#5431,.F.);
#6742=EDGE_CURVE('',#5688,#5689,#3040,.T.);
#6743=EDGE_CURVE('',#5689,#5690,#5432,.F.);
#6744=EDGE_CURVE('',#5690,#5691,#3041,.T.);
#6745=EDGE_CURVE('',#5688,#5691,#5433,.F.);
#6746=EDGE_CURVE('',#5692,#5693,#3042,.T.);
#6747=EDGE_CURVE('',#5693,#5694,#5434,.F.);
#6748=EDGE_CURVE('',#5694,#5695,#3043,.T.);
#6749=EDGE_CURVE('',#5692,#5695,#5435,.F.);
#6750=EDGE_CURVE('',#5696,#5697,#3044,.T.);
#6751=EDGE_CURVE('',#5697,#5698,#5436,.F.);
#6752=EDGE_CURVE('',#5698,#5699,#3045,.T.);
#6753=EDGE_CURVE('',#5696,#5699,#5437,.F.);
#6754=EDGE_CURVE('',#5700,#5701,#3046,.T.);
#6755=EDGE_CURVE('',#5701,#5702,#5438,.F.);
#6756=EDGE_CURVE('',#5702,#5703,#3047,.T.);
#6757=EDGE_CURVE('',#5700,#5703,#5439,.F.);
#6758=EDGE_CURVE('',#5704,#5705,#3048,.T.);
#6759=EDGE_CURVE('',#5705,#5706,#5440,.F.);
#6760=EDGE_CURVE('',#5706,#5707,#3049,.T.);
#6761=EDGE_CURVE('',#5704,#5707,#5441,.F.);
#6762=EDGE_CURVE('',#5708,#5709,#3050,.T.);
#6763=EDGE_CURVE('',#5709,#5710,#5442,.F.);
#6764=EDGE_CURVE('',#5710,#5711,#3051,.T.);
#6765=EDGE_CURVE('',#5708,#5711,#5443,.F.);
#6766=EDGE_CURVE('',#5712,#5713,#3052,.T.);
#6767=EDGE_CURVE('',#5713,#5714,#5444,.F.);
#6768=EDGE_CURVE('',#5714,#5715,#3053,.T.);
#6769=EDGE_CURVE('',#5712,#5715,#5445,.F.);
#6770=EDGE_CURVE('',#5716,#5717,#3054,.T.);
#6771=EDGE_CURVE('',#5717,#5718,#5446,.F.);
#6772=EDGE_CURVE('',#5718,#5719,#3055,.T.);
#6773=EDGE_CURVE('',#5716,#5719,#5447,.F.);
#6774=EDGE_CURVE('',#5720,#5721,#3056,.T.);
#6775=EDGE_CURVE('',#5721,#5722,#5448,.F.);
#6776=EDGE_CURVE('',#5722,#5723,#3057,.T.);
#6777=EDGE_CURVE('',#5723,#5724,#3058,.T.);
#6778=EDGE_CURVE('',#5725,#5724,#3059,.T.);
#6779=EDGE_CURVE('',#5720,#5725,#5449,.F.);
#6780=EDGE_CURVE('',#5726,#5702,#163,.T.);
#6781=EDGE_CURVE('',#5726,#5703,#164,.T.);
#6782=EDGE_CURVE('',#5701,#5727,#165,.T.);
#6783=EDGE_CURVE('',#5700,#5727,#166,.T.);
#6784=EDGE_CURVE('',#5728,#5698,#167,.T.);
#6785=EDGE_CURVE('',#5728,#5699,#168,.T.);
#6786=EDGE_CURVE('',#5697,#5729,#169,.T.);
#6787=EDGE_CURVE('',#5696,#5729,#170,.T.);
#6788=EDGE_CURVE('',#5730,#5694,#171,.T.);
#6789=EDGE_CURVE('',#5730,#5695,#172,.T.);
#6790=EDGE_CURVE('',#5693,#5731,#173,.T.);
#6791=EDGE_CURVE('',#5692,#5731,#174,.T.);
#6792=EDGE_CURVE('',#5732,#5690,#175,.T.);
#6793=EDGE_CURVE('',#5732,#5691,#176,.T.);
#6794=EDGE_CURVE('',#5689,#5733,#177,.T.);
#6795=EDGE_CURVE('',#5688,#5733,#178,.T.);
#6796=EDGE_CURVE('',#5734,#5686,#179,.T.);
#6797=EDGE_CURVE('',#5734,#5687,#180,.T.);
#6798=EDGE_CURVE('',#5685,#5735,#181,.T.);
#6799=EDGE_CURVE('',#5684,#5735,#182,.T.);
#6800=EDGE_CURVE('',#5736,#5680,#183,.T.);
#6801=EDGE_CURVE('',#5736,#5681,#184,.T.);
#6802=EDGE_CURVE('',#5721,#5737,#185,.T.);
#6803=EDGE_CURVE('',#5720,#5737,#186,.T.);
#6804=EDGE_CURVE('',#5738,#5718,#187,.T.);
#6805=EDGE_CURVE('',#5738,#5719,#188,.T.);
#6806=EDGE_CURVE('',#5717,#5739,#189,.T.);
#6807=EDGE_CURVE('',#5716,#5739,#190,.T.);
#6808=EDGE_CURVE('',#5740,#5714,#191,.T.);
#6809=EDGE_CURVE('',#5740,#5715,#192,.T.);
#6810=EDGE_CURVE('',#5713,#5741,#193,.T.);
#6811=EDGE_CURVE('',#5712,#5741,#194,.T.);
#6812=EDGE_CURVE('',#5742,#5710,#195,.T.);
#6813=EDGE_CURVE('',#5742,#5711,#196,.T.);
#6814=EDGE_CURVE('',#5709,#5743,#197,.T.);
#6815=EDGE_CURVE('',#5708,#5743,#198,.T.);
#6816=EDGE_CURVE('',#5744,#5706,#199,.T.);
#6817=EDGE_CURVE('',#5744,#5707,#200,.T.);
#6818=EDGE_CURVE('',#5705,#5745,#201,.T.);
#6819=EDGE_CURVE('',#5704,#5745,#202,.T.);
#6820=EDGE_CURVE('',#5746,#5747,#3060,.T.);
#6821=EDGE_CURVE('',#5747,#5748,#5450,.F.);
#6822=EDGE_CURVE('',#5748,#5749,#3061,.T.);
#6823=EDGE_CURVE('',#5750,#5749,#5451,.F.);
#6824=EDGE_CURVE('',#5751,#5750,#3062,.T.);
#6825=EDGE_CURVE('',#5751,#5746,#3063,.T.);
#6826=EDGE_CURVE('',#5752,#5753,#3064,.T.);
#6827=EDGE_CURVE('',#5753,#5754,#5452,.F.);
#6828=EDGE_CURVE('',#5754,#5755,#3065,.T.);
#6829=EDGE_CURVE('',#5752,#5755,#5453,.F.);
#6830=EDGE_CURVE('',#5756,#5757,#3066,.T.);
#6831=EDGE_CURVE('',#5757,#5758,#5454,.F.);
#6832=EDGE_CURVE('',#5758,#5759,#3067,.T.);
#6833=EDGE_CURVE('',#5756,#5759,#5455,.F.);
#6834=EDGE_CURVE('',#5760,#5761,#3068,.T.);
#6835=EDGE_CURVE('',#5761,#5762,#5456,.F.);
#6836=EDGE_CURVE('',#5762,#5763,#3069,.T.);
#6837=EDGE_CURVE('',#5760,#5763,#5457,.F.);
#6838=EDGE_CURVE('',#5764,#5765,#3070,.T.);
#6839=EDGE_CURVE('',#5765,#5766,#5458,.F.);
#6840=EDGE_CURVE('',#5766,#5767,#3071,.T.);
#6841=EDGE_CURVE('',#5764,#5767,#5459,.F.);
#6842=EDGE_CURVE('',#5768,#5769,#3072,.T.);
#6843=EDGE_CURVE('',#5769,#5770,#5460,.F.);
#6844=EDGE_CURVE('',#5770,#5771,#3073,.T.);
#6845=EDGE_CURVE('',#5768,#5771,#5461,.F.);
#6846=EDGE_CURVE('',#5772,#5773,#3074,.T.);
#6847=EDGE_CURVE('',#5773,#5774,#5462,.F.);
#6848=EDGE_CURVE('',#5774,#5775,#3075,.T.);
#6849=EDGE_CURVE('',#5772,#5775,#5463,.F.);
#6850=EDGE_CURVE('',#5776,#5777,#3076,.T.);
#6851=EDGE_CURVE('',#5777,#5778,#5464,.F.);
#6852=EDGE_CURVE('',#5778,#5779,#3077,.T.);
#6853=EDGE_CURVE('',#5776,#5779,#5465,.F.);
#6854=EDGE_CURVE('',#5780,#5781,#3078,.T.);
#6855=EDGE_CURVE('',#5781,#5782,#5466,.F.);
#6856=EDGE_CURVE('',#5782,#5783,#3079,.T.);
#6857=EDGE_CURVE('',#5780,#5783,#5467,.F.);
#6858=EDGE_CURVE('',#5784,#5785,#3080,.T.);
#6859=EDGE_CURVE('',#5785,#5786,#5468,.F.);
#6860=EDGE_CURVE('',#5786,#5787,#3081,.T.);
#6861=EDGE_CURVE('',#5784,#5787,#5469,.F.);
#6862=EDGE_CURVE('',#5788,#5789,#3082,.T.);
#6863=EDGE_CURVE('',#5789,#5790,#5470,.F.);
#6864=EDGE_CURVE('',#5790,#5791,#3083,.T.);
#6865=EDGE_CURVE('',#5791,#5792,#3084,.T.);
#6866=EDGE_CURVE('',#5793,#5792,#3085,.T.);
#6867=EDGE_CURVE('',#5788,#5793,#5471,.F.);
#6868=EDGE_CURVE('',#5789,#5794,#203,.T.);
#6869=EDGE_CURVE('',#5788,#5794,#204,.T.);
#6870=EDGE_CURVE('',#5795,#5786,#205,.T.);
#6871=EDGE_CURVE('',#5795,#5787,#206,.T.);
#6872=EDGE_CURVE('',#5785,#5796,#207,.T.);
#6873=EDGE_CURVE('',#5784,#5796,#208,.T.);
#6874=EDGE_CURVE('',#5797,#5782,#209,.T.);
#6875=EDGE_CURVE('',#5797,#5783,#210,.T.);
#6876=EDGE_CURVE('',#5781,#5798,#211,.T.);
#6877=EDGE_CURVE('',#5780,#5798,#212,.T.);
#6878=EDGE_CURVE('',#5799,#5778,#213,.T.);
#6879=EDGE_CURVE('',#5799,#5779,#214,.T.);
#6880=EDGE_CURVE('',#5777,#5800,#215,.T.);
#6881=EDGE_CURVE('',#5776,#5800,#216,.T.);
#6882=EDGE_CURVE('',#5801,#5774,#217,.T.);
#6883=EDGE_CURVE('',#5801,#5775,#218,.T.);
#6884=EDGE_CURVE('',#5773,#5802,#219,.T.);
#6885=EDGE_CURVE('',#5772,#5802,#220,.T.);
#6886=EDGE_CURVE('',#5803,#5770,#221,.T.);
#6887=EDGE_CURVE('',#5803,#5771,#222,.T.);
#6888=EDGE_CURVE('',#5769,#5804,#223,.T.);
#6889=EDGE_CURVE('',#5768,#5804,#224,.T.);
#6890=EDGE_CURVE('',#5805,#5766,#225,.T.);
#6891=EDGE_CURVE('',#5805,#5767,#226,.T.);
#6892=EDGE_CURVE('',#5765,#5806,#227,.T.);
#6893=EDGE_CURVE('',#5764,#5806,#228,.T.);
#6894=EDGE_CURVE('',#5807,#5762,#229,.T.);
#6895=EDGE_CURVE('',#5807,#5763,#230,.T.);
#6896=EDGE_CURVE('',#5761,#5808,#231,.T.);
#6897=EDGE_CURVE('',#5760,#5808,#232,.T.);
#6898=EDGE_CURVE('',#5809,#5758,#233,.T.);
#6899=EDGE_CURVE('',#5809,#5759,#234,.T.);
#6900=EDGE_CURVE('',#5757,#5810,#235,.T.);
#6901=EDGE_CURVE('',#5756,#5810,#236,.T.);
#6902=EDGE_CURVE('',#5811,#5754,#237,.T.);
#6903=EDGE_CURVE('',#5811,#5755,#238,.T.);
#6904=EDGE_CURVE('',#5753,#5812,#239,.T.);
#6905=EDGE_CURVE('',#5752,#5812,#240,.T.);
#6906=EDGE_CURVE('',#5813,#5748,#241,.T.);
#6907=EDGE_CURVE('',#5813,#5749,#242,.T.);
#6908=EDGE_CURVE('',#5678,#5814,#3086,.T.);
#6909=EDGE_CURVE('',#5683,#5814,#3087,.T.);
#6910=EDGE_CURVE('',#5815,#5816,#3088,.T.);
#6911=EDGE_CURVE('',#5815,#5817,#3089,.T.);
#6912=EDGE_CURVE('',#5816,#5817,#3090,.T.);
#6913=EDGE_CURVE('',#5818,#5819,#3091,.T.);
#6914=EDGE_CURVE('',#5820,#5818,#3092,.T.);
#6915=EDGE_CURVE('',#5820,#5819,#3093,.T.);
#6916=EDGE_CURVE('',#5821,#5822,#3094,.T.);
#6917=EDGE_CURVE('',#5821,#5823,#3095,.T.);
#6918=EDGE_CURVE('',#5822,#5823,#3096,.T.);
#6919=EDGE_CURVE('',#5824,#5825,#3097,.T.);
#6920=EDGE_CURVE('',#5826,#5824,#3098,.T.);
#6921=EDGE_CURVE('',#5826,#5825,#3099,.T.);
#6922=EDGE_CURVE('',#5827,#5828,#3100,.T.);
#6923=EDGE_CURVE('',#5827,#5829,#3101,.T.);
#6924=EDGE_CURVE('',#5828,#5829,#3102,.T.);
#6925=EDGE_CURVE('',#5830,#5831,#3103,.T.);
#6926=EDGE_CURVE('',#5832,#5830,#3104,.T.);
#6927=EDGE_CURVE('',#5832,#5831,#3105,.T.);
#6928=EDGE_CURVE('',#5833,#5834,#3106,.T.);
#6929=EDGE_CURVE('',#5833,#5835,#3107,.T.);
#6930=EDGE_CURVE('',#5834,#5835,#3108,.T.);
#6931=EDGE_CURVE('',#5836,#5837,#3109,.T.);
#6932=EDGE_CURVE('',#5838,#5836,#3110,.T.);
#6933=EDGE_CURVE('',#5838,#5837,#3111,.T.);
#6934=EDGE_CURVE('',#5839,#5840,#3112,.T.);
#6935=EDGE_CURVE('',#5839,#5841,#3113,.T.);
#6936=EDGE_CURVE('',#5840,#5841,#3114,.T.);
#6937=EDGE_CURVE('',#5842,#5843,#3115,.T.);
#6938=EDGE_CURVE('',#5844,#5842,#3116,.T.);
#6939=EDGE_CURVE('',#5844,#5843,#3117,.T.);
#6940=EDGE_CURVE('',#5845,#5846,#3118,.T.);
#6941=EDGE_CURVE('',#5845,#5847,#3119,.T.);
#6942=EDGE_CURVE('',#5846,#5847,#3120,.T.);
#6943=EDGE_CURVE('',#5848,#5849,#3121,.T.);
#6944=EDGE_CURVE('',#5850,#5848,#3122,.T.);
#6945=EDGE_CURVE('',#5850,#5849,#3123,.T.);
#6946=EDGE_CURVE('',#5851,#5852,#3124,.T.);
#6947=EDGE_CURVE('',#5851,#5853,#3125,.T.);
#6948=EDGE_CURVE('',#5852,#5853,#3126,.T.);
#6949=EDGE_CURVE('',#5854,#5855,#3127,.T.);
#6950=EDGE_CURVE('',#5856,#5854,#3128,.T.);
#6951=EDGE_CURVE('',#5856,#5855,#3129,.T.);
#6952=EDGE_CURVE('',#5857,#5858,#3130,.T.);
#6953=EDGE_CURVE('',#5857,#5859,#3131,.T.);
#6954=EDGE_CURVE('',#5858,#5859,#3132,.T.);
#6955=EDGE_CURVE('',#5860,#5861,#3133,.T.);
#6956=EDGE_CURVE('',#5862,#5860,#3134,.T.);
#6957=EDGE_CURVE('',#5862,#5861,#3135,.T.);
#6958=EDGE_CURVE('',#5863,#5864,#3136,.T.);
#6959=EDGE_CURVE('',#5863,#5865,#3137,.T.);
#6960=EDGE_CURVE('',#5864,#5865,#3138,.T.);
#6961=EDGE_CURVE('',#5866,#5867,#3139,.T.);
#6962=EDGE_CURVE('',#5868,#5866,#3140,.T.);
#6963=EDGE_CURVE('',#5868,#5867,#3141,.T.);
#6964=EDGE_CURVE('',#5869,#5791,#3142,.T.);
#6965=EDGE_CURVE('',#5869,#5792,#3143,.T.);
#6966=EDGE_CURVE('',#5746,#5870,#3144,.T.);
#6967=EDGE_CURVE('',#5751,#5870,#3145,.T.);
#6968=EDGE_CURVE('',#5871,#5872,#3146,.T.);
#6969=EDGE_CURVE('',#5871,#5873,#3147,.T.);
#6970=EDGE_CURVE('',#5872,#5873,#3148,.T.);
#6971=EDGE_CURVE('',#5874,#5875,#3149,.T.);
#6972=EDGE_CURVE('',#5876,#5874,#3150,.T.);
#6973=EDGE_CURVE('',#5876,#5875,#3151,.T.);
#6974=EDGE_CURVE('',#5877,#5878,#3152,.T.);
#6975=EDGE_CURVE('',#5877,#5879,#3153,.T.);
#6976=EDGE_CURVE('',#5878,#5879,#3154,.T.);
#6977=EDGE_CURVE('',#5880,#5881,#3155,.T.);
#6978=EDGE_CURVE('',#5882,#5880,#3156,.T.);
#6979=EDGE_CURVE('',#5882,#5881,#3157,.T.);
#6980=EDGE_CURVE('',#5883,#5884,#3158,.T.);
#6981=EDGE_CURVE('',#5883,#5885,#3159,.T.);
#6982=EDGE_CURVE('',#5884,#5885,#3160,.T.);
#6983=EDGE_CURVE('',#5886,#5887,#3161,.T.);
#6984=EDGE_CURVE('',#5888,#5886,#3162,.T.);
#6985=EDGE_CURVE('',#5888,#5887,#3163,.T.);
#6986=EDGE_CURVE('',#5889,#5890,#3164,.T.);
#6987=EDGE_CURVE('',#5889,#5891,#3165,.T.);
#6988=EDGE_CURVE('',#5890,#5891,#3166,.T.);
#6989=EDGE_CURVE('',#5892,#5893,#3167,.T.);
#6990=EDGE_CURVE('',#5894,#5892,#3168,.T.);
#6991=EDGE_CURVE('',#5894,#5893,#3169,.T.);
#6992=EDGE_CURVE('',#5895,#5896,#3170,.T.);
#6993=EDGE_CURVE('',#5895,#5897,#3171,.T.);
#6994=EDGE_CURVE('',#5896,#5897,#3172,.T.);
#6995=EDGE_CURVE('',#5898,#5899,#3173,.T.);
#6996=EDGE_CURVE('',#5900,#5898,#3174,.T.);
#6997=EDGE_CURVE('',#5900,#5899,#3175,.T.);
#6998=EDGE_CURVE('',#5901,#5902,#3176,.T.);
#6999=EDGE_CURVE('',#5901,#5903,#3177,.T.);
#7000=EDGE_CURVE('',#5902,#5903,#3178,.T.);
#7001=EDGE_CURVE('',#5904,#5905,#3179,.T.);
#7002=EDGE_CURVE('',#5906,#5904,#3180,.T.);
#7003=EDGE_CURVE('',#5906,#5905,#3181,.T.);
#7004=EDGE_CURVE('',#5907,#5908,#3182,.T.);
#7005=EDGE_CURVE('',#5907,#5909,#3183,.T.);
#7006=EDGE_CURVE('',#5908,#5909,#3184,.T.);
#7007=EDGE_CURVE('',#5910,#5911,#3185,.T.);
#7008=EDGE_CURVE('',#5912,#5910,#3186,.T.);
#7009=EDGE_CURVE('',#5912,#5911,#3187,.T.);
#7010=EDGE_CURVE('',#5913,#5914,#3188,.T.);
#7011=EDGE_CURVE('',#5913,#5915,#3189,.T.);
#7012=EDGE_CURVE('',#5914,#5915,#3190,.T.);
#7013=EDGE_CURVE('',#5916,#5917,#3191,.T.);
#7014=EDGE_CURVE('',#5918,#5916,#3192,.T.);
#7015=EDGE_CURVE('',#5918,#5917,#3193,.T.);
#7016=EDGE_CURVE('',#5919,#5920,#3194,.T.);
#7017=EDGE_CURVE('',#5919,#5921,#3195,.T.);
#7018=EDGE_CURVE('',#5920,#5921,#3196,.T.);
#7019=EDGE_CURVE('',#5922,#5923,#3197,.T.);
#7020=EDGE_CURVE('',#5924,#5922,#3198,.T.);
#7021=EDGE_CURVE('',#5924,#5923,#3199,.T.);
#7022=EDGE_CURVE('',#5925,#5723,#3200,.T.);
#7023=EDGE_CURVE('',#5925,#5724,#3201,.T.);
#7024=EDGE_CURVE('',#5866,#5864,#3202,.T.);
#7025=EDGE_CURVE('',#5868,#5865,#3203,.T.);
#7026=EDGE_CURVE('',#5860,#5858,#3204,.T.);
#7027=EDGE_CURVE('',#5862,#5859,#3205,.T.);
#7028=EDGE_CURVE('',#5854,#5852,#3206,.T.);
#7029=EDGE_CURVE('',#5856,#5853,#3207,.T.);
#7030=EDGE_CURVE('',#5848,#5846,#3208,.T.);
#7031=EDGE_CURVE('',#5850,#5847,#3209,.T.);
#7032=EDGE_CURVE('',#5842,#5840,#3210,.T.);
#7033=EDGE_CURVE('',#5844,#5841,#3211,.T.);
#7034=EDGE_CURVE('',#5836,#5834,#3212,.T.);
#7035=EDGE_CURVE('',#5838,#5835,#3213,.T.);
#7036=EDGE_CURVE('',#5830,#5828,#3214,.T.);
#7037=EDGE_CURVE('',#5832,#5829,#3215,.T.);
#7038=EDGE_CURVE('',#5824,#5822,#3216,.T.);
#7039=EDGE_CURVE('',#5826,#5823,#3217,.T.);
#7040=EDGE_CURVE('',#5818,#5816,#3218,.T.);
#7041=EDGE_CURVE('',#5820,#5817,#3219,.T.);
#7042=EDGE_CURVE('',#5922,#5920,#3220,.T.);
#7043=EDGE_CURVE('',#5924,#5921,#3221,.T.);
#7044=EDGE_CURVE('',#5916,#5914,#3222,.T.);
#7045=EDGE_CURVE('',#5918,#5915,#3223,.T.);
#7046=EDGE_CURVE('',#5910,#5908,#3224,.T.);
#7047=EDGE_CURVE('',#5912,#5909,#3225,.T.);
#7048=EDGE_CURVE('',#5904,#5902,#3226,.T.);
#7049=EDGE_CURVE('',#5906,#5903,#3227,.T.);
#7050=EDGE_CURVE('',#5898,#5896,#3228,.T.);
#7051=EDGE_CURVE('',#5900,#5897,#3229,.T.);
#7052=EDGE_CURVE('',#5892,#5890,#3230,.T.);
#7053=EDGE_CURVE('',#5894,#5891,#3231,.T.);
#7054=EDGE_CURVE('',#5886,#5884,#3232,.T.);
#7055=EDGE_CURVE('',#5888,#5885,#3233,.T.);
#7056=EDGE_CURVE('',#5880,#5878,#3234,.T.);
#7057=EDGE_CURVE('',#5882,#5879,#3235,.T.);
#7058=EDGE_CURVE('',#5874,#5872,#3236,.T.);
#7059=EDGE_CURVE('',#5876,#5873,#3237,.T.);
#7060=EDGE_CURVE('',#5926,#5927,#99,.T.);
#7061=EDGE_CURVE('',#5927,#5928,#100,.T.);
#7062=EDGE_CURVE('',#5926,#5928,#5472,.T.);
#7063=EDGE_CURVE('',#5928,#5929,#5473,.T.);
#7064=EDGE_CURVE('',#5928,#5930,#101,.T.);
#7065=EDGE_CURVE('',#5930,#5929,#102,.T.);
#7066=EDGE_CURVE('',#5929,#5931,#5474,.T.);
#7067=EDGE_CURVE('',#5929,#5932,#103,.T.);
#7068=EDGE_CURVE('',#5932,#5931,#104,.T.);
#7069=EDGE_CURVE('',#5931,#5933,#5475,.T.);
#7070=EDGE_CURVE('',#5931,#5934,#105,.T.);
#7071=EDGE_CURVE('',#5934,#5933,#106,.T.);
#7072=EDGE_CURVE('',#5933,#5935,#5476,.T.);
#7073=EDGE_CURVE('',#5933,#5936,#107,.T.);
#7074=EDGE_CURVE('',#5936,#5935,#108,.T.);
#7075=EDGE_CURVE('',#5937,#5938,#3238,.T.);
#7076=EDGE_CURVE('',#5939,#5938,#3239,.T.);
#7077=EDGE_CURVE('',#5940,#5939,#3240,.T.);
#7078=EDGE_CURVE('',#5940,#5937,#3241,.T.);
#7079=EDGE_CURVE('',#5941,#5869,#3242,.T.);
#7080=EDGE_CURVE('',#5942,#5941,#3243,.T.);
#7081=EDGE_CURVE('',#5942,#5943,#3244,.T.);
#7082=EDGE_CURVE('',#5943,#5944,#3245,.T.);
#7083=EDGE_CURVE('',#5814,#5944,#3246,.T.);
#7084=EDGE_CURVE('',#5682,#5671,#3247,.T.);
#7085=EDGE_CURVE('',#5793,#5670,#3248,.T.);
#7086=EDGE_CURVE('',#5867,#5863,#3249,.T.);
#7087=EDGE_CURVE('',#5861,#5857,#3250,.T.);
#7088=EDGE_CURVE('',#5855,#5851,#3251,.T.);
#7089=EDGE_CURVE('',#5849,#5845,#3252,.T.);
#7090=EDGE_CURVE('',#5843,#5839,#3253,.T.);
#7091=EDGE_CURVE('',#5837,#5833,#3254,.T.);
#7092=EDGE_CURVE('',#5831,#5827,#3255,.T.);
#7093=EDGE_CURVE('',#5825,#5821,#3256,.T.);
#7094=EDGE_CURVE('',#5819,#5815,#3257,.T.);
#7095=EDGE_CURVE('',#5870,#5945,#3258,.T.);
#7096=EDGE_CURVE('',#5673,#5750,#3259,.T.);
#7097=EDGE_CURVE('',#5672,#5725,#3260,.T.);
#7098=EDGE_CURVE('',#5946,#5925,#3261,.T.);
#7099=EDGE_CURVE('',#5946,#5947,#3262,.T.);
#7100=EDGE_CURVE('',#5948,#5947,#3263,.T.);
#7101=EDGE_CURVE('',#5945,#5948,#3264,.T.);
#7102=EDGE_CURVE('',#5875,#5871,#3265,.T.);
#7103=EDGE_CURVE('',#5881,#5877,#3266,.T.);
#7104=EDGE_CURVE('',#5887,#5883,#3267,.T.);
#7105=EDGE_CURVE('',#5893,#5889,#3268,.T.);
#7106=EDGE_CURVE('',#5899,#5895,#3269,.T.);
#7107=EDGE_CURVE('',#5905,#5901,#3270,.T.);
#7108=EDGE_CURVE('',#5911,#5907,#3271,.T.);
#7109=EDGE_CURVE('',#5917,#5913,#3272,.T.);
#7110=EDGE_CURVE('',#5923,#5919,#3273,.T.);
#7111=EDGE_CURVE('',#5938,#5949,#5477,.T.);
#7112=EDGE_CURVE('',#5950,#5949,#3274,.T.);
#7113=EDGE_CURVE('',#5950,#5939,#5478,.T.);
#7114=EDGE_CURVE('',#5943,#5947,#5479,.T.);
#7115=EDGE_CURVE('',#5948,#5942,#5480,.T.);
#7116=EDGE_CURVE('',#5949,#5951,#3275,.T.);
#7117=EDGE_CURVE('',#5952,#5951,#3276,.T.);
#7118=EDGE_CURVE('',#5950,#5952,#3277,.T.);
#7119=EDGE_CURVE('',#5951,#5953,#3278,.T.);
#7120=EDGE_CURVE('',#5954,#5953,#3279,.T.);
#7121=EDGE_CURVE('',#5952,#5954,#3280,.T.);
#7122=EDGE_CURVE('',#5955,#5956,#3281,.T.);
#7123=EDGE_CURVE('',#5954,#5955,#5481,.T.);
#7124=EDGE_CURVE('',#5956,#5953,#5482,.T.);
#7125=EDGE_CURVE('',#5935,#5926,#5483,.T.);
#7126=EDGE_CURVE('',#5956,#5937,#3282,.T.);
#7127=EDGE_CURVE('',#5955,#5940,#3283,.T.);
#7128=EDGE_CURVE('',#5952,#5940,#5484,.T.);
#7129=EDGE_CURVE('',#5945,#5813,#5485,.F.);
#7130=EDGE_CURVE('',#5794,#5941,#5486,.F.);
#7131=EDGE_CURVE('',#5812,#5811,#5487,.F.);
#7132=EDGE_CURVE('',#5810,#5809,#5488,.F.);
#7133=EDGE_CURVE('',#5808,#5807,#5489,.F.);
#7134=EDGE_CURVE('',#5806,#5805,#5490,.F.);
#7135=EDGE_CURVE('',#5804,#5803,#5491,.F.);
#7136=EDGE_CURVE('',#5802,#5801,#5492,.F.);
#7137=EDGE_CURVE('',#5800,#5799,#5493,.F.);
#7138=EDGE_CURVE('',#5798,#5797,#5494,.F.);
#7139=EDGE_CURVE('',#5796,#5795,#5495,.F.);
#7140=EDGE_CURVE('',#5937,#5951,#5496,.T.);
#7141=EDGE_CURVE('',#5944,#5736,#5497,.F.);
#7142=EDGE_CURVE('',#5737,#5946,#5498,.F.);
#7143=EDGE_CURVE('',#5735,#5734,#5499,.F.);
#7144=EDGE_CURVE('',#5733,#5732,#5500,.F.);
#7145=EDGE_CURVE('',#5731,#5730,#5501,.F.);
#7146=EDGE_CURVE('',#5729,#5728,#5502,.F.);
#7147=EDGE_CURVE('',#5727,#5726,#5503,.F.);
#7148=EDGE_CURVE('',#5745,#5744,#5504,.F.);
#7149=EDGE_CURVE('',#5743,#5742,#5505,.F.);
#7150=EDGE_CURVE('',#5741,#5740,#5506,.F.);
#7151=EDGE_CURVE('',#5739,#5738,#5507,.F.);
#7152=EDGE_CURVE('',#5935,#5957,#109,.T.);
#7153=EDGE_CURVE('',#5957,#5926,#110,.T.);
#7154=EDGE_CURVE('',#5958,#5930,#3284,.T.);
#7155=EDGE_CURVE('',#5959,#5927,#3285,.T.);
#7156=EDGE_CURVE('',#5960,#5959,#111,.T.);
#7157=EDGE_CURVE('',#5958,#5960,#112,.T.);
#7158=EDGE_CURVE('',#5961,#5932,#3286,.T.);
#7159=EDGE_CURVE('',#5962,#5958,#113,.T.);
#7160=EDGE_CURVE('',#5961,#5962,#114,.T.);
#7161=EDGE_CURVE('',#5963,#5934,#3287,.T.);
#7162=EDGE_CURVE('',#5964,#5961,#115,.T.);
#7163=EDGE_CURVE('',#5963,#5964,#116,.T.);
#7164=EDGE_CURVE('',#5965,#5936,#3288,.T.);
#7165=EDGE_CURVE('',#5966,#5963,#117,.T.);
#7166=EDGE_CURVE('',#5965,#5966,#118,.T.);
#7167=EDGE_CURVE('',#5967,#5957,#3289,.T.);
#7168=EDGE_CURVE('',#5968,#5965,#119,.T.);
#7169=EDGE_CURVE('',#5967,#5968,#120,.T.);
#7170=EDGE_CURVE('',#5969,#5967,#121,.T.);
#7171=EDGE_CURVE('',#5959,#5969,#122,.T.);
#7172=EDGE_CURVE('',#5966,#5968,#5508,.T.);
#7173=EDGE_CURVE('',#5969,#5960,#5509,.T.);
#7174=EDGE_CURVE('',#5960,#5962,#5510,.T.);
#7175=EDGE_CURVE('',#5962,#5964,#5511,.T.);
#7176=EDGE_CURVE('',#5964,#5966,#5512,.T.);
#7177=EDGE_CURVE('',#5968,#5969,#5513,.T.);
#7178=EDGE_CURVE('',#5970,#5970,#5514,.T.);
#7179=EDGE_CURVE('',#5971,#5972,#5515,.T.);
#7180=EDGE_CURVE('',#5972,#5971,#5516,.T.);
#7181=EDGE_CURVE('',#5971,#5970,#3290,.T.);
#7182=EDGE_CURVE('',#5972,#5973,#3291,.T.);
#7183=EDGE_CURVE('',#5973,#5974,#5517,.T.);
#7184=EDGE_CURVE('',#5974,#5973,#5518,.T.);
#7185=EDGE_CURVE('',#5975,#5975,#5519,.T.);
#7186=EDGE_CURVE('',#5976,#5976,#5520,.F.);
#7187=EDGE_CURVE('',#5975,#5977,#3292,.T.);
#7188=EDGE_CURVE('',#5977,#5977,#5521,.T.);
#7189=EDGE_CURVE('',#5978,#5979,#5522,.T.);
#7190=EDGE_CURVE('',#5979,#5978,#5523,.T.);
#7191=EDGE_CURVE('',#5978,#5974,#3293,.T.);
#7192=EDGE_CURVE('',#5979,#5976,#3294,.T.);
#7193=EDGE_CURVE('',#5946,#5722,#3295,.T.);
#7194=EDGE_CURVE('',#5679,#5944,#3296,.T.);
#7195=EDGE_CURVE('',#5945,#5747,#3297,.T.);
#7196=EDGE_CURVE('',#5790,#5941,#3298,.T.);
#7197=EDGE_CURVE('',#5980,#5981,#3299,.T.);
#7198=EDGE_CURVE('',#5982,#5981,#3300,.T.);
#7199=EDGE_CURVE('',#5983,#5982,#3301,.T.);
#7200=EDGE_CURVE('',#5983,#5980,#3302,.T.);
#7201=EDGE_CURVE('',#5980,#5984,#5524,.T.);
#7202=EDGE_CURVE('',#5983,#5985,#5525,.T.);
#7203=EDGE_CURVE('',#5985,#5984,#3303,.T.);
#7204=EDGE_CURVE('',#5986,#5984,#3304,.T.);
#7205=EDGE_CURVE('',#5987,#5985,#3305,.T.);
#7206=EDGE_CURVE('',#5987,#5986,#3306,.T.);
#7207=EDGE_CURVE('',#5988,#5986,#3307,.T.);
#7208=EDGE_CURVE('',#5989,#5987,#3308,.T.);
#7209=EDGE_CURVE('',#5989,#5988,#3309,.T.);
#7210=EDGE_CURVE('',#5990,#5674,#3310,.T.);
#7211=EDGE_CURVE('',#5990,#5991,#3311,.T.);
#7212=EDGE_CURVE('',#5991,#5675,#3312,.T.);
#7213=EDGE_CURVE('',#5991,#5992,#5526,.T.);
#7214=EDGE_CURVE('',#5992,#5676,#3313,.T.);
#7215=EDGE_CURVE('',#5992,#5993,#3314,.T.);
#7216=EDGE_CURVE('',#5993,#5677,#3315,.T.);
#7217=EDGE_CURVE('',#5994,#5995,#3316,.T.);
#7218=EDGE_CURVE('',#5996,#5995,#3317,.T.);
#7219=EDGE_CURVE('',#5997,#5996,#3318,.T.);
#7220=EDGE_CURVE('',#5997,#5994,#3319,.T.);
#7221=EDGE_CURVE('',#5998,#5994,#3320,.T.);
#7222=EDGE_CURVE('',#5999,#5997,#3321,.T.);
#7223=EDGE_CURVE('',#5999,#5998,#3322,.T.);
#7224=EDGE_CURVE('',#6000,#5998,#3323,.T.);
#7225=EDGE_CURVE('',#6001,#5999,#3324,.T.);
#7226=EDGE_CURVE('',#6001,#6000,#3325,.T.);
#7227=EDGE_CURVE('',#6002,#6003,#3326,.T.);
#7228=EDGE_CURVE('',#6004,#6003,#3327,.T.);
#7229=EDGE_CURVE('',#6005,#6004,#3328,.T.);
#7230=EDGE_CURVE('',#6005,#6002,#3329,.T.);
#7231=EDGE_CURVE('',#6006,#6002,#3330,.T.);
#7232=EDGE_CURVE('',#6007,#6005,#3331,.T.);
#7233=EDGE_CURVE('',#6007,#6006,#3332,.T.);
#7234=EDGE_CURVE('',#6008,#6006,#3333,.T.);
#7235=EDGE_CURVE('',#6009,#6007,#3334,.T.);
#7236=EDGE_CURVE('',#6009,#6008,#3335,.T.);
#7237=EDGE_CURVE('',#6010,#6011,#3336,.T.);
#7238=EDGE_CURVE('',#6012,#6011,#3337,.T.);
#7239=EDGE_CURVE('',#6013,#6012,#3338,.T.);
#7240=EDGE_CURVE('',#6013,#6010,#3339,.T.);
#7241=EDGE_CURVE('',#6014,#6010,#3340,.T.);
#7242=EDGE_CURVE('',#6015,#6013,#3341,.T.);
#7243=EDGE_CURVE('',#6015,#6014,#3342,.T.);
#7244=EDGE_CURVE('',#6016,#6014,#3343,.T.);
#7245=EDGE_CURVE('',#6017,#6015,#3344,.T.);
#7246=EDGE_CURVE('',#6017,#6016,#3345,.T.);
#7247=EDGE_CURVE('',#6018,#6019,#3346,.T.);
#7248=EDGE_CURVE('',#6020,#6019,#3347,.T.);
#7249=EDGE_CURVE('',#6021,#6020,#3348,.T.);
#7250=EDGE_CURVE('',#6021,#6018,#3349,.T.);
#7251=EDGE_CURVE('',#6022,#6018,#3350,.T.);
#7252=EDGE_CURVE('',#6023,#6021,#3351,.T.);
#7253=EDGE_CURVE('',#6023,#6022,#3352,.T.);
#7254=EDGE_CURVE('',#6024,#6022,#3353,.T.);
#7255=EDGE_CURVE('',#6025,#6023,#3354,.T.);
#7256=EDGE_CURVE('',#6025,#6024,#3355,.T.);
#7257=EDGE_CURVE('',#6026,#6027,#3356,.T.);
#7258=EDGE_CURVE('',#6028,#6027,#3357,.T.);
#7259=EDGE_CURVE('',#6029,#6028,#3358,.T.);
#7260=EDGE_CURVE('',#6029,#6026,#3359,.T.);
#7261=EDGE_CURVE('',#6030,#6026,#3360,.T.);
#7262=EDGE_CURVE('',#6031,#6029,#3361,.T.);
#7263=EDGE_CURVE('',#6031,#6030,#3362,.T.);
#7264=EDGE_CURVE('',#6032,#6030,#3363,.T.);
#7265=EDGE_CURVE('',#6033,#6031,#3364,.T.);
#7266=EDGE_CURVE('',#6033,#6032,#3365,.T.);
#7267=EDGE_CURVE('',#6034,#6035,#3366,.T.);
#7268=EDGE_CURVE('',#6036,#6035,#3367,.T.);
#7269=EDGE_CURVE('',#6037,#6036,#3368,.T.);
#7270=EDGE_CURVE('',#6037,#6034,#3369,.T.);
#7271=EDGE_CURVE('',#6038,#6034,#3370,.T.);
#7272=EDGE_CURVE('',#6039,#6037,#3371,.T.);
#7273=EDGE_CURVE('',#6039,#6038,#3372,.T.);
#7274=EDGE_CURVE('',#6040,#6038,#3373,.T.);
#7275=EDGE_CURVE('',#6041,#6039,#3374,.T.);
#7276=EDGE_CURVE('',#6041,#6040,#3375,.T.);
#7277=EDGE_CURVE('',#6042,#6043,#3376,.T.);
#7278=EDGE_CURVE('',#6044,#6043,#3377,.T.);
#7279=EDGE_CURVE('',#6045,#6044,#3378,.T.);
#7280=EDGE_CURVE('',#6045,#6042,#3379,.T.);
#7281=EDGE_CURVE('',#6046,#6042,#3380,.T.);
#7282=EDGE_CURVE('',#6047,#6045,#3381,.T.);
#7283=EDGE_CURVE('',#6047,#6046,#3382,.T.);
#7284=EDGE_CURVE('',#6048,#6046,#3383,.T.);
#7285=EDGE_CURVE('',#6049,#6047,#3384,.T.);
#7286=EDGE_CURVE('',#6049,#6048,#3385,.T.);
#7287=EDGE_CURVE('',#6050,#6051,#3386,.T.);
#7288=EDGE_CURVE('',#6052,#6051,#3387,.T.);
#7289=EDGE_CURVE('',#6053,#6052,#3388,.T.);
#7290=EDGE_CURVE('',#6053,#6050,#3389,.T.);
#7291=EDGE_CURVE('',#6054,#6050,#3390,.T.);
#7292=EDGE_CURVE('',#6055,#6053,#3391,.T.);
#7293=EDGE_CURVE('',#6055,#6054,#3392,.T.);
#7294=EDGE_CURVE('',#6056,#6054,#3393,.T.);
#7295=EDGE_CURVE('',#6057,#6055,#3394,.T.);
#7296=EDGE_CURVE('',#6057,#6056,#3395,.T.);
#7297=EDGE_CURVE('',#6058,#6059,#3396,.T.);
#7298=EDGE_CURVE('',#6060,#6059,#3397,.T.);
#7299=EDGE_CURVE('',#6061,#6060,#3398,.T.);
#7300=EDGE_CURVE('',#6061,#6058,#3399,.T.);
#7301=EDGE_CURVE('',#6062,#6058,#3400,.T.);
#7302=EDGE_CURVE('',#6063,#6061,#3401,.T.);
#7303=EDGE_CURVE('',#6063,#6062,#3402,.T.);
#7304=EDGE_CURVE('',#6064,#6062,#3403,.T.);
#7305=EDGE_CURVE('',#6065,#6063,#3404,.T.);
#7306=EDGE_CURVE('',#6065,#6064,#3405,.T.);
#7307=EDGE_CURVE('',#6066,#6067,#3406,.T.);
#7308=EDGE_CURVE('',#6068,#6067,#3407,.T.);
#7309=EDGE_CURVE('',#6069,#6068,#3408,.T.);
#7310=EDGE_CURVE('',#6069,#6066,#3409,.T.);
#7311=EDGE_CURVE('',#6070,#6066,#3410,.T.);
#7312=EDGE_CURVE('',#6071,#6069,#3411,.T.);
#7313=EDGE_CURVE('',#6071,#6070,#3412,.T.);
#7314=EDGE_CURVE('',#6072,#6070,#3413,.T.);
#7315=EDGE_CURVE('',#6073,#6071,#3414,.T.);
#7316=EDGE_CURVE('',#6073,#6072,#3415,.T.);
#7317=EDGE_CURVE('',#6074,#6075,#3416,.T.);
#7318=EDGE_CURVE('',#6076,#6075,#3417,.T.);
#7319=EDGE_CURVE('',#6077,#6076,#3418,.T.);
#7320=EDGE_CURVE('',#6077,#6074,#3419,.T.);
#7321=EDGE_CURVE('',#6078,#6074,#3420,.T.);
#7322=EDGE_CURVE('',#6079,#6077,#3421,.T.);
#7323=EDGE_CURVE('',#6079,#6078,#3422,.T.);
#7324=EDGE_CURVE('',#6080,#6078,#3423,.T.);
#7325=EDGE_CURVE('',#6081,#6079,#3424,.T.);
#7326=EDGE_CURVE('',#6081,#6080,#3425,.T.);
#7327=EDGE_CURVE('',#6082,#6083,#3426,.T.);
#7328=EDGE_CURVE('',#6084,#6083,#3427,.T.);
#7329=EDGE_CURVE('',#6085,#6084,#3428,.T.);
#7330=EDGE_CURVE('',#6085,#6082,#3429,.T.);
#7331=EDGE_CURVE('',#6086,#6082,#3430,.T.);
#7332=EDGE_CURVE('',#6087,#6085,#3431,.T.);
#7333=EDGE_CURVE('',#6087,#6086,#3432,.T.);
#7334=EDGE_CURVE('',#6088,#6086,#3433,.T.);
#7335=EDGE_CURVE('',#6089,#6087,#3434,.T.);
#7336=EDGE_CURVE('',#6089,#6088,#3435,.T.);
#7337=EDGE_CURVE('',#6090,#6091,#3436,.T.);
#7338=EDGE_CURVE('',#6092,#6091,#3437,.T.);
#7339=EDGE_CURVE('',#6093,#6092,#3438,.T.);
#7340=EDGE_CURVE('',#6093,#6090,#3439,.T.);
#7341=EDGE_CURVE('',#6094,#6090,#3440,.T.);
#7342=EDGE_CURVE('',#6095,#6093,#3441,.T.);
#7343=EDGE_CURVE('',#6095,#6094,#3442,.T.);
#7344=EDGE_CURVE('',#6096,#6094,#3443,.T.);
#7345=EDGE_CURVE('',#6097,#6095,#3444,.T.);
#7346=EDGE_CURVE('',#6097,#6096,#3445,.T.);
#7347=EDGE_CURVE('',#6098,#6099,#3446,.T.);
#7348=EDGE_CURVE('',#6100,#6099,#3447,.T.);
#7349=EDGE_CURVE('',#6101,#6100,#3448,.T.);
#7350=EDGE_CURVE('',#6101,#6098,#3449,.T.);
#7351=EDGE_CURVE('',#6102,#6098,#3450,.T.);
#7352=EDGE_CURVE('',#6103,#6101,#3451,.T.);
#7353=EDGE_CURVE('',#6103,#6102,#3452,.T.);
#7354=EDGE_CURVE('',#6104,#6102,#3453,.T.);
#7355=EDGE_CURVE('',#6105,#6103,#3454,.T.);
#7356=EDGE_CURVE('',#6105,#6104,#3455,.T.);
#7357=EDGE_CURVE('',#6106,#6107,#3456,.T.);
#7358=EDGE_CURVE('',#6108,#6107,#3457,.T.);
#7359=EDGE_CURVE('',#6109,#6108,#3458,.T.);
#7360=EDGE_CURVE('',#6109,#6106,#3459,.T.);
#7361=EDGE_CURVE('',#6110,#6106,#3460,.T.);
#7362=EDGE_CURVE('',#6111,#6109,#3461,.T.);
#7363=EDGE_CURVE('',#6111,#6110,#3462,.T.);
#7364=EDGE_CURVE('',#6112,#6110,#3463,.T.);
#7365=EDGE_CURVE('',#6113,#6111,#3464,.T.);
#7366=EDGE_CURVE('',#6113,#6112,#3465,.T.);
#7367=EDGE_CURVE('',#6114,#6115,#3466,.T.);
#7368=EDGE_CURVE('',#6116,#6115,#3467,.T.);
#7369=EDGE_CURVE('',#6117,#6116,#3468,.T.);
#7370=EDGE_CURVE('',#6117,#6114,#3469,.T.);
#7371=EDGE_CURVE('',#6118,#6114,#3470,.T.);
#7372=EDGE_CURVE('',#6119,#6117,#3471,.T.);
#7373=EDGE_CURVE('',#6119,#6118,#3472,.T.);
#7374=EDGE_CURVE('',#6120,#6118,#3473,.T.);
#7375=EDGE_CURVE('',#6121,#6119,#3474,.T.);
#7376=EDGE_CURVE('',#6121,#6120,#3475,.T.);
#7377=EDGE_CURVE('',#6122,#6123,#3476,.T.);
#7378=EDGE_CURVE('',#6124,#6123,#3477,.T.);
#7379=EDGE_CURVE('',#6125,#6124,#3478,.T.);
#7380=EDGE_CURVE('',#6125,#6122,#3479,.T.);
#7381=EDGE_CURVE('',#6126,#6122,#3480,.T.);
#7382=EDGE_CURVE('',#6127,#6125,#3481,.T.);
#7383=EDGE_CURVE('',#6127,#6126,#3482,.T.);
#7384=EDGE_CURVE('',#6128,#6126,#3483,.T.);
#7385=EDGE_CURVE('',#6129,#6127,#3484,.T.);
#7386=EDGE_CURVE('',#6129,#6128,#3485,.T.);
#7387=EDGE_CURVE('',#6130,#6131,#3486,.T.);
#7388=EDGE_CURVE('',#6132,#6131,#3487,.T.);
#7389=EDGE_CURVE('',#6133,#6132,#3488,.T.);
#7390=EDGE_CURVE('',#6133,#6130,#3489,.T.);
#7391=EDGE_CURVE('',#6134,#6130,#3490,.T.);
#7392=EDGE_CURVE('',#6135,#6133,#3491,.T.);
#7393=EDGE_CURVE('',#6135,#6134,#3492,.T.);
#7394=EDGE_CURVE('',#6136,#6134,#3493,.T.);
#7395=EDGE_CURVE('',#6137,#6135,#3494,.T.);
#7396=EDGE_CURVE('',#6137,#6136,#3495,.T.);
#7397=EDGE_CURVE('',#6138,#6139,#3496,.T.);
#7398=EDGE_CURVE('',#6140,#6139,#3497,.T.);
#7399=EDGE_CURVE('',#6141,#6140,#3498,.T.);
#7400=EDGE_CURVE('',#6141,#6138,#3499,.T.);
#7401=EDGE_CURVE('',#6142,#6138,#3500,.T.);
#7402=EDGE_CURVE('',#6143,#6141,#3501,.T.);
#7403=EDGE_CURVE('',#6143,#6142,#3502,.T.);
#7404=EDGE_CURVE('',#6144,#6142,#3503,.T.);
#7405=EDGE_CURVE('',#6145,#6143,#3504,.T.);
#7406=EDGE_CURVE('',#6145,#6144,#3505,.T.);
#7407=EDGE_CURVE('',#6146,#6147,#3506,.T.);
#7408=EDGE_CURVE('',#6148,#6147,#3507,.T.);
#7409=EDGE_CURVE('',#6149,#6148,#3508,.T.);
#7410=EDGE_CURVE('',#6149,#6146,#3509,.T.);
#7411=EDGE_CURVE('',#6150,#6146,#3510,.T.);
#7412=EDGE_CURVE('',#6151,#6149,#3511,.T.);
#7413=EDGE_CURVE('',#6151,#6150,#3512,.T.);
#7414=EDGE_CURVE('',#6152,#6150,#3513,.T.);
#7415=EDGE_CURVE('',#6153,#6151,#3514,.T.);
#7416=EDGE_CURVE('',#6153,#6152,#3515,.T.);
#7417=EDGE_CURVE('',#6154,#6155,#3516,.T.);
#7418=EDGE_CURVE('',#6156,#6155,#3517,.T.);
#7419=EDGE_CURVE('',#6157,#6156,#3518,.T.);
#7420=EDGE_CURVE('',#6157,#6154,#3519,.T.);
#7421=EDGE_CURVE('',#6158,#6154,#3520,.T.);
#7422=EDGE_CURVE('',#6159,#6157,#3521,.T.);
#7423=EDGE_CURVE('',#6159,#6158,#3522,.T.);
#7424=EDGE_CURVE('',#6160,#6158,#3523,.T.);
#7425=EDGE_CURVE('',#6161,#6159,#3524,.T.);
#7426=EDGE_CURVE('',#6161,#6160,#3525,.T.);
#7427=EDGE_CURVE('',#6162,#6163,#3526,.T.);
#7428=EDGE_CURVE('',#6164,#6163,#3527,.T.);
#7429=EDGE_CURVE('',#6165,#6164,#3528,.T.);
#7430=EDGE_CURVE('',#6165,#6162,#3529,.T.);
#7431=EDGE_CURVE('',#6166,#6162,#3530,.T.);
#7432=EDGE_CURVE('',#6167,#6165,#3531,.T.);
#7433=EDGE_CURVE('',#6167,#6166,#3532,.T.);
#7434=EDGE_CURVE('',#6168,#6166,#3533,.T.);
#7435=EDGE_CURVE('',#6169,#6167,#3534,.T.);
#7436=EDGE_CURVE('',#6169,#6168,#3535,.T.);
#7437=EDGE_CURVE('',#6170,#6171,#3536,.T.);
#7438=EDGE_CURVE('',#6172,#6171,#3537,.T.);
#7439=EDGE_CURVE('',#6173,#6172,#3538,.T.);
#7440=EDGE_CURVE('',#6173,#6170,#3539,.T.);
#7441=EDGE_CURVE('',#6174,#6170,#3540,.T.);
#7442=EDGE_CURVE('',#6175,#6173,#3541,.T.);
#7443=EDGE_CURVE('',#6175,#6174,#3542,.T.);
#7444=EDGE_CURVE('',#6176,#6174,#3543,.T.);
#7445=EDGE_CURVE('',#6177,#6175,#3544,.T.);
#7446=EDGE_CURVE('',#6177,#6176,#3545,.T.);
#7447=EDGE_CURVE('',#6178,#6179,#3546,.T.);
#7448=EDGE_CURVE('',#6180,#6179,#3547,.T.);
#7449=EDGE_CURVE('',#6181,#6180,#3548,.T.);
#7450=EDGE_CURVE('',#6181,#6178,#3549,.T.);
#7451=EDGE_CURVE('',#6182,#6178,#3550,.T.);
#7452=EDGE_CURVE('',#6183,#6181,#3551,.T.);
#7453=EDGE_CURVE('',#6183,#6182,#3552,.T.);
#7454=EDGE_CURVE('',#6184,#6182,#3553,.T.);
#7455=EDGE_CURVE('',#6185,#6183,#3554,.T.);
#7456=EDGE_CURVE('',#6185,#6184,#3555,.T.);
#7457=EDGE_CURVE('',#6186,#6187,#3556,.T.);
#7458=EDGE_CURVE('',#6188,#6187,#3557,.T.);
#7459=EDGE_CURVE('',#6189,#6188,#3558,.T.);
#7460=EDGE_CURVE('',#6189,#6186,#3559,.T.);
#7461=EDGE_CURVE('',#6190,#6186,#3560,.T.);
#7462=EDGE_CURVE('',#6191,#6189,#3561,.T.);
#7463=EDGE_CURVE('',#6191,#6190,#3562,.T.);
#7464=EDGE_CURVE('',#6192,#6190,#3563,.T.);
#7465=EDGE_CURVE('',#6193,#6191,#3564,.T.);
#7466=EDGE_CURVE('',#6193,#6192,#3565,.T.);
#7467=EDGE_CURVE('',#6194,#6195,#3566,.T.);
#7468=EDGE_CURVE('',#6196,#6195,#3567,.T.);
#7469=EDGE_CURVE('',#6197,#6196,#3568,.T.);
#7470=EDGE_CURVE('',#6197,#6194,#3569,.T.);
#7471=EDGE_CURVE('',#6198,#6194,#3570,.T.);
#7472=EDGE_CURVE('',#6199,#6197,#3571,.T.);
#7473=EDGE_CURVE('',#6199,#6198,#3572,.T.);
#7474=EDGE_CURVE('',#6200,#6198,#3573,.T.);
#7475=EDGE_CURVE('',#6201,#6199,#3574,.T.);
#7476=EDGE_CURVE('',#6201,#6200,#3575,.T.);
#7477=EDGE_CURVE('',#6202,#6203,#3576,.T.);
#7478=EDGE_CURVE('',#6204,#6203,#3577,.T.);
#7479=EDGE_CURVE('',#6205,#6204,#3578,.T.);
#7480=EDGE_CURVE('',#6205,#6202,#3579,.T.);
#7481=EDGE_CURVE('',#6206,#6202,#3580,.T.);
#7482=EDGE_CURVE('',#6207,#6205,#3581,.T.);
#7483=EDGE_CURVE('',#6207,#6206,#3582,.T.);
#7484=EDGE_CURVE('',#6208,#6206,#3583,.T.);
#7485=EDGE_CURVE('',#6209,#6207,#3584,.T.);
#7486=EDGE_CURVE('',#6209,#6208,#3585,.T.);
#7487=EDGE_CURVE('',#6210,#6211,#3586,.T.);
#7488=EDGE_CURVE('',#6212,#6211,#3587,.T.);
#7489=EDGE_CURVE('',#6213,#6212,#3588,.T.);
#7490=EDGE_CURVE('',#6213,#6210,#3589,.T.);
#7491=EDGE_CURVE('',#6214,#6210,#3590,.T.);
#7492=EDGE_CURVE('',#6215,#6213,#3591,.T.);
#7493=EDGE_CURVE('',#6215,#6214,#3592,.T.);
#7494=EDGE_CURVE('',#6216,#6214,#3593,.T.);
#7495=EDGE_CURVE('',#6217,#6215,#3594,.T.);
#7496=EDGE_CURVE('',#6217,#6216,#3595,.T.);
#7497=EDGE_CURVE('',#6218,#6219,#3596,.T.);
#7498=EDGE_CURVE('',#6220,#6219,#3597,.T.);
#7499=EDGE_CURVE('',#6221,#6220,#3598,.T.);
#7500=EDGE_CURVE('',#6221,#6218,#3599,.T.);
#7501=EDGE_CURVE('',#6222,#6218,#3600,.T.);
#7502=EDGE_CURVE('',#6223,#6221,#3601,.T.);
#7503=EDGE_CURVE('',#6223,#6222,#3602,.T.);
#7504=EDGE_CURVE('',#6224,#6222,#3603,.T.);
#7505=EDGE_CURVE('',#6225,#6223,#3604,.T.);
#7506=EDGE_CURVE('',#6225,#6224,#3605,.T.);
#7507=EDGE_CURVE('',#6226,#6227,#3606,.T.);
#7508=EDGE_CURVE('',#6228,#6227,#3607,.T.);
#7509=EDGE_CURVE('',#6229,#6228,#3608,.T.);
#7510=EDGE_CURVE('',#6229,#6226,#3609,.T.);
#7511=EDGE_CURVE('',#6230,#6226,#3610,.T.);
#7512=EDGE_CURVE('',#6231,#6229,#3611,.T.);
#7513=EDGE_CURVE('',#6231,#6230,#3612,.T.);
#7514=EDGE_CURVE('',#6232,#6230,#3613,.T.);
#7515=EDGE_CURVE('',#6233,#6231,#3614,.T.);
#7516=EDGE_CURVE('',#6233,#6232,#3615,.T.);
#7517=EDGE_CURVE('',#6234,#6232,#3616,.T.);
#7518=EDGE_CURVE('',#6235,#6233,#3617,.T.);
#7519=EDGE_CURVE('',#6235,#6234,#3618,.T.);
#7520=EDGE_CURVE('',#6236,#6237,#3619,.T.);
#7521=EDGE_CURVE('',#6238,#6237,#3620,.T.);
#7522=EDGE_CURVE('',#6239,#6238,#3621,.T.);
#7523=EDGE_CURVE('',#6239,#6236,#3622,.T.);
#7524=EDGE_CURVE('',#6240,#6236,#3623,.T.);
#7525=EDGE_CURVE('',#6241,#6239,#3624,.T.);
#7526=EDGE_CURVE('',#6241,#6240,#3625,.T.);
#7527=EDGE_CURVE('',#6242,#6240,#3626,.T.);
#7528=EDGE_CURVE('',#6243,#6241,#3627,.T.);
#7529=EDGE_CURVE('',#6243,#6242,#3628,.T.);
#7530=EDGE_CURVE('',#6244,#6245,#3629,.T.);
#7531=EDGE_CURVE('',#6246,#6245,#3630,.T.);
#7532=EDGE_CURVE('',#6247,#6246,#3631,.T.);
#7533=EDGE_CURVE('',#6247,#6244,#3632,.T.);
#7534=EDGE_CURVE('',#6248,#6244,#3633,.T.);
#7535=EDGE_CURVE('',#6249,#6247,#3634,.T.);
#7536=EDGE_CURVE('',#6249,#6248,#3635,.T.);
#7537=EDGE_CURVE('',#6250,#6248,#3636,.T.);
#7538=EDGE_CURVE('',#6251,#6249,#3637,.T.);
#7539=EDGE_CURVE('',#6251,#6250,#3638,.T.);
#7540=EDGE_CURVE('',#6252,#6253,#3639,.T.);
#7541=EDGE_CURVE('',#6254,#6253,#3640,.T.);
#7542=EDGE_CURVE('',#6255,#6254,#3641,.T.);
#7543=EDGE_CURVE('',#6255,#6252,#3642,.T.);
#7544=EDGE_CURVE('',#6256,#6252,#3643,.T.);
#7545=EDGE_CURVE('',#6257,#6255,#3644,.T.);
#7546=EDGE_CURVE('',#6257,#6256,#3645,.T.);
#7547=EDGE_CURVE('',#6258,#6256,#3646,.T.);
#7548=EDGE_CURVE('',#6259,#6257,#3647,.T.);
#7549=EDGE_CURVE('',#6259,#6258,#3648,.T.);
#7550=EDGE_CURVE('',#6260,#6261,#3649,.T.);
#7551=EDGE_CURVE('',#6262,#6261,#3650,.T.);
#7552=EDGE_CURVE('',#6263,#6262,#3651,.T.);
#7553=EDGE_CURVE('',#6263,#6260,#3652,.T.);
#7554=EDGE_CURVE('',#6264,#6260,#3653,.T.);
#7555=EDGE_CURVE('',#6265,#6263,#3654,.T.);
#7556=EDGE_CURVE('',#6265,#6264,#3655,.T.);
#7557=EDGE_CURVE('',#6266,#6264,#3656,.T.);
#7558=EDGE_CURVE('',#6267,#6265,#3657,.T.);
#7559=EDGE_CURVE('',#6267,#6266,#3658,.T.);
#7560=EDGE_CURVE('',#6268,#6269,#3659,.T.);
#7561=EDGE_CURVE('',#6270,#6269,#3660,.T.);
#7562=EDGE_CURVE('',#6271,#6270,#3661,.T.);
#7563=EDGE_CURVE('',#6271,#6268,#3662,.T.);
#7564=EDGE_CURVE('',#6272,#6268,#3663,.T.);
#7565=EDGE_CURVE('',#6273,#6271,#3664,.T.);
#7566=EDGE_CURVE('',#6273,#6272,#3665,.T.);
#7567=EDGE_CURVE('',#6274,#6272,#3666,.T.);
#7568=EDGE_CURVE('',#6275,#6273,#3667,.T.);
#7569=EDGE_CURVE('',#6275,#6274,#3668,.T.);
#7570=EDGE_CURVE('',#6274,#6276,#5527,.T.);
#7571=EDGE_CURVE('',#6275,#6277,#5528,.T.);
#7572=EDGE_CURVE('',#6277,#6276,#3669,.T.);
#7573=EDGE_CURVE('',#6278,#6279,#3670,.T.);
#7574=EDGE_CURVE('',#6280,#6279,#3671,.T.);
#7575=EDGE_CURVE('',#6281,#6280,#3672,.T.);
#7576=EDGE_CURVE('',#6281,#6278,#3673,.T.);
#7577=EDGE_CURVE('',#6282,#6278,#3674,.T.);
#7578=EDGE_CURVE('',#6283,#6281,#3675,.T.);
#7579=EDGE_CURVE('',#6283,#6282,#3676,.T.);
#7580=EDGE_CURVE('',#6284,#6282,#3677,.T.);
#7581=EDGE_CURVE('',#6285,#6283,#3678,.T.);
#7582=EDGE_CURVE('',#6285,#6284,#3679,.T.);
#7583=EDGE_CURVE('',#6286,#6287,#3680,.T.);
#7584=EDGE_CURVE('',#6288,#6287,#3681,.T.);
#7585=EDGE_CURVE('',#6289,#6288,#3682,.T.);
#7586=EDGE_CURVE('',#6289,#6286,#3683,.T.);
#7587=EDGE_CURVE('',#6286,#6290,#5529,.T.);
#7588=EDGE_CURVE('',#6289,#6291,#5530,.T.);
#7589=EDGE_CURVE('',#6291,#6290,#3684,.T.);
#7590=EDGE_CURVE('',#6292,#6290,#3685,.T.);
#7591=EDGE_CURVE('',#6293,#6291,#3686,.T.);
#7592=EDGE_CURVE('',#6293,#6292,#3687,.T.);
#7593=EDGE_CURVE('',#6294,#6292,#3688,.T.);
#7594=EDGE_CURVE('',#6295,#6293,#3689,.T.);
#7595=EDGE_CURVE('',#6295,#6294,#3690,.T.);
#7596=EDGE_CURVE('',#6296,#6297,#3691,.T.);
#7597=EDGE_CURVE('',#6298,#6297,#3692,.T.);
#7598=EDGE_CURVE('',#6299,#6298,#3693,.T.);
#7599=EDGE_CURVE('',#6299,#6296,#3694,.T.);
#7600=EDGE_CURVE('',#6300,#6296,#3695,.T.);
#7601=EDGE_CURVE('',#6301,#6299,#3696,.T.);
#7602=EDGE_CURVE('',#6301,#6300,#3697,.T.);
#7603=EDGE_CURVE('',#6302,#6300,#3698,.T.);
#7604=EDGE_CURVE('',#6303,#6301,#3699,.T.);
#7605=EDGE_CURVE('',#6303,#6302,#3700,.T.);
#7606=EDGE_CURVE('',#6304,#6305,#3701,.T.);
#7607=EDGE_CURVE('',#6306,#6305,#3702,.T.);
#7608=EDGE_CURVE('',#6307,#6306,#3703,.T.);
#7609=EDGE_CURVE('',#6307,#6304,#3704,.T.);
#7610=EDGE_CURVE('',#6308,#6304,#3705,.T.);
#7611=EDGE_CURVE('',#6309,#6307,#3706,.T.);
#7612=EDGE_CURVE('',#6309,#6308,#3707,.T.);
#7613=EDGE_CURVE('',#6310,#6308,#3708,.T.);
#7614=EDGE_CURVE('',#6311,#6309,#3709,.T.);
#7615=EDGE_CURVE('',#6311,#6310,#3710,.T.);
#7616=EDGE_CURVE('',#6312,#6313,#3711,.T.);
#7617=EDGE_CURVE('',#6314,#6313,#3712,.T.);
#7618=EDGE_CURVE('',#6315,#6314,#3713,.T.);
#7619=EDGE_CURVE('',#6315,#6312,#3714,.T.);
#7620=EDGE_CURVE('',#6316,#6312,#3715,.T.);
#7621=EDGE_CURVE('',#6317,#6315,#3716,.T.);
#7622=EDGE_CURVE('',#6317,#6316,#3717,.T.);
#7623=EDGE_CURVE('',#6318,#6316,#3718,.T.);
#7624=EDGE_CURVE('',#6319,#6317,#3719,.T.);
#7625=EDGE_CURVE('',#6319,#6318,#3720,.T.);
#7626=EDGE_CURVE('',#6320,#6321,#3721,.T.);
#7627=EDGE_CURVE('',#6322,#6321,#3722,.T.);
#7628=EDGE_CURVE('',#6323,#6322,#3723,.T.);
#7629=EDGE_CURVE('',#6323,#6320,#3724,.T.);
#7630=EDGE_CURVE('',#6324,#6320,#3725,.T.);
#7631=EDGE_CURVE('',#6325,#6323,#3726,.T.);
#7632=EDGE_CURVE('',#6325,#6324,#3727,.T.);
#7633=EDGE_CURVE('',#6326,#6324,#3728,.T.);
#7634=EDGE_CURVE('',#6327,#6325,#3729,.T.);
#7635=EDGE_CURVE('',#6327,#6326,#3730,.T.);
#7636=EDGE_CURVE('',#6328,#6329,#3731,.T.);
#7637=EDGE_CURVE('',#6330,#6329,#3732,.T.);
#7638=EDGE_CURVE('',#6331,#6330,#3733,.T.);
#7639=EDGE_CURVE('',#6331,#6328,#3734,.T.);
#7640=EDGE_CURVE('',#6332,#6328,#3735,.T.);
#7641=EDGE_CURVE('',#6333,#6331,#3736,.T.);
#7642=EDGE_CURVE('',#6333,#6332,#3737,.T.);
#7643=EDGE_CURVE('',#6334,#6332,#3738,.T.);
#7644=EDGE_CURVE('',#6335,#6333,#3739,.T.);
#7645=EDGE_CURVE('',#6335,#6334,#3740,.T.);
#7646=EDGE_CURVE('',#6336,#6337,#3741,.T.);
#7647=EDGE_CURVE('',#6338,#6337,#3742,.T.);
#7648=EDGE_CURVE('',#6339,#6338,#3743,.T.);
#7649=EDGE_CURVE('',#6339,#6336,#3744,.T.);
#7650=EDGE_CURVE('',#6340,#6336,#3745,.T.);
#7651=EDGE_CURVE('',#6341,#6339,#3746,.T.);
#7652=EDGE_CURVE('',#6341,#6340,#3747,.T.);
#7653=EDGE_CURVE('',#6342,#6340,#3748,.T.);
#7654=EDGE_CURVE('',#6343,#6341,#3749,.T.);
#7655=EDGE_CURVE('',#6343,#6342,#3750,.T.);
#7656=EDGE_CURVE('',#6344,#6345,#3751,.T.);
#7657=EDGE_CURVE('',#6346,#6345,#3752,.T.);
#7658=EDGE_CURVE('',#6347,#6346,#3753,.T.);
#7659=EDGE_CURVE('',#6347,#6344,#3754,.T.);
#7660=EDGE_CURVE('',#6348,#6344,#3755,.T.);
#7661=EDGE_CURVE('',#6349,#6347,#3756,.T.);
#7662=EDGE_CURVE('',#6349,#6348,#3757,.T.);
#7663=EDGE_CURVE('',#6350,#6348,#3758,.T.);
#7664=EDGE_CURVE('',#6351,#6349,#3759,.T.);
#7665=EDGE_CURVE('',#6351,#6350,#3760,.T.);
#7666=EDGE_CURVE('',#6352,#6353,#3761,.T.);
#7667=EDGE_CURVE('',#6354,#6353,#3762,.T.);
#7668=EDGE_CURVE('',#6355,#6354,#3763,.T.);
#7669=EDGE_CURVE('',#6355,#6352,#3764,.T.);
#7670=EDGE_CURVE('',#6356,#6352,#3765,.T.);
#7671=EDGE_CURVE('',#6357,#6355,#3766,.T.);
#7672=EDGE_CURVE('',#6357,#6356,#3767,.T.);
#7673=EDGE_CURVE('',#6358,#6356,#3768,.T.);
#7674=EDGE_CURVE('',#6359,#6357,#3769,.T.);
#7675=EDGE_CURVE('',#6359,#6358,#3770,.T.);
#7676=EDGE_CURVE('',#6360,#6361,#3771,.T.);
#7677=EDGE_CURVE('',#6362,#6361,#3772,.T.);
#7678=EDGE_CURVE('',#6363,#6362,#3773,.T.);
#7679=EDGE_CURVE('',#6363,#6360,#3774,.T.);
#7680=EDGE_CURVE('',#6364,#6360,#3775,.T.);
#7681=EDGE_CURVE('',#6365,#6363,#3776,.T.);
#7682=EDGE_CURVE('',#6365,#6364,#3777,.T.);
#7683=EDGE_CURVE('',#6366,#6364,#3778,.T.);
#7684=EDGE_CURVE('',#6367,#6365,#3779,.T.);
#7685=EDGE_CURVE('',#6367,#6366,#3780,.T.);
#7686=EDGE_CURVE('',#6368,#6369,#3781,.T.);
#7687=EDGE_CURVE('',#6370,#6369,#3782,.T.);
#7688=EDGE_CURVE('',#6371,#6370,#3783,.T.);
#7689=EDGE_CURVE('',#6371,#6368,#3784,.T.);
#7690=EDGE_CURVE('',#6372,#6368,#3785,.T.);
#7691=EDGE_CURVE('',#6373,#6371,#3786,.T.);
#7692=EDGE_CURVE('',#6373,#6372,#3787,.T.);
#7693=EDGE_CURVE('',#6374,#6372,#3788,.T.);
#7694=EDGE_CURVE('',#6375,#6373,#3789,.T.);
#7695=EDGE_CURVE('',#6375,#6374,#3790,.T.);
#7696=EDGE_CURVE('',#6376,#6377,#3791,.T.);
#7697=EDGE_CURVE('',#6378,#6377,#3792,.T.);
#7698=EDGE_CURVE('',#6379,#6378,#3793,.T.);
#7699=EDGE_CURVE('',#6379,#6376,#3794,.T.);
#7700=EDGE_CURVE('',#6380,#6376,#3795,.T.);
#7701=EDGE_CURVE('',#6381,#6379,#3796,.T.);
#7702=EDGE_CURVE('',#6381,#6380,#3797,.T.);
#7703=EDGE_CURVE('',#6382,#6380,#3798,.T.);
#7704=EDGE_CURVE('',#6383,#6381,#3799,.T.);
#7705=EDGE_CURVE('',#6383,#6382,#3800,.T.);
#7706=EDGE_CURVE('',#6384,#6385,#3801,.T.);
#7707=EDGE_CURVE('',#6386,#6385,#3802,.T.);
#7708=EDGE_CURVE('',#6387,#6386,#3803,.T.);
#7709=EDGE_CURVE('',#6387,#6384,#3804,.T.);
#7710=EDGE_CURVE('',#6388,#6384,#3805,.T.);
#7711=EDGE_CURVE('',#6389,#6387,#3806,.T.);
#7712=EDGE_CURVE('',#6389,#6388,#3807,.T.);
#7713=EDGE_CURVE('',#6390,#6388,#3808,.T.);
#7714=EDGE_CURVE('',#6391,#6389,#3809,.T.);
#7715=EDGE_CURVE('',#6391,#6390,#3810,.T.);
#7716=EDGE_CURVE('',#6392,#6393,#3811,.T.);
#7717=EDGE_CURVE('',#6394,#6393,#3812,.T.);
#7718=EDGE_CURVE('',#6395,#6394,#3813,.T.);
#7719=EDGE_CURVE('',#6395,#6392,#3814,.T.);
#7720=EDGE_CURVE('',#6396,#6392,#3815,.T.);
#7721=EDGE_CURVE('',#6397,#6395,#3816,.T.);
#7722=EDGE_CURVE('',#6397,#6396,#3817,.T.);
#7723=EDGE_CURVE('',#6398,#6396,#3818,.T.);
#7724=EDGE_CURVE('',#6399,#6397,#3819,.T.);
#7725=EDGE_CURVE('',#6399,#6398,#3820,.T.);
#7726=EDGE_CURVE('',#6400,#6401,#3821,.T.);
#7727=EDGE_CURVE('',#6402,#6401,#3822,.T.);
#7728=EDGE_CURVE('',#6403,#6402,#3823,.T.);
#7729=EDGE_CURVE('',#6403,#6400,#3824,.T.);
#7730=EDGE_CURVE('',#6404,#6400,#3825,.T.);
#7731=EDGE_CURVE('',#6405,#6403,#3826,.T.);
#7732=EDGE_CURVE('',#6405,#6404,#3827,.T.);
#7733=EDGE_CURVE('',#6406,#6404,#3828,.T.);
#7734=EDGE_CURVE('',#6407,#6405,#3829,.T.);
#7735=EDGE_CURVE('',#6407,#6406,#3830,.T.);
#7736=EDGE_CURVE('',#6408,#6409,#3831,.T.);
#7737=EDGE_CURVE('',#6410,#6409,#3832,.T.);
#7738=EDGE_CURVE('',#6411,#6410,#3833,.T.);
#7739=EDGE_CURVE('',#6411,#6408,#3834,.T.);
#7740=EDGE_CURVE('',#6412,#6408,#3835,.T.);
#7741=EDGE_CURVE('',#6413,#6411,#3836,.T.);
#7742=EDGE_CURVE('',#6413,#6412,#3837,.T.);
#7743=EDGE_CURVE('',#6414,#6412,#3838,.T.);
#7744=EDGE_CURVE('',#6415,#6413,#3839,.T.);
#7745=EDGE_CURVE('',#6415,#6414,#3840,.T.);
#7746=EDGE_CURVE('',#6416,#6417,#3841,.T.);
#7747=EDGE_CURVE('',#6418,#6417,#3842,.T.);
#7748=EDGE_CURVE('',#6419,#6418,#3843,.T.);
#7749=EDGE_CURVE('',#6419,#6416,#3844,.T.);
#7750=EDGE_CURVE('',#6420,#6416,#3845,.T.);
#7751=EDGE_CURVE('',#6421,#6419,#3846,.T.);
#7752=EDGE_CURVE('',#6421,#6420,#3847,.T.);
#7753=EDGE_CURVE('',#6422,#6420,#3848,.T.);
#7754=EDGE_CURVE('',#6423,#6421,#3849,.T.);
#7755=EDGE_CURVE('',#6423,#6422,#3850,.T.);
#7756=EDGE_CURVE('',#6424,#6425,#3851,.T.);
#7757=EDGE_CURVE('',#6426,#6425,#3852,.T.);
#7758=EDGE_CURVE('',#6427,#6426,#3853,.T.);
#7759=EDGE_CURVE('',#6427,#6424,#3854,.T.);
#7760=EDGE_CURVE('',#6428,#6424,#3855,.T.);
#7761=EDGE_CURVE('',#6429,#6427,#3856,.T.);
#7762=EDGE_CURVE('',#6429,#6428,#3857,.T.);
#7763=EDGE_CURVE('',#6430,#6428,#3858,.T.);
#7764=EDGE_CURVE('',#6431,#6429,#3859,.T.);
#7765=EDGE_CURVE('',#6431,#6430,#3860,.T.);
#7766=EDGE_CURVE('',#6432,#6433,#3861,.T.);
#7767=EDGE_CURVE('',#6434,#6433,#3862,.T.);
#7768=EDGE_CURVE('',#6435,#6434,#3863,.T.);
#7769=EDGE_CURVE('',#6435,#6432,#3864,.T.);
#7770=EDGE_CURVE('',#6436,#6432,#3865,.T.);
#7771=EDGE_CURVE('',#6437,#6435,#3866,.T.);
#7772=EDGE_CURVE('',#6437,#6436,#3867,.T.);
#7773=EDGE_CURVE('',#6438,#6436,#3868,.T.);
#7774=EDGE_CURVE('',#6439,#6437,#3869,.T.);
#7775=EDGE_CURVE('',#6439,#6438,#3870,.T.);
#7776=EDGE_CURVE('',#6440,#6441,#3871,.T.);
#7777=EDGE_CURVE('',#6442,#6441,#3872,.T.);
#7778=EDGE_CURVE('',#6443,#6442,#3873,.T.);
#7779=EDGE_CURVE('',#6443,#6440,#3874,.T.);
#7780=EDGE_CURVE('',#6444,#6440,#3875,.T.);
#7781=EDGE_CURVE('',#6445,#6443,#3876,.T.);
#7782=EDGE_CURVE('',#6445,#6444,#3877,.T.);
#7783=EDGE_CURVE('',#6446,#6444,#3878,.T.);
#7784=EDGE_CURVE('',#6447,#6445,#3879,.T.);
#7785=EDGE_CURVE('',#6447,#6446,#3880,.T.);
#7786=EDGE_CURVE('',#6448,#6449,#3881,.T.);
#7787=EDGE_CURVE('',#6450,#6449,#3882,.T.);
#7788=EDGE_CURVE('',#6451,#6450,#3883,.T.);
#7789=EDGE_CURVE('',#6451,#6448,#3884,.T.);
#7790=EDGE_CURVE('',#6452,#6448,#3885,.T.);
#7791=EDGE_CURVE('',#6453,#6451,#3886,.T.);
#7792=EDGE_CURVE('',#6453,#6452,#3887,.T.);
#7793=EDGE_CURVE('',#6454,#6452,#3888,.T.);
#7794=EDGE_CURVE('',#6455,#6453,#3889,.T.);
#7795=EDGE_CURVE('',#6455,#6454,#3890,.T.);
#7796=EDGE_CURVE('',#6456,#6457,#3891,.T.);
#7797=EDGE_CURVE('',#6458,#6457,#3892,.T.);
#7798=EDGE_CURVE('',#6459,#6458,#3893,.T.);
#7799=EDGE_CURVE('',#6459,#6456,#3894,.T.);
#7800=EDGE_CURVE('',#6460,#6456,#3895,.T.);
#7801=EDGE_CURVE('',#6461,#6459,#3896,.T.);
#7802=EDGE_CURVE('',#6461,#6460,#3897,.T.);
#7803=EDGE_CURVE('',#6462,#6460,#3898,.T.);
#7804=EDGE_CURVE('',#6463,#6461,#3899,.T.);
#7805=EDGE_CURVE('',#6463,#6462,#3900,.T.);
#7806=EDGE_CURVE('',#6464,#6465,#3901,.T.);
#7807=EDGE_CURVE('',#6466,#6465,#3902,.T.);
#7808=EDGE_CURVE('',#6467,#6466,#3903,.T.);
#7809=EDGE_CURVE('',#6467,#6464,#3904,.T.);
#7810=EDGE_CURVE('',#6468,#6464,#3905,.T.);
#7811=EDGE_CURVE('',#6469,#6467,#3906,.T.);
#7812=EDGE_CURVE('',#6469,#6468,#3907,.T.);
#7813=EDGE_CURVE('',#6470,#6468,#3908,.T.);
#7814=EDGE_CURVE('',#6471,#6469,#3909,.T.);
#7815=EDGE_CURVE('',#6471,#6470,#3910,.T.);
#7816=EDGE_CURVE('',#6472,#6473,#3911,.T.);
#7817=EDGE_CURVE('',#6474,#6473,#3912,.T.);
#7818=EDGE_CURVE('',#6475,#6474,#3913,.T.);
#7819=EDGE_CURVE('',#6475,#6472,#3914,.T.);
#7820=EDGE_CURVE('',#6476,#6472,#3915,.T.);
#7821=EDGE_CURVE('',#6477,#6475,#3916,.T.);
#7822=EDGE_CURVE('',#6477,#6476,#3917,.T.);
#7823=EDGE_CURVE('',#6478,#6476,#3918,.T.);
#7824=EDGE_CURVE('',#6479,#6477,#3919,.T.);
#7825=EDGE_CURVE('',#6479,#6478,#3920,.T.);
#7826=EDGE_CURVE('',#6480,#6481,#3921,.T.);
#7827=EDGE_CURVE('',#6482,#6481,#3922,.T.);
#7828=EDGE_CURVE('',#6483,#6482,#3923,.T.);
#7829=EDGE_CURVE('',#6483,#6480,#3924,.T.);
#7830=EDGE_CURVE('',#6484,#6480,#3925,.T.);
#7831=EDGE_CURVE('',#6485,#6483,#3926,.T.);
#7832=EDGE_CURVE('',#6485,#6484,#3927,.T.);
#7833=EDGE_CURVE('',#6486,#6484,#3928,.T.);
#7834=EDGE_CURVE('',#6487,#6485,#3929,.T.);
#7835=EDGE_CURVE('',#6487,#6486,#3930,.T.);
#7836=EDGE_CURVE('',#6488,#6489,#3931,.T.);
#7837=EDGE_CURVE('',#6490,#6489,#3932,.T.);
#7838=EDGE_CURVE('',#6491,#6490,#3933,.T.);
#7839=EDGE_CURVE('',#6491,#6488,#3934,.T.);
#7840=EDGE_CURVE('',#6492,#6488,#3935,.T.);
#7841=EDGE_CURVE('',#6493,#6491,#3936,.T.);
#7842=EDGE_CURVE('',#6493,#6492,#3937,.T.);
#7843=EDGE_CURVE('',#6494,#6492,#3938,.T.);
#7844=EDGE_CURVE('',#6495,#6493,#3939,.T.);
#7845=EDGE_CURVE('',#6495,#6494,#3940,.T.);
#7846=EDGE_CURVE('',#6496,#6497,#3941,.T.);
#7847=EDGE_CURVE('',#6498,#6497,#3942,.T.);
#7848=EDGE_CURVE('',#6499,#6498,#3943,.T.);
#7849=EDGE_CURVE('',#6499,#6496,#3944,.T.);
#7850=EDGE_CURVE('',#6500,#6496,#3945,.T.);
#7851=EDGE_CURVE('',#6501,#6499,#3946,.T.);
#7852=EDGE_CURVE('',#6501,#6500,#3947,.T.);
#7853=EDGE_CURVE('',#6502,#6500,#3948,.T.);
#7854=EDGE_CURVE('',#6503,#6501,#3949,.T.);
#7855=EDGE_CURVE('',#6503,#6502,#3950,.T.);
#7856=EDGE_CURVE('',#6504,#6505,#3951,.T.);
#7857=EDGE_CURVE('',#6506,#6505,#3952,.T.);
#7858=EDGE_CURVE('',#6507,#6506,#3953,.T.);
#7859=EDGE_CURVE('',#6507,#6504,#3954,.T.);
#7860=EDGE_CURVE('',#6508,#6504,#3955,.T.);
#7861=EDGE_CURVE('',#6509,#6507,#3956,.T.);
#7862=EDGE_CURVE('',#6509,#6508,#3957,.T.);
#7863=EDGE_CURVE('',#6510,#6508,#3958,.T.);
#7864=EDGE_CURVE('',#6511,#6509,#3959,.T.);
#7865=EDGE_CURVE('',#6511,#6510,#3960,.T.);
#7866=EDGE_CURVE('',#6512,#6513,#3961,.T.);
#7867=EDGE_CURVE('',#6514,#6513,#3962,.T.);
#7868=EDGE_CURVE('',#6515,#6514,#3963,.T.);
#7869=EDGE_CURVE('',#6515,#6512,#3964,.T.);
#7870=EDGE_CURVE('',#6516,#6512,#3965,.T.);
#7871=EDGE_CURVE('',#6517,#6515,#3966,.T.);
#7872=EDGE_CURVE('',#6517,#6516,#3967,.T.);
#7873=EDGE_CURVE('',#6518,#6516,#3968,.T.);
#7874=EDGE_CURVE('',#6519,#6517,#3969,.T.);
#7875=EDGE_CURVE('',#6519,#6518,#3970,.T.);
#7876=EDGE_CURVE('',#5993,#5990,#5531,.T.);
#7877=EDGE_CURVE('',#5995,#6000,#3971,.T.);
#7878=EDGE_CURVE('',#5996,#6001,#3972,.T.);
#7879=EDGE_CURVE('',#6003,#6008,#3973,.T.);
#7880=EDGE_CURVE('',#6004,#6009,#3974,.T.);
#7881=EDGE_CURVE('',#6011,#6016,#3975,.T.);
#7882=EDGE_CURVE('',#6012,#6017,#3976,.T.);
#7883=EDGE_CURVE('',#6019,#6024,#3977,.T.);
#7884=EDGE_CURVE('',#6020,#6025,#3978,.T.);
#7885=EDGE_CURVE('',#6027,#6032,#3979,.T.);
#7886=EDGE_CURVE('',#6028,#6033,#3980,.T.);
#7887=EDGE_CURVE('',#6035,#6040,#3981,.T.);
#7888=EDGE_CURVE('',#6036,#6041,#3982,.T.);
#7889=EDGE_CURVE('',#6043,#6048,#3983,.T.);
#7890=EDGE_CURVE('',#6044,#6049,#3984,.T.);
#7891=EDGE_CURVE('',#6051,#6056,#3985,.T.);
#7892=EDGE_CURVE('',#6052,#6057,#3986,.T.);
#7893=EDGE_CURVE('',#6059,#6064,#3987,.T.);
#7894=EDGE_CURVE('',#6060,#6065,#3988,.T.);
#7895=EDGE_CURVE('',#6067,#6072,#3989,.T.);
#7896=EDGE_CURVE('',#6068,#6073,#3990,.T.);
#7897=EDGE_CURVE('',#6075,#6080,#3991,.T.);
#7898=EDGE_CURVE('',#6076,#6081,#3992,.T.);
#7899=EDGE_CURVE('',#6083,#6088,#3993,.T.);
#7900=EDGE_CURVE('',#6084,#6089,#3994,.T.);
#7901=EDGE_CURVE('',#6091,#6096,#3995,.T.);
#7902=EDGE_CURVE('',#6092,#6097,#3996,.T.);
#7903=EDGE_CURVE('',#6099,#6104,#3997,.T.);
#7904=EDGE_CURVE('',#6100,#6105,#3998,.T.);
#7905=EDGE_CURVE('',#6107,#6112,#3999,.T.);
#7906=EDGE_CURVE('',#6108,#6113,#4000,.T.);
#7907=EDGE_CURVE('',#6115,#6120,#4001,.T.);
#7908=EDGE_CURVE('',#6116,#6121,#4002,.T.);
#7909=EDGE_CURVE('',#6123,#6128,#4003,.T.);
#7910=EDGE_CURVE('',#6124,#6129,#4004,.T.);
#7911=EDGE_CURVE('',#6131,#6136,#4005,.T.);
#7912=EDGE_CURVE('',#6132,#6137,#4006,.T.);
#7913=EDGE_CURVE('',#6139,#6144,#4007,.T.);
#7914=EDGE_CURVE('',#6140,#6145,#4008,.T.);
#7915=EDGE_CURVE('',#6147,#6152,#4009,.T.);
#7916=EDGE_CURVE('',#6148,#6153,#4010,.T.);
#7917=EDGE_CURVE('',#6155,#6160,#4011,.T.);
#7918=EDGE_CURVE('',#6156,#6161,#4012,.T.);
#7919=EDGE_CURVE('',#6163,#6168,#4013,.T.);
#7920=EDGE_CURVE('',#6164,#6169,#4014,.T.);
#7921=EDGE_CURVE('',#6171,#6176,#4015,.T.);
#7922=EDGE_CURVE('',#6172,#6177,#4016,.T.);
#7923=EDGE_CURVE('',#6179,#6184,#4017,.T.);
#7924=EDGE_CURVE('',#6180,#6185,#4018,.T.);
#7925=EDGE_CURVE('',#6187,#6192,#4019,.T.);
#7926=EDGE_CURVE('',#6188,#6193,#4020,.T.);
#7927=EDGE_CURVE('',#6195,#6200,#4021,.T.);
#7928=EDGE_CURVE('',#6196,#6201,#4022,.T.);
#7929=EDGE_CURVE('',#6203,#6208,#4023,.T.);
#7930=EDGE_CURVE('',#6204,#6209,#4024,.T.);
#7931=EDGE_CURVE('',#6211,#6216,#4025,.T.);
#7932=EDGE_CURVE('',#6212,#6217,#4026,.T.);
#7933=EDGE_CURVE('',#6219,#6224,#4027,.T.);
#7934=EDGE_CURVE('',#6220,#6225,#4028,.T.);
#7935=EDGE_CURVE('',#6234,#6227,#5532,.T.);
#7936=EDGE_CURVE('',#6235,#6228,#5533,.T.);
#7937=EDGE_CURVE('',#6237,#6242,#4029,.T.);
#7938=EDGE_CURVE('',#6238,#6243,#4030,.T.);
#7939=EDGE_CURVE('',#6245,#6250,#4031,.T.);
#7940=EDGE_CURVE('',#6246,#6251,#4032,.T.);
#7941=EDGE_CURVE('',#6253,#6258,#4033,.T.);
#7942=EDGE_CURVE('',#6254,#6259,#4034,.T.);
#7943=EDGE_CURVE('',#6261,#6266,#4035,.T.);
#7944=EDGE_CURVE('',#6262,#6267,#4036,.T.);
#7945=EDGE_CURVE('',#6269,#6276,#4037,.T.);
#7946=EDGE_CURVE('',#6270,#6277,#4038,.T.);
#7947=EDGE_CURVE('',#6279,#6284,#4039,.T.);
#7948=EDGE_CURVE('',#6280,#6285,#4040,.T.);
#7949=EDGE_CURVE('',#6287,#6294,#4041,.T.);
#7950=EDGE_CURVE('',#6288,#6295,#4042,.T.);
#7951=EDGE_CURVE('',#6297,#6302,#4043,.T.);
#7952=EDGE_CURVE('',#6298,#6303,#4044,.T.);
#7953=EDGE_CURVE('',#6305,#6310,#4045,.T.);
#7954=EDGE_CURVE('',#6306,#6311,#4046,.T.);
#7955=EDGE_CURVE('',#6313,#6318,#4047,.T.);
#7956=EDGE_CURVE('',#6314,#6319,#4048,.T.);
#7957=EDGE_CURVE('',#6321,#6326,#4049,.T.);
#7958=EDGE_CURVE('',#6322,#6327,#4050,.T.);
#7959=EDGE_CURVE('',#6329,#6334,#4051,.T.);
#7960=EDGE_CURVE('',#6330,#6335,#4052,.T.);
#7961=EDGE_CURVE('',#6337,#6342,#4053,.T.);
#7962=EDGE_CURVE('',#6338,#6343,#4054,.T.);
#7963=EDGE_CURVE('',#6345,#6350,#4055,.T.);
#7964=EDGE_CURVE('',#6346,#6351,#4056,.T.);
#7965=EDGE_CURVE('',#6353,#6358,#4057,.T.);
#7966=EDGE_CURVE('',#6354,#6359,#4058,.T.);
#7967=EDGE_CURVE('',#6361,#6366,#4059,.T.);
#7968=EDGE_CURVE('',#6362,#6367,#4060,.T.);
#7969=EDGE_CURVE('',#6369,#6374,#4061,.T.);
#7970=EDGE_CURVE('',#6370,#6375,#4062,.T.);
#7971=EDGE_CURVE('',#6377,#6382,#4063,.T.);
#7972=EDGE_CURVE('',#6378,#6383,#4064,.T.);
#7973=EDGE_CURVE('',#6385,#6390,#4065,.T.);
#7974=EDGE_CURVE('',#6386,#6391,#4066,.T.);
#7975=EDGE_CURVE('',#6393,#6398,#4067,.T.);
#7976=EDGE_CURVE('',#6394,#6399,#4068,.T.);
#7977=EDGE_CURVE('',#6401,#6406,#4069,.T.);
#7978=EDGE_CURVE('',#6402,#6407,#4070,.T.);
#7979=EDGE_CURVE('',#6409,#6414,#4071,.T.);
#7980=EDGE_CURVE('',#6410,#6415,#4072,.T.);
#7981=EDGE_CURVE('',#6417,#6422,#4073,.T.);
#7982=EDGE_CURVE('',#6418,#6423,#4074,.T.);
#7983=EDGE_CURVE('',#6425,#6430,#4075,.T.);
#7984=EDGE_CURVE('',#6426,#6431,#4076,.T.);
#7985=EDGE_CURVE('',#6433,#6438,#4077,.T.);
#7986=EDGE_CURVE('',#6434,#6439,#4078,.T.);
#7987=EDGE_CURVE('',#6441,#6446,#4079,.T.);
#7988=EDGE_CURVE('',#6442,#6447,#4080,.T.);
#7989=EDGE_CURVE('',#6449,#6454,#4081,.T.);
#7990=EDGE_CURVE('',#6450,#6455,#4082,.T.);
#7991=EDGE_CURVE('',#6457,#6462,#4083,.T.);
#7992=EDGE_CURVE('',#6458,#6463,#4084,.T.);
#7993=EDGE_CURVE('',#6465,#6470,#4085,.T.);
#7994=EDGE_CURVE('',#6466,#6471,#4086,.T.);
#7995=EDGE_CURVE('',#6473,#6478,#4087,.T.);
#7996=EDGE_CURVE('',#6474,#6479,#4088,.T.);
#7997=EDGE_CURVE('',#6481,#6486,#4089,.T.);
#7998=EDGE_CURVE('',#6482,#6487,#4090,.T.);
#7999=EDGE_CURVE('',#6489,#6494,#4091,.T.);
#8000=EDGE_CURVE('',#6490,#6495,#4092,.T.);
#8001=EDGE_CURVE('',#6497,#6502,#4093,.T.);
#8002=EDGE_CURVE('',#6498,#6503,#4094,.T.);
#8003=EDGE_CURVE('',#6505,#6510,#4095,.T.);
#8004=EDGE_CURVE('',#6506,#6511,#4096,.T.);
#8005=EDGE_CURVE('',#6513,#6518,#4097,.T.);
#8006=EDGE_CURVE('',#6514,#6519,#4098,.T.);
#8007=EDGE_CURVE('',#5981,#5988,#4099,.T.);
#8008=EDGE_CURVE('',#5982,#5989,#4100,.T.);
#8009=EDGE_CURVE('',#6520,#6520,#5534,.T.);
#8010=EDGE_CURVE('',#6520,#6521,#4101,.T.);
#8011=EDGE_CURVE('',#6521,#6521,#5535,.T.);
#8012=EDGE_CURVE('',#6522,#6522,#5536,.T.);
#8013=EDGE_CURVE('',#6522,#6523,#4102,.T.);
#8014=EDGE_CURVE('',#6523,#6523,#5537,.T.);
#8015=EDGE_CURVE('',#6524,#6524,#5538,.T.);
#8016=EDGE_CURVE('',#6524,#6525,#4103,.T.);
#8017=EDGE_CURVE('',#6525,#6525,#5539,.T.);
#8018=EDGE_CURVE('',#6526,#6526,#5540,.T.);
#8019=EDGE_CURVE('',#6526,#6527,#4104,.T.);
#8020=EDGE_CURVE('',#6527,#6527,#5541,.T.);
#8021=EDGE_CURVE('',#6528,#6528,#5542,.T.);
#8022=EDGE_CURVE('',#6528,#6529,#4105,.T.);
#8023=EDGE_CURVE('',#6529,#6529,#5543,.T.);
#8024=EDGE_CURVE('',#6530,#6530,#5544,.T.);
#8025=EDGE_CURVE('',#6530,#6531,#4106,.T.);
#8026=EDGE_CURVE('',#6531,#6531,#5545,.T.);
#8027=EDGE_CURVE('',#6532,#6532,#5546,.T.);
#8028=EDGE_CURVE('',#6532,#6533,#4107,.T.);
#8029=EDGE_CURVE('',#6533,#6533,#5547,.T.);
#8030=EDGE_CURVE('',#6534,#6534,#5548,.T.);
#8031=EDGE_CURVE('',#6534,#6535,#4108,.T.);
#8032=EDGE_CURVE('',#6535,#6535,#5549,.T.);
#8033=EDGE_CURVE('',#6536,#6536,#5550,.T.);
#8034=EDGE_CURVE('',#6536,#6537,#4109,.T.);
#8035=EDGE_CURVE('',#6537,#6537,#5551,.T.);
#8036=EDGE_CURVE('',#6538,#6538,#5552,.T.);
#8037=EDGE_CURVE('',#6538,#6539,#4110,.T.);
#8038=EDGE_CURVE('',#6539,#6539,#5553,.T.);
#8039=EDGE_CURVE('',#6540,#6540,#5554,.T.);
#8040=EDGE_CURVE('',#6540,#6541,#4111,.T.);
#8041=EDGE_CURVE('',#6541,#6541,#5555,.T.);
#8042=EDGE_CURVE('',#6542,#6542,#5556,.T.);
#8043=EDGE_CURVE('',#6542,#6543,#4112,.T.);
#8044=EDGE_CURVE('',#6543,#6543,#5557,.T.);
#8045=EDGE_CURVE('',#6544,#6544,#5558,.T.);
#8046=EDGE_CURVE('',#6544,#6545,#4113,.T.);
#8047=EDGE_CURVE('',#6545,#6545,#5559,.T.);
#8048=EDGE_CURVE('',#6546,#6546,#5560,.T.);
#8049=EDGE_CURVE('',#6546,#6547,#4114,.T.);
#8050=EDGE_CURVE('',#6547,#6547,#5561,.T.);
#8051=EDGE_CURVE('',#6548,#6548,#5562,.T.);
#8052=EDGE_CURVE('',#6548,#6549,#4115,.T.);
#8053=EDGE_CURVE('',#6549,#6549,#5563,.T.);
#8054=EDGE_CURVE('',#6550,#6550,#5564,.T.);
#8055=EDGE_CURVE('',#6550,#6551,#4116,.T.);
#8056=EDGE_CURVE('',#6551,#6551,#5565,.T.);
#8057=EDGE_CURVE('',#6552,#6553,#4117,.T.);
#8058=EDGE_CURVE('',#6552,#6554,#4118,.T.);
#8059=EDGE_CURVE('',#6555,#6554,#4119,.T.);
#8060=EDGE_CURVE('',#6553,#6555,#4120,.T.);
#8061=EDGE_CURVE('',#6553,#6556,#5566,.T.);
#8062=EDGE_CURVE('',#6557,#6555,#5567,.T.);
#8063=EDGE_CURVE('',#6556,#6557,#4121,.T.);
#8064=EDGE_CURVE('',#6556,#6558,#4122,.T.);
#8065=EDGE_CURVE('',#6559,#6557,#4123,.T.);
#8066=EDGE_CURVE('',#6558,#6559,#4124,.T.);
#8067=EDGE_CURVE('',#6560,#6558,#5568,.T.);
#8068=EDGE_CURVE('',#6561,#6559,#5569,.T.);
#8069=EDGE_CURVE('',#6560,#6561,#4125,.T.);
#8070=EDGE_CURVE('',#6562,#6560,#4126,.T.);
#8071=EDGE_CURVE('',#6563,#6561,#4127,.T.);
#8072=EDGE_CURVE('',#6562,#6563,#4128,.T.);
#8073=EDGE_CURVE('',#6564,#6562,#5570,.T.);
#8074=EDGE_CURVE('',#6565,#6563,#5571,.T.);
#8075=EDGE_CURVE('',#6564,#6565,#4129,.T.);
#8076=EDGE_CURVE('',#6566,#6564,#4130,.T.);
#8077=EDGE_CURVE('',#6567,#6565,#4131,.T.);
#8078=EDGE_CURVE('',#6566,#6567,#4132,.T.);
#8079=EDGE_CURVE('',#6566,#6568,#5572,.T.);
#8080=EDGE_CURVE('',#6569,#6567,#5573,.T.);
#8081=EDGE_CURVE('',#6568,#6569,#4133,.T.);
#8082=EDGE_CURVE('',#6570,#6568,#4134,.T.);
#8083=EDGE_CURVE('',#6571,#6569,#4135,.T.);
#8084=EDGE_CURVE('',#6570,#6571,#4136,.T.);
#8085=EDGE_CURVE('',#6570,#6572,#4137,.T.);
#8086=EDGE_CURVE('',#6573,#6571,#4138,.T.);
#8087=EDGE_CURVE('',#6572,#6573,#4139,.T.);
#8088=EDGE_CURVE('',#6572,#6574,#4140,.T.);
#8089=EDGE_CURVE('',#6575,#6573,#4141,.T.);
#8090=EDGE_CURVE('',#6574,#6575,#4142,.T.);
#8091=EDGE_CURVE('',#6576,#6574,#5574,.T.);
#8092=EDGE_CURVE('',#6577,#6575,#5575,.T.);
#8093=EDGE_CURVE('',#6576,#6577,#4143,.T.);
#8094=EDGE_CURVE('',#6576,#6578,#4144,.T.);
#8095=EDGE_CURVE('',#6579,#6577,#4145,.T.);
#8096=EDGE_CURVE('',#6578,#6579,#4146,.T.);
#8097=EDGE_CURVE('',#6578,#6580,#5576,.T.);
#8098=EDGE_CURVE('',#6581,#6579,#5577,.T.);
#8099=EDGE_CURVE('',#6580,#6581,#4147,.T.);
#8100=EDGE_CURVE('',#6582,#6580,#4148,.T.);
#8101=EDGE_CURVE('',#6583,#6581,#4149,.T.);
#8102=EDGE_CURVE('',#6582,#6583,#4150,.T.);
#8103=EDGE_CURVE('',#6582,#6584,#5578,.T.);
#8104=EDGE_CURVE('',#6585,#6583,#5579,.T.);
#8105=EDGE_CURVE('',#6584,#6585,#4151,.T.);
#8106=EDGE_CURVE('',#6586,#6584,#4152,.T.);
#8107=EDGE_CURVE('',#6587,#6585,#4153,.T.);
#8108=EDGE_CURVE('',#6586,#6587,#4154,.T.);
#8109=EDGE_CURVE('',#6588,#6586,#5580,.T.);
#8110=EDGE_CURVE('',#6589,#6587,#5581,.T.);
#8111=EDGE_CURVE('',#6588,#6589,#4155,.T.);
#8112=EDGE_CURVE('',#6590,#6588,#4156,.T.);
#8113=EDGE_CURVE('',#6591,#6589,#4157,.T.);
#8114=EDGE_CURVE('',#6590,#6591,#4158,.T.);
#8115=EDGE_CURVE('',#6552,#6590,#4159,.T.);
#8116=EDGE_CURVE('',#6554,#6591,#4160,.T.);
#8117=ORIENTED_EDGE('',*,*,#6592,.F.);
#8118=ORIENTED_EDGE('',*,*,#6593,.T.);
#8119=ORIENTED_EDGE('',*,*,#6594,.F.);
#8120=ORIENTED_EDGE('',*,*,#6593,.F.);
#8121=ORIENTED_EDGE('',*,*,#6595,.F.);
#8122=ORIENTED_EDGE('',*,*,#6596,.T.);
#8123=ORIENTED_EDGE('',*,*,#6597,.F.);
#8124=ORIENTED_EDGE('',*,*,#6596,.F.);
#8125=ORIENTED_EDGE('',*,*,#6598,.F.);
#8126=ORIENTED_EDGE('',*,*,#6599,.T.);
#8127=ORIENTED_EDGE('',*,*,#6600,.F.);
#8128=ORIENTED_EDGE('',*,*,#6599,.F.);
#8129=ORIENTED_EDGE('',*,*,#6601,.F.);
#8130=ORIENTED_EDGE('',*,*,#6602,.T.);
#8131=ORIENTED_EDGE('',*,*,#6603,.F.);
#8132=ORIENTED_EDGE('',*,*,#6602,.F.);
#8133=ORIENTED_EDGE('',*,*,#6604,.F.);
#8134=ORIENTED_EDGE('',*,*,#6605,.T.);
#8135=ORIENTED_EDGE('',*,*,#6606,.F.);
#8136=ORIENTED_EDGE('',*,*,#6605,.F.);
#8137=ORIENTED_EDGE('',*,*,#6607,.F.);
#8138=ORIENTED_EDGE('',*,*,#6608,.T.);
#8139=ORIENTED_EDGE('',*,*,#6609,.F.);
#8140=ORIENTED_EDGE('',*,*,#6608,.F.);
#8141=ORIENTED_EDGE('',*,*,#6610,.F.);
#8142=ORIENTED_EDGE('',*,*,#6611,.T.);
#8143=ORIENTED_EDGE('',*,*,#6612,.F.);
#8144=ORIENTED_EDGE('',*,*,#6611,.F.);
#8145=ORIENTED_EDGE('',*,*,#6613,.F.);
#8146=ORIENTED_EDGE('',*,*,#6614,.T.);
#8147=ORIENTED_EDGE('',*,*,#6615,.F.);
#8148=ORIENTED_EDGE('',*,*,#6614,.F.);
#8149=ORIENTED_EDGE('',*,*,#6616,.F.);
#8150=ORIENTED_EDGE('',*,*,#6617,.T.);
#8151=ORIENTED_EDGE('',*,*,#6618,.F.);
#8152=ORIENTED_EDGE('',*,*,#6617,.F.);
#8153=ORIENTED_EDGE('',*,*,#6619,.F.);
#8154=ORIENTED_EDGE('',*,*,#6620,.T.);
#8155=ORIENTED_EDGE('',*,*,#6621,.F.);
#8156=ORIENTED_EDGE('',*,*,#6620,.F.);
#8157=ORIENTED_EDGE('',*,*,#6622,.F.);
#8158=ORIENTED_EDGE('',*,*,#6623,.T.);
#8159=ORIENTED_EDGE('',*,*,#6624,.F.);
#8160=ORIENTED_EDGE('',*,*,#6623,.F.);
#8161=ORIENTED_EDGE('',*,*,#6625,.F.);
#8162=ORIENTED_EDGE('',*,*,#6626,.T.);
#8163=ORIENTED_EDGE('',*,*,#6627,.F.);
#8164=ORIENTED_EDGE('',*,*,#6626,.F.);
#8165=ORIENTED_EDGE('',*,*,#6628,.F.);
#8166=ORIENTED_EDGE('',*,*,#6629,.T.);
#8167=ORIENTED_EDGE('',*,*,#6630,.F.);
#8168=ORIENTED_EDGE('',*,*,#6631,.F.);
#8169=ORIENTED_EDGE('',*,*,#6632,.F.);
#8170=ORIENTED_EDGE('',*,*,#6631,.T.);
#8171=ORIENTED_EDGE('',*,*,#6633,.F.);
#8172=ORIENTED_EDGE('',*,*,#6634,.F.);
#8173=ORIENTED_EDGE('',*,*,#6635,.F.);
#8174=ORIENTED_EDGE('',*,*,#6634,.T.);
#8175=ORIENTED_EDGE('',*,*,#6636,.F.);
#8176=ORIENTED_EDGE('',*,*,#6637,.F.);
#8177=ORIENTED_EDGE('',*,*,#6638,.F.);
#8178=ORIENTED_EDGE('',*,*,#6637,.T.);
#8179=ORIENTED_EDGE('',*,*,#6639,.F.);
#8180=ORIENTED_EDGE('',*,*,#6629,.F.);
#8181=ORIENTED_EDGE('',*,*,#6639,.T.);
#8182=ORIENTED_EDGE('',*,*,#6636,.T.);
#8183=ORIENTED_EDGE('',*,*,#6633,.T.);
#8184=ORIENTED_EDGE('',*,*,#6630,.T.);
#8185=ORIENTED_EDGE('',*,*,#6604,.T.);
#8186=ORIENTED_EDGE('',*,*,#6607,.T.);
#8187=ORIENTED_EDGE('',*,*,#6610,.T.);
#8188=ORIENTED_EDGE('',*,*,#6613,.T.);
#8189=ORIENTED_EDGE('',*,*,#6616,.T.);
#8190=ORIENTED_EDGE('',*,*,#6619,.T.);
#8191=ORIENTED_EDGE('',*,*,#6622,.T.);
#8192=ORIENTED_EDGE('',*,*,#6625,.T.);
#8193=ORIENTED_EDGE('',*,*,#6601,.T.);
#8194=ORIENTED_EDGE('',*,*,#6598,.T.);
#8195=ORIENTED_EDGE('',*,*,#6595,.T.);
#8196=ORIENTED_EDGE('',*,*,#6592,.T.);
#8197=ORIENTED_EDGE('',*,*,#6638,.T.);
#8198=ORIENTED_EDGE('',*,*,#6628,.T.);
#8199=ORIENTED_EDGE('',*,*,#6632,.T.);
#8200=ORIENTED_EDGE('',*,*,#6635,.T.);
#8201=ORIENTED_EDGE('',*,*,#6606,.T.);
#8202=ORIENTED_EDGE('',*,*,#6609,.T.);
#8203=ORIENTED_EDGE('',*,*,#6612,.T.);
#8204=ORIENTED_EDGE('',*,*,#6615,.T.);
#8205=ORIENTED_EDGE('',*,*,#6618,.T.);
#8206=ORIENTED_EDGE('',*,*,#6621,.T.);
#8207=ORIENTED_EDGE('',*,*,#6624,.T.);
#8208=ORIENTED_EDGE('',*,*,#6627,.T.);
#8209=ORIENTED_EDGE('',*,*,#6603,.T.);
#8210=ORIENTED_EDGE('',*,*,#6600,.T.);
#8211=ORIENTED_EDGE('',*,*,#6597,.T.);
#8212=ORIENTED_EDGE('',*,*,#6594,.T.);
#8213=ORIENTED_EDGE('',*,*,#6640,.F.);
#8214=ORIENTED_EDGE('',*,*,#6641,.T.);
#8215=ORIENTED_EDGE('',*,*,#6642,.F.);
#8216=ORIENTED_EDGE('',*,*,#6641,.F.);
#8217=ORIENTED_EDGE('',*,*,#6643,.F.);
#8218=ORIENTED_EDGE('',*,*,#6644,.T.);
#8219=ORIENTED_EDGE('',*,*,#6645,.F.);
#8220=ORIENTED_EDGE('',*,*,#6644,.F.);
#8221=ORIENTED_EDGE('',*,*,#6646,.F.);
#8222=ORIENTED_EDGE('',*,*,#6647,.T.);
#8223=ORIENTED_EDGE('',*,*,#6648,.F.);
#8224=ORIENTED_EDGE('',*,*,#6647,.F.);
#8225=ORIENTED_EDGE('',*,*,#6649,.F.);
#8226=ORIENTED_EDGE('',*,*,#6650,.T.);
#8227=ORIENTED_EDGE('',*,*,#6651,.F.);
#8228=ORIENTED_EDGE('',*,*,#6650,.F.);
#8229=ORIENTED_EDGE('',*,*,#6652,.F.);
#8230=ORIENTED_EDGE('',*,*,#6653,.T.);
#8231=ORIENTED_EDGE('',*,*,#6654,.F.);
#8232=ORIENTED_EDGE('',*,*,#6653,.F.);
#8233=ORIENTED_EDGE('',*,*,#6655,.F.);
#8234=ORIENTED_EDGE('',*,*,#6656,.T.);
#8235=ORIENTED_EDGE('',*,*,#6657,.F.);
#8236=ORIENTED_EDGE('',*,*,#6656,.F.);
#8237=ORIENTED_EDGE('',*,*,#6658,.F.);
#8238=ORIENTED_EDGE('',*,*,#6659,.T.);
#8239=ORIENTED_EDGE('',*,*,#6660,.F.);
#8240=ORIENTED_EDGE('',*,*,#6659,.F.);
#8241=ORIENTED_EDGE('',*,*,#6661,.F.);
#8242=ORIENTED_EDGE('',*,*,#6662,.T.);
#8243=ORIENTED_EDGE('',*,*,#6663,.F.);
#8244=ORIENTED_EDGE('',*,*,#6662,.F.);
#8245=ORIENTED_EDGE('',*,*,#6664,.F.);
#8246=ORIENTED_EDGE('',*,*,#6665,.T.);
#8247=ORIENTED_EDGE('',*,*,#6666,.F.);
#8248=ORIENTED_EDGE('',*,*,#6665,.F.);
#8249=ORIENTED_EDGE('',*,*,#6667,.F.);
#8250=ORIENTED_EDGE('',*,*,#6668,.T.);
#8251=ORIENTED_EDGE('',*,*,#6669,.F.);
#8252=ORIENTED_EDGE('',*,*,#6668,.F.);
#8253=ORIENTED_EDGE('',*,*,#6670,.F.);
#8254=ORIENTED_EDGE('',*,*,#6671,.T.);
#8255=ORIENTED_EDGE('',*,*,#6672,.F.);
#8256=ORIENTED_EDGE('',*,*,#6671,.F.);
#8257=ORIENTED_EDGE('',*,*,#6673,.F.);
#8258=ORIENTED_EDGE('',*,*,#6674,.T.);
#8259=ORIENTED_EDGE('',*,*,#6675,.F.);
#8260=ORIENTED_EDGE('',*,*,#6674,.F.);
#8261=ORIENTED_EDGE('',*,*,#6676,.T.);
#8262=ORIENTED_EDGE('',*,*,#6677,.T.);
#8263=ORIENTED_EDGE('',*,*,#6678,.F.);
#8264=ORIENTED_EDGE('',*,*,#6679,.F.);
#8265=ORIENTED_EDGE('',*,*,#6673,.T.);
#8266=ORIENTED_EDGE('',*,*,#6667,.T.);
#8267=ORIENTED_EDGE('',*,*,#6663,.T.);
#8268=ORIENTED_EDGE('',*,*,#6657,.T.);
#8269=ORIENTED_EDGE('',*,*,#6651,.T.);
#8270=ORIENTED_EDGE('',*,*,#6645,.T.);
#8271=ORIENTED_EDGE('',*,*,#6680,.T.);
#8272=ORIENTED_EDGE('',*,*,#6679,.T.);
#8273=ORIENTED_EDGE('',*,*,#6681,.F.);
#8274=ORIENTED_EDGE('',*,*,#6682,.F.);
#8275=ORIENTED_EDGE('',*,*,#6683,.T.);
#8276=ORIENTED_EDGE('',*,*,#6682,.T.);
#8277=ORIENTED_EDGE('',*,*,#6684,.F.);
#8278=ORIENTED_EDGE('',*,*,#6685,.F.);
#8279=ORIENTED_EDGE('',*,*,#6686,.T.);
#8280=ORIENTED_EDGE('',*,*,#6685,.T.);
#8281=ORIENTED_EDGE('',*,*,#6687,.F.);
#8282=ORIENTED_EDGE('',*,*,#6688,.F.);
#8283=ORIENTED_EDGE('',*,*,#6689,.T.);
#8284=ORIENTED_EDGE('',*,*,#6688,.T.);
#8285=ORIENTED_EDGE('',*,*,#6690,.F.);
#8286=ORIENTED_EDGE('',*,*,#6691,.F.);
#8287=ORIENTED_EDGE('',*,*,#6672,.T.);
#8288=ORIENTED_EDGE('',*,*,#6666,.T.);
#8289=ORIENTED_EDGE('',*,*,#6658,.T.);
#8290=ORIENTED_EDGE('',*,*,#6652,.T.);
#8291=ORIENTED_EDGE('',*,*,#6646,.T.);
#8292=ORIENTED_EDGE('',*,*,#6640,.T.);
#8293=ORIENTED_EDGE('',*,*,#6692,.T.);
#8294=ORIENTED_EDGE('',*,*,#6691,.T.);
#8295=ORIENTED_EDGE('',*,*,#6693,.F.);
#8296=ORIENTED_EDGE('',*,*,#6694,.F.);
#8297=ORIENTED_EDGE('',*,*,#6695,.T.);
#8298=ORIENTED_EDGE('',*,*,#6694,.T.);
#8299=ORIENTED_EDGE('',*,*,#6696,.F.);
#8300=ORIENTED_EDGE('',*,*,#6697,.F.);
#8301=ORIENTED_EDGE('',*,*,#6698,.T.);
#8302=ORIENTED_EDGE('',*,*,#6697,.T.);
#8303=ORIENTED_EDGE('',*,*,#6699,.F.);
#8304=ORIENTED_EDGE('',*,*,#6677,.F.);
#8305=ORIENTED_EDGE('',*,*,#6700,.T.);
#8306=ORIENTED_EDGE('',*,*,#6701,.T.);
#8307=ORIENTED_EDGE('',*,*,#6702,.F.);
#8308=ORIENTED_EDGE('',*,*,#6703,.F.);
#8309=ORIENTED_EDGE('',*,*,#6675,.T.);
#8310=ORIENTED_EDGE('',*,*,#6669,.T.);
#8311=ORIENTED_EDGE('',*,*,#6661,.T.);
#8312=ORIENTED_EDGE('',*,*,#6655,.T.);
#8313=ORIENTED_EDGE('',*,*,#6649,.T.);
#8314=ORIENTED_EDGE('',*,*,#6643,.T.);
#8315=ORIENTED_EDGE('',*,*,#6704,.T.);
#8316=ORIENTED_EDGE('',*,*,#6703,.T.);
#8317=ORIENTED_EDGE('',*,*,#6705,.F.);
#8318=ORIENTED_EDGE('',*,*,#6706,.F.);
#8319=ORIENTED_EDGE('',*,*,#6707,.T.);
#8320=ORIENTED_EDGE('',*,*,#6706,.T.);
#8321=ORIENTED_EDGE('',*,*,#6708,.F.);
#8322=ORIENTED_EDGE('',*,*,#6709,.F.);
#8323=ORIENTED_EDGE('',*,*,#6710,.T.);
#8324=ORIENTED_EDGE('',*,*,#6709,.T.);
#8325=ORIENTED_EDGE('',*,*,#6711,.F.);
#8326=ORIENTED_EDGE('',*,*,#6712,.F.);
#8327=ORIENTED_EDGE('',*,*,#6713,.T.);
#8328=ORIENTED_EDGE('',*,*,#6712,.T.);
#8329=ORIENTED_EDGE('',*,*,#6714,.F.);
#8330=ORIENTED_EDGE('',*,*,#6715,.F.);
#8331=ORIENTED_EDGE('',*,*,#6670,.T.);
#8332=ORIENTED_EDGE('',*,*,#6664,.T.);
#8333=ORIENTED_EDGE('',*,*,#6660,.T.);
#8334=ORIENTED_EDGE('',*,*,#6654,.T.);
#8335=ORIENTED_EDGE('',*,*,#6648,.T.);
#8336=ORIENTED_EDGE('',*,*,#6642,.T.);
#8337=ORIENTED_EDGE('',*,*,#6716,.T.);
#8338=ORIENTED_EDGE('',*,*,#6715,.T.);
#8339=ORIENTED_EDGE('',*,*,#6717,.F.);
#8340=ORIENTED_EDGE('',*,*,#6718,.F.);
#8341=ORIENTED_EDGE('',*,*,#6719,.T.);
#8342=ORIENTED_EDGE('',*,*,#6718,.T.);
#8343=ORIENTED_EDGE('',*,*,#6720,.F.);
#8344=ORIENTED_EDGE('',*,*,#6721,.F.);
#8345=ORIENTED_EDGE('',*,*,#6722,.T.);
#8346=ORIENTED_EDGE('',*,*,#6721,.T.);
#8347=ORIENTED_EDGE('',*,*,#6723,.F.);
#8348=ORIENTED_EDGE('',*,*,#6701,.F.);
#8349=ORIENTED_EDGE('',*,*,#6723,.T.);
#8350=ORIENTED_EDGE('',*,*,#6720,.T.);
#8351=ORIENTED_EDGE('',*,*,#6717,.T.);
#8352=ORIENTED_EDGE('',*,*,#6714,.T.);
#8353=ORIENTED_EDGE('',*,*,#6711,.T.);
#8354=ORIENTED_EDGE('',*,*,#6708,.T.);
#8355=ORIENTED_EDGE('',*,*,#6705,.T.);
#8356=ORIENTED_EDGE('',*,*,#6702,.T.);
#8357=ORIENTED_EDGE('',*,*,#6699,.T.);
#8358=ORIENTED_EDGE('',*,*,#6696,.T.);
#8359=ORIENTED_EDGE('',*,*,#6693,.T.);
#8360=ORIENTED_EDGE('',*,*,#6690,.T.);
#8361=ORIENTED_EDGE('',*,*,#6687,.T.);
#8362=ORIENTED_EDGE('',*,*,#6684,.T.);
#8363=ORIENTED_EDGE('',*,*,#6681,.T.);
#8364=ORIENTED_EDGE('',*,*,#6678,.T.);
#8365=ORIENTED_EDGE('',*,*,#6722,.F.);
#8366=ORIENTED_EDGE('',*,*,#6700,.F.);
#8367=ORIENTED_EDGE('',*,*,#6704,.F.);
#8368=ORIENTED_EDGE('',*,*,#6707,.F.);
#8369=ORIENTED_EDGE('',*,*,#6710,.F.);
#8370=ORIENTED_EDGE('',*,*,#6713,.F.);
#8371=ORIENTED_EDGE('',*,*,#6716,.F.);
#8372=ORIENTED_EDGE('',*,*,#6719,.F.);
#8373=ORIENTED_EDGE('',*,*,#6698,.F.);
#8374=ORIENTED_EDGE('',*,*,#6676,.F.);
#8375=ORIENTED_EDGE('',*,*,#6680,.F.);
#8376=ORIENTED_EDGE('',*,*,#6683,.F.);
#8377=ORIENTED_EDGE('',*,*,#6686,.F.);
#8378=ORIENTED_EDGE('',*,*,#6689,.F.);
#8379=ORIENTED_EDGE('',*,*,#6692,.F.);
#8380=ORIENTED_EDGE('',*,*,#6695,.F.);
#8381=ORIENTED_EDGE('',*,*,#6724,.T.);
#8382=ORIENTED_EDGE('',*,*,#6725,.T.);
#8383=ORIENTED_EDGE('',*,*,#6726,.F.);
#8384=ORIENTED_EDGE('',*,*,#6727,.T.);
#8385=ORIENTED_EDGE('',*,*,#6728,.T.);
#8386=ORIENTED_EDGE('',*,*,#6729,.T.);
#8387=ORIENTED_EDGE('',*,*,#6730,.T.);
#8388=ORIENTED_EDGE('',*,*,#6731,.T.);
#8389=ORIENTED_EDGE('',*,*,#6732,.T.);
#8390=ORIENTED_EDGE('',*,*,#6733,.T.);
#8391=ORIENTED_EDGE('',*,*,#6734,.T.);
#8392=ORIENTED_EDGE('',*,*,#6735,.F.);
#8393=ORIENTED_EDGE('',*,*,#6736,.F.);
#8394=ORIENTED_EDGE('',*,*,#6737,.T.);
#8395=ORIENTED_EDGE('',*,*,#6738,.T.);
#8396=ORIENTED_EDGE('',*,*,#6739,.T.);
#8397=ORIENTED_EDGE('',*,*,#6740,.T.);
#8398=ORIENTED_EDGE('',*,*,#6741,.F.);
#8399=ORIENTED_EDGE('',*,*,#6742,.T.);
#8400=ORIENTED_EDGE('',*,*,#6743,.T.);
#8401=ORIENTED_EDGE('',*,*,#6744,.T.);
#8402=ORIENTED_EDGE('',*,*,#6745,.F.);
#8403=ORIENTED_EDGE('',*,*,#6746,.T.);
#8404=ORIENTED_EDGE('',*,*,#6747,.T.);
#8405=ORIENTED_EDGE('',*,*,#6748,.T.);
#8406=ORIENTED_EDGE('',*,*,#6749,.F.);
#8407=ORIENTED_EDGE('',*,*,#6750,.T.);
#8408=ORIENTED_EDGE('',*,*,#6751,.T.);
#8409=ORIENTED_EDGE('',*,*,#6752,.T.);
#8410=ORIENTED_EDGE('',*,*,#6753,.F.);
#8411=ORIENTED_EDGE('',*,*,#6754,.T.);
#8412=ORIENTED_EDGE('',*,*,#6755,.T.);
#8413=ORIENTED_EDGE('',*,*,#6756,.T.);
#8414=ORIENTED_EDGE('',*,*,#6757,.F.);
#8415=ORIENTED_EDGE('',*,*,#6758,.T.);
#8416=ORIENTED_EDGE('',*,*,#6759,.T.);
#8417=ORIENTED_EDGE('',*,*,#6760,.T.);
#8418=ORIENTED_EDGE('',*,*,#6761,.F.);
#8419=ORIENTED_EDGE('',*,*,#6762,.T.);
#8420=ORIENTED_EDGE('',*,*,#6763,.T.);
#8421=ORIENTED_EDGE('',*,*,#6764,.T.);
#8422=ORIENTED_EDGE('',*,*,#6765,.F.);
#8423=ORIENTED_EDGE('',*,*,#6766,.T.);
#8424=ORIENTED_EDGE('',*,*,#6767,.T.);
#8425=ORIENTED_EDGE('',*,*,#6768,.T.);
#8426=ORIENTED_EDGE('',*,*,#6769,.F.);
#8427=ORIENTED_EDGE('',*,*,#6770,.T.);
#8428=ORIENTED_EDGE('',*,*,#6771,.T.);
#8429=ORIENTED_EDGE('',*,*,#6772,.T.);
#8430=ORIENTED_EDGE('',*,*,#6773,.F.);
#8431=ORIENTED_EDGE('',*,*,#6774,.T.);
#8432=ORIENTED_EDGE('',*,*,#6775,.T.);
#8433=ORIENTED_EDGE('',*,*,#6776,.T.);
#8434=ORIENTED_EDGE('',*,*,#6777,.T.);
#8435=ORIENTED_EDGE('',*,*,#6778,.F.);
#8436=ORIENTED_EDGE('',*,*,#6779,.F.);
#8437=ORIENTED_EDGE('',*,*,#6780,.F.);
#8438=ORIENTED_EDGE('',*,*,#6781,.T.);
#8439=ORIENTED_EDGE('',*,*,#6756,.F.);
#8440=ORIENTED_EDGE('',*,*,#6782,.F.);
#8441=ORIENTED_EDGE('',*,*,#6754,.F.);
#8442=ORIENTED_EDGE('',*,*,#6783,.T.);
#8443=ORIENTED_EDGE('',*,*,#6784,.F.);
#8444=ORIENTED_EDGE('',*,*,#6785,.T.);
#8445=ORIENTED_EDGE('',*,*,#6752,.F.);
#8446=ORIENTED_EDGE('',*,*,#6786,.F.);
#8447=ORIENTED_EDGE('',*,*,#6750,.F.);
#8448=ORIENTED_EDGE('',*,*,#6787,.T.);
#8449=ORIENTED_EDGE('',*,*,#6788,.F.);
#8450=ORIENTED_EDGE('',*,*,#6789,.T.);
#8451=ORIENTED_EDGE('',*,*,#6748,.F.);
#8452=ORIENTED_EDGE('',*,*,#6790,.F.);
#8453=ORIENTED_EDGE('',*,*,#6746,.F.);
#8454=ORIENTED_EDGE('',*,*,#6791,.T.);
#8455=ORIENTED_EDGE('',*,*,#6792,.F.);
#8456=ORIENTED_EDGE('',*,*,#6793,.T.);
#8457=ORIENTED_EDGE('',*,*,#6744,.F.);
#8458=ORIENTED_EDGE('',*,*,#6794,.F.);
#8459=ORIENTED_EDGE('',*,*,#6742,.F.);
#8460=ORIENTED_EDGE('',*,*,#6795,.T.);
#8461=ORIENTED_EDGE('',*,*,#6796,.F.);
#8462=ORIENTED_EDGE('',*,*,#6797,.T.);
#8463=ORIENTED_EDGE('',*,*,#6740,.F.);
#8464=ORIENTED_EDGE('',*,*,#6798,.F.);
#8465=ORIENTED_EDGE('',*,*,#6738,.F.);
#8466=ORIENTED_EDGE('',*,*,#6799,.T.);
#8467=ORIENTED_EDGE('',*,*,#6800,.F.);
#8468=ORIENTED_EDGE('',*,*,#6801,.T.);
#8469=ORIENTED_EDGE('',*,*,#6734,.F.);
#8470=ORIENTED_EDGE('',*,*,#6802,.F.);
#8471=ORIENTED_EDGE('',*,*,#6774,.F.);
#8472=ORIENTED_EDGE('',*,*,#6803,.T.);
#8473=ORIENTED_EDGE('',*,*,#6804,.F.);
#8474=ORIENTED_EDGE('',*,*,#6805,.T.);
#8475=ORIENTED_EDGE('',*,*,#6772,.F.);
#8476=ORIENTED_EDGE('',*,*,#6806,.F.);
#8477=ORIENTED_EDGE('',*,*,#6770,.F.);
#8478=ORIENTED_EDGE('',*,*,#6807,.T.);
#8479=ORIENTED_EDGE('',*,*,#6808,.F.);
#8480=ORIENTED_EDGE('',*,*,#6809,.T.);
#8481=ORIENTED_EDGE('',*,*,#6768,.F.);
#8482=ORIENTED_EDGE('',*,*,#6810,.F.);
#8483=ORIENTED_EDGE('',*,*,#6766,.F.);
#8484=ORIENTED_EDGE('',*,*,#6811,.T.);
#8485=ORIENTED_EDGE('',*,*,#6812,.F.);
#8486=ORIENTED_EDGE('',*,*,#6813,.T.);
#8487=ORIENTED_EDGE('',*,*,#6764,.F.);
#8488=ORIENTED_EDGE('',*,*,#6814,.F.);
#8489=ORIENTED_EDGE('',*,*,#6762,.F.);
#8490=ORIENTED_EDGE('',*,*,#6815,.T.);
#8491=ORIENTED_EDGE('',*,*,#6816,.F.);
#8492=ORIENTED_EDGE('',*,*,#6817,.T.);
#8493=ORIENTED_EDGE('',*,*,#6760,.F.);
#8494=ORIENTED_EDGE('',*,*,#6818,.F.);
#8495=ORIENTED_EDGE('',*,*,#6758,.F.);
#8496=ORIENTED_EDGE('',*,*,#6819,.T.);
#8497=ORIENTED_EDGE('',*,*,#6820,.T.);
#8498=ORIENTED_EDGE('',*,*,#6821,.T.);
#8499=ORIENTED_EDGE('',*,*,#6822,.T.);
#8500=ORIENTED_EDGE('',*,*,#6823,.F.);
#8501=ORIENTED_EDGE('',*,*,#6824,.F.);
#8502=ORIENTED_EDGE('',*,*,#6825,.T.);
#8503=ORIENTED_EDGE('',*,*,#6826,.T.);
#8504=ORIENTED_EDGE('',*,*,#6827,.T.);
#8505=ORIENTED_EDGE('',*,*,#6828,.T.);
#8506=ORIENTED_EDGE('',*,*,#6829,.F.);
#8507=ORIENTED_EDGE('',*,*,#6830,.T.);
#8508=ORIENTED_EDGE('',*,*,#6831,.T.);
#8509=ORIENTED_EDGE('',*,*,#6832,.T.);
#8510=ORIENTED_EDGE('',*,*,#6833,.F.);
#8511=ORIENTED_EDGE('',*,*,#6834,.T.);
#8512=ORIENTED_EDGE('',*,*,#6835,.T.);
#8513=ORIENTED_EDGE('',*,*,#6836,.T.);
#8514=ORIENTED_EDGE('',*,*,#6837,.F.);
#8515=ORIENTED_EDGE('',*,*,#6838,.T.);
#8516=ORIENTED_EDGE('',*,*,#6839,.T.);
#8517=ORIENTED_EDGE('',*,*,#6840,.T.);
#8518=ORIENTED_EDGE('',*,*,#6841,.F.);
#8519=ORIENTED_EDGE('',*,*,#6842,.T.);
#8520=ORIENTED_EDGE('',*,*,#6843,.T.);
#8521=ORIENTED_EDGE('',*,*,#6844,.T.);
#8522=ORIENTED_EDGE('',*,*,#6845,.F.);
#8523=ORIENTED_EDGE('',*,*,#6846,.T.);
#8524=ORIENTED_EDGE('',*,*,#6847,.T.);
#8525=ORIENTED_EDGE('',*,*,#6848,.T.);
#8526=ORIENTED_EDGE('',*,*,#6849,.F.);
#8527=ORIENTED_EDGE('',*,*,#6850,.T.);
#8528=ORIENTED_EDGE('',*,*,#6851,.T.);
#8529=ORIENTED_EDGE('',*,*,#6852,.T.);
#8530=ORIENTED_EDGE('',*,*,#6853,.F.);
#8531=ORIENTED_EDGE('',*,*,#6854,.T.);
#8532=ORIENTED_EDGE('',*,*,#6855,.T.);
#8533=ORIENTED_EDGE('',*,*,#6856,.T.);
#8534=ORIENTED_EDGE('',*,*,#6857,.F.);
#8535=ORIENTED_EDGE('',*,*,#6858,.T.);
#8536=ORIENTED_EDGE('',*,*,#6859,.T.);
#8537=ORIENTED_EDGE('',*,*,#6860,.T.);
#8538=ORIENTED_EDGE('',*,*,#6861,.F.);
#8539=ORIENTED_EDGE('',*,*,#6862,.T.);
#8540=ORIENTED_EDGE('',*,*,#6863,.T.);
#8541=ORIENTED_EDGE('',*,*,#6864,.T.);
#8542=ORIENTED_EDGE('',*,*,#6865,.T.);
#8543=ORIENTED_EDGE('',*,*,#6866,.F.);
#8544=ORIENTED_EDGE('',*,*,#6867,.F.);
#8545=ORIENTED_EDGE('',*,*,#6868,.F.);
#8546=ORIENTED_EDGE('',*,*,#6862,.F.);
#8547=ORIENTED_EDGE('',*,*,#6869,.T.);
#8548=ORIENTED_EDGE('',*,*,#6870,.F.);
#8549=ORIENTED_EDGE('',*,*,#6871,.T.);
#8550=ORIENTED_EDGE('',*,*,#6860,.F.);
#8551=ORIENTED_EDGE('',*,*,#6872,.F.);
#8552=ORIENTED_EDGE('',*,*,#6858,.F.);
#8553=ORIENTED_EDGE('',*,*,#6873,.T.);
#8554=ORIENTED_EDGE('',*,*,#6874,.F.);
#8555=ORIENTED_EDGE('',*,*,#6875,.T.);
#8556=ORIENTED_EDGE('',*,*,#6856,.F.);
#8557=ORIENTED_EDGE('',*,*,#6876,.F.);
#8558=ORIENTED_EDGE('',*,*,#6854,.F.);
#8559=ORIENTED_EDGE('',*,*,#6877,.T.);
#8560=ORIENTED_EDGE('',*,*,#6878,.F.);
#8561=ORIENTED_EDGE('',*,*,#6879,.T.);
#8562=ORIENTED_EDGE('',*,*,#6852,.F.);
#8563=ORIENTED_EDGE('',*,*,#6880,.F.);
#8564=ORIENTED_EDGE('',*,*,#6850,.F.);
#8565=ORIENTED_EDGE('',*,*,#6881,.T.);
#8566=ORIENTED_EDGE('',*,*,#6882,.F.);
#8567=ORIENTED_EDGE('',*,*,#6883,.T.);
#8568=ORIENTED_EDGE('',*,*,#6848,.F.);
#8569=ORIENTED_EDGE('',*,*,#6884,.F.);
#8570=ORIENTED_EDGE('',*,*,#6846,.F.);
#8571=ORIENTED_EDGE('',*,*,#6885,.T.);
#8572=ORIENTED_EDGE('',*,*,#6886,.F.);
#8573=ORIENTED_EDGE('',*,*,#6887,.T.);
#8574=ORIENTED_EDGE('',*,*,#6844,.F.);
#8575=ORIENTED_EDGE('',*,*,#6888,.F.);
#8576=ORIENTED_EDGE('',*,*,#6842,.F.);
#8577=ORIENTED_EDGE('',*,*,#6889,.T.);
#8578=ORIENTED_EDGE('',*,*,#6890,.F.);
#8579=ORIENTED_EDGE('',*,*,#6891,.T.);
#8580=ORIENTED_EDGE('',*,*,#6840,.F.);
#8581=ORIENTED_EDGE('',*,*,#6892,.F.);
#8582=ORIENTED_EDGE('',*,*,#6838,.F.);
#8583=ORIENTED_EDGE('',*,*,#6893,.T.);
#8584=ORIENTED_EDGE('',*,*,#6894,.F.);
#8585=ORIENTED_EDGE('',*,*,#6895,.T.);
#8586=ORIENTED_EDGE('',*,*,#6836,.F.);
#8587=ORIENTED_EDGE('',*,*,#6896,.F.);
#8588=ORIENTED_EDGE('',*,*,#6834,.F.);
#8589=ORIENTED_EDGE('',*,*,#6897,.T.);
#8590=ORIENTED_EDGE('',*,*,#6898,.F.);
#8591=ORIENTED_EDGE('',*,*,#6899,.T.);
#8592=ORIENTED_EDGE('',*,*,#6832,.F.);
#8593=ORIENTED_EDGE('',*,*,#6900,.F.);
#8594=ORIENTED_EDGE('',*,*,#6830,.F.);
#8595=ORIENTED_EDGE('',*,*,#6901,.T.);
#8596=ORIENTED_EDGE('',*,*,#6902,.F.);
#8597=ORIENTED_EDGE('',*,*,#6903,.T.);
#8598=ORIENTED_EDGE('',*,*,#6828,.F.);
#8599=ORIENTED_EDGE('',*,*,#6904,.F.);
#8600=ORIENTED_EDGE('',*,*,#6826,.F.);
#8601=ORIENTED_EDGE('',*,*,#6905,.T.);
#8602=ORIENTED_EDGE('',*,*,#6906,.F.);
#8603=ORIENTED_EDGE('',*,*,#6907,.T.);
#8604=ORIENTED_EDGE('',*,*,#6822,.F.);
#8605=ORIENTED_EDGE('',*,*,#6908,.F.);
#8606=ORIENTED_EDGE('',*,*,#6737,.F.);
#8607=ORIENTED_EDGE('',*,*,#6909,.T.);
#8608=ORIENTED_EDGE('',*,*,#6910,.F.);
#8609=ORIENTED_EDGE('',*,*,#6911,.T.);
#8610=ORIENTED_EDGE('',*,*,#6912,.F.);
#8611=ORIENTED_EDGE('',*,*,#6913,.F.);
#8612=ORIENTED_EDGE('',*,*,#6914,.F.);
#8613=ORIENTED_EDGE('',*,*,#6915,.T.);
#8614=ORIENTED_EDGE('',*,*,#6916,.F.);
#8615=ORIENTED_EDGE('',*,*,#6917,.T.);
#8616=ORIENTED_EDGE('',*,*,#6918,.F.);
#8617=ORIENTED_EDGE('',*,*,#6919,.F.);
#8618=ORIENTED_EDGE('',*,*,#6920,.F.);
#8619=ORIENTED_EDGE('',*,*,#6921,.T.);
#8620=ORIENTED_EDGE('',*,*,#6922,.F.);
#8621=ORIENTED_EDGE('',*,*,#6923,.T.);
#8622=ORIENTED_EDGE('',*,*,#6924,.F.);
#8623=ORIENTED_EDGE('',*,*,#6925,.F.);
#8624=ORIENTED_EDGE('',*,*,#6926,.F.);
#8625=ORIENTED_EDGE('',*,*,#6927,.T.);
#8626=ORIENTED_EDGE('',*,*,#6928,.F.);
#8627=ORIENTED_EDGE('',*,*,#6929,.T.);
#8628=ORIENTED_EDGE('',*,*,#6930,.F.);
#8629=ORIENTED_EDGE('',*,*,#6931,.F.);
#8630=ORIENTED_EDGE('',*,*,#6932,.F.);
#8631=ORIENTED_EDGE('',*,*,#6933,.T.);
#8632=ORIENTED_EDGE('',*,*,#6934,.F.);
#8633=ORIENTED_EDGE('',*,*,#6935,.T.);
#8634=ORIENTED_EDGE('',*,*,#6936,.F.);
#8635=ORIENTED_EDGE('',*,*,#6937,.F.);
#8636=ORIENTED_EDGE('',*,*,#6938,.F.);
#8637=ORIENTED_EDGE('',*,*,#6939,.T.);
#8638=ORIENTED_EDGE('',*,*,#6940,.F.);
#8639=ORIENTED_EDGE('',*,*,#6941,.T.);
#8640=ORIENTED_EDGE('',*,*,#6942,.F.);
#8641=ORIENTED_EDGE('',*,*,#6943,.F.);
#8642=ORIENTED_EDGE('',*,*,#6944,.F.);
#8643=ORIENTED_EDGE('',*,*,#6945,.T.);
#8644=ORIENTED_EDGE('',*,*,#6946,.F.);
#8645=ORIENTED_EDGE('',*,*,#6947,.T.);
#8646=ORIENTED_EDGE('',*,*,#6948,.F.);
#8647=ORIENTED_EDGE('',*,*,#6949,.F.);
#8648=ORIENTED_EDGE('',*,*,#6950,.F.);
#8649=ORIENTED_EDGE('',*,*,#6951,.T.);
#8650=ORIENTED_EDGE('',*,*,#6952,.F.);
#8651=ORIENTED_EDGE('',*,*,#6953,.T.);
#8652=ORIENTED_EDGE('',*,*,#6954,.F.);
#8653=ORIENTED_EDGE('',*,*,#6955,.F.);
#8654=ORIENTED_EDGE('',*,*,#6956,.F.);
#8655=ORIENTED_EDGE('',*,*,#6957,.T.);
#8656=ORIENTED_EDGE('',*,*,#6958,.F.);
#8657=ORIENTED_EDGE('',*,*,#6959,.T.);
#8658=ORIENTED_EDGE('',*,*,#6960,.F.);
#8659=ORIENTED_EDGE('',*,*,#6961,.F.);
#8660=ORIENTED_EDGE('',*,*,#6962,.F.);
#8661=ORIENTED_EDGE('',*,*,#6963,.T.);
#8662=ORIENTED_EDGE('',*,*,#6964,.F.);
#8663=ORIENTED_EDGE('',*,*,#6965,.T.);
#8664=ORIENTED_EDGE('',*,*,#6865,.F.);
#8665=ORIENTED_EDGE('',*,*,#6966,.F.);
#8666=ORIENTED_EDGE('',*,*,#6825,.F.);
#8667=ORIENTED_EDGE('',*,*,#6967,.T.);
#8668=ORIENTED_EDGE('',*,*,#6968,.F.);
#8669=ORIENTED_EDGE('',*,*,#6969,.T.);
#8670=ORIENTED_EDGE('',*,*,#6970,.F.);
#8671=ORIENTED_EDGE('',*,*,#6971,.F.);
#8672=ORIENTED_EDGE('',*,*,#6972,.F.);
#8673=ORIENTED_EDGE('',*,*,#6973,.T.);
#8674=ORIENTED_EDGE('',*,*,#6974,.F.);
#8675=ORIENTED_EDGE('',*,*,#6975,.T.);
#8676=ORIENTED_EDGE('',*,*,#6976,.F.);
#8677=ORIENTED_EDGE('',*,*,#6977,.F.);
#8678=ORIENTED_EDGE('',*,*,#6978,.F.);
#8679=ORIENTED_EDGE('',*,*,#6979,.T.);
#8680=ORIENTED_EDGE('',*,*,#6980,.F.);
#8681=ORIENTED_EDGE('',*,*,#6981,.T.);
#8682=ORIENTED_EDGE('',*,*,#6982,.F.);
#8683=ORIENTED_EDGE('',*,*,#6983,.F.);
#8684=ORIENTED_EDGE('',*,*,#6984,.F.);
#8685=ORIENTED_EDGE('',*,*,#6985,.T.);
#8686=ORIENTED_EDGE('',*,*,#6986,.F.);
#8687=ORIENTED_EDGE('',*,*,#6987,.T.);
#8688=ORIENTED_EDGE('',*,*,#6988,.F.);
#8689=ORIENTED_EDGE('',*,*,#6989,.F.);
#8690=ORIENTED_EDGE('',*,*,#6990,.F.);
#8691=ORIENTED_EDGE('',*,*,#6991,.T.);
#8692=ORIENTED_EDGE('',*,*,#6992,.F.);
#8693=ORIENTED_EDGE('',*,*,#6993,.T.);
#8694=ORIENTED_EDGE('',*,*,#6994,.F.);
#8695=ORIENTED_EDGE('',*,*,#6995,.F.);
#8696=ORIENTED_EDGE('',*,*,#6996,.F.);
#8697=ORIENTED_EDGE('',*,*,#6997,.T.);
#8698=ORIENTED_EDGE('',*,*,#6998,.F.);
#8699=ORIENTED_EDGE('',*,*,#6999,.T.);
#8700=ORIENTED_EDGE('',*,*,#7000,.F.);
#8701=ORIENTED_EDGE('',*,*,#7001,.F.);
#8702=ORIENTED_EDGE('',*,*,#7002,.F.);
#8703=ORIENTED_EDGE('',*,*,#7003,.T.);
#8704=ORIENTED_EDGE('',*,*,#7004,.F.);
#8705=ORIENTED_EDGE('',*,*,#7005,.T.);
#8706=ORIENTED_EDGE('',*,*,#7006,.F.);
#8707=ORIENTED_EDGE('',*,*,#7007,.F.);
#8708=ORIENTED_EDGE('',*,*,#7008,.F.);
#8709=ORIENTED_EDGE('',*,*,#7009,.T.);
#8710=ORIENTED_EDGE('',*,*,#7010,.F.);
#8711=ORIENTED_EDGE('',*,*,#7011,.T.);
#8712=ORIENTED_EDGE('',*,*,#7012,.F.);
#8713=ORIENTED_EDGE('',*,*,#7013,.F.);
#8714=ORIENTED_EDGE('',*,*,#7014,.F.);
#8715=ORIENTED_EDGE('',*,*,#7015,.T.);
#8716=ORIENTED_EDGE('',*,*,#7016,.F.);
#8717=ORIENTED_EDGE('',*,*,#7017,.T.);
#8718=ORIENTED_EDGE('',*,*,#7018,.F.);
#8719=ORIENTED_EDGE('',*,*,#7019,.F.);
#8720=ORIENTED_EDGE('',*,*,#7020,.F.);
#8721=ORIENTED_EDGE('',*,*,#7021,.T.);
#8722=ORIENTED_EDGE('',*,*,#7022,.F.);
#8723=ORIENTED_EDGE('',*,*,#7023,.T.);
#8724=ORIENTED_EDGE('',*,*,#6777,.F.);
#8725=ORIENTED_EDGE('',*,*,#6962,.T.);
#8726=ORIENTED_EDGE('',*,*,#7024,.T.);
#8727=ORIENTED_EDGE('',*,*,#6960,.T.);
#8728=ORIENTED_EDGE('',*,*,#7025,.F.);
#8729=ORIENTED_EDGE('',*,*,#6956,.T.);
#8730=ORIENTED_EDGE('',*,*,#7026,.T.);
#8731=ORIENTED_EDGE('',*,*,#6954,.T.);
#8732=ORIENTED_EDGE('',*,*,#7027,.F.);
#8733=ORIENTED_EDGE('',*,*,#6950,.T.);
#8734=ORIENTED_EDGE('',*,*,#7028,.T.);
#8735=ORIENTED_EDGE('',*,*,#6948,.T.);
#8736=ORIENTED_EDGE('',*,*,#7029,.F.);
#8737=ORIENTED_EDGE('',*,*,#6944,.T.);
#8738=ORIENTED_EDGE('',*,*,#7030,.T.);
#8739=ORIENTED_EDGE('',*,*,#6942,.T.);
#8740=ORIENTED_EDGE('',*,*,#7031,.F.);
#8741=ORIENTED_EDGE('',*,*,#6938,.T.);
#8742=ORIENTED_EDGE('',*,*,#7032,.T.);
#8743=ORIENTED_EDGE('',*,*,#6936,.T.);
#8744=ORIENTED_EDGE('',*,*,#7033,.F.);
#8745=ORIENTED_EDGE('',*,*,#6932,.T.);
#8746=ORIENTED_EDGE('',*,*,#7034,.T.);
#8747=ORIENTED_EDGE('',*,*,#6930,.T.);
#8748=ORIENTED_EDGE('',*,*,#7035,.F.);
#8749=ORIENTED_EDGE('',*,*,#6926,.T.);
#8750=ORIENTED_EDGE('',*,*,#7036,.T.);
#8751=ORIENTED_EDGE('',*,*,#6924,.T.);
#8752=ORIENTED_EDGE('',*,*,#7037,.F.);
#8753=ORIENTED_EDGE('',*,*,#6920,.T.);
#8754=ORIENTED_EDGE('',*,*,#7038,.T.);
#8755=ORIENTED_EDGE('',*,*,#6918,.T.);
#8756=ORIENTED_EDGE('',*,*,#7039,.F.);
#8757=ORIENTED_EDGE('',*,*,#6914,.T.);
#8758=ORIENTED_EDGE('',*,*,#7040,.T.);
#8759=ORIENTED_EDGE('',*,*,#6912,.T.);
#8760=ORIENTED_EDGE('',*,*,#7041,.F.);
#8761=ORIENTED_EDGE('',*,*,#7020,.T.);
#8762=ORIENTED_EDGE('',*,*,#7042,.T.);
#8763=ORIENTED_EDGE('',*,*,#7018,.T.);
#8764=ORIENTED_EDGE('',*,*,#7043,.F.);
#8765=ORIENTED_EDGE('',*,*,#7014,.T.);
#8766=ORIENTED_EDGE('',*,*,#7044,.T.);
#8767=ORIENTED_EDGE('',*,*,#7012,.T.);
#8768=ORIENTED_EDGE('',*,*,#7045,.F.);
#8769=ORIENTED_EDGE('',*,*,#7008,.T.);
#8770=ORIENTED_EDGE('',*,*,#7046,.T.);
#8771=ORIENTED_EDGE('',*,*,#7006,.T.);
#8772=ORIENTED_EDGE('',*,*,#7047,.F.);
#8773=ORIENTED_EDGE('',*,*,#7002,.T.);
#8774=ORIENTED_EDGE('',*,*,#7048,.T.);
#8775=ORIENTED_EDGE('',*,*,#7000,.T.);
#8776=ORIENTED_EDGE('',*,*,#7049,.F.);
#8777=ORIENTED_EDGE('',*,*,#6996,.T.);
#8778=ORIENTED_EDGE('',*,*,#7050,.T.);
#8779=ORIENTED_EDGE('',*,*,#6994,.T.);
#8780=ORIENTED_EDGE('',*,*,#7051,.F.);
#8781=ORIENTED_EDGE('',*,*,#6990,.T.);
#8782=ORIENTED_EDGE('',*,*,#7052,.T.);
#8783=ORIENTED_EDGE('',*,*,#6988,.T.);
#8784=ORIENTED_EDGE('',*,*,#7053,.F.);
#8785=ORIENTED_EDGE('',*,*,#6984,.T.);
#8786=ORIENTED_EDGE('',*,*,#7054,.T.);
#8787=ORIENTED_EDGE('',*,*,#6982,.T.);
#8788=ORIENTED_EDGE('',*,*,#7055,.F.);
#8789=ORIENTED_EDGE('',*,*,#6978,.T.);
#8790=ORIENTED_EDGE('',*,*,#7056,.T.);
#8791=ORIENTED_EDGE('',*,*,#6976,.T.);
#8792=ORIENTED_EDGE('',*,*,#7057,.F.);
#8793=ORIENTED_EDGE('',*,*,#6972,.T.);
#8794=ORIENTED_EDGE('',*,*,#7058,.T.);
#8795=ORIENTED_EDGE('',*,*,#6970,.T.);
#8796=ORIENTED_EDGE('',*,*,#7059,.F.);
#8797=ORIENTED_EDGE('',*,*,#7060,.T.);
#8798=ORIENTED_EDGE('',*,*,#7061,.T.);
#8799=ORIENTED_EDGE('',*,*,#7062,.F.);
#8800=ORIENTED_EDGE('',*,*,#7063,.F.);
#8801=ORIENTED_EDGE('',*,*,#7064,.T.);
#8802=ORIENTED_EDGE('',*,*,#7065,.T.);
#8803=ORIENTED_EDGE('',*,*,#7066,.F.);
#8804=ORIENTED_EDGE('',*,*,#7067,.T.);
#8805=ORIENTED_EDGE('',*,*,#7068,.T.);
#8806=ORIENTED_EDGE('',*,*,#7069,.F.);
#8807=ORIENTED_EDGE('',*,*,#7070,.T.);
#8808=ORIENTED_EDGE('',*,*,#7071,.T.);
#8809=ORIENTED_EDGE('',*,*,#7072,.F.);
#8810=ORIENTED_EDGE('',*,*,#7073,.T.);
#8811=ORIENTED_EDGE('',*,*,#7074,.T.);
#8812=ORIENTED_EDGE('',*,*,#7075,.T.);
#8813=ORIENTED_EDGE('',*,*,#7076,.F.);
#8814=ORIENTED_EDGE('',*,*,#7077,.F.);
#8815=ORIENTED_EDGE('',*,*,#7078,.T.);
#8816=ORIENTED_EDGE('',*,*,#6965,.F.);
#8817=ORIENTED_EDGE('',*,*,#7079,.F.);
#8818=ORIENTED_EDGE('',*,*,#7080,.F.);
#8819=ORIENTED_EDGE('',*,*,#7081,.T.);
#8820=ORIENTED_EDGE('',*,*,#7082,.T.);
#8821=ORIENTED_EDGE('',*,*,#7083,.F.);
#8822=ORIENTED_EDGE('',*,*,#6909,.F.);
#8823=ORIENTED_EDGE('',*,*,#6736,.T.);
#8824=ORIENTED_EDGE('',*,*,#7084,.T.);
#8825=ORIENTED_EDGE('',*,*,#6724,.F.);
#8826=ORIENTED_EDGE('',*,*,#7085,.F.);
#8827=ORIENTED_EDGE('',*,*,#6866,.T.);
#8828=ORIENTED_EDGE('',*,*,#7086,.F.);
#8829=ORIENTED_EDGE('',*,*,#6963,.F.);
#8830=ORIENTED_EDGE('',*,*,#7025,.T.);
#8831=ORIENTED_EDGE('',*,*,#6959,.F.);
#8832=ORIENTED_EDGE('',*,*,#7087,.F.);
#8833=ORIENTED_EDGE('',*,*,#6957,.F.);
#8834=ORIENTED_EDGE('',*,*,#7027,.T.);
#8835=ORIENTED_EDGE('',*,*,#6953,.F.);
#8836=ORIENTED_EDGE('',*,*,#7088,.F.);
#8837=ORIENTED_EDGE('',*,*,#6951,.F.);
#8838=ORIENTED_EDGE('',*,*,#7029,.T.);
#8839=ORIENTED_EDGE('',*,*,#6947,.F.);
#8840=ORIENTED_EDGE('',*,*,#7089,.F.);
#8841=ORIENTED_EDGE('',*,*,#6945,.F.);
#8842=ORIENTED_EDGE('',*,*,#7031,.T.);
#8843=ORIENTED_EDGE('',*,*,#6941,.F.);
#8844=ORIENTED_EDGE('',*,*,#7090,.F.);
#8845=ORIENTED_EDGE('',*,*,#6939,.F.);
#8846=ORIENTED_EDGE('',*,*,#7033,.T.);
#8847=ORIENTED_EDGE('',*,*,#6935,.F.);
#8848=ORIENTED_EDGE('',*,*,#7091,.F.);
#8849=ORIENTED_EDGE('',*,*,#6933,.F.);
#8850=ORIENTED_EDGE('',*,*,#7035,.T.);
#8851=ORIENTED_EDGE('',*,*,#6929,.F.);
#8852=ORIENTED_EDGE('',*,*,#7092,.F.);
#8853=ORIENTED_EDGE('',*,*,#6927,.F.);
#8854=ORIENTED_EDGE('',*,*,#7037,.T.);
#8855=ORIENTED_EDGE('',*,*,#6923,.F.);
#8856=ORIENTED_EDGE('',*,*,#7093,.F.);
#8857=ORIENTED_EDGE('',*,*,#6921,.F.);
#8858=ORIENTED_EDGE('',*,*,#7039,.T.);
#8859=ORIENTED_EDGE('',*,*,#6917,.F.);
#8860=ORIENTED_EDGE('',*,*,#7094,.F.);
#8861=ORIENTED_EDGE('',*,*,#6915,.F.);
#8862=ORIENTED_EDGE('',*,*,#7041,.T.);
#8863=ORIENTED_EDGE('',*,*,#6911,.F.);
#8864=ORIENTED_EDGE('',*,*,#7095,.F.);
#8865=ORIENTED_EDGE('',*,*,#6967,.F.);
#8866=ORIENTED_EDGE('',*,*,#6824,.T.);
#8867=ORIENTED_EDGE('',*,*,#7096,.F.);
#8868=ORIENTED_EDGE('',*,*,#6726,.T.);
#8869=ORIENTED_EDGE('',*,*,#7097,.T.);
#8870=ORIENTED_EDGE('',*,*,#6778,.T.);
#8871=ORIENTED_EDGE('',*,*,#7023,.F.);
#8872=ORIENTED_EDGE('',*,*,#7098,.F.);
#8873=ORIENTED_EDGE('',*,*,#7099,.T.);
#8874=ORIENTED_EDGE('',*,*,#7100,.F.);
#8875=ORIENTED_EDGE('',*,*,#7101,.F.);
#8876=ORIENTED_EDGE('',*,*,#6969,.F.);
#8877=ORIENTED_EDGE('',*,*,#7102,.F.);
#8878=ORIENTED_EDGE('',*,*,#6973,.F.);
#8879=ORIENTED_EDGE('',*,*,#7059,.T.);
#8880=ORIENTED_EDGE('',*,*,#6975,.F.);
#8881=ORIENTED_EDGE('',*,*,#7103,.F.);
#8882=ORIENTED_EDGE('',*,*,#6979,.F.);
#8883=ORIENTED_EDGE('',*,*,#7057,.T.);
#8884=ORIENTED_EDGE('',*,*,#6981,.F.);
#8885=ORIENTED_EDGE('',*,*,#7104,.F.);
#8886=ORIENTED_EDGE('',*,*,#6985,.F.);
#8887=ORIENTED_EDGE('',*,*,#7055,.T.);
#8888=ORIENTED_EDGE('',*,*,#6987,.F.);
#8889=ORIENTED_EDGE('',*,*,#7105,.F.);
#8890=ORIENTED_EDGE('',*,*,#6991,.F.);
#8891=ORIENTED_EDGE('',*,*,#7053,.T.);
#8892=ORIENTED_EDGE('',*,*,#6993,.F.);
#8893=ORIENTED_EDGE('',*,*,#7106,.F.);
#8894=ORIENTED_EDGE('',*,*,#6997,.F.);
#8895=ORIENTED_EDGE('',*,*,#7051,.T.);
#8896=ORIENTED_EDGE('',*,*,#6999,.F.);
#8897=ORIENTED_EDGE('',*,*,#7107,.F.);
#8898=ORIENTED_EDGE('',*,*,#7003,.F.);
#8899=ORIENTED_EDGE('',*,*,#7049,.T.);
#8900=ORIENTED_EDGE('',*,*,#7005,.F.);
#8901=ORIENTED_EDGE('',*,*,#7108,.F.);
#8902=ORIENTED_EDGE('',*,*,#7009,.F.);
#8903=ORIENTED_EDGE('',*,*,#7047,.T.);
#8904=ORIENTED_EDGE('',*,*,#7011,.F.);
#8905=ORIENTED_EDGE('',*,*,#7109,.F.);
#8906=ORIENTED_EDGE('',*,*,#7015,.F.);
#8907=ORIENTED_EDGE('',*,*,#7045,.T.);
#8908=ORIENTED_EDGE('',*,*,#7017,.F.);
#8909=ORIENTED_EDGE('',*,*,#7110,.F.);
#8910=ORIENTED_EDGE('',*,*,#7021,.F.);
#8911=ORIENTED_EDGE('',*,*,#7043,.T.);
#8912=ORIENTED_EDGE('',*,*,#7076,.T.);
#8913=ORIENTED_EDGE('',*,*,#7111,.T.);
#8914=ORIENTED_EDGE('',*,*,#7112,.F.);
#8915=ORIENTED_EDGE('',*,*,#7113,.T.);
#8916=ORIENTED_EDGE('',*,*,#7114,.F.);
#8917=ORIENTED_EDGE('',*,*,#7081,.F.);
#8918=ORIENTED_EDGE('',*,*,#7115,.F.);
#8919=ORIENTED_EDGE('',*,*,#7100,.T.);
#8920=ORIENTED_EDGE('',*,*,#7116,.T.);
#8921=ORIENTED_EDGE('',*,*,#7117,.F.);
#8922=ORIENTED_EDGE('',*,*,#7118,.F.);
#8923=ORIENTED_EDGE('',*,*,#7112,.T.);
#8924=ORIENTED_EDGE('',*,*,#7119,.T.);
#8925=ORIENTED_EDGE('',*,*,#7120,.F.);
#8926=ORIENTED_EDGE('',*,*,#7121,.F.);
#8927=ORIENTED_EDGE('',*,*,#7117,.T.);
#8928=ORIENTED_EDGE('',*,*,#7122,.F.);
#8929=ORIENTED_EDGE('',*,*,#7123,.F.);
#8930=ORIENTED_EDGE('',*,*,#7120,.T.);
#8931=ORIENTED_EDGE('',*,*,#7124,.F.);
#8932=ORIENTED_EDGE('',*,*,#7062,.T.);
#8933=ORIENTED_EDGE('',*,*,#7063,.T.);
#8934=ORIENTED_EDGE('',*,*,#7066,.T.);
#8935=ORIENTED_EDGE('',*,*,#7069,.T.);
#8936=ORIENTED_EDGE('',*,*,#7072,.T.);
#8937=ORIENTED_EDGE('',*,*,#7125,.T.);
#8938=ORIENTED_EDGE('',*,*,#7126,.T.);
#8939=ORIENTED_EDGE('',*,*,#7078,.F.);
#8940=ORIENTED_EDGE('',*,*,#7127,.F.);
#8941=ORIENTED_EDGE('',*,*,#7122,.T.);
#8942=ORIENTED_EDGE('',*,*,#7128,.F.);
#8943=ORIENTED_EDGE('',*,*,#7121,.T.);
#8944=ORIENTED_EDGE('',*,*,#7123,.T.);
#8945=ORIENTED_EDGE('',*,*,#7127,.T.);
#8946=ORIENTED_EDGE('',*,*,#7113,.F.);
#8947=ORIENTED_EDGE('',*,*,#7118,.T.);
#8948=ORIENTED_EDGE('',*,*,#7128,.T.);
#8949=ORIENTED_EDGE('',*,*,#7077,.T.);
#8950=ORIENTED_EDGE('',*,*,#6907,.F.);
#8951=ORIENTED_EDGE('',*,*,#7129,.F.);
#8952=ORIENTED_EDGE('',*,*,#7101,.T.);
#8953=ORIENTED_EDGE('',*,*,#7115,.T.);
#8954=ORIENTED_EDGE('',*,*,#7080,.T.);
#8955=ORIENTED_EDGE('',*,*,#7130,.F.);
#8956=ORIENTED_EDGE('',*,*,#6869,.F.);
#8957=ORIENTED_EDGE('',*,*,#6867,.T.);
#8958=ORIENTED_EDGE('',*,*,#7085,.T.);
#8959=ORIENTED_EDGE('',*,*,#6727,.F.);
#8960=ORIENTED_EDGE('',*,*,#7096,.T.);
#8961=ORIENTED_EDGE('',*,*,#6823,.T.);
#8962=ORIENTED_EDGE('',*,*,#7131,.F.);
#8963=ORIENTED_EDGE('',*,*,#6905,.F.);
#8964=ORIENTED_EDGE('',*,*,#6829,.T.);
#8965=ORIENTED_EDGE('',*,*,#6903,.F.);
#8966=ORIENTED_EDGE('',*,*,#7132,.F.);
#8967=ORIENTED_EDGE('',*,*,#6901,.F.);
#8968=ORIENTED_EDGE('',*,*,#6833,.T.);
#8969=ORIENTED_EDGE('',*,*,#6899,.F.);
#8970=ORIENTED_EDGE('',*,*,#7133,.F.);
#8971=ORIENTED_EDGE('',*,*,#6897,.F.);
#8972=ORIENTED_EDGE('',*,*,#6837,.T.);
#8973=ORIENTED_EDGE('',*,*,#6895,.F.);
#8974=ORIENTED_EDGE('',*,*,#7134,.F.);
#8975=ORIENTED_EDGE('',*,*,#6893,.F.);
#8976=ORIENTED_EDGE('',*,*,#6841,.T.);
#8977=ORIENTED_EDGE('',*,*,#6891,.F.);
#8978=ORIENTED_EDGE('',*,*,#7135,.F.);
#8979=ORIENTED_EDGE('',*,*,#6889,.F.);
#8980=ORIENTED_EDGE('',*,*,#6845,.T.);
#8981=ORIENTED_EDGE('',*,*,#6887,.F.);
#8982=ORIENTED_EDGE('',*,*,#7136,.F.);
#8983=ORIENTED_EDGE('',*,*,#6885,.F.);
#8984=ORIENTED_EDGE('',*,*,#6849,.T.);
#8985=ORIENTED_EDGE('',*,*,#6883,.F.);
#8986=ORIENTED_EDGE('',*,*,#7137,.F.);
#8987=ORIENTED_EDGE('',*,*,#6881,.F.);
#8988=ORIENTED_EDGE('',*,*,#6853,.T.);
#8989=ORIENTED_EDGE('',*,*,#6879,.F.);
#8990=ORIENTED_EDGE('',*,*,#7138,.F.);
#8991=ORIENTED_EDGE('',*,*,#6877,.F.);
#8992=ORIENTED_EDGE('',*,*,#6857,.T.);
#8993=ORIENTED_EDGE('',*,*,#6875,.F.);
#8994=ORIENTED_EDGE('',*,*,#7139,.F.);
#8995=ORIENTED_EDGE('',*,*,#6873,.F.);
#8996=ORIENTED_EDGE('',*,*,#6861,.T.);
#8997=ORIENTED_EDGE('',*,*,#6871,.F.);
#8998=ORIENTED_EDGE('',*,*,#7140,.F.);
#8999=ORIENTED_EDGE('',*,*,#7126,.F.);
#9000=ORIENTED_EDGE('',*,*,#7124,.T.);
#9001=ORIENTED_EDGE('',*,*,#7119,.F.);
#9002=ORIENTED_EDGE('',*,*,#7111,.F.);
#9003=ORIENTED_EDGE('',*,*,#7075,.F.);
#9004=ORIENTED_EDGE('',*,*,#7140,.T.);
#9005=ORIENTED_EDGE('',*,*,#7116,.F.);
#9006=ORIENTED_EDGE('',*,*,#6801,.F.);
#9007=ORIENTED_EDGE('',*,*,#7141,.F.);
#9008=ORIENTED_EDGE('',*,*,#7082,.F.);
#9009=ORIENTED_EDGE('',*,*,#7114,.T.);
#9010=ORIENTED_EDGE('',*,*,#7099,.F.);
#9011=ORIENTED_EDGE('',*,*,#7142,.F.);
#9012=ORIENTED_EDGE('',*,*,#6803,.F.);
#9013=ORIENTED_EDGE('',*,*,#6779,.T.);
#9014=ORIENTED_EDGE('',*,*,#7097,.F.);
#9015=ORIENTED_EDGE('',*,*,#6725,.F.);
#9016=ORIENTED_EDGE('',*,*,#7084,.F.);
#9017=ORIENTED_EDGE('',*,*,#6735,.T.);
#9018=ORIENTED_EDGE('',*,*,#7143,.F.);
#9019=ORIENTED_EDGE('',*,*,#6799,.F.);
#9020=ORIENTED_EDGE('',*,*,#6741,.T.);
#9021=ORIENTED_EDGE('',*,*,#6797,.F.);
#9022=ORIENTED_EDGE('',*,*,#7144,.F.);
#9023=ORIENTED_EDGE('',*,*,#6795,.F.);
#9024=ORIENTED_EDGE('',*,*,#6745,.T.);
#9025=ORIENTED_EDGE('',*,*,#6793,.F.);
#9026=ORIENTED_EDGE('',*,*,#7145,.F.);
#9027=ORIENTED_EDGE('',*,*,#6791,.F.);
#9028=ORIENTED_EDGE('',*,*,#6749,.T.);
#9029=ORIENTED_EDGE('',*,*,#6789,.F.);
#9030=ORIENTED_EDGE('',*,*,#7146,.F.);
#9031=ORIENTED_EDGE('',*,*,#6787,.F.);
#9032=ORIENTED_EDGE('',*,*,#6753,.T.);
#9033=ORIENTED_EDGE('',*,*,#6785,.F.);
#9034=ORIENTED_EDGE('',*,*,#7147,.F.);
#9035=ORIENTED_EDGE('',*,*,#6783,.F.);
#9036=ORIENTED_EDGE('',*,*,#6757,.T.);
#9037=ORIENTED_EDGE('',*,*,#6781,.F.);
#9038=ORIENTED_EDGE('',*,*,#7148,.F.);
#9039=ORIENTED_EDGE('',*,*,#6819,.F.);
#9040=ORIENTED_EDGE('',*,*,#6761,.T.);
#9041=ORIENTED_EDGE('',*,*,#6817,.F.);
#9042=ORIENTED_EDGE('',*,*,#7149,.F.);
#9043=ORIENTED_EDGE('',*,*,#6815,.F.);
#9044=ORIENTED_EDGE('',*,*,#6765,.T.);
#9045=ORIENTED_EDGE('',*,*,#6813,.F.);
#9046=ORIENTED_EDGE('',*,*,#7150,.F.);
#9047=ORIENTED_EDGE('',*,*,#6811,.F.);
#9048=ORIENTED_EDGE('',*,*,#6769,.T.);
#9049=ORIENTED_EDGE('',*,*,#6809,.F.);
#9050=ORIENTED_EDGE('',*,*,#7151,.F.);
#9051=ORIENTED_EDGE('',*,*,#6807,.F.);
#9052=ORIENTED_EDGE('',*,*,#6773,.T.);
#9053=ORIENTED_EDGE('',*,*,#6805,.F.);
#9054=ORIENTED_EDGE('',*,*,#7125,.F.);
#9055=ORIENTED_EDGE('',*,*,#7152,.T.);
#9056=ORIENTED_EDGE('',*,*,#7153,.T.);
#9057=ORIENTED_EDGE('',*,*,#7154,.T.);
#9058=ORIENTED_EDGE('',*,*,#7064,.F.);
#9059=ORIENTED_EDGE('',*,*,#7061,.F.);
#9060=ORIENTED_EDGE('',*,*,#7155,.F.);
#9061=ORIENTED_EDGE('',*,*,#7156,.F.);
#9062=ORIENTED_EDGE('',*,*,#7157,.F.);
#9063=ORIENTED_EDGE('',*,*,#7158,.T.);
#9064=ORIENTED_EDGE('',*,*,#7067,.F.);
#9065=ORIENTED_EDGE('',*,*,#7065,.F.);
#9066=ORIENTED_EDGE('',*,*,#7154,.F.);
#9067=ORIENTED_EDGE('',*,*,#7159,.F.);
#9068=ORIENTED_EDGE('',*,*,#7160,.F.);
#9069=ORIENTED_EDGE('',*,*,#7161,.T.);
#9070=ORIENTED_EDGE('',*,*,#7070,.F.);
#9071=ORIENTED_EDGE('',*,*,#7068,.F.);
#9072=ORIENTED_EDGE('',*,*,#7158,.F.);
#9073=ORIENTED_EDGE('',*,*,#7162,.F.);
#9074=ORIENTED_EDGE('',*,*,#7163,.F.);
#9075=ORIENTED_EDGE('',*,*,#7164,.T.);
#9076=ORIENTED_EDGE('',*,*,#7073,.F.);
#9077=ORIENTED_EDGE('',*,*,#7071,.F.);
#9078=ORIENTED_EDGE('',*,*,#7161,.F.);
#9079=ORIENTED_EDGE('',*,*,#7165,.F.);
#9080=ORIENTED_EDGE('',*,*,#7166,.F.);
#9081=ORIENTED_EDGE('',*,*,#7167,.T.);
#9082=ORIENTED_EDGE('',*,*,#7152,.F.);
#9083=ORIENTED_EDGE('',*,*,#7074,.F.);
#9084=ORIENTED_EDGE('',*,*,#7164,.F.);
#9085=ORIENTED_EDGE('',*,*,#7168,.F.);
#9086=ORIENTED_EDGE('',*,*,#7169,.F.);
#9087=ORIENTED_EDGE('',*,*,#7155,.T.);
#9088=ORIENTED_EDGE('',*,*,#7060,.F.);
#9089=ORIENTED_EDGE('',*,*,#7153,.F.);
#9090=ORIENTED_EDGE('',*,*,#7167,.F.);
#9091=ORIENTED_EDGE('',*,*,#7170,.F.);
#9092=ORIENTED_EDGE('',*,*,#7171,.F.);
#9093=ORIENTED_EDGE('',*,*,#7168,.T.);
#9094=ORIENTED_EDGE('',*,*,#7166,.T.);
#9095=ORIENTED_EDGE('',*,*,#7172,.T.);
#9096=ORIENTED_EDGE('',*,*,#7173,.T.);
#9097=ORIENTED_EDGE('',*,*,#7156,.T.);
#9098=ORIENTED_EDGE('',*,*,#7171,.T.);
#9099=ORIENTED_EDGE('',*,*,#7174,.T.);
#9100=ORIENTED_EDGE('',*,*,#7159,.T.);
#9101=ORIENTED_EDGE('',*,*,#7157,.T.);
#9102=ORIENTED_EDGE('',*,*,#7175,.T.);
#9103=ORIENTED_EDGE('',*,*,#7162,.T.);
#9104=ORIENTED_EDGE('',*,*,#7160,.T.);
#9105=ORIENTED_EDGE('',*,*,#7165,.T.);
#9106=ORIENTED_EDGE('',*,*,#7163,.T.);
#9107=ORIENTED_EDGE('',*,*,#7176,.T.);
#9108=ORIENTED_EDGE('',*,*,#7176,.F.);
#9109=ORIENTED_EDGE('',*,*,#7175,.F.);
#9110=ORIENTED_EDGE('',*,*,#7174,.F.);
#9111=ORIENTED_EDGE('',*,*,#7173,.F.);
#9112=ORIENTED_EDGE('',*,*,#7177,.F.);
#9113=ORIENTED_EDGE('',*,*,#7172,.F.);
#9114=ORIENTED_EDGE('',*,*,#7178,.T.);
#9115=ORIENTED_EDGE('',*,*,#7170,.T.);
#9116=ORIENTED_EDGE('',*,*,#7169,.T.);
#9117=ORIENTED_EDGE('',*,*,#7177,.T.);
#9118=ORIENTED_EDGE('',*,*,#7179,.T.);
#9119=ORIENTED_EDGE('',*,*,#7180,.T.);
#9120=ORIENTED_EDGE('',*,*,#7181,.T.);
#9121=ORIENTED_EDGE('',*,*,#7178,.F.);
#9122=ORIENTED_EDGE('',*,*,#7181,.F.);
#9123=ORIENTED_EDGE('',*,*,#7179,.F.);
#9124=ORIENTED_EDGE('',*,*,#7180,.F.);
#9125=ORIENTED_EDGE('',*,*,#7182,.T.);
#9126=ORIENTED_EDGE('',*,*,#7183,.T.);
#9127=ORIENTED_EDGE('',*,*,#7184,.T.);
#9128=ORIENTED_EDGE('',*,*,#7182,.F.);
#9129=ORIENTED_EDGE('',*,*,#7185,.T.);
#9130=ORIENTED_EDGE('',*,*,#7186,.T.);
#9131=ORIENTED_EDGE('',*,*,#7185,.F.);
#9132=ORIENTED_EDGE('',*,*,#7187,.T.);
#9133=ORIENTED_EDGE('',*,*,#7188,.F.);
#9134=ORIENTED_EDGE('',*,*,#7187,.F.);
#9135=ORIENTED_EDGE('',*,*,#7189,.T.);
#9136=ORIENTED_EDGE('',*,*,#7190,.T.);
#9137=ORIENTED_EDGE('',*,*,#7191,.T.);
#9138=ORIENTED_EDGE('',*,*,#7183,.F.);
#9139=ORIENTED_EDGE('',*,*,#7184,.F.);
#9140=ORIENTED_EDGE('',*,*,#7191,.F.);
#9141=ORIENTED_EDGE('',*,*,#7189,.F.);
#9142=ORIENTED_EDGE('',*,*,#7190,.F.);
#9143=ORIENTED_EDGE('',*,*,#7192,.T.);
#9144=ORIENTED_EDGE('',*,*,#7186,.F.);
#9145=ORIENTED_EDGE('',*,*,#7192,.F.);
#9146=ORIENTED_EDGE('',*,*,#7022,.T.);
#9147=ORIENTED_EDGE('',*,*,#6776,.F.);
#9148=ORIENTED_EDGE('',*,*,#7193,.F.);
#9149=ORIENTED_EDGE('',*,*,#7098,.T.);
#9150=ORIENTED_EDGE('',*,*,#6908,.T.);
#9151=ORIENTED_EDGE('',*,*,#7083,.T.);
#9152=ORIENTED_EDGE('',*,*,#7194,.F.);
#9153=ORIENTED_EDGE('',*,*,#6732,.F.);
#9154=ORIENTED_EDGE('',*,*,#6966,.T.);
#9155=ORIENTED_EDGE('',*,*,#7095,.T.);
#9156=ORIENTED_EDGE('',*,*,#7195,.T.);
#9157=ORIENTED_EDGE('',*,*,#6820,.F.);
#9158=ORIENTED_EDGE('',*,*,#6964,.T.);
#9159=ORIENTED_EDGE('',*,*,#6864,.F.);
#9160=ORIENTED_EDGE('',*,*,#7196,.T.);
#9161=ORIENTED_EDGE('',*,*,#7079,.T.);
#9162=ORIENTED_EDGE('',*,*,#6968,.T.);
#9163=ORIENTED_EDGE('',*,*,#7058,.F.);
#9164=ORIENTED_EDGE('',*,*,#6971,.T.);
#9165=ORIENTED_EDGE('',*,*,#7102,.T.);
#9166=ORIENTED_EDGE('',*,*,#6974,.T.);
#9167=ORIENTED_EDGE('',*,*,#7056,.F.);
#9168=ORIENTED_EDGE('',*,*,#6977,.T.);
#9169=ORIENTED_EDGE('',*,*,#7103,.T.);
#9170=ORIENTED_EDGE('',*,*,#6980,.T.);
#9171=ORIENTED_EDGE('',*,*,#7054,.F.);
#9172=ORIENTED_EDGE('',*,*,#6983,.T.);
#9173=ORIENTED_EDGE('',*,*,#7104,.T.);
#9174=ORIENTED_EDGE('',*,*,#6986,.T.);
#9175=ORIENTED_EDGE('',*,*,#7052,.F.);
#9176=ORIENTED_EDGE('',*,*,#6989,.T.);
#9177=ORIENTED_EDGE('',*,*,#7105,.T.);
#9178=ORIENTED_EDGE('',*,*,#6992,.T.);
#9179=ORIENTED_EDGE('',*,*,#7050,.F.);
#9180=ORIENTED_EDGE('',*,*,#6995,.T.);
#9181=ORIENTED_EDGE('',*,*,#7106,.T.);
#9182=ORIENTED_EDGE('',*,*,#6998,.T.);
#9183=ORIENTED_EDGE('',*,*,#7048,.F.);
#9184=ORIENTED_EDGE('',*,*,#7001,.T.);
#9185=ORIENTED_EDGE('',*,*,#7107,.T.);
#9186=ORIENTED_EDGE('',*,*,#7004,.T.);
#9187=ORIENTED_EDGE('',*,*,#7046,.F.);
#9188=ORIENTED_EDGE('',*,*,#7007,.T.);
#9189=ORIENTED_EDGE('',*,*,#7108,.T.);
#9190=ORIENTED_EDGE('',*,*,#7010,.T.);
#9191=ORIENTED_EDGE('',*,*,#7044,.F.);
#9192=ORIENTED_EDGE('',*,*,#7013,.T.);
#9193=ORIENTED_EDGE('',*,*,#7109,.T.);
#9194=ORIENTED_EDGE('',*,*,#7016,.T.);
#9195=ORIENTED_EDGE('',*,*,#7042,.F.);
#9196=ORIENTED_EDGE('',*,*,#7019,.T.);
#9197=ORIENTED_EDGE('',*,*,#7110,.T.);
#9198=ORIENTED_EDGE('',*,*,#6910,.T.);
#9199=ORIENTED_EDGE('',*,*,#7040,.F.);
#9200=ORIENTED_EDGE('',*,*,#6913,.T.);
#9201=ORIENTED_EDGE('',*,*,#7094,.T.);
#9202=ORIENTED_EDGE('',*,*,#6916,.T.);
#9203=ORIENTED_EDGE('',*,*,#7038,.F.);
#9204=ORIENTED_EDGE('',*,*,#6919,.T.);
#9205=ORIENTED_EDGE('',*,*,#7093,.T.);
#9206=ORIENTED_EDGE('',*,*,#6922,.T.);
#9207=ORIENTED_EDGE('',*,*,#7036,.F.);
#9208=ORIENTED_EDGE('',*,*,#6925,.T.);
#9209=ORIENTED_EDGE('',*,*,#7092,.T.);
#9210=ORIENTED_EDGE('',*,*,#6928,.T.);
#9211=ORIENTED_EDGE('',*,*,#7034,.F.);
#9212=ORIENTED_EDGE('',*,*,#6931,.T.);
#9213=ORIENTED_EDGE('',*,*,#7091,.T.);
#9214=ORIENTED_EDGE('',*,*,#6934,.T.);
#9215=ORIENTED_EDGE('',*,*,#7032,.F.);
#9216=ORIENTED_EDGE('',*,*,#6937,.T.);
#9217=ORIENTED_EDGE('',*,*,#7090,.T.);
#9218=ORIENTED_EDGE('',*,*,#6940,.T.);
#9219=ORIENTED_EDGE('',*,*,#7030,.F.);
#9220=ORIENTED_EDGE('',*,*,#6943,.T.);
#9221=ORIENTED_EDGE('',*,*,#7089,.T.);
#9222=ORIENTED_EDGE('',*,*,#6946,.T.);
#9223=ORIENTED_EDGE('',*,*,#7028,.F.);
#9224=ORIENTED_EDGE('',*,*,#6949,.T.);
#9225=ORIENTED_EDGE('',*,*,#7088,.T.);
#9226=ORIENTED_EDGE('',*,*,#6952,.T.);
#9227=ORIENTED_EDGE('',*,*,#7026,.F.);
#9228=ORIENTED_EDGE('',*,*,#6955,.T.);
#9229=ORIENTED_EDGE('',*,*,#7087,.T.);
#9230=ORIENTED_EDGE('',*,*,#6958,.T.);
#9231=ORIENTED_EDGE('',*,*,#7024,.F.);
#9232=ORIENTED_EDGE('',*,*,#6961,.T.);
#9233=ORIENTED_EDGE('',*,*,#7086,.T.);
#9234=ORIENTED_EDGE('',*,*,#6868,.T.);
#9235=ORIENTED_EDGE('',*,*,#7130,.T.);
#9236=ORIENTED_EDGE('',*,*,#7196,.F.);
#9237=ORIENTED_EDGE('',*,*,#6863,.F.);
#9238=ORIENTED_EDGE('',*,*,#7195,.F.);
#9239=ORIENTED_EDGE('',*,*,#7129,.T.);
#9240=ORIENTED_EDGE('',*,*,#6906,.T.);
#9241=ORIENTED_EDGE('',*,*,#6821,.F.);
#9242=ORIENTED_EDGE('',*,*,#6902,.T.);
#9243=ORIENTED_EDGE('',*,*,#6827,.F.);
#9244=ORIENTED_EDGE('',*,*,#6904,.T.);
#9245=ORIENTED_EDGE('',*,*,#7131,.T.);
#9246=ORIENTED_EDGE('',*,*,#6898,.T.);
#9247=ORIENTED_EDGE('',*,*,#6831,.F.);
#9248=ORIENTED_EDGE('',*,*,#6900,.T.);
#9249=ORIENTED_EDGE('',*,*,#7132,.T.);
#9250=ORIENTED_EDGE('',*,*,#6894,.T.);
#9251=ORIENTED_EDGE('',*,*,#6835,.F.);
#9252=ORIENTED_EDGE('',*,*,#6896,.T.);
#9253=ORIENTED_EDGE('',*,*,#7133,.T.);
#9254=ORIENTED_EDGE('',*,*,#6890,.T.);
#9255=ORIENTED_EDGE('',*,*,#6839,.F.);
#9256=ORIENTED_EDGE('',*,*,#6892,.T.);
#9257=ORIENTED_EDGE('',*,*,#7134,.T.);
#9258=ORIENTED_EDGE('',*,*,#6886,.T.);
#9259=ORIENTED_EDGE('',*,*,#6843,.F.);
#9260=ORIENTED_EDGE('',*,*,#6888,.T.);
#9261=ORIENTED_EDGE('',*,*,#7135,.T.);
#9262=ORIENTED_EDGE('',*,*,#6882,.T.);
#9263=ORIENTED_EDGE('',*,*,#6847,.F.);
#9264=ORIENTED_EDGE('',*,*,#6884,.T.);
#9265=ORIENTED_EDGE('',*,*,#7136,.T.);
#9266=ORIENTED_EDGE('',*,*,#6878,.T.);
#9267=ORIENTED_EDGE('',*,*,#6851,.F.);
#9268=ORIENTED_EDGE('',*,*,#6880,.T.);
#9269=ORIENTED_EDGE('',*,*,#7137,.T.);
#9270=ORIENTED_EDGE('',*,*,#6874,.T.);
#9271=ORIENTED_EDGE('',*,*,#6855,.F.);
#9272=ORIENTED_EDGE('',*,*,#6876,.T.);
#9273=ORIENTED_EDGE('',*,*,#7138,.T.);
#9274=ORIENTED_EDGE('',*,*,#6870,.T.);
#9275=ORIENTED_EDGE('',*,*,#6859,.F.);
#9276=ORIENTED_EDGE('',*,*,#6872,.T.);
#9277=ORIENTED_EDGE('',*,*,#7139,.T.);
#9278=ORIENTED_EDGE('',*,*,#7194,.T.);
#9279=ORIENTED_EDGE('',*,*,#7141,.T.);
#9280=ORIENTED_EDGE('',*,*,#6800,.T.);
#9281=ORIENTED_EDGE('',*,*,#6733,.F.);
#9282=ORIENTED_EDGE('',*,*,#6802,.T.);
#9283=ORIENTED_EDGE('',*,*,#7142,.T.);
#9284=ORIENTED_EDGE('',*,*,#7193,.T.);
#9285=ORIENTED_EDGE('',*,*,#6775,.F.);
#9286=ORIENTED_EDGE('',*,*,#6804,.T.);
#9287=ORIENTED_EDGE('',*,*,#6771,.F.);
#9288=ORIENTED_EDGE('',*,*,#6806,.T.);
#9289=ORIENTED_EDGE('',*,*,#7151,.T.);
#9290=ORIENTED_EDGE('',*,*,#6808,.T.);
#9291=ORIENTED_EDGE('',*,*,#6767,.F.);
#9292=ORIENTED_EDGE('',*,*,#6810,.T.);
#9293=ORIENTED_EDGE('',*,*,#7150,.T.);
#9294=ORIENTED_EDGE('',*,*,#6812,.T.);
#9295=ORIENTED_EDGE('',*,*,#6763,.F.);
#9296=ORIENTED_EDGE('',*,*,#6814,.T.);
#9297=ORIENTED_EDGE('',*,*,#7149,.T.);
#9298=ORIENTED_EDGE('',*,*,#6816,.T.);
#9299=ORIENTED_EDGE('',*,*,#6759,.F.);
#9300=ORIENTED_EDGE('',*,*,#6818,.T.);
#9301=ORIENTED_EDGE('',*,*,#7148,.T.);
#9302=ORIENTED_EDGE('',*,*,#6780,.T.);
#9303=ORIENTED_EDGE('',*,*,#6755,.F.);
#9304=ORIENTED_EDGE('',*,*,#6782,.T.);
#9305=ORIENTED_EDGE('',*,*,#7147,.T.);
#9306=ORIENTED_EDGE('',*,*,#6784,.T.);
#9307=ORIENTED_EDGE('',*,*,#6751,.F.);
#9308=ORIENTED_EDGE('',*,*,#6786,.T.);
#9309=ORIENTED_EDGE('',*,*,#7146,.T.);
#9310=ORIENTED_EDGE('',*,*,#6788,.T.);
#9311=ORIENTED_EDGE('',*,*,#6747,.F.);
#9312=ORIENTED_EDGE('',*,*,#6790,.T.);
#9313=ORIENTED_EDGE('',*,*,#7145,.T.);
#9314=ORIENTED_EDGE('',*,*,#6792,.T.);
#9315=ORIENTED_EDGE('',*,*,#6743,.F.);
#9316=ORIENTED_EDGE('',*,*,#6794,.T.);
#9317=ORIENTED_EDGE('',*,*,#7144,.T.);
#9318=ORIENTED_EDGE('',*,*,#6796,.T.);
#9319=ORIENTED_EDGE('',*,*,#6739,.F.);
#9320=ORIENTED_EDGE('',*,*,#6798,.T.);
#9321=ORIENTED_EDGE('',*,*,#7143,.T.);
#9322=ORIENTED_EDGE('',*,*,#7197,.T.);
#9323=ORIENTED_EDGE('',*,*,#7198,.F.);
#9324=ORIENTED_EDGE('',*,*,#7199,.F.);
#9325=ORIENTED_EDGE('',*,*,#7200,.T.);
#9326=ORIENTED_EDGE('',*,*,#7201,.F.);
#9327=ORIENTED_EDGE('',*,*,#7200,.F.);
#9328=ORIENTED_EDGE('',*,*,#7202,.T.);
#9329=ORIENTED_EDGE('',*,*,#7203,.T.);
#9330=ORIENTED_EDGE('',*,*,#7204,.T.);
#9331=ORIENTED_EDGE('',*,*,#7203,.F.);
#9332=ORIENTED_EDGE('',*,*,#7205,.F.);
#9333=ORIENTED_EDGE('',*,*,#7206,.T.);
#9334=ORIENTED_EDGE('',*,*,#7207,.T.);
#9335=ORIENTED_EDGE('',*,*,#7206,.F.);
#9336=ORIENTED_EDGE('',*,*,#7208,.F.);
#9337=ORIENTED_EDGE('',*,*,#7209,.T.);
#9338=ORIENTED_EDGE('',*,*,#6728,.F.);
#9339=ORIENTED_EDGE('',*,*,#7210,.F.);
#9340=ORIENTED_EDGE('',*,*,#7211,.T.);
#9341=ORIENTED_EDGE('',*,*,#7212,.T.);
#9342=ORIENTED_EDGE('',*,*,#6729,.F.);
#9343=ORIENTED_EDGE('',*,*,#7212,.F.);
#9344=ORIENTED_EDGE('',*,*,#7213,.T.);
#9345=ORIENTED_EDGE('',*,*,#7214,.T.);
#9346=ORIENTED_EDGE('',*,*,#6730,.F.);
#9347=ORIENTED_EDGE('',*,*,#7214,.F.);
#9348=ORIENTED_EDGE('',*,*,#7215,.T.);
#9349=ORIENTED_EDGE('',*,*,#7216,.T.);
#9350=ORIENTED_EDGE('',*,*,#7217,.T.);
#9351=ORIENTED_EDGE('',*,*,#7218,.F.);
#9352=ORIENTED_EDGE('',*,*,#7219,.F.);
#9353=ORIENTED_EDGE('',*,*,#7220,.T.);
#9354=ORIENTED_EDGE('',*,*,#7221,.T.);
#9355=ORIENTED_EDGE('',*,*,#7220,.F.);
#9356=ORIENTED_EDGE('',*,*,#7222,.F.);
#9357=ORIENTED_EDGE('',*,*,#7223,.T.);
#9358=ORIENTED_EDGE('',*,*,#7224,.T.);
#9359=ORIENTED_EDGE('',*,*,#7223,.F.);
#9360=ORIENTED_EDGE('',*,*,#7225,.F.);
#9361=ORIENTED_EDGE('',*,*,#7226,.T.);
#9362=ORIENTED_EDGE('',*,*,#7227,.T.);
#9363=ORIENTED_EDGE('',*,*,#7228,.F.);
#9364=ORIENTED_EDGE('',*,*,#7229,.F.);
#9365=ORIENTED_EDGE('',*,*,#7230,.T.);
#9366=ORIENTED_EDGE('',*,*,#7231,.T.);
#9367=ORIENTED_EDGE('',*,*,#7230,.F.);
#9368=ORIENTED_EDGE('',*,*,#7232,.F.);
#9369=ORIENTED_EDGE('',*,*,#7233,.T.);
#9370=ORIENTED_EDGE('',*,*,#7234,.T.);
#9371=ORIENTED_EDGE('',*,*,#7233,.F.);
#9372=ORIENTED_EDGE('',*,*,#7235,.F.);
#9373=ORIENTED_EDGE('',*,*,#7236,.T.);
#9374=ORIENTED_EDGE('',*,*,#7237,.T.);
#9375=ORIENTED_EDGE('',*,*,#7238,.F.);
#9376=ORIENTED_EDGE('',*,*,#7239,.F.);
#9377=ORIENTED_EDGE('',*,*,#7240,.T.);
#9378=ORIENTED_EDGE('',*,*,#7241,.T.);
#9379=ORIENTED_EDGE('',*,*,#7240,.F.);
#9380=ORIENTED_EDGE('',*,*,#7242,.F.);
#9381=ORIENTED_EDGE('',*,*,#7243,.T.);
#9382=ORIENTED_EDGE('',*,*,#7244,.T.);
#9383=ORIENTED_EDGE('',*,*,#7243,.F.);
#9384=ORIENTED_EDGE('',*,*,#7245,.F.);
#9385=ORIENTED_EDGE('',*,*,#7246,.T.);
#9386=ORIENTED_EDGE('',*,*,#7247,.T.);
#9387=ORIENTED_EDGE('',*,*,#7248,.F.);
#9388=ORIENTED_EDGE('',*,*,#7249,.F.);
#9389=ORIENTED_EDGE('',*,*,#7250,.T.);
#9390=ORIENTED_EDGE('',*,*,#7251,.T.);
#9391=ORIENTED_EDGE('',*,*,#7250,.F.);
#9392=ORIENTED_EDGE('',*,*,#7252,.F.);
#9393=ORIENTED_EDGE('',*,*,#7253,.T.);
#9394=ORIENTED_EDGE('',*,*,#7254,.T.);
#9395=ORIENTED_EDGE('',*,*,#7253,.F.);
#9396=ORIENTED_EDGE('',*,*,#7255,.F.);
#9397=ORIENTED_EDGE('',*,*,#7256,.T.);
#9398=ORIENTED_EDGE('',*,*,#7257,.T.);
#9399=ORIENTED_EDGE('',*,*,#7258,.F.);
#9400=ORIENTED_EDGE('',*,*,#7259,.F.);
#9401=ORIENTED_EDGE('',*,*,#7260,.T.);
#9402=ORIENTED_EDGE('',*,*,#7261,.T.);
#9403=ORIENTED_EDGE('',*,*,#7260,.F.);
#9404=ORIENTED_EDGE('',*,*,#7262,.F.);
#9405=ORIENTED_EDGE('',*,*,#7263,.T.);
#9406=ORIENTED_EDGE('',*,*,#7264,.T.);
#9407=ORIENTED_EDGE('',*,*,#7263,.F.);
#9408=ORIENTED_EDGE('',*,*,#7265,.F.);
#9409=ORIENTED_EDGE('',*,*,#7266,.T.);
#9410=ORIENTED_EDGE('',*,*,#7267,.T.);
#9411=ORIENTED_EDGE('',*,*,#7268,.F.);
#9412=ORIENTED_EDGE('',*,*,#7269,.F.);
#9413=ORIENTED_EDGE('',*,*,#7270,.T.);
#9414=ORIENTED_EDGE('',*,*,#7271,.T.);
#9415=ORIENTED_EDGE('',*,*,#7270,.F.);
#9416=ORIENTED_EDGE('',*,*,#7272,.F.);
#9417=ORIENTED_EDGE('',*,*,#7273,.T.);
#9418=ORIENTED_EDGE('',*,*,#7274,.T.);
#9419=ORIENTED_EDGE('',*,*,#7273,.F.);
#9420=ORIENTED_EDGE('',*,*,#7275,.F.);
#9421=ORIENTED_EDGE('',*,*,#7276,.T.);
#9422=ORIENTED_EDGE('',*,*,#7277,.T.);
#9423=ORIENTED_EDGE('',*,*,#7278,.F.);
#9424=ORIENTED_EDGE('',*,*,#7279,.F.);
#9425=ORIENTED_EDGE('',*,*,#7280,.T.);
#9426=ORIENTED_EDGE('',*,*,#7281,.T.);
#9427=ORIENTED_EDGE('',*,*,#7280,.F.);
#9428=ORIENTED_EDGE('',*,*,#7282,.F.);
#9429=ORIENTED_EDGE('',*,*,#7283,.T.);
#9430=ORIENTED_EDGE('',*,*,#7284,.T.);
#9431=ORIENTED_EDGE('',*,*,#7283,.F.);
#9432=ORIENTED_EDGE('',*,*,#7285,.F.);
#9433=ORIENTED_EDGE('',*,*,#7286,.T.);
#9434=ORIENTED_EDGE('',*,*,#7287,.T.);
#9435=ORIENTED_EDGE('',*,*,#7288,.F.);
#9436=ORIENTED_EDGE('',*,*,#7289,.F.);
#9437=ORIENTED_EDGE('',*,*,#7290,.T.);
#9438=ORIENTED_EDGE('',*,*,#7291,.T.);
#9439=ORIENTED_EDGE('',*,*,#7290,.F.);
#9440=ORIENTED_EDGE('',*,*,#7292,.F.);
#9441=ORIENTED_EDGE('',*,*,#7293,.T.);
#9442=ORIENTED_EDGE('',*,*,#7294,.T.);
#9443=ORIENTED_EDGE('',*,*,#7293,.F.);
#9444=ORIENTED_EDGE('',*,*,#7295,.F.);
#9445=ORIENTED_EDGE('',*,*,#7296,.T.);
#9446=ORIENTED_EDGE('',*,*,#7297,.T.);
#9447=ORIENTED_EDGE('',*,*,#7298,.F.);
#9448=ORIENTED_EDGE('',*,*,#7299,.F.);
#9449=ORIENTED_EDGE('',*,*,#7300,.T.);
#9450=ORIENTED_EDGE('',*,*,#7301,.T.);
#9451=ORIENTED_EDGE('',*,*,#7300,.F.);
#9452=ORIENTED_EDGE('',*,*,#7302,.F.);
#9453=ORIENTED_EDGE('',*,*,#7303,.T.);
#9454=ORIENTED_EDGE('',*,*,#7304,.T.);
#9455=ORIENTED_EDGE('',*,*,#7303,.F.);
#9456=ORIENTED_EDGE('',*,*,#7305,.F.);
#9457=ORIENTED_EDGE('',*,*,#7306,.T.);
#9458=ORIENTED_EDGE('',*,*,#7307,.T.);
#9459=ORIENTED_EDGE('',*,*,#7308,.F.);
#9460=ORIENTED_EDGE('',*,*,#7309,.F.);
#9461=ORIENTED_EDGE('',*,*,#7310,.T.);
#9462=ORIENTED_EDGE('',*,*,#7311,.T.);
#9463=ORIENTED_EDGE('',*,*,#7310,.F.);
#9464=ORIENTED_EDGE('',*,*,#7312,.F.);
#9465=ORIENTED_EDGE('',*,*,#7313,.T.);
#9466=ORIENTED_EDGE('',*,*,#7314,.T.);
#9467=ORIENTED_EDGE('',*,*,#7313,.F.);
#9468=ORIENTED_EDGE('',*,*,#7315,.F.);
#9469=ORIENTED_EDGE('',*,*,#7316,.T.);
#9470=ORIENTED_EDGE('',*,*,#7317,.T.);
#9471=ORIENTED_EDGE('',*,*,#7318,.F.);
#9472=ORIENTED_EDGE('',*,*,#7319,.F.);
#9473=ORIENTED_EDGE('',*,*,#7320,.T.);
#9474=ORIENTED_EDGE('',*,*,#7321,.T.);
#9475=ORIENTED_EDGE('',*,*,#7320,.F.);
#9476=ORIENTED_EDGE('',*,*,#7322,.F.);
#9477=ORIENTED_EDGE('',*,*,#7323,.T.);
#9478=ORIENTED_EDGE('',*,*,#7324,.T.);
#9479=ORIENTED_EDGE('',*,*,#7323,.F.);
#9480=ORIENTED_EDGE('',*,*,#7325,.F.);
#9481=ORIENTED_EDGE('',*,*,#7326,.T.);
#9482=ORIENTED_EDGE('',*,*,#7327,.T.);
#9483=ORIENTED_EDGE('',*,*,#7328,.F.);
#9484=ORIENTED_EDGE('',*,*,#7329,.F.);
#9485=ORIENTED_EDGE('',*,*,#7330,.T.);
#9486=ORIENTED_EDGE('',*,*,#7331,.T.);
#9487=ORIENTED_EDGE('',*,*,#7330,.F.);
#9488=ORIENTED_EDGE('',*,*,#7332,.F.);
#9489=ORIENTED_EDGE('',*,*,#7333,.T.);
#9490=ORIENTED_EDGE('',*,*,#7334,.T.);
#9491=ORIENTED_EDGE('',*,*,#7333,.F.);
#9492=ORIENTED_EDGE('',*,*,#7335,.F.);
#9493=ORIENTED_EDGE('',*,*,#7336,.T.);
#9494=ORIENTED_EDGE('',*,*,#7337,.T.);
#9495=ORIENTED_EDGE('',*,*,#7338,.F.);
#9496=ORIENTED_EDGE('',*,*,#7339,.F.);
#9497=ORIENTED_EDGE('',*,*,#7340,.T.);
#9498=ORIENTED_EDGE('',*,*,#7341,.T.);
#9499=ORIENTED_EDGE('',*,*,#7340,.F.);
#9500=ORIENTED_EDGE('',*,*,#7342,.F.);
#9501=ORIENTED_EDGE('',*,*,#7343,.T.);
#9502=ORIENTED_EDGE('',*,*,#7344,.T.);
#9503=ORIENTED_EDGE('',*,*,#7343,.F.);
#9504=ORIENTED_EDGE('',*,*,#7345,.F.);
#9505=ORIENTED_EDGE('',*,*,#7346,.T.);
#9506=ORIENTED_EDGE('',*,*,#7347,.T.);
#9507=ORIENTED_EDGE('',*,*,#7348,.F.);
#9508=ORIENTED_EDGE('',*,*,#7349,.F.);
#9509=ORIENTED_EDGE('',*,*,#7350,.T.);
#9510=ORIENTED_EDGE('',*,*,#7351,.T.);
#9511=ORIENTED_EDGE('',*,*,#7350,.F.);
#9512=ORIENTED_EDGE('',*,*,#7352,.F.);
#9513=ORIENTED_EDGE('',*,*,#7353,.T.);
#9514=ORIENTED_EDGE('',*,*,#7354,.T.);
#9515=ORIENTED_EDGE('',*,*,#7353,.F.);
#9516=ORIENTED_EDGE('',*,*,#7355,.F.);
#9517=ORIENTED_EDGE('',*,*,#7356,.T.);
#9518=ORIENTED_EDGE('',*,*,#7357,.T.);
#9519=ORIENTED_EDGE('',*,*,#7358,.F.);
#9520=ORIENTED_EDGE('',*,*,#7359,.F.);
#9521=ORIENTED_EDGE('',*,*,#7360,.T.);
#9522=ORIENTED_EDGE('',*,*,#7361,.T.);
#9523=ORIENTED_EDGE('',*,*,#7360,.F.);
#9524=ORIENTED_EDGE('',*,*,#7362,.F.);
#9525=ORIENTED_EDGE('',*,*,#7363,.T.);
#9526=ORIENTED_EDGE('',*,*,#7364,.T.);
#9527=ORIENTED_EDGE('',*,*,#7363,.F.);
#9528=ORIENTED_EDGE('',*,*,#7365,.F.);
#9529=ORIENTED_EDGE('',*,*,#7366,.T.);
#9530=ORIENTED_EDGE('',*,*,#7367,.T.);
#9531=ORIENTED_EDGE('',*,*,#7368,.F.);
#9532=ORIENTED_EDGE('',*,*,#7369,.F.);
#9533=ORIENTED_EDGE('',*,*,#7370,.T.);
#9534=ORIENTED_EDGE('',*,*,#7371,.T.);
#9535=ORIENTED_EDGE('',*,*,#7370,.F.);
#9536=ORIENTED_EDGE('',*,*,#7372,.F.);
#9537=ORIENTED_EDGE('',*,*,#7373,.T.);
#9538=ORIENTED_EDGE('',*,*,#7374,.T.);
#9539=ORIENTED_EDGE('',*,*,#7373,.F.);
#9540=ORIENTED_EDGE('',*,*,#7375,.F.);
#9541=ORIENTED_EDGE('',*,*,#7376,.T.);
#9542=ORIENTED_EDGE('',*,*,#7377,.T.);
#9543=ORIENTED_EDGE('',*,*,#7378,.F.);
#9544=ORIENTED_EDGE('',*,*,#7379,.F.);
#9545=ORIENTED_EDGE('',*,*,#7380,.T.);
#9546=ORIENTED_EDGE('',*,*,#7381,.T.);
#9547=ORIENTED_EDGE('',*,*,#7380,.F.);
#9548=ORIENTED_EDGE('',*,*,#7382,.F.);
#9549=ORIENTED_EDGE('',*,*,#7383,.T.);
#9550=ORIENTED_EDGE('',*,*,#7384,.T.);
#9551=ORIENTED_EDGE('',*,*,#7383,.F.);
#9552=ORIENTED_EDGE('',*,*,#7385,.F.);
#9553=ORIENTED_EDGE('',*,*,#7386,.T.);
#9554=ORIENTED_EDGE('',*,*,#7387,.T.);
#9555=ORIENTED_EDGE('',*,*,#7388,.F.);
#9556=ORIENTED_EDGE('',*,*,#7389,.F.);
#9557=ORIENTED_EDGE('',*,*,#7390,.T.);
#9558=ORIENTED_EDGE('',*,*,#7391,.T.);
#9559=ORIENTED_EDGE('',*,*,#7390,.F.);
#9560=ORIENTED_EDGE('',*,*,#7392,.F.);
#9561=ORIENTED_EDGE('',*,*,#7393,.T.);
#9562=ORIENTED_EDGE('',*,*,#7394,.T.);
#9563=ORIENTED_EDGE('',*,*,#7393,.F.);
#9564=ORIENTED_EDGE('',*,*,#7395,.F.);
#9565=ORIENTED_EDGE('',*,*,#7396,.T.);
#9566=ORIENTED_EDGE('',*,*,#7397,.T.);
#9567=ORIENTED_EDGE('',*,*,#7398,.F.);
#9568=ORIENTED_EDGE('',*,*,#7399,.F.);
#9569=ORIENTED_EDGE('',*,*,#7400,.T.);
#9570=ORIENTED_EDGE('',*,*,#7401,.T.);
#9571=ORIENTED_EDGE('',*,*,#7400,.F.);
#9572=ORIENTED_EDGE('',*,*,#7402,.F.);
#9573=ORIENTED_EDGE('',*,*,#7403,.T.);
#9574=ORIENTED_EDGE('',*,*,#7404,.T.);
#9575=ORIENTED_EDGE('',*,*,#7403,.F.);
#9576=ORIENTED_EDGE('',*,*,#7405,.F.);
#9577=ORIENTED_EDGE('',*,*,#7406,.T.);
#9578=ORIENTED_EDGE('',*,*,#7407,.T.);
#9579=ORIENTED_EDGE('',*,*,#7408,.F.);
#9580=ORIENTED_EDGE('',*,*,#7409,.F.);
#9581=ORIENTED_EDGE('',*,*,#7410,.T.);
#9582=ORIENTED_EDGE('',*,*,#7411,.T.);
#9583=ORIENTED_EDGE('',*,*,#7410,.F.);
#9584=ORIENTED_EDGE('',*,*,#7412,.F.);
#9585=ORIENTED_EDGE('',*,*,#7413,.T.);
#9586=ORIENTED_EDGE('',*,*,#7414,.T.);
#9587=ORIENTED_EDGE('',*,*,#7413,.F.);
#9588=ORIENTED_EDGE('',*,*,#7415,.F.);
#9589=ORIENTED_EDGE('',*,*,#7416,.T.);
#9590=ORIENTED_EDGE('',*,*,#7417,.T.);
#9591=ORIENTED_EDGE('',*,*,#7418,.F.);
#9592=ORIENTED_EDGE('',*,*,#7419,.F.);
#9593=ORIENTED_EDGE('',*,*,#7420,.T.);
#9594=ORIENTED_EDGE('',*,*,#7421,.T.);
#9595=ORIENTED_EDGE('',*,*,#7420,.F.);
#9596=ORIENTED_EDGE('',*,*,#7422,.F.);
#9597=ORIENTED_EDGE('',*,*,#7423,.T.);
#9598=ORIENTED_EDGE('',*,*,#7424,.T.);
#9599=ORIENTED_EDGE('',*,*,#7423,.F.);
#9600=ORIENTED_EDGE('',*,*,#7425,.F.);
#9601=ORIENTED_EDGE('',*,*,#7426,.T.);
#9602=ORIENTED_EDGE('',*,*,#7427,.T.);
#9603=ORIENTED_EDGE('',*,*,#7428,.F.);
#9604=ORIENTED_EDGE('',*,*,#7429,.F.);
#9605=ORIENTED_EDGE('',*,*,#7430,.T.);
#9606=ORIENTED_EDGE('',*,*,#7431,.T.);
#9607=ORIENTED_EDGE('',*,*,#7430,.F.);
#9608=ORIENTED_EDGE('',*,*,#7432,.F.);
#9609=ORIENTED_EDGE('',*,*,#7433,.T.);
#9610=ORIENTED_EDGE('',*,*,#7434,.T.);
#9611=ORIENTED_EDGE('',*,*,#7433,.F.);
#9612=ORIENTED_EDGE('',*,*,#7435,.F.);
#9613=ORIENTED_EDGE('',*,*,#7436,.T.);
#9614=ORIENTED_EDGE('',*,*,#7437,.T.);
#9615=ORIENTED_EDGE('',*,*,#7438,.F.);
#9616=ORIENTED_EDGE('',*,*,#7439,.F.);
#9617=ORIENTED_EDGE('',*,*,#7440,.T.);
#9618=ORIENTED_EDGE('',*,*,#7441,.T.);
#9619=ORIENTED_EDGE('',*,*,#7440,.F.);
#9620=ORIENTED_EDGE('',*,*,#7442,.F.);
#9621=ORIENTED_EDGE('',*,*,#7443,.T.);
#9622=ORIENTED_EDGE('',*,*,#7444,.T.);
#9623=ORIENTED_EDGE('',*,*,#7443,.F.);
#9624=ORIENTED_EDGE('',*,*,#7445,.F.);
#9625=ORIENTED_EDGE('',*,*,#7446,.T.);
#9626=ORIENTED_EDGE('',*,*,#7447,.T.);
#9627=ORIENTED_EDGE('',*,*,#7448,.F.);
#9628=ORIENTED_EDGE('',*,*,#7449,.F.);
#9629=ORIENTED_EDGE('',*,*,#7450,.T.);
#9630=ORIENTED_EDGE('',*,*,#7451,.T.);
#9631=ORIENTED_EDGE('',*,*,#7450,.F.);
#9632=ORIENTED_EDGE('',*,*,#7452,.F.);
#9633=ORIENTED_EDGE('',*,*,#7453,.T.);
#9634=ORIENTED_EDGE('',*,*,#7454,.T.);
#9635=ORIENTED_EDGE('',*,*,#7453,.F.);
#9636=ORIENTED_EDGE('',*,*,#7455,.F.);
#9637=ORIENTED_EDGE('',*,*,#7456,.T.);
#9638=ORIENTED_EDGE('',*,*,#7457,.T.);
#9639=ORIENTED_EDGE('',*,*,#7458,.F.);
#9640=ORIENTED_EDGE('',*,*,#7459,.F.);
#9641=ORIENTED_EDGE('',*,*,#7460,.T.);
#9642=ORIENTED_EDGE('',*,*,#7461,.T.);
#9643=ORIENTED_EDGE('',*,*,#7460,.F.);
#9644=ORIENTED_EDGE('',*,*,#7462,.F.);
#9645=ORIENTED_EDGE('',*,*,#7463,.T.);
#9646=ORIENTED_EDGE('',*,*,#7464,.T.);
#9647=ORIENTED_EDGE('',*,*,#7463,.F.);
#9648=ORIENTED_EDGE('',*,*,#7465,.F.);
#9649=ORIENTED_EDGE('',*,*,#7466,.T.);
#9650=ORIENTED_EDGE('',*,*,#7467,.T.);
#9651=ORIENTED_EDGE('',*,*,#7468,.F.);
#9652=ORIENTED_EDGE('',*,*,#7469,.F.);
#9653=ORIENTED_EDGE('',*,*,#7470,.T.);
#9654=ORIENTED_EDGE('',*,*,#7471,.T.);
#9655=ORIENTED_EDGE('',*,*,#7470,.F.);
#9656=ORIENTED_EDGE('',*,*,#7472,.F.);
#9657=ORIENTED_EDGE('',*,*,#7473,.T.);
#9658=ORIENTED_EDGE('',*,*,#7474,.T.);
#9659=ORIENTED_EDGE('',*,*,#7473,.F.);
#9660=ORIENTED_EDGE('',*,*,#7475,.F.);
#9661=ORIENTED_EDGE('',*,*,#7476,.T.);
#9662=ORIENTED_EDGE('',*,*,#7477,.T.);
#9663=ORIENTED_EDGE('',*,*,#7478,.F.);
#9664=ORIENTED_EDGE('',*,*,#7479,.F.);
#9665=ORIENTED_EDGE('',*,*,#7480,.T.);
#9666=ORIENTED_EDGE('',*,*,#7481,.T.);
#9667=ORIENTED_EDGE('',*,*,#7480,.F.);
#9668=ORIENTED_EDGE('',*,*,#7482,.F.);
#9669=ORIENTED_EDGE('',*,*,#7483,.T.);
#9670=ORIENTED_EDGE('',*,*,#7484,.T.);
#9671=ORIENTED_EDGE('',*,*,#7483,.F.);
#9672=ORIENTED_EDGE('',*,*,#7485,.F.);
#9673=ORIENTED_EDGE('',*,*,#7486,.T.);
#9674=ORIENTED_EDGE('',*,*,#7487,.T.);
#9675=ORIENTED_EDGE('',*,*,#7488,.F.);
#9676=ORIENTED_EDGE('',*,*,#7489,.F.);
#9677=ORIENTED_EDGE('',*,*,#7490,.T.);
#9678=ORIENTED_EDGE('',*,*,#7491,.T.);
#9679=ORIENTED_EDGE('',*,*,#7490,.F.);
#9680=ORIENTED_EDGE('',*,*,#7492,.F.);
#9681=ORIENTED_EDGE('',*,*,#7493,.T.);
#9682=ORIENTED_EDGE('',*,*,#7494,.T.);
#9683=ORIENTED_EDGE('',*,*,#7493,.F.);
#9684=ORIENTED_EDGE('',*,*,#7495,.F.);
#9685=ORIENTED_EDGE('',*,*,#7496,.T.);
#9686=ORIENTED_EDGE('',*,*,#7497,.T.);
#9687=ORIENTED_EDGE('',*,*,#7498,.F.);
#9688=ORIENTED_EDGE('',*,*,#7499,.F.);
#9689=ORIENTED_EDGE('',*,*,#7500,.T.);
#9690=ORIENTED_EDGE('',*,*,#7501,.T.);
#9691=ORIENTED_EDGE('',*,*,#7500,.F.);
#9692=ORIENTED_EDGE('',*,*,#7502,.F.);
#9693=ORIENTED_EDGE('',*,*,#7503,.T.);
#9694=ORIENTED_EDGE('',*,*,#7504,.T.);
#9695=ORIENTED_EDGE('',*,*,#7503,.F.);
#9696=ORIENTED_EDGE('',*,*,#7505,.F.);
#9697=ORIENTED_EDGE('',*,*,#7506,.T.);
#9698=ORIENTED_EDGE('',*,*,#7507,.T.);
#9699=ORIENTED_EDGE('',*,*,#7508,.F.);
#9700=ORIENTED_EDGE('',*,*,#7509,.F.);
#9701=ORIENTED_EDGE('',*,*,#7510,.T.);
#9702=ORIENTED_EDGE('',*,*,#7511,.T.);
#9703=ORIENTED_EDGE('',*,*,#7510,.F.);
#9704=ORIENTED_EDGE('',*,*,#7512,.F.);
#9705=ORIENTED_EDGE('',*,*,#7513,.T.);
#9706=ORIENTED_EDGE('',*,*,#7514,.T.);
#9707=ORIENTED_EDGE('',*,*,#7513,.F.);
#9708=ORIENTED_EDGE('',*,*,#7515,.F.);
#9709=ORIENTED_EDGE('',*,*,#7516,.T.);
#9710=ORIENTED_EDGE('',*,*,#7517,.T.);
#9711=ORIENTED_EDGE('',*,*,#7516,.F.);
#9712=ORIENTED_EDGE('',*,*,#7518,.F.);
#9713=ORIENTED_EDGE('',*,*,#7519,.T.);
#9714=ORIENTED_EDGE('',*,*,#7520,.T.);
#9715=ORIENTED_EDGE('',*,*,#7521,.F.);
#9716=ORIENTED_EDGE('',*,*,#7522,.F.);
#9717=ORIENTED_EDGE('',*,*,#7523,.T.);
#9718=ORIENTED_EDGE('',*,*,#7524,.T.);
#9719=ORIENTED_EDGE('',*,*,#7523,.F.);
#9720=ORIENTED_EDGE('',*,*,#7525,.F.);
#9721=ORIENTED_EDGE('',*,*,#7526,.T.);
#9722=ORIENTED_EDGE('',*,*,#7527,.T.);
#9723=ORIENTED_EDGE('',*,*,#7526,.F.);
#9724=ORIENTED_EDGE('',*,*,#7528,.F.);
#9725=ORIENTED_EDGE('',*,*,#7529,.T.);
#9726=ORIENTED_EDGE('',*,*,#7530,.T.);
#9727=ORIENTED_EDGE('',*,*,#7531,.F.);
#9728=ORIENTED_EDGE('',*,*,#7532,.F.);
#9729=ORIENTED_EDGE('',*,*,#7533,.T.);
#9730=ORIENTED_EDGE('',*,*,#7534,.T.);
#9731=ORIENTED_EDGE('',*,*,#7533,.F.);
#9732=ORIENTED_EDGE('',*,*,#7535,.F.);
#9733=ORIENTED_EDGE('',*,*,#7536,.T.);
#9734=ORIENTED_EDGE('',*,*,#7537,.T.);
#9735=ORIENTED_EDGE('',*,*,#7536,.F.);
#9736=ORIENTED_EDGE('',*,*,#7538,.F.);
#9737=ORIENTED_EDGE('',*,*,#7539,.T.);
#9738=ORIENTED_EDGE('',*,*,#7540,.T.);
#9739=ORIENTED_EDGE('',*,*,#7541,.F.);
#9740=ORIENTED_EDGE('',*,*,#7542,.F.);
#9741=ORIENTED_EDGE('',*,*,#7543,.T.);
#9742=ORIENTED_EDGE('',*,*,#7544,.T.);
#9743=ORIENTED_EDGE('',*,*,#7543,.F.);
#9744=ORIENTED_EDGE('',*,*,#7545,.F.);
#9745=ORIENTED_EDGE('',*,*,#7546,.T.);
#9746=ORIENTED_EDGE('',*,*,#7547,.T.);
#9747=ORIENTED_EDGE('',*,*,#7546,.F.);
#9748=ORIENTED_EDGE('',*,*,#7548,.F.);
#9749=ORIENTED_EDGE('',*,*,#7549,.T.);
#9750=ORIENTED_EDGE('',*,*,#7550,.T.);
#9751=ORIENTED_EDGE('',*,*,#7551,.F.);
#9752=ORIENTED_EDGE('',*,*,#7552,.F.);
#9753=ORIENTED_EDGE('',*,*,#7553,.T.);
#9754=ORIENTED_EDGE('',*,*,#7554,.T.);
#9755=ORIENTED_EDGE('',*,*,#7553,.F.);
#9756=ORIENTED_EDGE('',*,*,#7555,.F.);
#9757=ORIENTED_EDGE('',*,*,#7556,.T.);
#9758=ORIENTED_EDGE('',*,*,#7557,.T.);
#9759=ORIENTED_EDGE('',*,*,#7556,.F.);
#9760=ORIENTED_EDGE('',*,*,#7558,.F.);
#9761=ORIENTED_EDGE('',*,*,#7559,.T.);
#9762=ORIENTED_EDGE('',*,*,#7560,.T.);
#9763=ORIENTED_EDGE('',*,*,#7561,.F.);
#9764=ORIENTED_EDGE('',*,*,#7562,.F.);
#9765=ORIENTED_EDGE('',*,*,#7563,.T.);
#9766=ORIENTED_EDGE('',*,*,#7564,.T.);
#9767=ORIENTED_EDGE('',*,*,#7563,.F.);
#9768=ORIENTED_EDGE('',*,*,#7565,.F.);
#9769=ORIENTED_EDGE('',*,*,#7566,.T.);
#9770=ORIENTED_EDGE('',*,*,#7567,.T.);
#9771=ORIENTED_EDGE('',*,*,#7566,.F.);
#9772=ORIENTED_EDGE('',*,*,#7568,.F.);
#9773=ORIENTED_EDGE('',*,*,#7569,.T.);
#9774=ORIENTED_EDGE('',*,*,#7570,.F.);
#9775=ORIENTED_EDGE('',*,*,#7569,.F.);
#9776=ORIENTED_EDGE('',*,*,#7571,.T.);
#9777=ORIENTED_EDGE('',*,*,#7572,.T.);
#9778=ORIENTED_EDGE('',*,*,#7573,.T.);
#9779=ORIENTED_EDGE('',*,*,#7574,.F.);
#9780=ORIENTED_EDGE('',*,*,#7575,.F.);
#9781=ORIENTED_EDGE('',*,*,#7576,.T.);
#9782=ORIENTED_EDGE('',*,*,#7577,.T.);
#9783=ORIENTED_EDGE('',*,*,#7576,.F.);
#9784=ORIENTED_EDGE('',*,*,#7578,.F.);
#9785=ORIENTED_EDGE('',*,*,#7579,.T.);
#9786=ORIENTED_EDGE('',*,*,#7580,.T.);
#9787=ORIENTED_EDGE('',*,*,#7579,.F.);
#9788=ORIENTED_EDGE('',*,*,#7581,.F.);
#9789=ORIENTED_EDGE('',*,*,#7582,.T.);
#9790=ORIENTED_EDGE('',*,*,#7583,.T.);
#9791=ORIENTED_EDGE('',*,*,#7584,.F.);
#9792=ORIENTED_EDGE('',*,*,#7585,.F.);
#9793=ORIENTED_EDGE('',*,*,#7586,.T.);
#9794=ORIENTED_EDGE('',*,*,#7587,.F.);
#9795=ORIENTED_EDGE('',*,*,#7586,.F.);
#9796=ORIENTED_EDGE('',*,*,#7588,.T.);
#9797=ORIENTED_EDGE('',*,*,#7589,.T.);
#9798=ORIENTED_EDGE('',*,*,#7590,.T.);
#9799=ORIENTED_EDGE('',*,*,#7589,.F.);
#9800=ORIENTED_EDGE('',*,*,#7591,.F.);
#9801=ORIENTED_EDGE('',*,*,#7592,.T.);
#9802=ORIENTED_EDGE('',*,*,#7593,.T.);
#9803=ORIENTED_EDGE('',*,*,#7592,.F.);
#9804=ORIENTED_EDGE('',*,*,#7594,.F.);
#9805=ORIENTED_EDGE('',*,*,#7595,.T.);
#9806=ORIENTED_EDGE('',*,*,#7596,.T.);
#9807=ORIENTED_EDGE('',*,*,#7597,.F.);
#9808=ORIENTED_EDGE('',*,*,#7598,.F.);
#9809=ORIENTED_EDGE('',*,*,#7599,.T.);
#9810=ORIENTED_EDGE('',*,*,#7600,.T.);
#9811=ORIENTED_EDGE('',*,*,#7599,.F.);
#9812=ORIENTED_EDGE('',*,*,#7601,.F.);
#9813=ORIENTED_EDGE('',*,*,#7602,.T.);
#9814=ORIENTED_EDGE('',*,*,#7603,.T.);
#9815=ORIENTED_EDGE('',*,*,#7602,.F.);
#9816=ORIENTED_EDGE('',*,*,#7604,.F.);
#9817=ORIENTED_EDGE('',*,*,#7605,.T.);
#9818=ORIENTED_EDGE('',*,*,#7606,.T.);
#9819=ORIENTED_EDGE('',*,*,#7607,.F.);
#9820=ORIENTED_EDGE('',*,*,#7608,.F.);
#9821=ORIENTED_EDGE('',*,*,#7609,.T.);
#9822=ORIENTED_EDGE('',*,*,#7610,.T.);
#9823=ORIENTED_EDGE('',*,*,#7609,.F.);
#9824=ORIENTED_EDGE('',*,*,#7611,.F.);
#9825=ORIENTED_EDGE('',*,*,#7612,.T.);
#9826=ORIENTED_EDGE('',*,*,#7613,.T.);
#9827=ORIENTED_EDGE('',*,*,#7612,.F.);
#9828=ORIENTED_EDGE('',*,*,#7614,.F.);
#9829=ORIENTED_EDGE('',*,*,#7615,.T.);
#9830=ORIENTED_EDGE('',*,*,#7616,.T.);
#9831=ORIENTED_EDGE('',*,*,#7617,.F.);
#9832=ORIENTED_EDGE('',*,*,#7618,.F.);
#9833=ORIENTED_EDGE('',*,*,#7619,.T.);
#9834=ORIENTED_EDGE('',*,*,#7620,.T.);
#9835=ORIENTED_EDGE('',*,*,#7619,.F.);
#9836=ORIENTED_EDGE('',*,*,#7621,.F.);
#9837=ORIENTED_EDGE('',*,*,#7622,.T.);
#9838=ORIENTED_EDGE('',*,*,#7623,.T.);
#9839=ORIENTED_EDGE('',*,*,#7622,.F.);
#9840=ORIENTED_EDGE('',*,*,#7624,.F.);
#9841=ORIENTED_EDGE('',*,*,#7625,.T.);
#9842=ORIENTED_EDGE('',*,*,#7626,.T.);
#9843=ORIENTED_EDGE('',*,*,#7627,.F.);
#9844=ORIENTED_EDGE('',*,*,#7628,.F.);
#9845=ORIENTED_EDGE('',*,*,#7629,.T.);
#9846=ORIENTED_EDGE('',*,*,#7630,.T.);
#9847=ORIENTED_EDGE('',*,*,#7629,.F.);
#9848=ORIENTED_EDGE('',*,*,#7631,.F.);
#9849=ORIENTED_EDGE('',*,*,#7632,.T.);
#9850=ORIENTED_EDGE('',*,*,#7633,.T.);
#9851=ORIENTED_EDGE('',*,*,#7632,.F.);
#9852=ORIENTED_EDGE('',*,*,#7634,.F.);
#9853=ORIENTED_EDGE('',*,*,#7635,.T.);
#9854=ORIENTED_EDGE('',*,*,#7636,.T.);
#9855=ORIENTED_EDGE('',*,*,#7637,.F.);
#9856=ORIENTED_EDGE('',*,*,#7638,.F.);
#9857=ORIENTED_EDGE('',*,*,#7639,.T.);
#9858=ORIENTED_EDGE('',*,*,#7640,.T.);
#9859=ORIENTED_EDGE('',*,*,#7639,.F.);
#9860=ORIENTED_EDGE('',*,*,#7641,.F.);
#9861=ORIENTED_EDGE('',*,*,#7642,.T.);
#9862=ORIENTED_EDGE('',*,*,#7643,.T.);
#9863=ORIENTED_EDGE('',*,*,#7642,.F.);
#9864=ORIENTED_EDGE('',*,*,#7644,.F.);
#9865=ORIENTED_EDGE('',*,*,#7645,.T.);
#9866=ORIENTED_EDGE('',*,*,#7646,.T.);
#9867=ORIENTED_EDGE('',*,*,#7647,.F.);
#9868=ORIENTED_EDGE('',*,*,#7648,.F.);
#9869=ORIENTED_EDGE('',*,*,#7649,.T.);
#9870=ORIENTED_EDGE('',*,*,#7650,.T.);
#9871=ORIENTED_EDGE('',*,*,#7649,.F.);
#9872=ORIENTED_EDGE('',*,*,#7651,.F.);
#9873=ORIENTED_EDGE('',*,*,#7652,.T.);
#9874=ORIENTED_EDGE('',*,*,#7653,.T.);
#9875=ORIENTED_EDGE('',*,*,#7652,.F.);
#9876=ORIENTED_EDGE('',*,*,#7654,.F.);
#9877=ORIENTED_EDGE('',*,*,#7655,.T.);
#9878=ORIENTED_EDGE('',*,*,#7656,.T.);
#9879=ORIENTED_EDGE('',*,*,#7657,.F.);
#9880=ORIENTED_EDGE('',*,*,#7658,.F.);
#9881=ORIENTED_EDGE('',*,*,#7659,.T.);
#9882=ORIENTED_EDGE('',*,*,#7660,.T.);
#9883=ORIENTED_EDGE('',*,*,#7659,.F.);
#9884=ORIENTED_EDGE('',*,*,#7661,.F.);
#9885=ORIENTED_EDGE('',*,*,#7662,.T.);
#9886=ORIENTED_EDGE('',*,*,#7663,.T.);
#9887=ORIENTED_EDGE('',*,*,#7662,.F.);
#9888=ORIENTED_EDGE('',*,*,#7664,.F.);
#9889=ORIENTED_EDGE('',*,*,#7665,.T.);
#9890=ORIENTED_EDGE('',*,*,#7666,.T.);
#9891=ORIENTED_EDGE('',*,*,#7667,.F.);
#9892=ORIENTED_EDGE('',*,*,#7668,.F.);
#9893=ORIENTED_EDGE('',*,*,#7669,.T.);
#9894=ORIENTED_EDGE('',*,*,#7670,.T.);
#9895=ORIENTED_EDGE('',*,*,#7669,.F.);
#9896=ORIENTED_EDGE('',*,*,#7671,.F.);
#9897=ORIENTED_EDGE('',*,*,#7672,.T.);
#9898=ORIENTED_EDGE('',*,*,#7673,.T.);
#9899=ORIENTED_EDGE('',*,*,#7672,.F.);
#9900=ORIENTED_EDGE('',*,*,#7674,.F.);
#9901=ORIENTED_EDGE('',*,*,#7675,.T.);
#9902=ORIENTED_EDGE('',*,*,#7676,.T.);
#9903=ORIENTED_EDGE('',*,*,#7677,.F.);
#9904=ORIENTED_EDGE('',*,*,#7678,.F.);
#9905=ORIENTED_EDGE('',*,*,#7679,.T.);
#9906=ORIENTED_EDGE('',*,*,#7680,.T.);
#9907=ORIENTED_EDGE('',*,*,#7679,.F.);
#9908=ORIENTED_EDGE('',*,*,#7681,.F.);
#9909=ORIENTED_EDGE('',*,*,#7682,.T.);
#9910=ORIENTED_EDGE('',*,*,#7683,.T.);
#9911=ORIENTED_EDGE('',*,*,#7682,.F.);
#9912=ORIENTED_EDGE('',*,*,#7684,.F.);
#9913=ORIENTED_EDGE('',*,*,#7685,.T.);
#9914=ORIENTED_EDGE('',*,*,#7686,.T.);
#9915=ORIENTED_EDGE('',*,*,#7687,.F.);
#9916=ORIENTED_EDGE('',*,*,#7688,.F.);
#9917=ORIENTED_EDGE('',*,*,#7689,.T.);
#9918=ORIENTED_EDGE('',*,*,#7690,.T.);
#9919=ORIENTED_EDGE('',*,*,#7689,.F.);
#9920=ORIENTED_EDGE('',*,*,#7691,.F.);
#9921=ORIENTED_EDGE('',*,*,#7692,.T.);
#9922=ORIENTED_EDGE('',*,*,#7693,.T.);
#9923=ORIENTED_EDGE('',*,*,#7692,.F.);
#9924=ORIENTED_EDGE('',*,*,#7694,.F.);
#9925=ORIENTED_EDGE('',*,*,#7695,.T.);
#9926=ORIENTED_EDGE('',*,*,#7696,.T.);
#9927=ORIENTED_EDGE('',*,*,#7697,.F.);
#9928=ORIENTED_EDGE('',*,*,#7698,.F.);
#9929=ORIENTED_EDGE('',*,*,#7699,.T.);
#9930=ORIENTED_EDGE('',*,*,#7700,.T.);
#9931=ORIENTED_EDGE('',*,*,#7699,.F.);
#9932=ORIENTED_EDGE('',*,*,#7701,.F.);
#9933=ORIENTED_EDGE('',*,*,#7702,.T.);
#9934=ORIENTED_EDGE('',*,*,#7703,.T.);
#9935=ORIENTED_EDGE('',*,*,#7702,.F.);
#9936=ORIENTED_EDGE('',*,*,#7704,.F.);
#9937=ORIENTED_EDGE('',*,*,#7705,.T.);
#9938=ORIENTED_EDGE('',*,*,#7706,.T.);
#9939=ORIENTED_EDGE('',*,*,#7707,.F.);
#9940=ORIENTED_EDGE('',*,*,#7708,.F.);
#9941=ORIENTED_EDGE('',*,*,#7709,.T.);
#9942=ORIENTED_EDGE('',*,*,#7710,.T.);
#9943=ORIENTED_EDGE('',*,*,#7709,.F.);
#9944=ORIENTED_EDGE('',*,*,#7711,.F.);
#9945=ORIENTED_EDGE('',*,*,#7712,.T.);
#9946=ORIENTED_EDGE('',*,*,#7713,.T.);
#9947=ORIENTED_EDGE('',*,*,#7712,.F.);
#9948=ORIENTED_EDGE('',*,*,#7714,.F.);
#9949=ORIENTED_EDGE('',*,*,#7715,.T.);
#9950=ORIENTED_EDGE('',*,*,#7716,.T.);
#9951=ORIENTED_EDGE('',*,*,#7717,.F.);
#9952=ORIENTED_EDGE('',*,*,#7718,.F.);
#9953=ORIENTED_EDGE('',*,*,#7719,.T.);
#9954=ORIENTED_EDGE('',*,*,#7720,.T.);
#9955=ORIENTED_EDGE('',*,*,#7719,.F.);
#9956=ORIENTED_EDGE('',*,*,#7721,.F.);
#9957=ORIENTED_EDGE('',*,*,#7722,.T.);
#9958=ORIENTED_EDGE('',*,*,#7723,.T.);
#9959=ORIENTED_EDGE('',*,*,#7722,.F.);
#9960=ORIENTED_EDGE('',*,*,#7724,.F.);
#9961=ORIENTED_EDGE('',*,*,#7725,.T.);
#9962=ORIENTED_EDGE('',*,*,#7726,.T.);
#9963=ORIENTED_EDGE('',*,*,#7727,.F.);
#9964=ORIENTED_EDGE('',*,*,#7728,.F.);
#9965=ORIENTED_EDGE('',*,*,#7729,.T.);
#9966=ORIENTED_EDGE('',*,*,#7730,.T.);
#9967=ORIENTED_EDGE('',*,*,#7729,.F.);
#9968=ORIENTED_EDGE('',*,*,#7731,.F.);
#9969=ORIENTED_EDGE('',*,*,#7732,.T.);
#9970=ORIENTED_EDGE('',*,*,#7733,.T.);
#9971=ORIENTED_EDGE('',*,*,#7732,.F.);
#9972=ORIENTED_EDGE('',*,*,#7734,.F.);
#9973=ORIENTED_EDGE('',*,*,#7735,.T.);
#9974=ORIENTED_EDGE('',*,*,#7736,.T.);
#9975=ORIENTED_EDGE('',*,*,#7737,.F.);
#9976=ORIENTED_EDGE('',*,*,#7738,.F.);
#9977=ORIENTED_EDGE('',*,*,#7739,.T.);
#9978=ORIENTED_EDGE('',*,*,#7740,.T.);
#9979=ORIENTED_EDGE('',*,*,#7739,.F.);
#9980=ORIENTED_EDGE('',*,*,#7741,.F.);
#9981=ORIENTED_EDGE('',*,*,#7742,.T.);
#9982=ORIENTED_EDGE('',*,*,#7743,.T.);
#9983=ORIENTED_EDGE('',*,*,#7742,.F.);
#9984=ORIENTED_EDGE('',*,*,#7744,.F.);
#9985=ORIENTED_EDGE('',*,*,#7745,.T.);
#9986=ORIENTED_EDGE('',*,*,#7746,.T.);
#9987=ORIENTED_EDGE('',*,*,#7747,.F.);
#9988=ORIENTED_EDGE('',*,*,#7748,.F.);
#9989=ORIENTED_EDGE('',*,*,#7749,.T.);
#9990=ORIENTED_EDGE('',*,*,#7750,.T.);
#9991=ORIENTED_EDGE('',*,*,#7749,.F.);
#9992=ORIENTED_EDGE('',*,*,#7751,.F.);
#9993=ORIENTED_EDGE('',*,*,#7752,.T.);
#9994=ORIENTED_EDGE('',*,*,#7753,.T.);
#9995=ORIENTED_EDGE('',*,*,#7752,.F.);
#9996=ORIENTED_EDGE('',*,*,#7754,.F.);
#9997=ORIENTED_EDGE('',*,*,#7755,.T.);
#9998=ORIENTED_EDGE('',*,*,#7756,.T.);
#9999=ORIENTED_EDGE('',*,*,#7757,.F.);
#10000=ORIENTED_EDGE('',*,*,#7758,.F.);
#10001=ORIENTED_EDGE('',*,*,#7759,.T.);
#10002=ORIENTED_EDGE('',*,*,#7760,.T.);
#10003=ORIENTED_EDGE('',*,*,#7759,.F.);
#10004=ORIENTED_EDGE('',*,*,#7761,.F.);
#10005=ORIENTED_EDGE('',*,*,#7762,.T.);
#10006=ORIENTED_EDGE('',*,*,#7763,.T.);
#10007=ORIENTED_EDGE('',*,*,#7762,.F.);
#10008=ORIENTED_EDGE('',*,*,#7764,.F.);
#10009=ORIENTED_EDGE('',*,*,#7765,.T.);
#10010=ORIENTED_EDGE('',*,*,#7766,.T.);
#10011=ORIENTED_EDGE('',*,*,#7767,.F.);
#10012=ORIENTED_EDGE('',*,*,#7768,.F.);
#10013=ORIENTED_EDGE('',*,*,#7769,.T.);
#10014=ORIENTED_EDGE('',*,*,#7770,.T.);
#10015=ORIENTED_EDGE('',*,*,#7769,.F.);
#10016=ORIENTED_EDGE('',*,*,#7771,.F.);
#10017=ORIENTED_EDGE('',*,*,#7772,.T.);
#10018=ORIENTED_EDGE('',*,*,#7773,.T.);
#10019=ORIENTED_EDGE('',*,*,#7772,.F.);
#10020=ORIENTED_EDGE('',*,*,#7774,.F.);
#10021=ORIENTED_EDGE('',*,*,#7775,.T.);
#10022=ORIENTED_EDGE('',*,*,#7776,.T.);
#10023=ORIENTED_EDGE('',*,*,#7777,.F.);
#10024=ORIENTED_EDGE('',*,*,#7778,.F.);
#10025=ORIENTED_EDGE('',*,*,#7779,.T.);
#10026=ORIENTED_EDGE('',*,*,#7780,.T.);
#10027=ORIENTED_EDGE('',*,*,#7779,.F.);
#10028=ORIENTED_EDGE('',*,*,#7781,.F.);
#10029=ORIENTED_EDGE('',*,*,#7782,.T.);
#10030=ORIENTED_EDGE('',*,*,#7783,.T.);
#10031=ORIENTED_EDGE('',*,*,#7782,.F.);
#10032=ORIENTED_EDGE('',*,*,#7784,.F.);
#10033=ORIENTED_EDGE('',*,*,#7785,.T.);
#10034=ORIENTED_EDGE('',*,*,#7786,.T.);
#10035=ORIENTED_EDGE('',*,*,#7787,.F.);
#10036=ORIENTED_EDGE('',*,*,#7788,.F.);
#10037=ORIENTED_EDGE('',*,*,#7789,.T.);
#10038=ORIENTED_EDGE('',*,*,#7790,.T.);
#10039=ORIENTED_EDGE('',*,*,#7789,.F.);
#10040=ORIENTED_EDGE('',*,*,#7791,.F.);
#10041=ORIENTED_EDGE('',*,*,#7792,.T.);
#10042=ORIENTED_EDGE('',*,*,#7793,.T.);
#10043=ORIENTED_EDGE('',*,*,#7792,.F.);
#10044=ORIENTED_EDGE('',*,*,#7794,.F.);
#10045=ORIENTED_EDGE('',*,*,#7795,.T.);
#10046=ORIENTED_EDGE('',*,*,#7796,.T.);
#10047=ORIENTED_EDGE('',*,*,#7797,.F.);
#10048=ORIENTED_EDGE('',*,*,#7798,.F.);
#10049=ORIENTED_EDGE('',*,*,#7799,.T.);
#10050=ORIENTED_EDGE('',*,*,#7800,.T.);
#10051=ORIENTED_EDGE('',*,*,#7799,.F.);
#10052=ORIENTED_EDGE('',*,*,#7801,.F.);
#10053=ORIENTED_EDGE('',*,*,#7802,.T.);
#10054=ORIENTED_EDGE('',*,*,#7803,.T.);
#10055=ORIENTED_EDGE('',*,*,#7802,.F.);
#10056=ORIENTED_EDGE('',*,*,#7804,.F.);
#10057=ORIENTED_EDGE('',*,*,#7805,.T.);
#10058=ORIENTED_EDGE('',*,*,#7806,.T.);
#10059=ORIENTED_EDGE('',*,*,#7807,.F.);
#10060=ORIENTED_EDGE('',*,*,#7808,.F.);
#10061=ORIENTED_EDGE('',*,*,#7809,.T.);
#10062=ORIENTED_EDGE('',*,*,#7810,.T.);
#10063=ORIENTED_EDGE('',*,*,#7809,.F.);
#10064=ORIENTED_EDGE('',*,*,#7811,.F.);
#10065=ORIENTED_EDGE('',*,*,#7812,.T.);
#10066=ORIENTED_EDGE('',*,*,#7813,.T.);
#10067=ORIENTED_EDGE('',*,*,#7812,.F.);
#10068=ORIENTED_EDGE('',*,*,#7814,.F.);
#10069=ORIENTED_EDGE('',*,*,#7815,.T.);
#10070=ORIENTED_EDGE('',*,*,#7816,.T.);
#10071=ORIENTED_EDGE('',*,*,#7817,.F.);
#10072=ORIENTED_EDGE('',*,*,#7818,.F.);
#10073=ORIENTED_EDGE('',*,*,#7819,.T.);
#10074=ORIENTED_EDGE('',*,*,#7820,.T.);
#10075=ORIENTED_EDGE('',*,*,#7819,.F.);
#10076=ORIENTED_EDGE('',*,*,#7821,.F.);
#10077=ORIENTED_EDGE('',*,*,#7822,.T.);
#10078=ORIENTED_EDGE('',*,*,#7823,.T.);
#10079=ORIENTED_EDGE('',*,*,#7822,.F.);
#10080=ORIENTED_EDGE('',*,*,#7824,.F.);
#10081=ORIENTED_EDGE('',*,*,#7825,.T.);
#10082=ORIENTED_EDGE('',*,*,#7826,.T.);
#10083=ORIENTED_EDGE('',*,*,#7827,.F.);
#10084=ORIENTED_EDGE('',*,*,#7828,.F.);
#10085=ORIENTED_EDGE('',*,*,#7829,.T.);
#10086=ORIENTED_EDGE('',*,*,#7830,.T.);
#10087=ORIENTED_EDGE('',*,*,#7829,.F.);
#10088=ORIENTED_EDGE('',*,*,#7831,.F.);
#10089=ORIENTED_EDGE('',*,*,#7832,.T.);
#10090=ORIENTED_EDGE('',*,*,#7833,.T.);
#10091=ORIENTED_EDGE('',*,*,#7832,.F.);
#10092=ORIENTED_EDGE('',*,*,#7834,.F.);
#10093=ORIENTED_EDGE('',*,*,#7835,.T.);
#10094=ORIENTED_EDGE('',*,*,#7836,.T.);
#10095=ORIENTED_EDGE('',*,*,#7837,.F.);
#10096=ORIENTED_EDGE('',*,*,#7838,.F.);
#10097=ORIENTED_EDGE('',*,*,#7839,.T.);
#10098=ORIENTED_EDGE('',*,*,#7840,.T.);
#10099=ORIENTED_EDGE('',*,*,#7839,.F.);
#10100=ORIENTED_EDGE('',*,*,#7841,.F.);
#10101=ORIENTED_EDGE('',*,*,#7842,.T.);
#10102=ORIENTED_EDGE('',*,*,#7843,.T.);
#10103=ORIENTED_EDGE('',*,*,#7842,.F.);
#10104=ORIENTED_EDGE('',*,*,#7844,.F.);
#10105=ORIENTED_EDGE('',*,*,#7845,.T.);
#10106=ORIENTED_EDGE('',*,*,#7846,.T.);
#10107=ORIENTED_EDGE('',*,*,#7847,.F.);
#10108=ORIENTED_EDGE('',*,*,#7848,.F.);
#10109=ORIENTED_EDGE('',*,*,#7849,.T.);
#10110=ORIENTED_EDGE('',*,*,#7850,.T.);
#10111=ORIENTED_EDGE('',*,*,#7849,.F.);
#10112=ORIENTED_EDGE('',*,*,#7851,.F.);
#10113=ORIENTED_EDGE('',*,*,#7852,.T.);
#10114=ORIENTED_EDGE('',*,*,#7853,.T.);
#10115=ORIENTED_EDGE('',*,*,#7852,.F.);
#10116=ORIENTED_EDGE('',*,*,#7854,.F.);
#10117=ORIENTED_EDGE('',*,*,#7855,.T.);
#10118=ORIENTED_EDGE('',*,*,#7856,.T.);
#10119=ORIENTED_EDGE('',*,*,#7857,.F.);
#10120=ORIENTED_EDGE('',*,*,#7858,.F.);
#10121=ORIENTED_EDGE('',*,*,#7859,.T.);
#10122=ORIENTED_EDGE('',*,*,#7860,.T.);
#10123=ORIENTED_EDGE('',*,*,#7859,.F.);
#10124=ORIENTED_EDGE('',*,*,#7861,.F.);
#10125=ORIENTED_EDGE('',*,*,#7862,.T.);
#10126=ORIENTED_EDGE('',*,*,#7863,.T.);
#10127=ORIENTED_EDGE('',*,*,#7862,.F.);
#10128=ORIENTED_EDGE('',*,*,#7864,.F.);
#10129=ORIENTED_EDGE('',*,*,#7865,.T.);
#10130=ORIENTED_EDGE('',*,*,#7866,.T.);
#10131=ORIENTED_EDGE('',*,*,#7867,.F.);
#10132=ORIENTED_EDGE('',*,*,#7868,.F.);
#10133=ORIENTED_EDGE('',*,*,#7869,.T.);
#10134=ORIENTED_EDGE('',*,*,#7870,.T.);
#10135=ORIENTED_EDGE('',*,*,#7869,.F.);
#10136=ORIENTED_EDGE('',*,*,#7871,.F.);
#10137=ORIENTED_EDGE('',*,*,#7872,.T.);
#10138=ORIENTED_EDGE('',*,*,#7873,.T.);
#10139=ORIENTED_EDGE('',*,*,#7872,.F.);
#10140=ORIENTED_EDGE('',*,*,#7874,.F.);
#10141=ORIENTED_EDGE('',*,*,#7875,.T.);
#10142=ORIENTED_EDGE('',*,*,#6731,.F.);
#10143=ORIENTED_EDGE('',*,*,#7216,.F.);
#10144=ORIENTED_EDGE('',*,*,#7876,.T.);
#10145=ORIENTED_EDGE('',*,*,#7210,.T.);
#10146=ORIENTED_EDGE('',*,*,#7877,.T.);
#10147=ORIENTED_EDGE('',*,*,#7226,.F.);
#10148=ORIENTED_EDGE('',*,*,#7878,.F.);
#10149=ORIENTED_EDGE('',*,*,#7218,.T.);
#10150=ORIENTED_EDGE('',*,*,#7879,.T.);
#10151=ORIENTED_EDGE('',*,*,#7236,.F.);
#10152=ORIENTED_EDGE('',*,*,#7880,.F.);
#10153=ORIENTED_EDGE('',*,*,#7228,.T.);
#10154=ORIENTED_EDGE('',*,*,#7881,.T.);
#10155=ORIENTED_EDGE('',*,*,#7246,.F.);
#10156=ORIENTED_EDGE('',*,*,#7882,.F.);
#10157=ORIENTED_EDGE('',*,*,#7238,.T.);
#10158=ORIENTED_EDGE('',*,*,#7883,.T.);
#10159=ORIENTED_EDGE('',*,*,#7256,.F.);
#10160=ORIENTED_EDGE('',*,*,#7884,.F.);
#10161=ORIENTED_EDGE('',*,*,#7248,.T.);
#10162=ORIENTED_EDGE('',*,*,#7885,.T.);
#10163=ORIENTED_EDGE('',*,*,#7266,.F.);
#10164=ORIENTED_EDGE('',*,*,#7886,.F.);
#10165=ORIENTED_EDGE('',*,*,#7258,.T.);
#10166=ORIENTED_EDGE('',*,*,#7887,.T.);
#10167=ORIENTED_EDGE('',*,*,#7276,.F.);
#10168=ORIENTED_EDGE('',*,*,#7888,.F.);
#10169=ORIENTED_EDGE('',*,*,#7268,.T.);
#10170=ORIENTED_EDGE('',*,*,#7889,.T.);
#10171=ORIENTED_EDGE('',*,*,#7286,.F.);
#10172=ORIENTED_EDGE('',*,*,#7890,.F.);
#10173=ORIENTED_EDGE('',*,*,#7278,.T.);
#10174=ORIENTED_EDGE('',*,*,#7891,.T.);
#10175=ORIENTED_EDGE('',*,*,#7296,.F.);
#10176=ORIENTED_EDGE('',*,*,#7892,.F.);
#10177=ORIENTED_EDGE('',*,*,#7288,.T.);
#10178=ORIENTED_EDGE('',*,*,#7893,.T.);
#10179=ORIENTED_EDGE('',*,*,#7306,.F.);
#10180=ORIENTED_EDGE('',*,*,#7894,.F.);
#10181=ORIENTED_EDGE('',*,*,#7298,.T.);
#10182=ORIENTED_EDGE('',*,*,#7895,.T.);
#10183=ORIENTED_EDGE('',*,*,#7316,.F.);
#10184=ORIENTED_EDGE('',*,*,#7896,.F.);
#10185=ORIENTED_EDGE('',*,*,#7308,.T.);
#10186=ORIENTED_EDGE('',*,*,#7897,.T.);
#10187=ORIENTED_EDGE('',*,*,#7326,.F.);
#10188=ORIENTED_EDGE('',*,*,#7898,.F.);
#10189=ORIENTED_EDGE('',*,*,#7318,.T.);
#10190=ORIENTED_EDGE('',*,*,#7899,.T.);
#10191=ORIENTED_EDGE('',*,*,#7336,.F.);
#10192=ORIENTED_EDGE('',*,*,#7900,.F.);
#10193=ORIENTED_EDGE('',*,*,#7328,.T.);
#10194=ORIENTED_EDGE('',*,*,#7901,.T.);
#10195=ORIENTED_EDGE('',*,*,#7346,.F.);
#10196=ORIENTED_EDGE('',*,*,#7902,.F.);
#10197=ORIENTED_EDGE('',*,*,#7338,.T.);
#10198=ORIENTED_EDGE('',*,*,#7903,.T.);
#10199=ORIENTED_EDGE('',*,*,#7356,.F.);
#10200=ORIENTED_EDGE('',*,*,#7904,.F.);
#10201=ORIENTED_EDGE('',*,*,#7348,.T.);
#10202=ORIENTED_EDGE('',*,*,#7905,.T.);
#10203=ORIENTED_EDGE('',*,*,#7366,.F.);
#10204=ORIENTED_EDGE('',*,*,#7906,.F.);
#10205=ORIENTED_EDGE('',*,*,#7358,.T.);
#10206=ORIENTED_EDGE('',*,*,#7907,.T.);
#10207=ORIENTED_EDGE('',*,*,#7376,.F.);
#10208=ORIENTED_EDGE('',*,*,#7908,.F.);
#10209=ORIENTED_EDGE('',*,*,#7368,.T.);
#10210=ORIENTED_EDGE('',*,*,#7909,.T.);
#10211=ORIENTED_EDGE('',*,*,#7386,.F.);
#10212=ORIENTED_EDGE('',*,*,#7910,.F.);
#10213=ORIENTED_EDGE('',*,*,#7378,.T.);
#10214=ORIENTED_EDGE('',*,*,#7911,.T.);
#10215=ORIENTED_EDGE('',*,*,#7396,.F.);
#10216=ORIENTED_EDGE('',*,*,#7912,.F.);
#10217=ORIENTED_EDGE('',*,*,#7388,.T.);
#10218=ORIENTED_EDGE('',*,*,#7913,.T.);
#10219=ORIENTED_EDGE('',*,*,#7406,.F.);
#10220=ORIENTED_EDGE('',*,*,#7914,.F.);
#10221=ORIENTED_EDGE('',*,*,#7398,.T.);
#10222=ORIENTED_EDGE('',*,*,#7915,.T.);
#10223=ORIENTED_EDGE('',*,*,#7416,.F.);
#10224=ORIENTED_EDGE('',*,*,#7916,.F.);
#10225=ORIENTED_EDGE('',*,*,#7408,.T.);
#10226=ORIENTED_EDGE('',*,*,#7917,.T.);
#10227=ORIENTED_EDGE('',*,*,#7426,.F.);
#10228=ORIENTED_EDGE('',*,*,#7918,.F.);
#10229=ORIENTED_EDGE('',*,*,#7418,.T.);
#10230=ORIENTED_EDGE('',*,*,#7919,.T.);
#10231=ORIENTED_EDGE('',*,*,#7436,.F.);
#10232=ORIENTED_EDGE('',*,*,#7920,.F.);
#10233=ORIENTED_EDGE('',*,*,#7428,.T.);
#10234=ORIENTED_EDGE('',*,*,#7921,.T.);
#10235=ORIENTED_EDGE('',*,*,#7446,.F.);
#10236=ORIENTED_EDGE('',*,*,#7922,.F.);
#10237=ORIENTED_EDGE('',*,*,#7438,.T.);
#10238=ORIENTED_EDGE('',*,*,#7923,.T.);
#10239=ORIENTED_EDGE('',*,*,#7456,.F.);
#10240=ORIENTED_EDGE('',*,*,#7924,.F.);
#10241=ORIENTED_EDGE('',*,*,#7448,.T.);
#10242=ORIENTED_EDGE('',*,*,#7925,.T.);
#10243=ORIENTED_EDGE('',*,*,#7466,.F.);
#10244=ORIENTED_EDGE('',*,*,#7926,.F.);
#10245=ORIENTED_EDGE('',*,*,#7458,.T.);
#10246=ORIENTED_EDGE('',*,*,#7927,.T.);
#10247=ORIENTED_EDGE('',*,*,#7476,.F.);
#10248=ORIENTED_EDGE('',*,*,#7928,.F.);
#10249=ORIENTED_EDGE('',*,*,#7468,.T.);
#10250=ORIENTED_EDGE('',*,*,#7929,.T.);
#10251=ORIENTED_EDGE('',*,*,#7486,.F.);
#10252=ORIENTED_EDGE('',*,*,#7930,.F.);
#10253=ORIENTED_EDGE('',*,*,#7478,.T.);
#10254=ORIENTED_EDGE('',*,*,#7931,.T.);
#10255=ORIENTED_EDGE('',*,*,#7496,.F.);
#10256=ORIENTED_EDGE('',*,*,#7932,.F.);
#10257=ORIENTED_EDGE('',*,*,#7488,.T.);
#10258=ORIENTED_EDGE('',*,*,#7933,.T.);
#10259=ORIENTED_EDGE('',*,*,#7506,.F.);
#10260=ORIENTED_EDGE('',*,*,#7934,.F.);
#10261=ORIENTED_EDGE('',*,*,#7498,.T.);
#10262=ORIENTED_EDGE('',*,*,#7935,.F.);
#10263=ORIENTED_EDGE('',*,*,#7519,.F.);
#10264=ORIENTED_EDGE('',*,*,#7936,.T.);
#10265=ORIENTED_EDGE('',*,*,#7508,.T.);
#10266=ORIENTED_EDGE('',*,*,#7937,.T.);
#10267=ORIENTED_EDGE('',*,*,#7529,.F.);
#10268=ORIENTED_EDGE('',*,*,#7938,.F.);
#10269=ORIENTED_EDGE('',*,*,#7521,.T.);
#10270=ORIENTED_EDGE('',*,*,#7939,.T.);
#10271=ORIENTED_EDGE('',*,*,#7539,.F.);
#10272=ORIENTED_EDGE('',*,*,#7940,.F.);
#10273=ORIENTED_EDGE('',*,*,#7531,.T.);
#10274=ORIENTED_EDGE('',*,*,#7941,.T.);
#10275=ORIENTED_EDGE('',*,*,#7549,.F.);
#10276=ORIENTED_EDGE('',*,*,#7942,.F.);
#10277=ORIENTED_EDGE('',*,*,#7541,.T.);
#10278=ORIENTED_EDGE('',*,*,#7943,.T.);
#10279=ORIENTED_EDGE('',*,*,#7559,.F.);
#10280=ORIENTED_EDGE('',*,*,#7944,.F.);
#10281=ORIENTED_EDGE('',*,*,#7551,.T.);
#10282=ORIENTED_EDGE('',*,*,#7945,.T.);
#10283=ORIENTED_EDGE('',*,*,#7572,.F.);
#10284=ORIENTED_EDGE('',*,*,#7946,.F.);
#10285=ORIENTED_EDGE('',*,*,#7561,.T.);
#10286=ORIENTED_EDGE('',*,*,#7947,.T.);
#10287=ORIENTED_EDGE('',*,*,#7582,.F.);
#10288=ORIENTED_EDGE('',*,*,#7948,.F.);
#10289=ORIENTED_EDGE('',*,*,#7574,.T.);
#10290=ORIENTED_EDGE('',*,*,#7949,.T.);
#10291=ORIENTED_EDGE('',*,*,#7595,.F.);
#10292=ORIENTED_EDGE('',*,*,#7950,.F.);
#10293=ORIENTED_EDGE('',*,*,#7584,.T.);
#10294=ORIENTED_EDGE('',*,*,#7951,.T.);
#10295=ORIENTED_EDGE('',*,*,#7605,.F.);
#10296=ORIENTED_EDGE('',*,*,#7952,.F.);
#10297=ORIENTED_EDGE('',*,*,#7597,.T.);
#10298=ORIENTED_EDGE('',*,*,#7953,.T.);
#10299=ORIENTED_EDGE('',*,*,#7615,.F.);
#10300=ORIENTED_EDGE('',*,*,#7954,.F.);
#10301=ORIENTED_EDGE('',*,*,#7607,.T.);
#10302=ORIENTED_EDGE('',*,*,#7955,.T.);
#10303=ORIENTED_EDGE('',*,*,#7625,.F.);
#10304=ORIENTED_EDGE('',*,*,#7956,.F.);
#10305=ORIENTED_EDGE('',*,*,#7617,.T.);
#10306=ORIENTED_EDGE('',*,*,#7957,.T.);
#10307=ORIENTED_EDGE('',*,*,#7635,.F.);
#10308=ORIENTED_EDGE('',*,*,#7958,.F.);
#10309=ORIENTED_EDGE('',*,*,#7627,.T.);
#10310=ORIENTED_EDGE('',*,*,#7959,.T.);
#10311=ORIENTED_EDGE('',*,*,#7645,.F.);
#10312=ORIENTED_EDGE('',*,*,#7960,.F.);
#10313=ORIENTED_EDGE('',*,*,#7637,.T.);
#10314=ORIENTED_EDGE('',*,*,#7961,.T.);
#10315=ORIENTED_EDGE('',*,*,#7655,.F.);
#10316=ORIENTED_EDGE('',*,*,#7962,.F.);
#10317=ORIENTED_EDGE('',*,*,#7647,.T.);
#10318=ORIENTED_EDGE('',*,*,#7963,.T.);
#10319=ORIENTED_EDGE('',*,*,#7665,.F.);
#10320=ORIENTED_EDGE('',*,*,#7964,.F.);
#10321=ORIENTED_EDGE('',*,*,#7657,.T.);
#10322=ORIENTED_EDGE('',*,*,#7965,.T.);
#10323=ORIENTED_EDGE('',*,*,#7675,.F.);
#10324=ORIENTED_EDGE('',*,*,#7966,.F.);
#10325=ORIENTED_EDGE('',*,*,#7667,.T.);
#10326=ORIENTED_EDGE('',*,*,#7967,.T.);
#10327=ORIENTED_EDGE('',*,*,#7685,.F.);
#10328=ORIENTED_EDGE('',*,*,#7968,.F.);
#10329=ORIENTED_EDGE('',*,*,#7677,.T.);
#10330=ORIENTED_EDGE('',*,*,#7969,.T.);
#10331=ORIENTED_EDGE('',*,*,#7695,.F.);
#10332=ORIENTED_EDGE('',*,*,#7970,.F.);
#10333=ORIENTED_EDGE('',*,*,#7687,.T.);
#10334=ORIENTED_EDGE('',*,*,#7971,.T.);
#10335=ORIENTED_EDGE('',*,*,#7705,.F.);
#10336=ORIENTED_EDGE('',*,*,#7972,.F.);
#10337=ORIENTED_EDGE('',*,*,#7697,.T.);
#10338=ORIENTED_EDGE('',*,*,#7973,.T.);
#10339=ORIENTED_EDGE('',*,*,#7715,.F.);
#10340=ORIENTED_EDGE('',*,*,#7974,.F.);
#10341=ORIENTED_EDGE('',*,*,#7707,.T.);
#10342=ORIENTED_EDGE('',*,*,#7975,.T.);
#10343=ORIENTED_EDGE('',*,*,#7725,.F.);
#10344=ORIENTED_EDGE('',*,*,#7976,.F.);
#10345=ORIENTED_EDGE('',*,*,#7717,.T.);
#10346=ORIENTED_EDGE('',*,*,#7977,.T.);
#10347=ORIENTED_EDGE('',*,*,#7735,.F.);
#10348=ORIENTED_EDGE('',*,*,#7978,.F.);
#10349=ORIENTED_EDGE('',*,*,#7727,.T.);
#10350=ORIENTED_EDGE('',*,*,#7979,.T.);
#10351=ORIENTED_EDGE('',*,*,#7745,.F.);
#10352=ORIENTED_EDGE('',*,*,#7980,.F.);
#10353=ORIENTED_EDGE('',*,*,#7737,.T.);
#10354=ORIENTED_EDGE('',*,*,#7981,.T.);
#10355=ORIENTED_EDGE('',*,*,#7755,.F.);
#10356=ORIENTED_EDGE('',*,*,#7982,.F.);
#10357=ORIENTED_EDGE('',*,*,#7747,.T.);
#10358=ORIENTED_EDGE('',*,*,#7983,.T.);
#10359=ORIENTED_EDGE('',*,*,#7765,.F.);
#10360=ORIENTED_EDGE('',*,*,#7984,.F.);
#10361=ORIENTED_EDGE('',*,*,#7757,.T.);
#10362=ORIENTED_EDGE('',*,*,#7985,.T.);
#10363=ORIENTED_EDGE('',*,*,#7775,.F.);
#10364=ORIENTED_EDGE('',*,*,#7986,.F.);
#10365=ORIENTED_EDGE('',*,*,#7767,.T.);
#10366=ORIENTED_EDGE('',*,*,#7987,.T.);
#10367=ORIENTED_EDGE('',*,*,#7785,.F.);
#10368=ORIENTED_EDGE('',*,*,#7988,.F.);
#10369=ORIENTED_EDGE('',*,*,#7777,.T.);
#10370=ORIENTED_EDGE('',*,*,#7989,.T.);
#10371=ORIENTED_EDGE('',*,*,#7795,.F.);
#10372=ORIENTED_EDGE('',*,*,#7990,.F.);
#10373=ORIENTED_EDGE('',*,*,#7787,.T.);
#10374=ORIENTED_EDGE('',*,*,#7991,.T.);
#10375=ORIENTED_EDGE('',*,*,#7805,.F.);
#10376=ORIENTED_EDGE('',*,*,#7992,.F.);
#10377=ORIENTED_EDGE('',*,*,#7797,.T.);
#10378=ORIENTED_EDGE('',*,*,#7993,.T.);
#10379=ORIENTED_EDGE('',*,*,#7815,.F.);
#10380=ORIENTED_EDGE('',*,*,#7994,.F.);
#10381=ORIENTED_EDGE('',*,*,#7807,.T.);
#10382=ORIENTED_EDGE('',*,*,#7995,.T.);
#10383=ORIENTED_EDGE('',*,*,#7825,.F.);
#10384=ORIENTED_EDGE('',*,*,#7996,.F.);
#10385=ORIENTED_EDGE('',*,*,#7817,.T.);
#10386=ORIENTED_EDGE('',*,*,#7997,.T.);
#10387=ORIENTED_EDGE('',*,*,#7835,.F.);
#10388=ORIENTED_EDGE('',*,*,#7998,.F.);
#10389=ORIENTED_EDGE('',*,*,#7827,.T.);
#10390=ORIENTED_EDGE('',*,*,#7999,.T.);
#10391=ORIENTED_EDGE('',*,*,#7845,.F.);
#10392=ORIENTED_EDGE('',*,*,#8000,.F.);
#10393=ORIENTED_EDGE('',*,*,#7837,.T.);
#10394=ORIENTED_EDGE('',*,*,#8001,.T.);
#10395=ORIENTED_EDGE('',*,*,#7855,.F.);
#10396=ORIENTED_EDGE('',*,*,#8002,.F.);
#10397=ORIENTED_EDGE('',*,*,#7847,.T.);
#10398=ORIENTED_EDGE('',*,*,#8003,.T.);
#10399=ORIENTED_EDGE('',*,*,#7865,.F.);
#10400=ORIENTED_EDGE('',*,*,#8004,.F.);
#10401=ORIENTED_EDGE('',*,*,#7857,.T.);
#10402=ORIENTED_EDGE('',*,*,#8005,.T.);
#10403=ORIENTED_EDGE('',*,*,#7875,.F.);
#10404=ORIENTED_EDGE('',*,*,#8006,.F.);
#10405=ORIENTED_EDGE('',*,*,#7867,.T.);
#10406=ORIENTED_EDGE('',*,*,#8007,.T.);
#10407=ORIENTED_EDGE('',*,*,#7209,.F.);
#10408=ORIENTED_EDGE('',*,*,#8008,.F.);
#10409=ORIENTED_EDGE('',*,*,#7198,.T.);
#10410=ORIENTED_EDGE('',*,*,#7211,.F.);
#10411=ORIENTED_EDGE('',*,*,#7876,.F.);
#10412=ORIENTED_EDGE('',*,*,#7215,.F.);
#10413=ORIENTED_EDGE('',*,*,#7213,.F.);
#10414=ORIENTED_EDGE('',*,*,#7199,.T.);
#10415=ORIENTED_EDGE('',*,*,#8008,.T.);
#10416=ORIENTED_EDGE('',*,*,#7208,.T.);
#10417=ORIENTED_EDGE('',*,*,#7205,.T.);
#10418=ORIENTED_EDGE('',*,*,#7202,.F.);
#10419=ORIENTED_EDGE('',*,*,#7188,.T.);
#10420=ORIENTED_EDGE('',*,*,#7868,.T.);
#10421=ORIENTED_EDGE('',*,*,#8006,.T.);
#10422=ORIENTED_EDGE('',*,*,#7874,.T.);
#10423=ORIENTED_EDGE('',*,*,#7871,.T.);
#10424=ORIENTED_EDGE('',*,*,#7858,.T.);
#10425=ORIENTED_EDGE('',*,*,#8004,.T.);
#10426=ORIENTED_EDGE('',*,*,#7864,.T.);
#10427=ORIENTED_EDGE('',*,*,#7861,.T.);
#10428=ORIENTED_EDGE('',*,*,#7848,.T.);
#10429=ORIENTED_EDGE('',*,*,#8002,.T.);
#10430=ORIENTED_EDGE('',*,*,#7854,.T.);
#10431=ORIENTED_EDGE('',*,*,#7851,.T.);
#10432=ORIENTED_EDGE('',*,*,#7838,.T.);
#10433=ORIENTED_EDGE('',*,*,#8000,.T.);
#10434=ORIENTED_EDGE('',*,*,#7844,.T.);
#10435=ORIENTED_EDGE('',*,*,#7841,.T.);
#10436=ORIENTED_EDGE('',*,*,#7828,.T.);
#10437=ORIENTED_EDGE('',*,*,#7998,.T.);
#10438=ORIENTED_EDGE('',*,*,#7834,.T.);
#10439=ORIENTED_EDGE('',*,*,#7831,.T.);
#10440=ORIENTED_EDGE('',*,*,#7818,.T.);
#10441=ORIENTED_EDGE('',*,*,#7996,.T.);
#10442=ORIENTED_EDGE('',*,*,#7824,.T.);
#10443=ORIENTED_EDGE('',*,*,#7821,.T.);
#10444=ORIENTED_EDGE('',*,*,#7808,.T.);
#10445=ORIENTED_EDGE('',*,*,#7994,.T.);
#10446=ORIENTED_EDGE('',*,*,#7814,.T.);
#10447=ORIENTED_EDGE('',*,*,#7811,.T.);
#10448=ORIENTED_EDGE('',*,*,#7798,.T.);
#10449=ORIENTED_EDGE('',*,*,#7992,.T.);
#10450=ORIENTED_EDGE('',*,*,#7804,.T.);
#10451=ORIENTED_EDGE('',*,*,#7801,.T.);
#10452=ORIENTED_EDGE('',*,*,#7788,.T.);
#10453=ORIENTED_EDGE('',*,*,#7990,.T.);
#10454=ORIENTED_EDGE('',*,*,#7794,.T.);
#10455=ORIENTED_EDGE('',*,*,#7791,.T.);
#10456=ORIENTED_EDGE('',*,*,#7778,.T.);
#10457=ORIENTED_EDGE('',*,*,#7988,.T.);
#10458=ORIENTED_EDGE('',*,*,#7784,.T.);
#10459=ORIENTED_EDGE('',*,*,#7781,.T.);
#10460=ORIENTED_EDGE('',*,*,#7768,.T.);
#10461=ORIENTED_EDGE('',*,*,#7986,.T.);
#10462=ORIENTED_EDGE('',*,*,#7774,.T.);
#10463=ORIENTED_EDGE('',*,*,#7771,.T.);
#10464=ORIENTED_EDGE('',*,*,#7758,.T.);
#10465=ORIENTED_EDGE('',*,*,#7984,.T.);
#10466=ORIENTED_EDGE('',*,*,#7764,.T.);
#10467=ORIENTED_EDGE('',*,*,#7761,.T.);
#10468=ORIENTED_EDGE('',*,*,#7748,.T.);
#10469=ORIENTED_EDGE('',*,*,#7982,.T.);
#10470=ORIENTED_EDGE('',*,*,#7754,.T.);
#10471=ORIENTED_EDGE('',*,*,#7751,.T.);
#10472=ORIENTED_EDGE('',*,*,#7738,.T.);
#10473=ORIENTED_EDGE('',*,*,#7980,.T.);
#10474=ORIENTED_EDGE('',*,*,#7744,.T.);
#10475=ORIENTED_EDGE('',*,*,#7741,.T.);
#10476=ORIENTED_EDGE('',*,*,#7728,.T.);
#10477=ORIENTED_EDGE('',*,*,#7978,.T.);
#10478=ORIENTED_EDGE('',*,*,#7734,.T.);
#10479=ORIENTED_EDGE('',*,*,#7731,.T.);
#10480=ORIENTED_EDGE('',*,*,#7718,.T.);
#10481=ORIENTED_EDGE('',*,*,#7976,.T.);
#10482=ORIENTED_EDGE('',*,*,#7724,.T.);
#10483=ORIENTED_EDGE('',*,*,#7721,.T.);
#10484=ORIENTED_EDGE('',*,*,#7708,.T.);
#10485=ORIENTED_EDGE('',*,*,#7974,.T.);
#10486=ORIENTED_EDGE('',*,*,#7714,.T.);
#10487=ORIENTED_EDGE('',*,*,#7711,.T.);
#10488=ORIENTED_EDGE('',*,*,#7698,.T.);
#10489=ORIENTED_EDGE('',*,*,#7972,.T.);
#10490=ORIENTED_EDGE('',*,*,#7704,.T.);
#10491=ORIENTED_EDGE('',*,*,#7701,.T.);
#10492=ORIENTED_EDGE('',*,*,#7688,.T.);
#10493=ORIENTED_EDGE('',*,*,#7970,.T.);
#10494=ORIENTED_EDGE('',*,*,#7694,.T.);
#10495=ORIENTED_EDGE('',*,*,#7691,.T.);
#10496=ORIENTED_EDGE('',*,*,#7678,.T.);
#10497=ORIENTED_EDGE('',*,*,#7968,.T.);
#10498=ORIENTED_EDGE('',*,*,#7684,.T.);
#10499=ORIENTED_EDGE('',*,*,#7681,.T.);
#10500=ORIENTED_EDGE('',*,*,#7668,.T.);
#10501=ORIENTED_EDGE('',*,*,#7966,.T.);
#10502=ORIENTED_EDGE('',*,*,#7674,.T.);
#10503=ORIENTED_EDGE('',*,*,#7671,.T.);
#10504=ORIENTED_EDGE('',*,*,#7658,.T.);
#10505=ORIENTED_EDGE('',*,*,#7964,.T.);
#10506=ORIENTED_EDGE('',*,*,#7664,.T.);
#10507=ORIENTED_EDGE('',*,*,#7661,.T.);
#10508=ORIENTED_EDGE('',*,*,#7648,.T.);
#10509=ORIENTED_EDGE('',*,*,#7962,.T.);
#10510=ORIENTED_EDGE('',*,*,#7654,.T.);
#10511=ORIENTED_EDGE('',*,*,#7651,.T.);
#10512=ORIENTED_EDGE('',*,*,#7638,.T.);
#10513=ORIENTED_EDGE('',*,*,#7960,.T.);
#10514=ORIENTED_EDGE('',*,*,#7644,.T.);
#10515=ORIENTED_EDGE('',*,*,#7641,.T.);
#10516=ORIENTED_EDGE('',*,*,#7628,.T.);
#10517=ORIENTED_EDGE('',*,*,#7958,.T.);
#10518=ORIENTED_EDGE('',*,*,#7634,.T.);
#10519=ORIENTED_EDGE('',*,*,#7631,.T.);
#10520=ORIENTED_EDGE('',*,*,#7618,.T.);
#10521=ORIENTED_EDGE('',*,*,#7956,.T.);
#10522=ORIENTED_EDGE('',*,*,#7624,.T.);
#10523=ORIENTED_EDGE('',*,*,#7621,.T.);
#10524=ORIENTED_EDGE('',*,*,#7608,.T.);
#10525=ORIENTED_EDGE('',*,*,#7954,.T.);
#10526=ORIENTED_EDGE('',*,*,#7614,.T.);
#10527=ORIENTED_EDGE('',*,*,#7611,.T.);
#10528=ORIENTED_EDGE('',*,*,#7598,.T.);
#10529=ORIENTED_EDGE('',*,*,#7952,.T.);
#10530=ORIENTED_EDGE('',*,*,#7604,.T.);
#10531=ORIENTED_EDGE('',*,*,#7601,.T.);
#10532=ORIENTED_EDGE('',*,*,#7585,.T.);
#10533=ORIENTED_EDGE('',*,*,#7950,.T.);
#10534=ORIENTED_EDGE('',*,*,#7594,.T.);
#10535=ORIENTED_EDGE('',*,*,#7591,.T.);
#10536=ORIENTED_EDGE('',*,*,#7588,.F.);
#10537=ORIENTED_EDGE('',*,*,#7575,.T.);
#10538=ORIENTED_EDGE('',*,*,#7948,.T.);
#10539=ORIENTED_EDGE('',*,*,#7581,.T.);
#10540=ORIENTED_EDGE('',*,*,#7578,.T.);
#10541=ORIENTED_EDGE('',*,*,#7562,.T.);
#10542=ORIENTED_EDGE('',*,*,#7946,.T.);
#10543=ORIENTED_EDGE('',*,*,#7571,.F.);
#10544=ORIENTED_EDGE('',*,*,#7568,.T.);
#10545=ORIENTED_EDGE('',*,*,#7565,.T.);
#10546=ORIENTED_EDGE('',*,*,#7552,.T.);
#10547=ORIENTED_EDGE('',*,*,#7944,.T.);
#10548=ORIENTED_EDGE('',*,*,#7558,.T.);
#10549=ORIENTED_EDGE('',*,*,#7555,.T.);
#10550=ORIENTED_EDGE('',*,*,#7542,.T.);
#10551=ORIENTED_EDGE('',*,*,#7942,.T.);
#10552=ORIENTED_EDGE('',*,*,#7548,.T.);
#10553=ORIENTED_EDGE('',*,*,#7545,.T.);
#10554=ORIENTED_EDGE('',*,*,#7532,.T.);
#10555=ORIENTED_EDGE('',*,*,#7940,.T.);
#10556=ORIENTED_EDGE('',*,*,#7538,.T.);
#10557=ORIENTED_EDGE('',*,*,#7535,.T.);
#10558=ORIENTED_EDGE('',*,*,#7522,.T.);
#10559=ORIENTED_EDGE('',*,*,#7938,.T.);
#10560=ORIENTED_EDGE('',*,*,#7528,.T.);
#10561=ORIENTED_EDGE('',*,*,#7525,.T.);
#10562=ORIENTED_EDGE('',*,*,#7509,.T.);
#10563=ORIENTED_EDGE('',*,*,#7936,.F.);
#10564=ORIENTED_EDGE('',*,*,#7518,.T.);
#10565=ORIENTED_EDGE('',*,*,#7515,.T.);
#10566=ORIENTED_EDGE('',*,*,#7512,.T.);
#10567=ORIENTED_EDGE('',*,*,#7499,.T.);
#10568=ORIENTED_EDGE('',*,*,#7934,.T.);
#10569=ORIENTED_EDGE('',*,*,#7505,.T.);
#10570=ORIENTED_EDGE('',*,*,#7502,.T.);
#10571=ORIENTED_EDGE('',*,*,#7489,.T.);
#10572=ORIENTED_EDGE('',*,*,#7932,.T.);
#10573=ORIENTED_EDGE('',*,*,#7495,.T.);
#10574=ORIENTED_EDGE('',*,*,#7492,.T.);
#10575=ORIENTED_EDGE('',*,*,#7479,.T.);
#10576=ORIENTED_EDGE('',*,*,#7930,.T.);
#10577=ORIENTED_EDGE('',*,*,#7485,.T.);
#10578=ORIENTED_EDGE('',*,*,#7482,.T.);
#10579=ORIENTED_EDGE('',*,*,#7469,.T.);
#10580=ORIENTED_EDGE('',*,*,#7928,.T.);
#10581=ORIENTED_EDGE('',*,*,#7475,.T.);
#10582=ORIENTED_EDGE('',*,*,#7472,.T.);
#10583=ORIENTED_EDGE('',*,*,#7459,.T.);
#10584=ORIENTED_EDGE('',*,*,#7926,.T.);
#10585=ORIENTED_EDGE('',*,*,#7465,.T.);
#10586=ORIENTED_EDGE('',*,*,#7462,.T.);
#10587=ORIENTED_EDGE('',*,*,#7449,.T.);
#10588=ORIENTED_EDGE('',*,*,#7924,.T.);
#10589=ORIENTED_EDGE('',*,*,#7455,.T.);
#10590=ORIENTED_EDGE('',*,*,#7452,.T.);
#10591=ORIENTED_EDGE('',*,*,#7439,.T.);
#10592=ORIENTED_EDGE('',*,*,#7922,.T.);
#10593=ORIENTED_EDGE('',*,*,#7445,.T.);
#10594=ORIENTED_EDGE('',*,*,#7442,.T.);
#10595=ORIENTED_EDGE('',*,*,#7429,.T.);
#10596=ORIENTED_EDGE('',*,*,#7920,.T.);
#10597=ORIENTED_EDGE('',*,*,#7435,.T.);
#10598=ORIENTED_EDGE('',*,*,#7432,.T.);
#10599=ORIENTED_EDGE('',*,*,#7419,.T.);
#10600=ORIENTED_EDGE('',*,*,#7918,.T.);
#10601=ORIENTED_EDGE('',*,*,#7425,.T.);
#10602=ORIENTED_EDGE('',*,*,#7422,.T.);
#10603=ORIENTED_EDGE('',*,*,#7409,.T.);
#10604=ORIENTED_EDGE('',*,*,#7916,.T.);
#10605=ORIENTED_EDGE('',*,*,#7415,.T.);
#10606=ORIENTED_EDGE('',*,*,#7412,.T.);
#10607=ORIENTED_EDGE('',*,*,#7399,.T.);
#10608=ORIENTED_EDGE('',*,*,#7914,.T.);
#10609=ORIENTED_EDGE('',*,*,#7405,.T.);
#10610=ORIENTED_EDGE('',*,*,#7402,.T.);
#10611=ORIENTED_EDGE('',*,*,#7389,.T.);
#10612=ORIENTED_EDGE('',*,*,#7912,.T.);
#10613=ORIENTED_EDGE('',*,*,#7395,.T.);
#10614=ORIENTED_EDGE('',*,*,#7392,.T.);
#10615=ORIENTED_EDGE('',*,*,#7379,.T.);
#10616=ORIENTED_EDGE('',*,*,#7910,.T.);
#10617=ORIENTED_EDGE('',*,*,#7385,.T.);
#10618=ORIENTED_EDGE('',*,*,#7382,.T.);
#10619=ORIENTED_EDGE('',*,*,#7369,.T.);
#10620=ORIENTED_EDGE('',*,*,#7908,.T.);
#10621=ORIENTED_EDGE('',*,*,#7375,.T.);
#10622=ORIENTED_EDGE('',*,*,#7372,.T.);
#10623=ORIENTED_EDGE('',*,*,#7359,.T.);
#10624=ORIENTED_EDGE('',*,*,#7906,.T.);
#10625=ORIENTED_EDGE('',*,*,#7365,.T.);
#10626=ORIENTED_EDGE('',*,*,#7362,.T.);
#10627=ORIENTED_EDGE('',*,*,#7349,.T.);
#10628=ORIENTED_EDGE('',*,*,#7904,.T.);
#10629=ORIENTED_EDGE('',*,*,#7355,.T.);
#10630=ORIENTED_EDGE('',*,*,#7352,.T.);
#10631=ORIENTED_EDGE('',*,*,#7339,.T.);
#10632=ORIENTED_EDGE('',*,*,#7902,.T.);
#10633=ORIENTED_EDGE('',*,*,#7345,.T.);
#10634=ORIENTED_EDGE('',*,*,#7342,.T.);
#10635=ORIENTED_EDGE('',*,*,#7329,.T.);
#10636=ORIENTED_EDGE('',*,*,#7900,.T.);
#10637=ORIENTED_EDGE('',*,*,#7335,.T.);
#10638=ORIENTED_EDGE('',*,*,#7332,.T.);
#10639=ORIENTED_EDGE('',*,*,#7319,.T.);
#10640=ORIENTED_EDGE('',*,*,#7898,.T.);
#10641=ORIENTED_EDGE('',*,*,#7325,.T.);
#10642=ORIENTED_EDGE('',*,*,#7322,.T.);
#10643=ORIENTED_EDGE('',*,*,#7309,.T.);
#10644=ORIENTED_EDGE('',*,*,#7896,.T.);
#10645=ORIENTED_EDGE('',*,*,#7315,.T.);
#10646=ORIENTED_EDGE('',*,*,#7312,.T.);
#10647=ORIENTED_EDGE('',*,*,#7299,.T.);
#10648=ORIENTED_EDGE('',*,*,#7894,.T.);
#10649=ORIENTED_EDGE('',*,*,#7305,.T.);
#10650=ORIENTED_EDGE('',*,*,#7302,.T.);
#10651=ORIENTED_EDGE('',*,*,#7289,.T.);
#10652=ORIENTED_EDGE('',*,*,#7892,.T.);
#10653=ORIENTED_EDGE('',*,*,#7295,.T.);
#10654=ORIENTED_EDGE('',*,*,#7292,.T.);
#10655=ORIENTED_EDGE('',*,*,#7279,.T.);
#10656=ORIENTED_EDGE('',*,*,#7890,.T.);
#10657=ORIENTED_EDGE('',*,*,#7285,.T.);
#10658=ORIENTED_EDGE('',*,*,#7282,.T.);
#10659=ORIENTED_EDGE('',*,*,#7269,.T.);
#10660=ORIENTED_EDGE('',*,*,#7888,.T.);
#10661=ORIENTED_EDGE('',*,*,#7275,.T.);
#10662=ORIENTED_EDGE('',*,*,#7272,.T.);
#10663=ORIENTED_EDGE('',*,*,#7259,.T.);
#10664=ORIENTED_EDGE('',*,*,#7886,.T.);
#10665=ORIENTED_EDGE('',*,*,#7265,.T.);
#10666=ORIENTED_EDGE('',*,*,#7262,.T.);
#10667=ORIENTED_EDGE('',*,*,#7249,.T.);
#10668=ORIENTED_EDGE('',*,*,#7884,.T.);
#10669=ORIENTED_EDGE('',*,*,#7255,.T.);
#10670=ORIENTED_EDGE('',*,*,#7252,.T.);
#10671=ORIENTED_EDGE('',*,*,#7239,.T.);
#10672=ORIENTED_EDGE('',*,*,#7882,.T.);
#10673=ORIENTED_EDGE('',*,*,#7245,.T.);
#10674=ORIENTED_EDGE('',*,*,#7242,.T.);
#10675=ORIENTED_EDGE('',*,*,#7229,.T.);
#10676=ORIENTED_EDGE('',*,*,#7880,.T.);
#10677=ORIENTED_EDGE('',*,*,#7235,.T.);
#10678=ORIENTED_EDGE('',*,*,#7232,.T.);
#10679=ORIENTED_EDGE('',*,*,#7219,.T.);
#10680=ORIENTED_EDGE('',*,*,#7878,.T.);
#10681=ORIENTED_EDGE('',*,*,#7225,.T.);
#10682=ORIENTED_EDGE('',*,*,#7222,.T.);
#10683=ORIENTED_EDGE('',*,*,#8007,.F.);
#10684=ORIENTED_EDGE('',*,*,#7197,.F.);
#10685=ORIENTED_EDGE('',*,*,#7201,.T.);
#10686=ORIENTED_EDGE('',*,*,#7204,.F.);
#10687=ORIENTED_EDGE('',*,*,#7207,.F.);
#10688=ORIENTED_EDGE('',*,*,#8005,.F.);
#10689=ORIENTED_EDGE('',*,*,#7866,.F.);
#10690=ORIENTED_EDGE('',*,*,#7870,.F.);
#10691=ORIENTED_EDGE('',*,*,#7873,.F.);
#10692=ORIENTED_EDGE('',*,*,#8003,.F.);
#10693=ORIENTED_EDGE('',*,*,#7856,.F.);
#10694=ORIENTED_EDGE('',*,*,#7860,.F.);
#10695=ORIENTED_EDGE('',*,*,#7863,.F.);
#10696=ORIENTED_EDGE('',*,*,#8001,.F.);
#10697=ORIENTED_EDGE('',*,*,#7846,.F.);
#10698=ORIENTED_EDGE('',*,*,#7850,.F.);
#10699=ORIENTED_EDGE('',*,*,#7853,.F.);
#10700=ORIENTED_EDGE('',*,*,#7999,.F.);
#10701=ORIENTED_EDGE('',*,*,#7836,.F.);
#10702=ORIENTED_EDGE('',*,*,#7840,.F.);
#10703=ORIENTED_EDGE('',*,*,#7843,.F.);
#10704=ORIENTED_EDGE('',*,*,#7997,.F.);
#10705=ORIENTED_EDGE('',*,*,#7826,.F.);
#10706=ORIENTED_EDGE('',*,*,#7830,.F.);
#10707=ORIENTED_EDGE('',*,*,#7833,.F.);
#10708=ORIENTED_EDGE('',*,*,#7995,.F.);
#10709=ORIENTED_EDGE('',*,*,#7816,.F.);
#10710=ORIENTED_EDGE('',*,*,#7820,.F.);
#10711=ORIENTED_EDGE('',*,*,#7823,.F.);
#10712=ORIENTED_EDGE('',*,*,#7993,.F.);
#10713=ORIENTED_EDGE('',*,*,#7806,.F.);
#10714=ORIENTED_EDGE('',*,*,#7810,.F.);
#10715=ORIENTED_EDGE('',*,*,#7813,.F.);
#10716=ORIENTED_EDGE('',*,*,#7991,.F.);
#10717=ORIENTED_EDGE('',*,*,#7796,.F.);
#10718=ORIENTED_EDGE('',*,*,#7800,.F.);
#10719=ORIENTED_EDGE('',*,*,#7803,.F.);
#10720=ORIENTED_EDGE('',*,*,#7989,.F.);
#10721=ORIENTED_EDGE('',*,*,#7786,.F.);
#10722=ORIENTED_EDGE('',*,*,#7790,.F.);
#10723=ORIENTED_EDGE('',*,*,#7793,.F.);
#10724=ORIENTED_EDGE('',*,*,#7987,.F.);
#10725=ORIENTED_EDGE('',*,*,#7776,.F.);
#10726=ORIENTED_EDGE('',*,*,#7780,.F.);
#10727=ORIENTED_EDGE('',*,*,#7783,.F.);
#10728=ORIENTED_EDGE('',*,*,#7985,.F.);
#10729=ORIENTED_EDGE('',*,*,#7766,.F.);
#10730=ORIENTED_EDGE('',*,*,#7770,.F.);
#10731=ORIENTED_EDGE('',*,*,#7773,.F.);
#10732=ORIENTED_EDGE('',*,*,#7983,.F.);
#10733=ORIENTED_EDGE('',*,*,#7756,.F.);
#10734=ORIENTED_EDGE('',*,*,#7760,.F.);
#10735=ORIENTED_EDGE('',*,*,#7763,.F.);
#10736=ORIENTED_EDGE('',*,*,#7981,.F.);
#10737=ORIENTED_EDGE('',*,*,#7746,.F.);
#10738=ORIENTED_EDGE('',*,*,#7750,.F.);
#10739=ORIENTED_EDGE('',*,*,#7753,.F.);
#10740=ORIENTED_EDGE('',*,*,#7979,.F.);
#10741=ORIENTED_EDGE('',*,*,#7736,.F.);
#10742=ORIENTED_EDGE('',*,*,#7740,.F.);
#10743=ORIENTED_EDGE('',*,*,#7743,.F.);
#10744=ORIENTED_EDGE('',*,*,#7977,.F.);
#10745=ORIENTED_EDGE('',*,*,#7726,.F.);
#10746=ORIENTED_EDGE('',*,*,#7730,.F.);
#10747=ORIENTED_EDGE('',*,*,#7733,.F.);
#10748=ORIENTED_EDGE('',*,*,#7975,.F.);
#10749=ORIENTED_EDGE('',*,*,#7716,.F.);
#10750=ORIENTED_EDGE('',*,*,#7720,.F.);
#10751=ORIENTED_EDGE('',*,*,#7723,.F.);
#10752=ORIENTED_EDGE('',*,*,#7973,.F.);
#10753=ORIENTED_EDGE('',*,*,#7706,.F.);
#10754=ORIENTED_EDGE('',*,*,#7710,.F.);
#10755=ORIENTED_EDGE('',*,*,#7713,.F.);
#10756=ORIENTED_EDGE('',*,*,#7971,.F.);
#10757=ORIENTED_EDGE('',*,*,#7696,.F.);
#10758=ORIENTED_EDGE('',*,*,#7700,.F.);
#10759=ORIENTED_EDGE('',*,*,#7703,.F.);
#10760=ORIENTED_EDGE('',*,*,#7969,.F.);
#10761=ORIENTED_EDGE('',*,*,#7686,.F.);
#10762=ORIENTED_EDGE('',*,*,#7690,.F.);
#10763=ORIENTED_EDGE('',*,*,#7693,.F.);
#10764=ORIENTED_EDGE('',*,*,#7967,.F.);
#10765=ORIENTED_EDGE('',*,*,#7676,.F.);
#10766=ORIENTED_EDGE('',*,*,#7680,.F.);
#10767=ORIENTED_EDGE('',*,*,#7683,.F.);
#10768=ORIENTED_EDGE('',*,*,#7965,.F.);
#10769=ORIENTED_EDGE('',*,*,#7666,.F.);
#10770=ORIENTED_EDGE('',*,*,#7670,.F.);
#10771=ORIENTED_EDGE('',*,*,#7673,.F.);
#10772=ORIENTED_EDGE('',*,*,#7963,.F.);
#10773=ORIENTED_EDGE('',*,*,#7656,.F.);
#10774=ORIENTED_EDGE('',*,*,#7660,.F.);
#10775=ORIENTED_EDGE('',*,*,#7663,.F.);
#10776=ORIENTED_EDGE('',*,*,#7961,.F.);
#10777=ORIENTED_EDGE('',*,*,#7646,.F.);
#10778=ORIENTED_EDGE('',*,*,#7650,.F.);
#10779=ORIENTED_EDGE('',*,*,#7653,.F.);
#10780=ORIENTED_EDGE('',*,*,#7959,.F.);
#10781=ORIENTED_EDGE('',*,*,#7636,.F.);
#10782=ORIENTED_EDGE('',*,*,#7640,.F.);
#10783=ORIENTED_EDGE('',*,*,#7643,.F.);
#10784=ORIENTED_EDGE('',*,*,#7957,.F.);
#10785=ORIENTED_EDGE('',*,*,#7626,.F.);
#10786=ORIENTED_EDGE('',*,*,#7630,.F.);
#10787=ORIENTED_EDGE('',*,*,#7633,.F.);
#10788=ORIENTED_EDGE('',*,*,#7955,.F.);
#10789=ORIENTED_EDGE('',*,*,#7616,.F.);
#10790=ORIENTED_EDGE('',*,*,#7620,.F.);
#10791=ORIENTED_EDGE('',*,*,#7623,.F.);
#10792=ORIENTED_EDGE('',*,*,#7953,.F.);
#10793=ORIENTED_EDGE('',*,*,#7606,.F.);
#10794=ORIENTED_EDGE('',*,*,#7610,.F.);
#10795=ORIENTED_EDGE('',*,*,#7613,.F.);
#10796=ORIENTED_EDGE('',*,*,#7951,.F.);
#10797=ORIENTED_EDGE('',*,*,#7596,.F.);
#10798=ORIENTED_EDGE('',*,*,#7600,.F.);
#10799=ORIENTED_EDGE('',*,*,#7603,.F.);
#10800=ORIENTED_EDGE('',*,*,#7949,.F.);
#10801=ORIENTED_EDGE('',*,*,#7583,.F.);
#10802=ORIENTED_EDGE('',*,*,#7587,.T.);
#10803=ORIENTED_EDGE('',*,*,#7590,.F.);
#10804=ORIENTED_EDGE('',*,*,#7593,.F.);
#10805=ORIENTED_EDGE('',*,*,#7947,.F.);
#10806=ORIENTED_EDGE('',*,*,#7573,.F.);
#10807=ORIENTED_EDGE('',*,*,#7577,.F.);
#10808=ORIENTED_EDGE('',*,*,#7580,.F.);
#10809=ORIENTED_EDGE('',*,*,#7945,.F.);
#10810=ORIENTED_EDGE('',*,*,#7560,.F.);
#10811=ORIENTED_EDGE('',*,*,#7564,.F.);
#10812=ORIENTED_EDGE('',*,*,#7567,.F.);
#10813=ORIENTED_EDGE('',*,*,#7570,.T.);
#10814=ORIENTED_EDGE('',*,*,#7943,.F.);
#10815=ORIENTED_EDGE('',*,*,#7550,.F.);
#10816=ORIENTED_EDGE('',*,*,#7554,.F.);
#10817=ORIENTED_EDGE('',*,*,#7557,.F.);
#10818=ORIENTED_EDGE('',*,*,#7941,.F.);
#10819=ORIENTED_EDGE('',*,*,#7540,.F.);
#10820=ORIENTED_EDGE('',*,*,#7544,.F.);
#10821=ORIENTED_EDGE('',*,*,#7547,.F.);
#10822=ORIENTED_EDGE('',*,*,#7939,.F.);
#10823=ORIENTED_EDGE('',*,*,#7530,.F.);
#10824=ORIENTED_EDGE('',*,*,#7534,.F.);
#10825=ORIENTED_EDGE('',*,*,#7537,.F.);
#10826=ORIENTED_EDGE('',*,*,#7937,.F.);
#10827=ORIENTED_EDGE('',*,*,#7520,.F.);
#10828=ORIENTED_EDGE('',*,*,#7524,.F.);
#10829=ORIENTED_EDGE('',*,*,#7527,.F.);
#10830=ORIENTED_EDGE('',*,*,#7935,.T.);
#10831=ORIENTED_EDGE('',*,*,#7507,.F.);
#10832=ORIENTED_EDGE('',*,*,#7511,.F.);
#10833=ORIENTED_EDGE('',*,*,#7514,.F.);
#10834=ORIENTED_EDGE('',*,*,#7517,.F.);
#10835=ORIENTED_EDGE('',*,*,#7933,.F.);
#10836=ORIENTED_EDGE('',*,*,#7497,.F.);
#10837=ORIENTED_EDGE('',*,*,#7501,.F.);
#10838=ORIENTED_EDGE('',*,*,#7504,.F.);
#10839=ORIENTED_EDGE('',*,*,#7931,.F.);
#10840=ORIENTED_EDGE('',*,*,#7487,.F.);
#10841=ORIENTED_EDGE('',*,*,#7491,.F.);
#10842=ORIENTED_EDGE('',*,*,#7494,.F.);
#10843=ORIENTED_EDGE('',*,*,#7929,.F.);
#10844=ORIENTED_EDGE('',*,*,#7477,.F.);
#10845=ORIENTED_EDGE('',*,*,#7481,.F.);
#10846=ORIENTED_EDGE('',*,*,#7484,.F.);
#10847=ORIENTED_EDGE('',*,*,#7927,.F.);
#10848=ORIENTED_EDGE('',*,*,#7467,.F.);
#10849=ORIENTED_EDGE('',*,*,#7471,.F.);
#10850=ORIENTED_EDGE('',*,*,#7474,.F.);
#10851=ORIENTED_EDGE('',*,*,#7925,.F.);
#10852=ORIENTED_EDGE('',*,*,#7457,.F.);
#10853=ORIENTED_EDGE('',*,*,#7461,.F.);
#10854=ORIENTED_EDGE('',*,*,#7464,.F.);
#10855=ORIENTED_EDGE('',*,*,#7923,.F.);
#10856=ORIENTED_EDGE('',*,*,#7447,.F.);
#10857=ORIENTED_EDGE('',*,*,#7451,.F.);
#10858=ORIENTED_EDGE('',*,*,#7454,.F.);
#10859=ORIENTED_EDGE('',*,*,#7921,.F.);
#10860=ORIENTED_EDGE('',*,*,#7437,.F.);
#10861=ORIENTED_EDGE('',*,*,#7441,.F.);
#10862=ORIENTED_EDGE('',*,*,#7444,.F.);
#10863=ORIENTED_EDGE('',*,*,#7919,.F.);
#10864=ORIENTED_EDGE('',*,*,#7427,.F.);
#10865=ORIENTED_EDGE('',*,*,#7431,.F.);
#10866=ORIENTED_EDGE('',*,*,#7434,.F.);
#10867=ORIENTED_EDGE('',*,*,#7917,.F.);
#10868=ORIENTED_EDGE('',*,*,#7417,.F.);
#10869=ORIENTED_EDGE('',*,*,#7421,.F.);
#10870=ORIENTED_EDGE('',*,*,#7424,.F.);
#10871=ORIENTED_EDGE('',*,*,#7915,.F.);
#10872=ORIENTED_EDGE('',*,*,#7407,.F.);
#10873=ORIENTED_EDGE('',*,*,#7411,.F.);
#10874=ORIENTED_EDGE('',*,*,#7414,.F.);
#10875=ORIENTED_EDGE('',*,*,#7913,.F.);
#10876=ORIENTED_EDGE('',*,*,#7397,.F.);
#10877=ORIENTED_EDGE('',*,*,#7401,.F.);
#10878=ORIENTED_EDGE('',*,*,#7404,.F.);
#10879=ORIENTED_EDGE('',*,*,#7911,.F.);
#10880=ORIENTED_EDGE('',*,*,#7387,.F.);
#10881=ORIENTED_EDGE('',*,*,#7391,.F.);
#10882=ORIENTED_EDGE('',*,*,#7394,.F.);
#10883=ORIENTED_EDGE('',*,*,#7909,.F.);
#10884=ORIENTED_EDGE('',*,*,#7377,.F.);
#10885=ORIENTED_EDGE('',*,*,#7381,.F.);
#10886=ORIENTED_EDGE('',*,*,#7384,.F.);
#10887=ORIENTED_EDGE('',*,*,#7907,.F.);
#10888=ORIENTED_EDGE('',*,*,#7367,.F.);
#10889=ORIENTED_EDGE('',*,*,#7371,.F.);
#10890=ORIENTED_EDGE('',*,*,#7374,.F.);
#10891=ORIENTED_EDGE('',*,*,#7905,.F.);
#10892=ORIENTED_EDGE('',*,*,#7357,.F.);
#10893=ORIENTED_EDGE('',*,*,#7361,.F.);
#10894=ORIENTED_EDGE('',*,*,#7364,.F.);
#10895=ORIENTED_EDGE('',*,*,#7903,.F.);
#10896=ORIENTED_EDGE('',*,*,#7347,.F.);
#10897=ORIENTED_EDGE('',*,*,#7351,.F.);
#10898=ORIENTED_EDGE('',*,*,#7354,.F.);
#10899=ORIENTED_EDGE('',*,*,#7901,.F.);
#10900=ORIENTED_EDGE('',*,*,#7337,.F.);
#10901=ORIENTED_EDGE('',*,*,#7341,.F.);
#10902=ORIENTED_EDGE('',*,*,#7344,.F.);
#10903=ORIENTED_EDGE('',*,*,#7899,.F.);
#10904=ORIENTED_EDGE('',*,*,#7327,.F.);
#10905=ORIENTED_EDGE('',*,*,#7331,.F.);
#10906=ORIENTED_EDGE('',*,*,#7334,.F.);
#10907=ORIENTED_EDGE('',*,*,#7897,.F.);
#10908=ORIENTED_EDGE('',*,*,#7317,.F.);
#10909=ORIENTED_EDGE('',*,*,#7321,.F.);
#10910=ORIENTED_EDGE('',*,*,#7324,.F.);
#10911=ORIENTED_EDGE('',*,*,#7895,.F.);
#10912=ORIENTED_EDGE('',*,*,#7307,.F.);
#10913=ORIENTED_EDGE('',*,*,#7311,.F.);
#10914=ORIENTED_EDGE('',*,*,#7314,.F.);
#10915=ORIENTED_EDGE('',*,*,#7893,.F.);
#10916=ORIENTED_EDGE('',*,*,#7297,.F.);
#10917=ORIENTED_EDGE('',*,*,#7301,.F.);
#10918=ORIENTED_EDGE('',*,*,#7304,.F.);
#10919=ORIENTED_EDGE('',*,*,#7891,.F.);
#10920=ORIENTED_EDGE('',*,*,#7287,.F.);
#10921=ORIENTED_EDGE('',*,*,#7291,.F.);
#10922=ORIENTED_EDGE('',*,*,#7294,.F.);
#10923=ORIENTED_EDGE('',*,*,#7889,.F.);
#10924=ORIENTED_EDGE('',*,*,#7277,.F.);
#10925=ORIENTED_EDGE('',*,*,#7281,.F.);
#10926=ORIENTED_EDGE('',*,*,#7284,.F.);
#10927=ORIENTED_EDGE('',*,*,#7887,.F.);
#10928=ORIENTED_EDGE('',*,*,#7267,.F.);
#10929=ORIENTED_EDGE('',*,*,#7271,.F.);
#10930=ORIENTED_EDGE('',*,*,#7274,.F.);
#10931=ORIENTED_EDGE('',*,*,#7885,.F.);
#10932=ORIENTED_EDGE('',*,*,#7257,.F.);
#10933=ORIENTED_EDGE('',*,*,#7261,.F.);
#10934=ORIENTED_EDGE('',*,*,#7264,.F.);
#10935=ORIENTED_EDGE('',*,*,#7883,.F.);
#10936=ORIENTED_EDGE('',*,*,#7247,.F.);
#10937=ORIENTED_EDGE('',*,*,#7251,.F.);
#10938=ORIENTED_EDGE('',*,*,#7254,.F.);
#10939=ORIENTED_EDGE('',*,*,#7881,.F.);
#10940=ORIENTED_EDGE('',*,*,#7237,.F.);
#10941=ORIENTED_EDGE('',*,*,#7241,.F.);
#10942=ORIENTED_EDGE('',*,*,#7244,.F.);
#10943=ORIENTED_EDGE('',*,*,#7879,.F.);
#10944=ORIENTED_EDGE('',*,*,#7227,.F.);
#10945=ORIENTED_EDGE('',*,*,#7231,.F.);
#10946=ORIENTED_EDGE('',*,*,#7234,.F.);
#10947=ORIENTED_EDGE('',*,*,#7877,.F.);
#10948=ORIENTED_EDGE('',*,*,#7217,.F.);
#10949=ORIENTED_EDGE('',*,*,#7221,.F.);
#10950=ORIENTED_EDGE('',*,*,#7224,.F.);
#10951=ORIENTED_EDGE('',*,*,#8009,.F.);
#10952=ORIENTED_EDGE('',*,*,#8010,.T.);
#10953=ORIENTED_EDGE('',*,*,#8011,.F.);
#10954=ORIENTED_EDGE('',*,*,#8010,.F.);
#10955=ORIENTED_EDGE('',*,*,#8012,.F.);
#10956=ORIENTED_EDGE('',*,*,#8013,.T.);
#10957=ORIENTED_EDGE('',*,*,#8014,.F.);
#10958=ORIENTED_EDGE('',*,*,#8013,.F.);
#10959=ORIENTED_EDGE('',*,*,#8015,.F.);
#10960=ORIENTED_EDGE('',*,*,#8016,.T.);
#10961=ORIENTED_EDGE('',*,*,#8017,.F.);
#10962=ORIENTED_EDGE('',*,*,#8016,.F.);
#10963=ORIENTED_EDGE('',*,*,#8018,.F.);
#10964=ORIENTED_EDGE('',*,*,#8019,.T.);
#10965=ORIENTED_EDGE('',*,*,#8020,.F.);
#10966=ORIENTED_EDGE('',*,*,#8019,.F.);
#10967=ORIENTED_EDGE('',*,*,#8021,.F.);
#10968=ORIENTED_EDGE('',*,*,#8022,.T.);
#10969=ORIENTED_EDGE('',*,*,#8023,.F.);
#10970=ORIENTED_EDGE('',*,*,#8022,.F.);
#10971=ORIENTED_EDGE('',*,*,#8024,.F.);
#10972=ORIENTED_EDGE('',*,*,#8025,.T.);
#10973=ORIENTED_EDGE('',*,*,#8026,.F.);
#10974=ORIENTED_EDGE('',*,*,#8025,.F.);
#10975=ORIENTED_EDGE('',*,*,#8027,.F.);
#10976=ORIENTED_EDGE('',*,*,#8028,.T.);
#10977=ORIENTED_EDGE('',*,*,#8029,.F.);
#10978=ORIENTED_EDGE('',*,*,#8028,.F.);
#10979=ORIENTED_EDGE('',*,*,#8030,.F.);
#10980=ORIENTED_EDGE('',*,*,#8031,.T.);
#10981=ORIENTED_EDGE('',*,*,#8032,.F.);
#10982=ORIENTED_EDGE('',*,*,#8031,.F.);
#10983=ORIENTED_EDGE('',*,*,#8033,.F.);
#10984=ORIENTED_EDGE('',*,*,#8034,.T.);
#10985=ORIENTED_EDGE('',*,*,#8035,.F.);
#10986=ORIENTED_EDGE('',*,*,#8034,.F.);
#10987=ORIENTED_EDGE('',*,*,#8036,.F.);
#10988=ORIENTED_EDGE('',*,*,#8037,.T.);
#10989=ORIENTED_EDGE('',*,*,#8038,.F.);
#10990=ORIENTED_EDGE('',*,*,#8037,.F.);
#10991=ORIENTED_EDGE('',*,*,#8039,.F.);
#10992=ORIENTED_EDGE('',*,*,#8040,.T.);
#10993=ORIENTED_EDGE('',*,*,#8041,.F.);
#10994=ORIENTED_EDGE('',*,*,#8040,.F.);
#10995=ORIENTED_EDGE('',*,*,#8042,.F.);
#10996=ORIENTED_EDGE('',*,*,#8043,.T.);
#10997=ORIENTED_EDGE('',*,*,#8044,.F.);
#10998=ORIENTED_EDGE('',*,*,#8043,.F.);
#10999=ORIENTED_EDGE('',*,*,#8045,.F.);
#11000=ORIENTED_EDGE('',*,*,#8046,.T.);
#11001=ORIENTED_EDGE('',*,*,#8047,.F.);
#11002=ORIENTED_EDGE('',*,*,#8046,.F.);
#11003=ORIENTED_EDGE('',*,*,#8048,.F.);
#11004=ORIENTED_EDGE('',*,*,#8049,.T.);
#11005=ORIENTED_EDGE('',*,*,#8050,.F.);
#11006=ORIENTED_EDGE('',*,*,#8049,.F.);
#11007=ORIENTED_EDGE('',*,*,#8051,.F.);
#11008=ORIENTED_EDGE('',*,*,#8052,.T.);
#11009=ORIENTED_EDGE('',*,*,#8053,.F.);
#11010=ORIENTED_EDGE('',*,*,#8052,.F.);
#11011=ORIENTED_EDGE('',*,*,#8054,.F.);
#11012=ORIENTED_EDGE('',*,*,#8055,.T.);
#11013=ORIENTED_EDGE('',*,*,#8056,.F.);
#11014=ORIENTED_EDGE('',*,*,#8055,.F.);
#11015=ORIENTED_EDGE('',*,*,#8057,.F.);
#11016=ORIENTED_EDGE('',*,*,#8058,.T.);
#11017=ORIENTED_EDGE('',*,*,#8059,.F.);
#11018=ORIENTED_EDGE('',*,*,#8060,.F.);
#11019=ORIENTED_EDGE('',*,*,#8045,.T.);
#11020=ORIENTED_EDGE('',*,*,#8054,.T.);
#11021=ORIENTED_EDGE('',*,*,#8061,.F.);
#11022=ORIENTED_EDGE('',*,*,#8060,.T.);
#11023=ORIENTED_EDGE('',*,*,#8062,.F.);
#11024=ORIENTED_EDGE('',*,*,#8063,.F.);
#11025=ORIENTED_EDGE('',*,*,#8064,.F.);
#11026=ORIENTED_EDGE('',*,*,#8063,.T.);
#11027=ORIENTED_EDGE('',*,*,#8065,.F.);
#11028=ORIENTED_EDGE('',*,*,#8066,.F.);
#11029=ORIENTED_EDGE('',*,*,#8067,.T.);
#11030=ORIENTED_EDGE('',*,*,#8066,.T.);
#11031=ORIENTED_EDGE('',*,*,#8068,.F.);
#11032=ORIENTED_EDGE('',*,*,#8069,.F.);
#11033=ORIENTED_EDGE('',*,*,#8070,.T.);
#11034=ORIENTED_EDGE('',*,*,#8069,.T.);
#11035=ORIENTED_EDGE('',*,*,#8071,.F.);
#11036=ORIENTED_EDGE('',*,*,#8072,.F.);
#11037=ORIENTED_EDGE('',*,*,#8042,.T.);
#11038=ORIENTED_EDGE('',*,*,#8039,.T.);
#11039=ORIENTED_EDGE('',*,*,#8036,.T.);
#11040=ORIENTED_EDGE('',*,*,#8033,.T.);
#11041=ORIENTED_EDGE('',*,*,#8030,.T.);
#11042=ORIENTED_EDGE('',*,*,#8027,.T.);
#11043=ORIENTED_EDGE('',*,*,#8024,.T.);
#11044=ORIENTED_EDGE('',*,*,#8021,.T.);
#11045=ORIENTED_EDGE('',*,*,#8018,.T.);
#11046=ORIENTED_EDGE('',*,*,#8015,.T.);
#11047=ORIENTED_EDGE('',*,*,#8012,.T.);
#11048=ORIENTED_EDGE('',*,*,#8009,.T.);
#11049=ORIENTED_EDGE('',*,*,#8073,.T.);
#11050=ORIENTED_EDGE('',*,*,#8072,.T.);
#11051=ORIENTED_EDGE('',*,*,#8074,.F.);
#11052=ORIENTED_EDGE('',*,*,#8075,.F.);
#11053=ORIENTED_EDGE('',*,*,#8076,.T.);
#11054=ORIENTED_EDGE('',*,*,#8075,.T.);
#11055=ORIENTED_EDGE('',*,*,#8077,.F.);
#11056=ORIENTED_EDGE('',*,*,#8078,.F.);
#11057=ORIENTED_EDGE('',*,*,#8079,.F.);
#11058=ORIENTED_EDGE('',*,*,#8078,.T.);
#11059=ORIENTED_EDGE('',*,*,#8080,.F.);
#11060=ORIENTED_EDGE('',*,*,#8081,.F.);
#11061=ORIENTED_EDGE('',*,*,#8082,.T.);
#11062=ORIENTED_EDGE('',*,*,#8081,.T.);
#11063=ORIENTED_EDGE('',*,*,#8083,.F.);
#11064=ORIENTED_EDGE('',*,*,#8084,.F.);
#11065=ORIENTED_EDGE('',*,*,#8048,.T.);
#11066=ORIENTED_EDGE('',*,*,#8051,.T.);
#11067=ORIENTED_EDGE('',*,*,#8085,.F.);
#11068=ORIENTED_EDGE('',*,*,#8084,.T.);
#11069=ORIENTED_EDGE('',*,*,#8086,.F.);
#11070=ORIENTED_EDGE('',*,*,#8087,.F.);
#11071=ORIENTED_EDGE('',*,*,#8088,.F.);
#11072=ORIENTED_EDGE('',*,*,#8087,.T.);
#11073=ORIENTED_EDGE('',*,*,#8089,.F.);
#11074=ORIENTED_EDGE('',*,*,#8090,.F.);
#11075=ORIENTED_EDGE('',*,*,#8050,.T.);
#11076=ORIENTED_EDGE('',*,*,#8053,.T.);
#11077=ORIENTED_EDGE('',*,*,#8091,.T.);
#11078=ORIENTED_EDGE('',*,*,#8090,.T.);
#11079=ORIENTED_EDGE('',*,*,#8092,.F.);
#11080=ORIENTED_EDGE('',*,*,#8093,.F.);
#11081=ORIENTED_EDGE('',*,*,#8094,.F.);
#11082=ORIENTED_EDGE('',*,*,#8093,.T.);
#11083=ORIENTED_EDGE('',*,*,#8095,.F.);
#11084=ORIENTED_EDGE('',*,*,#8096,.F.);
#11085=ORIENTED_EDGE('',*,*,#8097,.F.);
#11086=ORIENTED_EDGE('',*,*,#8096,.T.);
#11087=ORIENTED_EDGE('',*,*,#8098,.F.);
#11088=ORIENTED_EDGE('',*,*,#8099,.F.);
#11089=ORIENTED_EDGE('',*,*,#8100,.T.);
#11090=ORIENTED_EDGE('',*,*,#8099,.T.);
#11091=ORIENTED_EDGE('',*,*,#8101,.F.);
#11092=ORIENTED_EDGE('',*,*,#8102,.F.);
#11093=ORIENTED_EDGE('',*,*,#8044,.T.);
#11094=ORIENTED_EDGE('',*,*,#8041,.T.);
#11095=ORIENTED_EDGE('',*,*,#8038,.T.);
#11096=ORIENTED_EDGE('',*,*,#8035,.T.);
#11097=ORIENTED_EDGE('',*,*,#8032,.T.);
#11098=ORIENTED_EDGE('',*,*,#8029,.T.);
#11099=ORIENTED_EDGE('',*,*,#8026,.T.);
#11100=ORIENTED_EDGE('',*,*,#8023,.T.);
#11101=ORIENTED_EDGE('',*,*,#8020,.T.);
#11102=ORIENTED_EDGE('',*,*,#8017,.T.);
#11103=ORIENTED_EDGE('',*,*,#8014,.T.);
#11104=ORIENTED_EDGE('',*,*,#8011,.T.);
#11105=ORIENTED_EDGE('',*,*,#8103,.F.);
#11106=ORIENTED_EDGE('',*,*,#8102,.T.);
#11107=ORIENTED_EDGE('',*,*,#8104,.F.);
#11108=ORIENTED_EDGE('',*,*,#8105,.F.);
#11109=ORIENTED_EDGE('',*,*,#8106,.T.);
#11110=ORIENTED_EDGE('',*,*,#8105,.T.);
#11111=ORIENTED_EDGE('',*,*,#8107,.F.);
#11112=ORIENTED_EDGE('',*,*,#8108,.F.);
#11113=ORIENTED_EDGE('',*,*,#8109,.T.);
#11114=ORIENTED_EDGE('',*,*,#8108,.T.);
#11115=ORIENTED_EDGE('',*,*,#8110,.F.);
#11116=ORIENTED_EDGE('',*,*,#8111,.F.);
#11117=ORIENTED_EDGE('',*,*,#8112,.T.);
#11118=ORIENTED_EDGE('',*,*,#8111,.T.);
#11119=ORIENTED_EDGE('',*,*,#8113,.F.);
#11120=ORIENTED_EDGE('',*,*,#8114,.F.);
#11121=ORIENTED_EDGE('',*,*,#8047,.T.);
#11122=ORIENTED_EDGE('',*,*,#8056,.T.);
#11123=ORIENTED_EDGE('',*,*,#8115,.T.);
#11124=ORIENTED_EDGE('',*,*,#8114,.T.);
#11125=ORIENTED_EDGE('',*,*,#8116,.F.);
#11126=ORIENTED_EDGE('',*,*,#8058,.F.);
#11127=ORIENTED_EDGE('',*,*,#8116,.T.);
#11128=ORIENTED_EDGE('',*,*,#8113,.T.);
#11129=ORIENTED_EDGE('',*,*,#8110,.T.);
#11130=ORIENTED_EDGE('',*,*,#8107,.T.);
#11131=ORIENTED_EDGE('',*,*,#8104,.T.);
#11132=ORIENTED_EDGE('',*,*,#8101,.T.);
#11133=ORIENTED_EDGE('',*,*,#8098,.T.);
#11134=ORIENTED_EDGE('',*,*,#8095,.T.);
#11135=ORIENTED_EDGE('',*,*,#8092,.T.);
#11136=ORIENTED_EDGE('',*,*,#8089,.T.);
#11137=ORIENTED_EDGE('',*,*,#8086,.T.);
#11138=ORIENTED_EDGE('',*,*,#8083,.T.);
#11139=ORIENTED_EDGE('',*,*,#8080,.T.);
#11140=ORIENTED_EDGE('',*,*,#8077,.T.);
#11141=ORIENTED_EDGE('',*,*,#8074,.T.);
#11142=ORIENTED_EDGE('',*,*,#8071,.T.);
#11143=ORIENTED_EDGE('',*,*,#8068,.T.);
#11144=ORIENTED_EDGE('',*,*,#8065,.T.);
#11145=ORIENTED_EDGE('',*,*,#8062,.T.);
#11146=ORIENTED_EDGE('',*,*,#8059,.T.);
#11147=ORIENTED_EDGE('',*,*,#8115,.F.);
#11148=ORIENTED_EDGE('',*,*,#8057,.T.);
#11149=ORIENTED_EDGE('',*,*,#8061,.T.);
#11150=ORIENTED_EDGE('',*,*,#8064,.T.);
#11151=ORIENTED_EDGE('',*,*,#8067,.F.);
#11152=ORIENTED_EDGE('',*,*,#8070,.F.);
#11153=ORIENTED_EDGE('',*,*,#8073,.F.);
#11154=ORIENTED_EDGE('',*,*,#8076,.F.);
#11155=ORIENTED_EDGE('',*,*,#8079,.T.);
#11156=ORIENTED_EDGE('',*,*,#8082,.F.);
#11157=ORIENTED_EDGE('',*,*,#8085,.T.);
#11158=ORIENTED_EDGE('',*,*,#8088,.T.);
#11159=ORIENTED_EDGE('',*,*,#8091,.F.);
#11160=ORIENTED_EDGE('',*,*,#8094,.T.);
#11161=ORIENTED_EDGE('',*,*,#8097,.T.);
#11162=ORIENTED_EDGE('',*,*,#8100,.F.);
#11163=ORIENTED_EDGE('',*,*,#8103,.T.);
#11164=ORIENTED_EDGE('',*,*,#8106,.F.);
#11165=ORIENTED_EDGE('',*,*,#8109,.F.);
#11166=ORIENTED_EDGE('',*,*,#8112,.F.);
#11167=CYLINDRICAL_SURFACE('',#11914,5.);
#11168=CYLINDRICAL_SURFACE('',#11917,5.);
#11169=CYLINDRICAL_SURFACE('',#11920,5.);
#11170=CYLINDRICAL_SURFACE('',#11923,5.);
#11171=CYLINDRICAL_SURFACE('',#11926,4.);
#11172=CYLINDRICAL_SURFACE('',#11929,4.);
#11173=CYLINDRICAL_SURFACE('',#11932,4.);
#11174=CYLINDRICAL_SURFACE('',#11935,4.);
#11175=CYLINDRICAL_SURFACE('',#11938,4.);
#11176=CYLINDRICAL_SURFACE('',#11941,4.);
#11177=CYLINDRICAL_SURFACE('',#11944,4.);
#11178=CYLINDRICAL_SURFACE('',#11947,4.);
#11179=CYLINDRICAL_SURFACE('',#11957,9.525);
#11180=CYLINDRICAL_SURFACE('',#11960,9.525);
#11181=CYLINDRICAL_SURFACE('',#11963,9.525);
#11182=CYLINDRICAL_SURFACE('',#11966,9.525);
#11183=CYLINDRICAL_SURFACE('',#11969,9.525);
#11184=CYLINDRICAL_SURFACE('',#11972,9.525);
#11185=CYLINDRICAL_SURFACE('',#11975,9.525);
#11186=CYLINDRICAL_SURFACE('',#11978,9.525);
#11187=CYLINDRICAL_SURFACE('',#11981,5.);
#11188=CYLINDRICAL_SURFACE('',#11984,5.);
#11189=CYLINDRICAL_SURFACE('',#11987,5.);
#11190=CYLINDRICAL_SURFACE('',#11990,5.);
#11191=CYLINDRICAL_SURFACE('',#11994,1.);
#11192=CYLINDRICAL_SURFACE('',#11998,1.);
#11193=CYLINDRICAL_SURFACE('',#12002,1.);
#11194=CYLINDRICAL_SURFACE('',#12006,1.);
#11195=CYLINDRICAL_SURFACE('',#12010,3.);
#11196=CYLINDRICAL_SURFACE('',#12014,3.);
#11197=CYLINDRICAL_SURFACE('',#12018,3.);
#11198=CYLINDRICAL_SURFACE('',#12022,3.);
#11199=CYLINDRICAL_SURFACE('',#12222,20.);
#11200=CYLINDRICAL_SURFACE('',#12237,20.);
#11201=CYLINDRICAL_SURFACE('',#12276,7.475);
#11202=CYLINDRICAL_SURFACE('',#12282,5.7225);
#11203=CYLINDRICAL_SURFACE('',#12287,5.6);
#11204=CYLINDRICAL_SURFACE('',#12333,9.50000000000005);
#11205=CYLINDRICAL_SURFACE('',#12339,22.);
#11206=CYLINDRICAL_SURFACE('',#12448,9.50000000000002);
#11207=CYLINDRICAL_SURFACE('',#12455,9.50000000000004);
#11208=CYLINDRICAL_SURFACE('',#12544,22.);
#11209=CYLINDRICAL_SURFACE('',#12575,9.50000000000009);
#11210=CYLINDRICAL_SURFACE('',#12682,4.);
#11211=CYLINDRICAL_SURFACE('',#12685,4.);
#11212=CYLINDRICAL_SURFACE('',#12688,4.);
#11213=CYLINDRICAL_SURFACE('',#12691,4.);
#11214=CYLINDRICAL_SURFACE('',#12694,4.);
#11215=CYLINDRICAL_SURFACE('',#12697,4.);
#11216=CYLINDRICAL_SURFACE('',#12700,4.);
#11217=CYLINDRICAL_SURFACE('',#12703,4.);
#11218=CYLINDRICAL_SURFACE('',#12706,4.);
#11219=CYLINDRICAL_SURFACE('',#12709,4.);
#11220=CYLINDRICAL_SURFACE('',#12712,4.);
#11221=CYLINDRICAL_SURFACE('',#12715,4.);
#11222=CYLINDRICAL_SURFACE('',#12718,5.);
#11223=CYLINDRICAL_SURFACE('',#12721,5.);
#11224=CYLINDRICAL_SURFACE('',#12724,5.);
#11225=CYLINDRICAL_SURFACE('',#12727,5.);
#11226=CYLINDRICAL_SURFACE('',#12731,3.00000000000003);
#11227=CYLINDRICAL_SURFACE('',#12735,5.00000000000003);
#11228=CYLINDRICAL_SURFACE('',#12739,5.00000000000004);
#11229=CYLINDRICAL_SURFACE('',#12743,3.00000000000002);
#11230=CYLINDRICAL_SURFACE('',#12749,5.00000000000002);
#11231=CYLINDRICAL_SURFACE('',#12753,3.00000000000002);
#11232=CYLINDRICAL_SURFACE('',#12757,3.00000000000002);
#11233=CYLINDRICAL_SURFACE('',#12761,5.00000000000002);
#11234=ADVANCED_FACE('',(#1514),#11167,.F.);
#11235=ADVANCED_FACE('',(#1515),#11168,.F.);
#11236=ADVANCED_FACE('',(#1516),#11169,.F.);
#11237=ADVANCED_FACE('',(#1517),#11170,.F.);
#11238=ADVANCED_FACE('',(#1518),#11171,.F.);
#11239=ADVANCED_FACE('',(#1519),#11172,.F.);
#11240=ADVANCED_FACE('',(#1520),#11173,.F.);
#11241=ADVANCED_FACE('',(#1521),#11174,.F.);
#11242=ADVANCED_FACE('',(#1522),#11175,.F.);
#11243=ADVANCED_FACE('',(#1523),#11176,.F.);
#11244=ADVANCED_FACE('',(#1524),#11177,.F.);
#11245=ADVANCED_FACE('',(#1525),#11178,.F.);
#11246=ADVANCED_FACE('',(#1526),#992,.T.);
#11247=ADVANCED_FACE('',(#1527),#993,.T.);
#11248=ADVANCED_FACE('',(#1528),#994,.T.);
#11249=ADVANCED_FACE('',(#1529),#995,.T.);
#11250=ADVANCED_FACE('',(#1530,#802,#803,#804,#805,#806,#807,#808,#809,
#810,#811,#812,#813),#996,.T.);
#11251=ADVANCED_FACE('',(#1531,#814,#815,#816,#817,#818,#819,#820,#821,
#822,#823,#824,#825),#997,.F.);
#11252=ADVANCED_FACE('',(#1532),#11179,.F.);
#11253=ADVANCED_FACE('',(#1533),#11180,.F.);
#11254=ADVANCED_FACE('',(#1534),#11181,.F.);
#11255=ADVANCED_FACE('',(#1535),#11182,.F.);
#11256=ADVANCED_FACE('',(#1536),#11183,.F.);
#11257=ADVANCED_FACE('',(#1537),#11184,.F.);
#11258=ADVANCED_FACE('',(#1538),#11185,.F.);
#11259=ADVANCED_FACE('',(#1539),#11186,.F.);
#11260=ADVANCED_FACE('',(#1540),#11187,.F.);
#11261=ADVANCED_FACE('',(#1541),#11188,.F.);
#11262=ADVANCED_FACE('',(#1542),#11189,.F.);
#11263=ADVANCED_FACE('',(#1543),#11190,.F.);
#11264=ADVANCED_FACE('',(#1544,#826,#827,#828,#829,#830,#831),#998,.T.);
#11265=ADVANCED_FACE('',(#1545),#11191,.F.);
#11266=ADVANCED_FACE('',(#1546),#999,.T.);
#11267=ADVANCED_FACE('',(#1547),#11192,.F.);
#11268=ADVANCED_FACE('',(#1548,#832,#833,#834,#835,#836,#837),#1000,.T.);
#11269=ADVANCED_FACE('',(#1549),#11193,.F.);
#11270=ADVANCED_FACE('',(#1550),#1001,.T.);
#11271=ADVANCED_FACE('',(#1551),#11194,.F.);
#11272=ADVANCED_FACE('',(#1552,#838,#839,#840,#841,#842,#843),#1002,.T.);
#11273=ADVANCED_FACE('',(#1553),#11195,.T.);
#11274=ADVANCED_FACE('',(#1554),#1003,.T.);
#11275=ADVANCED_FACE('',(#1555),#11196,.T.);
#11276=ADVANCED_FACE('',(#1556,#844,#845,#846,#847,#848,#849),#1004,.T.);
#11277=ADVANCED_FACE('',(#1557),#11197,.T.);
#11278=ADVANCED_FACE('',(#1558),#1005,.T.);
#11279=ADVANCED_FACE('',(#1559),#11198,.T.);
#11280=ADVANCED_FACE('',(#1560,#850),#1006,.T.);
#11281=ADVANCED_FACE('',(#1561,#851),#1007,.F.);
#11282=ADVANCED_FACE('',(#1562,#852),#1008,.F.);
#11283=ADVANCED_FACE('',(#1563),#1009,.T.);
#11284=ADVANCED_FACE('',(#1564),#1010,.T.);
#11285=ADVANCED_FACE('',(#1565),#1011,.T.);
#11286=ADVANCED_FACE('',(#1566),#1012,.T.);
#11287=ADVANCED_FACE('',(#1567),#1013,.T.);
#11288=ADVANCED_FACE('',(#1568),#1014,.T.);
#11289=ADVANCED_FACE('',(#1569),#1015,.T.);
#11290=ADVANCED_FACE('',(#1570),#1016,.T.);
#11291=ADVANCED_FACE('',(#1571),#1017,.T.);
#11292=ADVANCED_FACE('',(#1572),#1018,.T.);
#11293=ADVANCED_FACE('',(#1573),#1019,.T.);
#11294=ADVANCED_FACE('',(#1574),#1020,.F.);
#11295=ADVANCED_FACE('',(#1575),#1021,.F.);
#11296=ADVANCED_FACE('',(#1576),#1022,.F.);
#11297=ADVANCED_FACE('',(#1577),#1023,.F.);
#11298=ADVANCED_FACE('',(#1578),#1024,.F.);
#11299=ADVANCED_FACE('',(#1579),#1025,.F.);
#11300=ADVANCED_FACE('',(#1580),#1026,.F.);
#11301=ADVANCED_FACE('',(#1581),#1027,.F.);
#11302=ADVANCED_FACE('',(#1582),#1028,.F.);
#11303=ADVANCED_FACE('',(#1583),#1029,.F.);
#11304=ADVANCED_FACE('',(#1584),#1030,.F.);
#11305=ADVANCED_FACE('',(#1585),#1031,.F.);
#11306=ADVANCED_FACE('',(#1586),#1032,.F.);
#11307=ADVANCED_FACE('',(#1587),#1033,.F.);
#11308=ADVANCED_FACE('',(#1588),#1034,.F.);
#11309=ADVANCED_FACE('',(#1589),#1035,.F.);
#11310=ADVANCED_FACE('',(#1590),#1036,.F.);
#11311=ADVANCED_FACE('',(#1591),#1037,.F.);
#11312=ADVANCED_FACE('',(#1592),#1038,.F.);
#11313=ADVANCED_FACE('',(#1593),#1039,.F.);
#11314=ADVANCED_FACE('',(#1594),#1040,.T.);
#11315=ADVANCED_FACE('',(#1595),#1041,.T.);
#11316=ADVANCED_FACE('',(#1596),#1042,.T.);
#11317=ADVANCED_FACE('',(#1597),#1043,.T.);
#11318=ADVANCED_FACE('',(#1598),#1044,.T.);
#11319=ADVANCED_FACE('',(#1599),#1045,.T.);
#11320=ADVANCED_FACE('',(#1600),#1046,.T.);
#11321=ADVANCED_FACE('',(#1601),#1047,.T.);
#11322=ADVANCED_FACE('',(#1602),#1048,.T.);
#11323=ADVANCED_FACE('',(#1603),#1049,.T.);
#11324=ADVANCED_FACE('',(#1604),#1050,.T.);
#11325=ADVANCED_FACE('',(#1605),#1051,.F.);
#11326=ADVANCED_FACE('',(#1606),#1052,.F.);
#11327=ADVANCED_FACE('',(#1607),#1053,.F.);
#11328=ADVANCED_FACE('',(#1608),#1054,.F.);
#11329=ADVANCED_FACE('',(#1609),#1055,.F.);
#11330=ADVANCED_FACE('',(#1610),#1056,.F.);
#11331=ADVANCED_FACE('',(#1611),#1057,.F.);
#11332=ADVANCED_FACE('',(#1612),#1058,.F.);
#11333=ADVANCED_FACE('',(#1613),#1059,.F.);
#11334=ADVANCED_FACE('',(#1614),#1060,.F.);
#11335=ADVANCED_FACE('',(#1615),#1061,.F.);
#11336=ADVANCED_FACE('',(#1616),#1062,.F.);
#11337=ADVANCED_FACE('',(#1617),#1063,.F.);
#11338=ADVANCED_FACE('',(#1618),#1064,.F.);
#11339=ADVANCED_FACE('',(#1619),#1065,.F.);
#11340=ADVANCED_FACE('',(#1620),#1066,.F.);
#11341=ADVANCED_FACE('',(#1621),#1067,.F.);
#11342=ADVANCED_FACE('',(#1622),#1068,.F.);
#11343=ADVANCED_FACE('',(#1623),#1069,.F.);
#11344=ADVANCED_FACE('',(#1624),#1070,.F.);
#11345=ADVANCED_FACE('',(#1625),#1071,.F.);
#11346=ADVANCED_FACE('',(#1626),#1072,.F.);
#11347=ADVANCED_FACE('',(#1627),#1073,.F.);
#11348=ADVANCED_FACE('',(#1628),#1074,.F.);
#11349=ADVANCED_FACE('',(#1629),#1075,.F.);
#11350=ADVANCED_FACE('',(#1630),#1076,.F.);
#11351=ADVANCED_FACE('',(#1631),#1077,.F.);
#11352=ADVANCED_FACE('',(#1632),#1078,.F.);
#11353=ADVANCED_FACE('',(#1633),#1079,.F.);
#11354=ADVANCED_FACE('',(#1634),#1080,.F.);
#11355=ADVANCED_FACE('',(#1635),#1081,.F.);
#11356=ADVANCED_FACE('',(#1636),#1082,.F.);
#11357=ADVANCED_FACE('',(#1637),#1083,.F.);
#11358=ADVANCED_FACE('',(#1638),#1084,.F.);
#11359=ADVANCED_FACE('',(#1639),#1085,.F.);
#11360=ADVANCED_FACE('',(#1640),#1086,.F.);
#11361=ADVANCED_FACE('',(#1641),#1087,.F.);
#11362=ADVANCED_FACE('',(#1642),#1088,.F.);
#11363=ADVANCED_FACE('',(#1643),#1089,.F.);
#11364=ADVANCED_FACE('',(#1644),#1090,.F.);
#11365=ADVANCED_FACE('',(#1645),#1091,.F.);
#11366=ADVANCED_FACE('',(#1646),#1092,.F.);
#11367=ADVANCED_FACE('',(#1647),#1093,.F.);
#11368=ADVANCED_FACE('',(#1648),#1094,.F.);
#11369=ADVANCED_FACE('',(#1649),#1095,.F.);
#11370=ADVANCED_FACE('',(#1650),#1096,.F.);
#11371=ADVANCED_FACE('',(#1651),#1097,.F.);
#11372=ADVANCED_FACE('',(#1652),#1098,.F.);
#11373=ADVANCED_FACE('',(#1653),#1099,.F.);
#11374=ADVANCED_FACE('',(#1654),#1100,.F.);
#11375=ADVANCED_FACE('',(#1655),#1101,.F.);
#11376=ADVANCED_FACE('',(#1656),#1102,.F.);
#11377=ADVANCED_FACE('',(#1657),#1103,.F.);
#11378=ADVANCED_FACE('',(#1658),#1104,.F.);
#11379=ADVANCED_FACE('',(#1659),#1105,.F.);
#11380=ADVANCED_FACE('',(#1660),#1106,.F.);
#11381=ADVANCED_FACE('',(#1661),#1107,.F.);
#11382=ADVANCED_FACE('',(#1662),#1108,.F.);
#11383=ADVANCED_FACE('',(#1663),#1109,.F.);
#11384=ADVANCED_FACE('',(#1664),#1110,.F.);
#11385=ADVANCED_FACE('',(#1665),#1111,.T.);
#11386=ADVANCED_FACE('',(#1666),#1112,.T.);
#11387=ADVANCED_FACE('',(#1667),#1113,.T.);
#11388=ADVANCED_FACE('',(#1668),#1114,.T.);
#11389=ADVANCED_FACE('',(#1669),#1115,.T.);
#11390=ADVANCED_FACE('',(#1670),#1116,.T.);
#11391=ADVANCED_FACE('',(#1671),#1117,.T.);
#11392=ADVANCED_FACE('',(#1672),#1118,.T.);
#11393=ADVANCED_FACE('',(#1673),#1119,.T.);
#11394=ADVANCED_FACE('',(#1674),#1120,.T.);
#11395=ADVANCED_FACE('',(#1675),#1121,.T.);
#11396=ADVANCED_FACE('',(#1676),#1122,.T.);
#11397=ADVANCED_FACE('',(#1677),#1123,.T.);
#11398=ADVANCED_FACE('',(#1678),#1124,.T.);
#11399=ADVANCED_FACE('',(#1679),#1125,.T.);
#11400=ADVANCED_FACE('',(#1680),#1126,.T.);
#11401=ADVANCED_FACE('',(#1681),#1127,.T.);
#11402=ADVANCED_FACE('',(#1682),#1128,.T.);
#11403=ADVANCED_FACE('',(#1683),#123,.T.);
#11404=ADVANCED_FACE('',(#1684),#124,.T.);
#11405=ADVANCED_FACE('',(#1685),#125,.T.);
#11406=ADVANCED_FACE('',(#1686),#126,.T.);
#11407=ADVANCED_FACE('',(#1687),#127,.T.);
#11408=ADVANCED_FACE('',(#1688),#1129,.F.);
#11409=ADVANCED_FACE('',(#1689,#853,#854,#855,#856,#857,#858,#859,#860,
#861),#1130,.F.);
#11410=ADVANCED_FACE('',(#1690,#862,#863,#864,#865,#866,#867,#868,#869,
#870),#1131,.F.);
#11411=ADVANCED_FACE('',(#1691,#871),#1132,.F.);
#11412=ADVANCED_FACE('',(#1692),#1133,.F.);
#11413=ADVANCED_FACE('',(#1693),#1134,.F.);
#11414=ADVANCED_FACE('',(#1694,#872),#1135,.F.);
#11415=ADVANCED_FACE('',(#1695),#1136,.F.);
#11416=ADVANCED_FACE('',(#1696),#11199,.T.);
#11417=ADVANCED_FACE('',(#1697),#128,.T.);
#11418=ADVANCED_FACE('',(#1698,#873,#874,#875,#876,#877,#878,#879,#880,
#881),#129,.F.);
#11419=ADVANCED_FACE('',(#1699),#11200,.T.);
#11420=ADVANCED_FACE('',(#1700),#130,.T.);
#11421=ADVANCED_FACE('',(#1701,#882,#883,#884,#885,#886,#887,#888,#889,
#890),#131,.F.);
#11422=ADVANCED_FACE('',(#1702),#132,.T.);
#11423=ADVANCED_FACE('',(#1703),#1137,.F.);
#11424=ADVANCED_FACE('',(#1704),#1138,.F.);
#11425=ADVANCED_FACE('',(#1705),#1139,.F.);
#11426=ADVANCED_FACE('',(#1706),#1140,.F.);
#11427=ADVANCED_FACE('',(#1707),#1141,.F.);
#11428=ADVANCED_FACE('',(#1708),#1142,.F.);
#11429=ADVANCED_FACE('',(#1709),#133,.T.);
#11430=ADVANCED_FACE('',(#1710),#134,.T.);
#11431=ADVANCED_FACE('',(#1711),#135,.T.);
#11432=ADVANCED_FACE('',(#1712),#136,.T.);
#11433=ADVANCED_FACE('',(#1713),#137,.T.);
#11434=ADVANCED_FACE('',(#1714,#891),#1143,.F.);
#11435=ADVANCED_FACE('',(#1715),#138,.T.);
#11436=ADVANCED_FACE('',(#1716),#139,.F.);
#11437=ADVANCED_FACE('',(#1717),#11201,.F.);
#11438=ADVANCED_FACE('',(#1718,#892),#1144,.T.);
#11439=ADVANCED_FACE('',(#1719),#11202,.F.);
#11440=ADVANCED_FACE('',(#1720),#140,.F.);
#11441=ADVANCED_FACE('',(#1721),#11203,.F.);
#11442=ADVANCED_FACE('',(#1722),#1145,.T.);
#11443=ADVANCED_FACE('',(#1723),#1146,.T.);
#11444=ADVANCED_FACE('',(#1724),#1147,.T.);
#11445=ADVANCED_FACE('',(#1725),#1148,.T.);
#11446=ADVANCED_FACE('',(#1726),#1149,.T.);
#11447=ADVANCED_FACE('',(#1727),#1150,.T.);
#11448=ADVANCED_FACE('',(#1728),#1151,.T.);
#11449=ADVANCED_FACE('',(#1729),#1152,.T.);
#11450=ADVANCED_FACE('',(#1730),#1153,.T.);
#11451=ADVANCED_FACE('',(#1731),#1154,.T.);
#11452=ADVANCED_FACE('',(#1732),#1155,.T.);
#11453=ADVANCED_FACE('',(#1733),#1156,.T.);
#11454=ADVANCED_FACE('',(#1734),#1157,.T.);
#11455=ADVANCED_FACE('',(#1735),#1158,.T.);
#11456=ADVANCED_FACE('',(#1736),#1159,.T.);
#11457=ADVANCED_FACE('',(#1737),#1160,.T.);
#11458=ADVANCED_FACE('',(#1738),#1161,.T.);
#11459=ADVANCED_FACE('',(#1739),#1162,.T.);
#11460=ADVANCED_FACE('',(#1740),#1163,.T.);
#11461=ADVANCED_FACE('',(#1741),#1164,.T.);
#11462=ADVANCED_FACE('',(#1742),#1165,.T.);
#11463=ADVANCED_FACE('',(#1743),#1166,.T.);
#11464=ADVANCED_FACE('',(#1744),#141,.F.);
#11465=ADVANCED_FACE('',(#1745),#142,.F.);
#11466=ADVANCED_FACE('',(#1746),#143,.F.);
#11467=ADVANCED_FACE('',(#1747),#144,.F.);
#11468=ADVANCED_FACE('',(#1748),#145,.F.);
#11469=ADVANCED_FACE('',(#1749),#146,.F.);
#11470=ADVANCED_FACE('',(#1750),#147,.F.);
#11471=ADVANCED_FACE('',(#1751),#148,.F.);
#11472=ADVANCED_FACE('',(#1752),#149,.F.);
#11473=ADVANCED_FACE('',(#1753),#150,.F.);
#11474=ADVANCED_FACE('',(#1754),#151,.F.);
#11475=ADVANCED_FACE('',(#1755),#152,.F.);
#11476=ADVANCED_FACE('',(#1756),#153,.F.);
#11477=ADVANCED_FACE('',(#1757),#154,.F.);
#11478=ADVANCED_FACE('',(#1758),#155,.F.);
#11479=ADVANCED_FACE('',(#1759),#156,.F.);
#11480=ADVANCED_FACE('',(#1760),#157,.F.);
#11481=ADVANCED_FACE('',(#1761),#158,.F.);
#11482=ADVANCED_FACE('',(#1762),#159,.F.);
#11483=ADVANCED_FACE('',(#1763),#160,.F.);
#11484=ADVANCED_FACE('',(#1764),#161,.F.);
#11485=ADVANCED_FACE('',(#1765),#162,.F.);
#11486=ADVANCED_FACE('',(#1766),#1167,.F.);
#11487=ADVANCED_FACE('',(#1767),#11204,.F.);
#11488=ADVANCED_FACE('',(#1768),#1168,.F.);
#11489=ADVANCED_FACE('',(#1769),#1169,.F.);
#11490=ADVANCED_FACE('',(#1770),#1170,.T.);
#11491=ADVANCED_FACE('',(#1771),#11205,.F.);
#11492=ADVANCED_FACE('',(#1772),#1171,.T.);
#11493=ADVANCED_FACE('',(#1773),#1172,.F.);
#11494=ADVANCED_FACE('',(#1774),#1173,.F.);
#11495=ADVANCED_FACE('',(#1775),#1174,.F.);
#11496=ADVANCED_FACE('',(#1776),#1175,.F.);
#11497=ADVANCED_FACE('',(#1777),#1176,.F.);
#11498=ADVANCED_FACE('',(#1778),#1177,.F.);
#11499=ADVANCED_FACE('',(#1779),#1178,.F.);
#11500=ADVANCED_FACE('',(#1780),#1179,.F.);
#11501=ADVANCED_FACE('',(#1781),#1180,.F.);
#11502=ADVANCED_FACE('',(#1782),#1181,.F.);
#11503=ADVANCED_FACE('',(#1783),#1182,.F.);
#11504=ADVANCED_FACE('',(#1784),#1183,.F.);
#11505=ADVANCED_FACE('',(#1785),#1184,.F.);
#11506=ADVANCED_FACE('',(#1786),#1185,.F.);
#11507=ADVANCED_FACE('',(#1787),#1186,.F.);
#11508=ADVANCED_FACE('',(#1788),#1187,.F.);
#11509=ADVANCED_FACE('',(#1789),#1188,.F.);
#11510=ADVANCED_FACE('',(#1790),#1189,.F.);
#11511=ADVANCED_FACE('',(#1791),#1190,.F.);
#11512=ADVANCED_FACE('',(#1792),#1191,.F.);
#11513=ADVANCED_FACE('',(#1793),#1192,.F.);
#11514=ADVANCED_FACE('',(#1794),#1193,.F.);
#11515=ADVANCED_FACE('',(#1795),#1194,.F.);
#11516=ADVANCED_FACE('',(#1796),#1195,.F.);
#11517=ADVANCED_FACE('',(#1797),#1196,.F.);
#11518=ADVANCED_FACE('',(#1798),#1197,.F.);
#11519=ADVANCED_FACE('',(#1799),#1198,.F.);
#11520=ADVANCED_FACE('',(#1800),#1199,.F.);
#11521=ADVANCED_FACE('',(#1801),#1200,.F.);
#11522=ADVANCED_FACE('',(#1802),#1201,.F.);
#11523=ADVANCED_FACE('',(#1803),#1202,.F.);
#11524=ADVANCED_FACE('',(#1804),#1203,.F.);
#11525=ADVANCED_FACE('',(#1805),#1204,.F.);
#11526=ADVANCED_FACE('',(#1806),#1205,.F.);
#11527=ADVANCED_FACE('',(#1807),#1206,.F.);
#11528=ADVANCED_FACE('',(#1808),#1207,.F.);
#11529=ADVANCED_FACE('',(#1809),#1208,.F.);
#11530=ADVANCED_FACE('',(#1810),#1209,.F.);
#11531=ADVANCED_FACE('',(#1811),#1210,.F.);
#11532=ADVANCED_FACE('',(#1812),#1211,.F.);
#11533=ADVANCED_FACE('',(#1813),#1212,.F.);
#11534=ADVANCED_FACE('',(#1814),#1213,.F.);
#11535=ADVANCED_FACE('',(#1815),#1214,.F.);
#11536=ADVANCED_FACE('',(#1816),#1215,.F.);
#11537=ADVANCED_FACE('',(#1817),#1216,.F.);
#11538=ADVANCED_FACE('',(#1818),#1217,.F.);
#11539=ADVANCED_FACE('',(#1819),#1218,.F.);
#11540=ADVANCED_FACE('',(#1820),#1219,.F.);
#11541=ADVANCED_FACE('',(#1821),#1220,.F.);
#11542=ADVANCED_FACE('',(#1822),#1221,.F.);
#11543=ADVANCED_FACE('',(#1823),#1222,.F.);
#11544=ADVANCED_FACE('',(#1824),#1223,.F.);
#11545=ADVANCED_FACE('',(#1825),#1224,.F.);
#11546=ADVANCED_FACE('',(#1826),#1225,.F.);
#11547=ADVANCED_FACE('',(#1827),#1226,.F.);
#11548=ADVANCED_FACE('',(#1828),#1227,.F.);
#11549=ADVANCED_FACE('',(#1829),#1228,.F.);
#11550=ADVANCED_FACE('',(#1830),#1229,.F.);
#11551=ADVANCED_FACE('',(#1831),#1230,.F.);
#11552=ADVANCED_FACE('',(#1832),#1231,.F.);
#11553=ADVANCED_FACE('',(#1833),#1232,.F.);
#11554=ADVANCED_FACE('',(#1834),#1233,.F.);
#11555=ADVANCED_FACE('',(#1835),#1234,.F.);
#11556=ADVANCED_FACE('',(#1836),#1235,.F.);
#11557=ADVANCED_FACE('',(#1837),#1236,.F.);
#11558=ADVANCED_FACE('',(#1838),#1237,.F.);
#11559=ADVANCED_FACE('',(#1839),#1238,.F.);
#11560=ADVANCED_FACE('',(#1840),#1239,.F.);
#11561=ADVANCED_FACE('',(#1841),#1240,.F.);
#11562=ADVANCED_FACE('',(#1842),#1241,.F.);
#11563=ADVANCED_FACE('',(#1843),#1242,.F.);
#11564=ADVANCED_FACE('',(#1844),#1243,.F.);
#11565=ADVANCED_FACE('',(#1845),#1244,.F.);
#11566=ADVANCED_FACE('',(#1846),#1245,.F.);
#11567=ADVANCED_FACE('',(#1847),#1246,.F.);
#11568=ADVANCED_FACE('',(#1848),#1247,.F.);
#11569=ADVANCED_FACE('',(#1849),#1248,.F.);
#11570=ADVANCED_FACE('',(#1850),#1249,.F.);
#11571=ADVANCED_FACE('',(#1851),#1250,.F.);
#11572=ADVANCED_FACE('',(#1852),#1251,.F.);
#11573=ADVANCED_FACE('',(#1853),#1252,.F.);
#11574=ADVANCED_FACE('',(#1854),#1253,.F.);
#11575=ADVANCED_FACE('',(#1855),#1254,.F.);
#11576=ADVANCED_FACE('',(#1856),#1255,.F.);
#11577=ADVANCED_FACE('',(#1857),#1256,.F.);
#11578=ADVANCED_FACE('',(#1858),#1257,.F.);
#11579=ADVANCED_FACE('',(#1859),#1258,.F.);
#11580=ADVANCED_FACE('',(#1860),#1259,.F.);
#11581=ADVANCED_FACE('',(#1861),#1260,.F.);
#11582=ADVANCED_FACE('',(#1862),#1261,.F.);
#11583=ADVANCED_FACE('',(#1863),#1262,.F.);
#11584=ADVANCED_FACE('',(#1864),#1263,.F.);
#11585=ADVANCED_FACE('',(#1865),#1264,.F.);
#11586=ADVANCED_FACE('',(#1866),#1265,.F.);
#11587=ADVANCED_FACE('',(#1867),#1266,.F.);
#11588=ADVANCED_FACE('',(#1868),#1267,.F.);
#11589=ADVANCED_FACE('',(#1869),#1268,.F.);
#11590=ADVANCED_FACE('',(#1870),#1269,.F.);
#11591=ADVANCED_FACE('',(#1871),#1270,.F.);
#11592=ADVANCED_FACE('',(#1872),#1271,.F.);
#11593=ADVANCED_FACE('',(#1873),#1272,.F.);
#11594=ADVANCED_FACE('',(#1874),#1273,.F.);
#11595=ADVANCED_FACE('',(#1875),#1274,.F.);
#11596=ADVANCED_FACE('',(#1876),#1275,.F.);
#11597=ADVANCED_FACE('',(#1877),#1276,.F.);
#11598=ADVANCED_FACE('',(#1878),#1277,.F.);
#11599=ADVANCED_FACE('',(#1879),#11206,.F.);
#11600=ADVANCED_FACE('',(#1880),#1278,.F.);
#11601=ADVANCED_FACE('',(#1881),#1279,.F.);
#11602=ADVANCED_FACE('',(#1882),#1280,.F.);
#11603=ADVANCED_FACE('',(#1883),#1281,.F.);
#11604=ADVANCED_FACE('',(#1884),#11207,.F.);
#11605=ADVANCED_FACE('',(#1885),#1282,.F.);
#11606=ADVANCED_FACE('',(#1886),#1283,.F.);
#11607=ADVANCED_FACE('',(#1887),#1284,.F.);
#11608=ADVANCED_FACE('',(#1888),#1285,.F.);
#11609=ADVANCED_FACE('',(#1889),#1286,.F.);
#11610=ADVANCED_FACE('',(#1890),#1287,.F.);
#11611=ADVANCED_FACE('',(#1891),#1288,.F.);
#11612=ADVANCED_FACE('',(#1892),#1289,.F.);
#11613=ADVANCED_FACE('',(#1893),#1290,.F.);
#11614=ADVANCED_FACE('',(#1894),#1291,.F.);
#11615=ADVANCED_FACE('',(#1895),#1292,.F.);
#11616=ADVANCED_FACE('',(#1896),#1293,.F.);
#11617=ADVANCED_FACE('',(#1897),#1294,.F.);
#11618=ADVANCED_FACE('',(#1898),#1295,.F.);
#11619=ADVANCED_FACE('',(#1899),#1296,.F.);
#11620=ADVANCED_FACE('',(#1900),#1297,.F.);
#11621=ADVANCED_FACE('',(#1901),#1298,.F.);
#11622=ADVANCED_FACE('',(#1902),#1299,.F.);
#11623=ADVANCED_FACE('',(#1903),#1300,.F.);
#11624=ADVANCED_FACE('',(#1904),#1301,.F.);
#11625=ADVANCED_FACE('',(#1905),#1302,.F.);
#11626=ADVANCED_FACE('',(#1906),#1303,.F.);
#11627=ADVANCED_FACE('',(#1907),#1304,.F.);
#11628=ADVANCED_FACE('',(#1908),#1305,.F.);
#11629=ADVANCED_FACE('',(#1909),#1306,.F.);
#11630=ADVANCED_FACE('',(#1910),#1307,.F.);
#11631=ADVANCED_FACE('',(#1911),#1308,.F.);
#11632=ADVANCED_FACE('',(#1912),#1309,.F.);
#11633=ADVANCED_FACE('',(#1913),#1310,.F.);
#11634=ADVANCED_FACE('',(#1914),#1311,.F.);
#11635=ADVANCED_FACE('',(#1915),#1312,.F.);
#11636=ADVANCED_FACE('',(#1916),#1313,.F.);
#11637=ADVANCED_FACE('',(#1917),#1314,.F.);
#11638=ADVANCED_FACE('',(#1918),#1315,.F.);
#11639=ADVANCED_FACE('',(#1919),#1316,.F.);
#11640=ADVANCED_FACE('',(#1920),#1317,.F.);
#11641=ADVANCED_FACE('',(#1921),#1318,.F.);
#11642=ADVANCED_FACE('',(#1922),#1319,.F.);
#11643=ADVANCED_FACE('',(#1923),#1320,.F.);
#11644=ADVANCED_FACE('',(#1924),#1321,.F.);
#11645=ADVANCED_FACE('',(#1925),#1322,.F.);
#11646=ADVANCED_FACE('',(#1926),#1323,.F.);
#11647=ADVANCED_FACE('',(#1927),#1324,.F.);
#11648=ADVANCED_FACE('',(#1928),#1325,.F.);
#11649=ADVANCED_FACE('',(#1929),#1326,.F.);
#11650=ADVANCED_FACE('',(#1930),#1327,.F.);
#11651=ADVANCED_FACE('',(#1931),#1328,.F.);
#11652=ADVANCED_FACE('',(#1932),#1329,.F.);
#11653=ADVANCED_FACE('',(#1933),#1330,.F.);
#11654=ADVANCED_FACE('',(#1934),#1331,.F.);
#11655=ADVANCED_FACE('',(#1935),#1332,.F.);
#11656=ADVANCED_FACE('',(#1936),#1333,.F.);
#11657=ADVANCED_FACE('',(#1937),#1334,.F.);
#11658=ADVANCED_FACE('',(#1938),#1335,.F.);
#11659=ADVANCED_FACE('',(#1939),#1336,.F.);
#11660=ADVANCED_FACE('',(#1940),#1337,.F.);
#11661=ADVANCED_FACE('',(#1941),#1338,.F.);
#11662=ADVANCED_FACE('',(#1942),#1339,.F.);
#11663=ADVANCED_FACE('',(#1943),#1340,.F.);
#11664=ADVANCED_FACE('',(#1944),#1341,.F.);
#11665=ADVANCED_FACE('',(#1945),#1342,.F.);
#11666=ADVANCED_FACE('',(#1946),#1343,.F.);
#11667=ADVANCED_FACE('',(#1947),#1344,.F.);
#11668=ADVANCED_FACE('',(#1948),#1345,.F.);
#11669=ADVANCED_FACE('',(#1949),#1346,.F.);
#11670=ADVANCED_FACE('',(#1950),#1347,.F.);
#11671=ADVANCED_FACE('',(#1951),#1348,.F.);
#11672=ADVANCED_FACE('',(#1952),#1349,.F.);
#11673=ADVANCED_FACE('',(#1953),#1350,.F.);
#11674=ADVANCED_FACE('',(#1954),#1351,.F.);
#11675=ADVANCED_FACE('',(#1955),#1352,.F.);
#11676=ADVANCED_FACE('',(#1956),#1353,.F.);
#11677=ADVANCED_FACE('',(#1957),#1354,.F.);
#11678=ADVANCED_FACE('',(#1958),#1355,.F.);
#11679=ADVANCED_FACE('',(#1959),#1356,.F.);
#11680=ADVANCED_FACE('',(#1960),#1357,.F.);
#11681=ADVANCED_FACE('',(#1961),#1358,.F.);
#11682=ADVANCED_FACE('',(#1962),#1359,.F.);
#11683=ADVANCED_FACE('',(#1963),#1360,.F.);
#11684=ADVANCED_FACE('',(#1964),#1361,.F.);
#11685=ADVANCED_FACE('',(#1965),#1362,.F.);
#11686=ADVANCED_FACE('',(#1966),#1363,.F.);
#11687=ADVANCED_FACE('',(#1967),#1364,.F.);
#11688=ADVANCED_FACE('',(#1968),#1365,.F.);
#11689=ADVANCED_FACE('',(#1969),#1366,.F.);
#11690=ADVANCED_FACE('',(#1970),#1367,.F.);
#11691=ADVANCED_FACE('',(#1971),#11208,.F.);
#11692=ADVANCED_FACE('',(#1972),#1368,.F.);
#11693=ADVANCED_FACE('',(#1973),#1369,.F.);
#11694=ADVANCED_FACE('',(#1974),#1370,.F.);
#11695=ADVANCED_FACE('',(#1975),#1371,.F.);
#11696=ADVANCED_FACE('',(#1976),#1372,.F.);
#11697=ADVANCED_FACE('',(#1977),#1373,.F.);
#11698=ADVANCED_FACE('',(#1978),#1374,.F.);
#11699=ADVANCED_FACE('',(#1979),#1375,.F.);
#11700=ADVANCED_FACE('',(#1980),#1376,.F.);
#11701=ADVANCED_FACE('',(#1981),#1377,.F.);
#11702=ADVANCED_FACE('',(#1982),#1378,.F.);
#11703=ADVANCED_FACE('',(#1983),#1379,.F.);
#11704=ADVANCED_FACE('',(#1984),#1380,.F.);
#11705=ADVANCED_FACE('',(#1985),#1381,.F.);
#11706=ADVANCED_FACE('',(#1986),#1382,.F.);
#11707=ADVANCED_FACE('',(#1987),#1383,.F.);
#11708=ADVANCED_FACE('',(#1988),#1384,.F.);
#11709=ADVANCED_FACE('',(#1989),#1385,.F.);
#11710=ADVANCED_FACE('',(#1990),#1386,.F.);
#11711=ADVANCED_FACE('',(#1991),#1387,.F.);
#11712=ADVANCED_FACE('',(#1992),#1388,.F.);
#11713=ADVANCED_FACE('',(#1993),#1389,.F.);
#11714=ADVANCED_FACE('',(#1994),#1390,.F.);
#11715=ADVANCED_FACE('',(#1995),#1391,.F.);
#11716=ADVANCED_FACE('',(#1996),#1392,.F.);
#11717=ADVANCED_FACE('',(#1997),#1393,.F.);
#11718=ADVANCED_FACE('',(#1998),#1394,.F.);
#11719=ADVANCED_FACE('',(#1999),#1395,.F.);
#11720=ADVANCED_FACE('',(#2000),#1396,.F.);
#11721=ADVANCED_FACE('',(#2001),#11209,.F.);
#11722=ADVANCED_FACE('',(#2002),#1397,.F.);
#11723=ADVANCED_FACE('',(#2003),#1398,.F.);
#11724=ADVANCED_FACE('',(#2004),#1399,.F.);
#11725=ADVANCED_FACE('',(#2005),#1400,.F.);
#11726=ADVANCED_FACE('',(#2006),#1401,.F.);
#11727=ADVANCED_FACE('',(#2007),#1402,.F.);
#11728=ADVANCED_FACE('',(#2008),#1403,.F.);
#11729=ADVANCED_FACE('',(#2009),#1404,.F.);
#11730=ADVANCED_FACE('',(#2010),#1405,.F.);
#11731=ADVANCED_FACE('',(#2011),#1406,.F.);
#11732=ADVANCED_FACE('',(#2012),#1407,.F.);
#11733=ADVANCED_FACE('',(#2013),#1408,.F.);
#11734=ADVANCED_FACE('',(#2014),#1409,.F.);
#11735=ADVANCED_FACE('',(#2015),#1410,.F.);
#11736=ADVANCED_FACE('',(#2016),#1411,.F.);
#11737=ADVANCED_FACE('',(#2017),#1412,.F.);
#11738=ADVANCED_FACE('',(#2018),#1413,.F.);
#11739=ADVANCED_FACE('',(#2019),#1414,.F.);
#11740=ADVANCED_FACE('',(#2020),#1415,.F.);
#11741=ADVANCED_FACE('',(#2021),#1416,.F.);
#11742=ADVANCED_FACE('',(#2022),#1417,.F.);
#11743=ADVANCED_FACE('',(#2023),#1418,.F.);
#11744=ADVANCED_FACE('',(#2024),#1419,.F.);
#11745=ADVANCED_FACE('',(#2025),#1420,.F.);
#11746=ADVANCED_FACE('',(#2026),#1421,.F.);
#11747=ADVANCED_FACE('',(#2027),#1422,.F.);
#11748=ADVANCED_FACE('',(#2028),#1423,.F.);
#11749=ADVANCED_FACE('',(#2029),#1424,.F.);
#11750=ADVANCED_FACE('',(#2030),#1425,.F.);
#11751=ADVANCED_FACE('',(#2031),#1426,.F.);
#11752=ADVANCED_FACE('',(#2032),#1427,.F.);
#11753=ADVANCED_FACE('',(#2033),#1428,.F.);
#11754=ADVANCED_FACE('',(#2034),#1429,.F.);
#11755=ADVANCED_FACE('',(#2035),#1430,.F.);
#11756=ADVANCED_FACE('',(#2036),#1431,.F.);
#11757=ADVANCED_FACE('',(#2037),#1432,.F.);
#11758=ADVANCED_FACE('',(#2038,#893,#894,#895,#896,#897,#898,#899,#900,
#901,#902,#903,#904,#905,#906,#907,#908,#909,#910,#911,#912,#913,#914,#915,
#916,#917,#918,#919,#920,#921,#922,#923,#924,#925,#926,#927,#928,#929,#930,
#931,#932,#933,#934,#935,#936,#937,#938,#939,#940,#941,#942,#943,#944,#945,
#946,#947,#948,#949,#950,#951,#952,#953,#954,#955,#956,#957,#958,#959),
#1433,.F.);
#11759=ADVANCED_FACE('',(#2039),#1434,.F.);
#11760=ADVANCED_FACE('',(#2040),#1435,.F.);
#11761=ADVANCED_FACE('',(#2041),#1436,.F.);
#11762=ADVANCED_FACE('',(#2042),#1437,.F.);
#11763=ADVANCED_FACE('',(#2043),#1438,.F.);
#11764=ADVANCED_FACE('',(#2044),#1439,.F.);
#11765=ADVANCED_FACE('',(#2045),#1440,.F.);
#11766=ADVANCED_FACE('',(#2046),#1441,.F.);
#11767=ADVANCED_FACE('',(#2047),#1442,.F.);
#11768=ADVANCED_FACE('',(#2048),#1443,.F.);
#11769=ADVANCED_FACE('',(#2049),#1444,.F.);
#11770=ADVANCED_FACE('',(#2050),#1445,.F.);
#11771=ADVANCED_FACE('',(#2051),#1446,.F.);
#11772=ADVANCED_FACE('',(#2052),#1447,.F.);
#11773=ADVANCED_FACE('',(#2053),#1448,.F.);
#11774=ADVANCED_FACE('',(#2054),#1449,.F.);
#11775=ADVANCED_FACE('',(#2055),#1450,.F.);
#11776=ADVANCED_FACE('',(#2056),#1451,.F.);
#11777=ADVANCED_FACE('',(#2057),#1452,.F.);
#11778=ADVANCED_FACE('',(#2058),#1453,.F.);
#11779=ADVANCED_FACE('',(#2059),#1454,.F.);
#11780=ADVANCED_FACE('',(#2060),#1455,.F.);
#11781=ADVANCED_FACE('',(#2061),#1456,.F.);
#11782=ADVANCED_FACE('',(#2062),#1457,.F.);
#11783=ADVANCED_FACE('',(#2063),#1458,.F.);
#11784=ADVANCED_FACE('',(#2064),#1459,.F.);
#11785=ADVANCED_FACE('',(#2065),#1460,.F.);
#11786=ADVANCED_FACE('',(#2066),#1461,.F.);
#11787=ADVANCED_FACE('',(#2067),#1462,.F.);
#11788=ADVANCED_FACE('',(#2068),#1463,.F.);
#11789=ADVANCED_FACE('',(#2069),#1464,.F.);
#11790=ADVANCED_FACE('',(#2070),#1465,.F.);
#11791=ADVANCED_FACE('',(#2071),#1466,.F.);
#11792=ADVANCED_FACE('',(#2072),#1467,.F.);
#11793=ADVANCED_FACE('',(#2073),#1468,.F.);
#11794=ADVANCED_FACE('',(#2074),#1469,.F.);
#11795=ADVANCED_FACE('',(#2075),#1470,.F.);
#11796=ADVANCED_FACE('',(#2076),#1471,.F.);
#11797=ADVANCED_FACE('',(#2077),#1472,.F.);
#11798=ADVANCED_FACE('',(#2078),#1473,.F.);
#11799=ADVANCED_FACE('',(#2079),#1474,.F.);
#11800=ADVANCED_FACE('',(#2080),#1475,.F.);
#11801=ADVANCED_FACE('',(#2081),#1476,.F.);
#11802=ADVANCED_FACE('',(#2082),#1477,.F.);
#11803=ADVANCED_FACE('',(#2083),#1478,.F.);
#11804=ADVANCED_FACE('',(#2084),#1479,.F.);
#11805=ADVANCED_FACE('',(#2085),#1480,.F.);
#11806=ADVANCED_FACE('',(#2086),#1481,.F.);
#11807=ADVANCED_FACE('',(#2087),#1482,.F.);
#11808=ADVANCED_FACE('',(#2088),#1483,.F.);
#11809=ADVANCED_FACE('',(#2089),#1484,.F.);
#11810=ADVANCED_FACE('',(#2090),#1485,.F.);
#11811=ADVANCED_FACE('',(#2091),#1486,.F.);
#11812=ADVANCED_FACE('',(#2092),#1487,.F.);
#11813=ADVANCED_FACE('',(#2093),#1488,.F.);
#11814=ADVANCED_FACE('',(#2094),#1489,.F.);
#11815=ADVANCED_FACE('',(#2095),#1490,.F.);
#11816=ADVANCED_FACE('',(#2096),#1491,.F.);
#11817=ADVANCED_FACE('',(#2097),#1492,.F.);
#11818=ADVANCED_FACE('',(#2098),#1493,.F.);
#11819=ADVANCED_FACE('',(#2099),#1494,.F.);
#11820=ADVANCED_FACE('',(#2100),#1495,.F.);
#11821=ADVANCED_FACE('',(#2101),#1496,.F.);
#11822=ADVANCED_FACE('',(#2102),#1497,.F.);
#11823=ADVANCED_FACE('',(#2103),#1498,.F.);
#11824=ADVANCED_FACE('',(#2104),#1499,.F.);
#11825=ADVANCED_FACE('',(#2105),#11210,.F.);
#11826=ADVANCED_FACE('',(#2106),#11211,.F.);
#11827=ADVANCED_FACE('',(#2107),#11212,.F.);
#11828=ADVANCED_FACE('',(#2108),#11213,.F.);
#11829=ADVANCED_FACE('',(#2109),#11214,.F.);
#11830=ADVANCED_FACE('',(#2110),#11215,.F.);
#11831=ADVANCED_FACE('',(#2111),#11216,.F.);
#11832=ADVANCED_FACE('',(#2112),#11217,.F.);
#11833=ADVANCED_FACE('',(#2113),#11218,.F.);
#11834=ADVANCED_FACE('',(#2114),#11219,.F.);
#11835=ADVANCED_FACE('',(#2115),#11220,.F.);
#11836=ADVANCED_FACE('',(#2116),#11221,.F.);
#11837=ADVANCED_FACE('',(#2117),#11222,.F.);
#11838=ADVANCED_FACE('',(#2118),#11223,.F.);
#11839=ADVANCED_FACE('',(#2119),#11224,.F.);
#11840=ADVANCED_FACE('',(#2120),#11225,.F.);
#11841=ADVANCED_FACE('',(#2121,#960,#961),#1500,.T.);
#11842=ADVANCED_FACE('',(#2122),#11226,.F.);
#11843=ADVANCED_FACE('',(#2123),#1501,.T.);
#11844=ADVANCED_FACE('',(#2124),#11227,.T.);
#11845=ADVANCED_FACE('',(#2125,#962,#963,#964,#965,#966,#967,#968,#969,
#970,#971,#972,#973),#1502,.T.);
#11846=ADVANCED_FACE('',(#2126),#11228,.T.);
#11847=ADVANCED_FACE('',(#2127),#1503,.T.);
#11848=ADVANCED_FACE('',(#2128),#11229,.F.);
#11849=ADVANCED_FACE('',(#2129,#974,#975),#1504,.T.);
#11850=ADVANCED_FACE('',(#2130),#1505,.T.);
#11851=ADVANCED_FACE('',(#2131,#976,#977),#1506,.T.);
#11852=ADVANCED_FACE('',(#2132),#11230,.T.);
#11853=ADVANCED_FACE('',(#2133),#1507,.T.);
#11854=ADVANCED_FACE('',(#2134),#11231,.F.);
#11855=ADVANCED_FACE('',(#2135,#978,#979,#980,#981,#982,#983,#984,#985,
#986,#987,#988,#989),#1508,.T.);
#11856=ADVANCED_FACE('',(#2136),#11232,.F.);
#11857=ADVANCED_FACE('',(#2137),#1509,.T.);
#11858=ADVANCED_FACE('',(#2138),#11233,.T.);
#11859=ADVANCED_FACE('',(#2139,#990,#991),#1510,.T.);
#11860=ADVANCED_FACE('',(#2140),#1511,.T.);
#11861=ADVANCED_FACE('',(#2141),#1512,.T.);
#11862=ADVANCED_FACE('',(#2142),#1513,.F.);
#11863=CLOSED_SHELL('',(#11234,#11235,#11236,#11237,#11238,#11239,#11240,
#11241,#11242,#11243,#11244,#11245,#11246,#11247,#11248,#11249,#11250,#11251));
#11864=CLOSED_SHELL('',(#11252,#11253,#11254,#11255,#11256,#11257,#11258,
#11259,#11260,#11261,#11262,#11263,#11264,#11265,#11266,#11267,#11268,#11269,
#11270,#11271,#11272,#11273,#11274,#11275,#11276,#11277,#11278,#11279,#11280,
#11281));
#11865=CLOSED_SHELL('',(#11282,#11283,#11284,#11285,#11286,#11287,#11288,
#11289,#11290,#11291,#11292,#11293,#11294,#11295,#11296,#11297,#11298,#11299,
#11300,#11301,#11302,#11303,#11304,#11305,#11306,#11307,#11308,#11309,#11310,
#11311,#11312,#11313,#11314,#11315,#11316,#11317,#11318,#11319,#11320,#11321,
#11322,#11323,#11324,#11325,#11326,#11327,#11328,#11329,#11330,#11331,#11332,
#11333,#11334,#11335,#11336,#11337,#11338,#11339,#11340,#11341,#11342,#11343,
#11344,#11345,#11346,#11347,#11348,#11349,#11350,#11351,#11352,#11353,#11354,
#11355,#11356,#11357,#11358,#11359,#11360,#11361,#11362,#11363,#11364,#11365,
#11366,#11367,#11368,#11369,#11370,#11371,#11372,#11373,#11374,#11375,#11376,
#11377,#11378,#11379,#11380,#11381,#11382,#11383,#11384,#11385,#11386,#11387,
#11388,#11389,#11390,#11391,#11392,#11393,#11394,#11395,#11396,#11397,#11398,
#11399,#11400,#11401,#11402,#11403,#11404,#11405,#11406,#11407,#11408,#11409,
#11410,#11411,#11412,#11413,#11414,#11415,#11416,#11417,#11418,#11419,#11420,
#11421,#11422,#11423,#11424,#11425,#11426,#11427,#11428,#11429,#11430,#11431,
#11432,#11433,#11434,#11435,#11436,#11437,#11438,#11439,#11440,#11441,#11442,
#11443,#11444,#11445,#11446,#11447,#11448,#11449,#11450,#11451,#11452,#11453,
#11454,#11455,#11456,#11457,#11458,#11459,#11460,#11461,#11462,#11463,#11464,
#11465,#11466,#11467,#11468,#11469,#11470,#11471,#11472,#11473,#11474,#11475,
#11476,#11477,#11478,#11479,#11480,#11481,#11482,#11483,#11484,#11485,#11486,
#11487,#11488,#11489,#11490,#11491,#11492,#11493,#11494,#11495,#11496,#11497,
#11498,#11499,#11500,#11501,#11502,#11503,#11504,#11505,#11506,#11507,#11508,
#11509,#11510,#11511,#11512,#11513,#11514,#11515,#11516,#11517,#11518,#11519,
#11520,#11521,#11522,#11523,#11524,#11525,#11526,#11527,#11528,#11529,#11530,
#11531,#11532,#11533,#11534,#11535,#11536,#11537,#11538,#11539,#11540,#11541,
#11542,#11543,#11544,#11545,#11546,#11547,#11548,#11549,#11550,#11551,#11552,
#11553,#11554,#11555,#11556,#11557,#11558,#11559,#11560,#11561,#11562,#11563,
#11564,#11565,#11566,#11567,#11568,#11569,#11570,#11571,#11572,#11573,#11574,
#11575,#11576,#11577,#11578,#11579,#11580,#11581,#11582,#11583,#11584,#11585,
#11586,#11587,#11588,#11589,#11590,#11591,#11592,#11593,#11594,#11595,#11596,
#11597,#11598,#11599,#11600,#11601,#11602,#11603,#11604,#11605,#11606,#11607,
#11608,#11609,#11610,#11611,#11612,#11613,#11614,#11615,#11616,#11617,#11618,
#11619,#11620,#11621,#11622,#11623,#11624,#11625,#11626,#11627,#11628,#11629,
#11630,#11631,#11632,#11633,#11634,#11635,#11636,#11637,#11638,#11639,#11640,
#11641,#11642,#11643,#11644,#11645,#11646,#11647,#11648,#11649,#11650,#11651,
#11652,#11653,#11654,#11655,#11656,#11657,#11658,#11659,#11660,#11661,#11662,
#11663,#11664,#11665,#11666,#11667,#11668,#11669,#11670,#11671,#11672,#11673,
#11674,#11675,#11676,#11677,#11678,#11679,#11680,#11681,#11682,#11683,#11684,
#11685,#11686,#11687,#11688,#11689,#11690,#11691,#11692,#11693,#11694,#11695,
#11696,#11697,#11698,#11699,#11700,#11701,#11702,#11703,#11704,#11705,#11706,
#11707,#11708,#11709,#11710,#11711,#11712,#11713,#11714,#11715,#11716,#11717,
#11718,#11719,#11720,#11721,#11722,#11723,#11724,#11725,#11726,#11727,#11728,
#11729,#11730,#11731,#11732,#11733,#11734,#11735,#11736,#11737,#11738,#11739,
#11740,#11741,#11742,#11743,#11744,#11745,#11746,#11747,#11748,#11749,#11750,
#11751,#11752,#11753,#11754,#11755,#11756,#11757,#11758,#11759,#11760,#11761,
#11762,#11763,#11764,#11765,#11766,#11767,#11768,#11769,#11770,#11771,#11772,
#11773,#11774,#11775,#11776,#11777,#11778,#11779,#11780,#11781,#11782,#11783,
#11784,#11785,#11786,#11787,#11788,#11789,#11790,#11791,#11792,#11793,#11794,
#11795,#11796,#11797,#11798,#11799,#11800,#11801,#11802,#11803,#11804,#11805,
#11806,#11807,#11808,#11809,#11810,#11811,#11812,#11813,#11814,#11815,#11816,
#11817,#11818,#11819,#11820,#11821,#11822,#11823,#11824));
#11866=CLOSED_SHELL('',(#11825,#11826,#11827,#11828,#11829,#11830,#11831,
#11832,#11833,#11834,#11835,#11836,#11837,#11838,#11839,#11840,#11841,#11842,
#11843,#11844,#11845,#11846,#11847,#11848,#11849,#11850,#11851,#11852,#11853,
#11854,#11855,#11856,#11857,#11858,#11859,#11860,#11861,#11862));
#11867=DERIVED_UNIT_ELEMENT(#11875,1.);
#11868=DERIVED_UNIT_ELEMENT(#19237,-3.);
#11869=DERIVED_UNIT_ELEMENT(#11875,1.);
#11870=DERIVED_UNIT_ELEMENT(#19237,-3.);
#11871=DERIVED_UNIT_ELEMENT(#11875,1.);
#11872=DERIVED_UNIT_ELEMENT(#19237,-3.);
#11873=DERIVED_UNIT_ELEMENT(#11875,1.);
#11874=DERIVED_UNIT_ELEMENT(#19237,-3.);
#11875=(
MASS_UNIT()
NAMED_UNIT(*)
SI_UNIT(.KILO.,.GRAM.)
);
#11876=DERIVED_UNIT((#11867,#11868));
#11877=DERIVED_UNIT((#11869,#11870));
#11878=DERIVED_UNIT((#11871,#11872));
#11879=DERIVED_UNIT((#11873,#11874));
#11880=MEASURE_REPRESENTATION_ITEM('density measure',
POSITIVE_RATIO_MEASURE(7850.),#11876);
#11881=MEASURE_REPRESENTATION_ITEM('density measure',
POSITIVE_RATIO_MEASURE(7850.),#11877);
#11882=MEASURE_REPRESENTATION_ITEM('density measure',
POSITIVE_RATIO_MEASURE(7850.),#11878);
#11883=MEASURE_REPRESENTATION_ITEM('density measure',
POSITIVE_RATIO_MEASURE(7850.),#11879);
#11884=PROPERTY_DEFINITION_REPRESENTATION(#11904,#11892);
#11885=PROPERTY_DEFINITION_REPRESENTATION(#11905,#11893);
#11886=PROPERTY_DEFINITION_REPRESENTATION(#11906,#11894);
#11887=PROPERTY_DEFINITION_REPRESENTATION(#11907,#11895);
#11888=PROPERTY_DEFINITION_REPRESENTATION(#11908,#11896);
#11889=PROPERTY_DEFINITION_REPRESENTATION(#11909,#11897);
#11890=PROPERTY_DEFINITION_REPRESENTATION(#11910,#11898);
#11891=PROPERTY_DEFINITION_REPRESENTATION(#11911,#11899);
#11892=REPRESENTATION('material name',(#11900),#19231);
#11893=REPRESENTATION('density',(#11880),#19231);
#11894=REPRESENTATION('material name',(#11901),#19232);
#11895=REPRESENTATION('density',(#11881),#19232);
#11896=REPRESENTATION('material name',(#11902),#19233);
#11897=REPRESENTATION('density',(#11882),#19233);
#11898=REPRESENTATION('material name',(#11903),#19234);
#11899=REPRESENTATION('density',(#11883),#19234);
#11900=DESCRIPTIVE_REPRESENTATION_ITEM('Steel','Steel');
#11901=DESCRIPTIVE_REPRESENTATION_ITEM('Steel','Steel');
#11902=DESCRIPTIVE_REPRESENTATION_ITEM('Steel','Steel');
#11903=DESCRIPTIVE_REPRESENTATION_ITEM('Steel','Steel');
#11904=PROPERTY_DEFINITION('material property','material name',#19279);
#11905=PROPERTY_DEFINITION('material property','density of part',#19279);
#11906=PROPERTY_DEFINITION('material property','material name',#19280);
#11907=PROPERTY_DEFINITION('material property','density of part',#19280);
#11908=PROPERTY_DEFINITION('material property','material name',#19281);
#11909=PROPERTY_DEFINITION('material property','density of part',#19281);
#11910=PROPERTY_DEFINITION('material property','material name',#19282);
#11911=PROPERTY_DEFINITION('material property','density of part',#19282);
#11912=AXIS2_PLACEMENT_3D('',#15745,#12790,#12791);
#11913=AXIS2_PLACEMENT_3D('',#15746,#12792,#12793);
#11914=AXIS2_PLACEMENT_3D('',#15747,#12794,#12795);
#11915=AXIS2_PLACEMENT_3D('',#15749,#12796,#12797);
#11916=AXIS2_PLACEMENT_3D('',#15752,#12799,#12800);
#11917=AXIS2_PLACEMENT_3D('',#15753,#12801,#12802);
#11918=AXIS2_PLACEMENT_3D('',#15755,#12803,#12804);
#11919=AXIS2_PLACEMENT_3D('',#15758,#12806,#12807);
#11920=AXIS2_PLACEMENT_3D('',#15759,#12808,#12809);
#11921=AXIS2_PLACEMENT_3D('',#15761,#12810,#12811);
#11922=AXIS2_PLACEMENT_3D('',#15764,#12813,#12814);
#11923=AXIS2_PLACEMENT_3D('',#15765,#12815,#12816);
#11924=AXIS2_PLACEMENT_3D('',#15767,#12817,#12818);
#11925=AXIS2_PLACEMENT_3D('',#15770,#12820,#12821);
#11926=AXIS2_PLACEMENT_3D('',#15771,#12822,#12823);
#11927=AXIS2_PLACEMENT_3D('',#15773,#12824,#12825);
#11928=AXIS2_PLACEMENT_3D('',#15776,#12827,#12828);
#11929=AXIS2_PLACEMENT_3D('',#15777,#12829,#12830);
#11930=AXIS2_PLACEMENT_3D('',#15779,#12831,#12832);
#11931=AXIS2_PLACEMENT_3D('',#15782,#12834,#12835);
#11932=AXIS2_PLACEMENT_3D('',#15783,#12836,#12837);
#11933=AXIS2_PLACEMENT_3D('',#15785,#12838,#12839);
#11934=AXIS2_PLACEMENT_3D('',#15788,#12841,#12842);
#11935=AXIS2_PLACEMENT_3D('',#15789,#12843,#12844);
#11936=AXIS2_PLACEMENT_3D('',#15791,#12845,#12846);
#11937=AXIS2_PLACEMENT_3D('',#15794,#12848,#12849);
#11938=AXIS2_PLACEMENT_3D('',#15795,#12850,#12851);
#11939=AXIS2_PLACEMENT_3D('',#15797,#12852,#12853);
#11940=AXIS2_PLACEMENT_3D('',#15800,#12855,#12856);
#11941=AXIS2_PLACEMENT_3D('',#15801,#12857,#12858);
#11942=AXIS2_PLACEMENT_3D('',#15803,#12859,#12860);
#11943=AXIS2_PLACEMENT_3D('',#15806,#12862,#12863);
#11944=AXIS2_PLACEMENT_3D('',#15807,#12864,#12865);
#11945=AXIS2_PLACEMENT_3D('',#15809,#12866,#12867);
#11946=AXIS2_PLACEMENT_3D('',#15812,#12869,#12870);
#11947=AXIS2_PLACEMENT_3D('',#15813,#12871,#12872);
#11948=AXIS2_PLACEMENT_3D('',#15815,#12873,#12874);
#11949=AXIS2_PLACEMENT_3D('',#15818,#12876,#12877);
#11950=AXIS2_PLACEMENT_3D('',#15819,#12878,#12879);
#11951=AXIS2_PLACEMENT_3D('',#15828,#12884,#12885);
#11952=AXIS2_PLACEMENT_3D('',#15834,#12889,#12890);
#11953=AXIS2_PLACEMENT_3D('',#15840,#12894,#12895);
#11954=AXIS2_PLACEMENT_3D('',#15843,#12898,#12899);
#11955=AXIS2_PLACEMENT_3D('',#15844,#12900,#12901);
#11956=AXIS2_PLACEMENT_3D('',#15845,#12902,#12903);
#11957=AXIS2_PLACEMENT_3D('',#15846,#12904,#12905);
#11958=AXIS2_PLACEMENT_3D('',#15848,#12906,#12907);
#11959=AXIS2_PLACEMENT_3D('',#15851,#12909,#12910);
#11960=AXIS2_PLACEMENT_3D('',#15852,#12911,#12912);
#11961=AXIS2_PLACEMENT_3D('',#15854,#12913,#12914);
#11962=AXIS2_PLACEMENT_3D('',#15857,#12916,#12917);
#11963=AXIS2_PLACEMENT_3D('',#15858,#12918,#12919);
#11964=AXIS2_PLACEMENT_3D('',#15860,#12920,#12921);
#11965=AXIS2_PLACEMENT_3D('',#15863,#12923,#12924);
#11966=AXIS2_PLACEMENT_3D('',#15864,#12925,#12926);
#11967=AXIS2_PLACEMENT_3D('',#15866,#12927,#12928);
#11968=AXIS2_PLACEMENT_3D('',#15869,#12930,#12931);
#11969=AXIS2_PLACEMENT_3D('',#15870,#12932,#12933);
#11970=AXIS2_PLACEMENT_3D('',#15872,#12934,#12935);
#11971=AXIS2_PLACEMENT_3D('',#15875,#12937,#12938);
#11972=AXIS2_PLACEMENT_3D('',#15876,#12939,#12940);
#11973=AXIS2_PLACEMENT_3D('',#15878,#12941,#12942);
#11974=AXIS2_PLACEMENT_3D('',#15881,#12944,#12945);
#11975=AXIS2_PLACEMENT_3D('',#15882,#12946,#12947);
#11976=AXIS2_PLACEMENT_3D('',#15884,#12948,#12949);
#11977=AXIS2_PLACEMENT_3D('',#15887,#12951,#12952);
#11978=AXIS2_PLACEMENT_3D('',#15888,#12953,#12954);
#11979=AXIS2_PLACEMENT_3D('',#15890,#12955,#12956);
#11980=AXIS2_PLACEMENT_3D('',#15893,#12958,#12959);
#11981=AXIS2_PLACEMENT_3D('',#15894,#12960,#12961);
#11982=AXIS2_PLACEMENT_3D('',#15896,#12962,#12963);
#11983=AXIS2_PLACEMENT_3D('',#15899,#12965,#12966);
#11984=AXIS2_PLACEMENT_3D('',#15900,#12967,#12968);
#11985=AXIS2_PLACEMENT_3D('',#15902,#12969,#12970);
#11986=AXIS2_PLACEMENT_3D('',#15905,#12972,#12973);
#11987=AXIS2_PLACEMENT_3D('',#15906,#12974,#12975);
#11988=AXIS2_PLACEMENT_3D('',#15908,#12976,#12977);
#11989=AXIS2_PLACEMENT_3D('',#15911,#12979,#12980);
#11990=AXIS2_PLACEMENT_3D('',#15912,#12981,#12982);
#11991=AXIS2_PLACEMENT_3D('',#15914,#12983,#12984);
#11992=AXIS2_PLACEMENT_3D('',#15917,#12986,#12987);
#11993=AXIS2_PLACEMENT_3D('',#15918,#12988,#12989);
#11994=AXIS2_PLACEMENT_3D('',#15927,#12994,#12995);
#11995=AXIS2_PLACEMENT_3D('',#15929,#12996,#12997);
#11996=AXIS2_PLACEMENT_3D('',#15931,#12998,#12999);
#11997=AXIS2_PLACEMENT_3D('',#15933,#13001,#13002);
#11998=AXIS2_PLACEMENT_3D('',#15939,#13006,#13007);
#11999=AXIS2_PLACEMENT_3D('',#15941,#13008,#13009);
#12000=AXIS2_PLACEMENT_3D('',#15943,#13010,#13011);
#12001=AXIS2_PLACEMENT_3D('',#15945,#13013,#13014);
#12002=AXIS2_PLACEMENT_3D('',#15951,#13018,#13019);
#12003=AXIS2_PLACEMENT_3D('',#15953,#13020,#13021);
#12004=AXIS2_PLACEMENT_3D('',#15955,#13022,#13023);
#12005=AXIS2_PLACEMENT_3D('',#15957,#13025,#13026);
#12006=AXIS2_PLACEMENT_3D('',#15963,#13030,#13031);
#12007=AXIS2_PLACEMENT_3D('',#15964,#13032,#13033);
#12008=AXIS2_PLACEMENT_3D('',#15965,#13034,#13035);
#12009=AXIS2_PLACEMENT_3D('',#15966,#13036,#13037);
#12010=AXIS2_PLACEMENT_3D('',#15975,#13042,#13043);
#12011=AXIS2_PLACEMENT_3D('',#15977,#13044,#13045);
#12012=AXIS2_PLACEMENT_3D('',#15979,#13046,#13047);
#12013=AXIS2_PLACEMENT_3D('',#15981,#13049,#13050);
#12014=AXIS2_PLACEMENT_3D('',#15987,#13054,#13055);
#12015=AXIS2_PLACEMENT_3D('',#15989,#13056,#13057);
#12016=AXIS2_PLACEMENT_3D('',#15991,#13058,#13059);
#12017=AXIS2_PLACEMENT_3D('',#15993,#13061,#13062);
#12018=AXIS2_PLACEMENT_3D('',#15999,#13066,#13067);
#12019=AXIS2_PLACEMENT_3D('',#16001,#13068,#13069);
#12020=AXIS2_PLACEMENT_3D('',#16003,#13070,#13071);
#12021=AXIS2_PLACEMENT_3D('',#16005,#13073,#13074);
#12022=AXIS2_PLACEMENT_3D('',#16011,#13078,#13079);
#12023=AXIS2_PLACEMENT_3D('',#16012,#13080,#13081);
#12024=AXIS2_PLACEMENT_3D('',#16013,#13082,#13083);
#12025=AXIS2_PLACEMENT_3D('',#16014,#13084,#13085);
#12026=AXIS2_PLACEMENT_3D('',#16015,#13086,#13087);
#12027=AXIS2_PLACEMENT_3D('',#16016,#13088,#13089);
#12028=AXIS2_PLACEMENT_3D('',#16017,#13090,#13091);
#12029=AXIS2_PLACEMENT_3D('',#16022,#13093,#13094);
#12030=AXIS2_PLACEMENT_3D('',#16025,#13096,#13097);
#12031=AXIS2_PLACEMENT_3D('',#16030,#13099,#13100);
#12032=AXIS2_PLACEMENT_3D('',#16033,#13102,#13103);
#12033=AXIS2_PLACEMENT_3D('',#16034,#13104,#13105);
#12034=AXIS2_PLACEMENT_3D('',#16039,#13107,#13108);
#12035=AXIS2_PLACEMENT_3D('',#16043,#13110,#13111);
#12036=AXIS2_PLACEMENT_3D('',#16047,#13114,#13115);
#12037=AXIS2_PLACEMENT_3D('',#16052,#13117,#13118);
#12038=AXIS2_PLACEMENT_3D('',#16055,#13120,#13121);
#12039=AXIS2_PLACEMENT_3D('',#16056,#13122,#13123);
#12040=AXIS2_PLACEMENT_3D('',#16061,#13125,#13126);
#12041=AXIS2_PLACEMENT_3D('',#16064,#13128,#13129);
#12042=AXIS2_PLACEMENT_3D('',#16065,#13130,#13131);
#12043=AXIS2_PLACEMENT_3D('',#16070,#13133,#13134);
#12044=AXIS2_PLACEMENT_3D('',#16073,#13136,#13137);
#12045=AXIS2_PLACEMENT_3D('',#16074,#13138,#13139);
#12046=AXIS2_PLACEMENT_3D('',#16079,#13141,#13142);
#12047=AXIS2_PLACEMENT_3D('',#16082,#13144,#13145);
#12048=AXIS2_PLACEMENT_3D('',#16083,#13146,#13147);
#12049=AXIS2_PLACEMENT_3D('',#16088,#13149,#13150);
#12050=AXIS2_PLACEMENT_3D('',#16091,#13152,#13153);
#12051=AXIS2_PLACEMENT_3D('',#16092,#13154,#13155);
#12052=AXIS2_PLACEMENT_3D('',#16097,#13157,#13158);
#12053=AXIS2_PLACEMENT_3D('',#16100,#13160,#13161);
#12054=AXIS2_PLACEMENT_3D('',#16101,#13162,#13163);
#12055=AXIS2_PLACEMENT_3D('',#16106,#13165,#13166);
#12056=AXIS2_PLACEMENT_3D('',#16109,#13168,#13169);
#12057=AXIS2_PLACEMENT_3D('',#16110,#13170,#13171);
#12058=AXIS2_PLACEMENT_3D('',#16115,#13173,#13174);
#12059=AXIS2_PLACEMENT_3D('',#16118,#13176,#13177);
#12060=AXIS2_PLACEMENT_3D('',#16119,#13178,#13179);
#12061=AXIS2_PLACEMENT_3D('',#16124,#13181,#13182);
#12062=AXIS2_PLACEMENT_3D('',#16127,#13184,#13185);
#12063=AXIS2_PLACEMENT_3D('',#16128,#13186,#13187);
#12064=AXIS2_PLACEMENT_3D('',#16133,#13189,#13190);
#12065=AXIS2_PLACEMENT_3D('',#16140,#13194,#13195);
#12066=AXIS2_PLACEMENT_3D('',#16141,#13196,#13197);
#12067=AXIS2_PLACEMENT_3D('',#16151,#13198,#13199);
#12068=AXIS2_PLACEMENT_3D('',#16161,#13200,#13201);
#12069=AXIS2_PLACEMENT_3D('',#16171,#13202,#13203);
#12070=AXIS2_PLACEMENT_3D('',#16181,#13204,#13205);
#12071=AXIS2_PLACEMENT_3D('',#16191,#13206,#13207);
#12072=AXIS2_PLACEMENT_3D('',#16201,#13208,#13209);
#12073=AXIS2_PLACEMENT_3D('',#16211,#13210,#13211);
#12074=AXIS2_PLACEMENT_3D('',#16221,#13212,#13213);
#12075=AXIS2_PLACEMENT_3D('',#16231,#13214,#13215);
#12076=AXIS2_PLACEMENT_3D('',#16241,#13216,#13217);
#12077=AXIS2_PLACEMENT_3D('',#16251,#13218,#13219);
#12078=AXIS2_PLACEMENT_3D('',#16261,#13220,#13221);
#12079=AXIS2_PLACEMENT_3D('',#16271,#13222,#13223);
#12080=AXIS2_PLACEMENT_3D('',#16281,#13224,#13225);
#12081=AXIS2_PLACEMENT_3D('',#16291,#13226,#13227);
#12082=AXIS2_PLACEMENT_3D('',#16301,#13228,#13229);
#12083=AXIS2_PLACEMENT_3D('',#16311,#13230,#13231);
#12084=AXIS2_PLACEMENT_3D('',#16321,#13232,#13233);
#12085=AXIS2_PLACEMENT_3D('',#16331,#13234,#13235);
#12086=AXIS2_PLACEMENT_3D('',#16341,#13236,#13237);
#12087=AXIS2_PLACEMENT_3D('',#16346,#13239,#13240);
#12088=AXIS2_PLACEMENT_3D('',#16350,#13242,#13243);
#12089=AXIS2_PLACEMENT_3D('',#16354,#13246,#13247);
#12090=AXIS2_PLACEMENT_3D('',#16359,#13249,#13250);
#12091=AXIS2_PLACEMENT_3D('',#16362,#13252,#13253);
#12092=AXIS2_PLACEMENT_3D('',#16363,#13254,#13255);
#12093=AXIS2_PLACEMENT_3D('',#16368,#13257,#13258);
#12094=AXIS2_PLACEMENT_3D('',#16371,#13260,#13261);
#12095=AXIS2_PLACEMENT_3D('',#16372,#13262,#13263);
#12096=AXIS2_PLACEMENT_3D('',#16377,#13265,#13266);
#12097=AXIS2_PLACEMENT_3D('',#16380,#13268,#13269);
#12098=AXIS2_PLACEMENT_3D('',#16381,#13270,#13271);
#12099=AXIS2_PLACEMENT_3D('',#16386,#13273,#13274);
#12100=AXIS2_PLACEMENT_3D('',#16389,#13276,#13277);
#12101=AXIS2_PLACEMENT_3D('',#16390,#13278,#13279);
#12102=AXIS2_PLACEMENT_3D('',#16395,#13281,#13282);
#12103=AXIS2_PLACEMENT_3D('',#16398,#13284,#13285);
#12104=AXIS2_PLACEMENT_3D('',#16399,#13286,#13287);
#12105=AXIS2_PLACEMENT_3D('',#16404,#13289,#13290);
#12106=AXIS2_PLACEMENT_3D('',#16407,#13292,#13293);
#12107=AXIS2_PLACEMENT_3D('',#16408,#13294,#13295);
#12108=AXIS2_PLACEMENT_3D('',#16413,#13297,#13298);
#12109=AXIS2_PLACEMENT_3D('',#16416,#13300,#13301);
#12110=AXIS2_PLACEMENT_3D('',#16417,#13302,#13303);
#12111=AXIS2_PLACEMENT_3D('',#16422,#13305,#13306);
#12112=AXIS2_PLACEMENT_3D('',#16425,#13308,#13309);
#12113=AXIS2_PLACEMENT_3D('',#16426,#13310,#13311);
#12114=AXIS2_PLACEMENT_3D('',#16431,#13313,#13314);
#12115=AXIS2_PLACEMENT_3D('',#16434,#13316,#13317);
#12116=AXIS2_PLACEMENT_3D('',#16435,#13318,#13319);
#12117=AXIS2_PLACEMENT_3D('',#16440,#13321,#13322);
#12118=AXIS2_PLACEMENT_3D('',#16447,#13326,#13327);
#12119=AXIS2_PLACEMENT_3D('',#16448,#13328,#13329);
#12120=AXIS2_PLACEMENT_3D('',#16458,#13330,#13331);
#12121=AXIS2_PLACEMENT_3D('',#16468,#13332,#13333);
#12122=AXIS2_PLACEMENT_3D('',#16478,#13334,#13335);
#12123=AXIS2_PLACEMENT_3D('',#16488,#13336,#13337);
#12124=AXIS2_PLACEMENT_3D('',#16498,#13338,#13339);
#12125=AXIS2_PLACEMENT_3D('',#16508,#13340,#13341);
#12126=AXIS2_PLACEMENT_3D('',#16518,#13342,#13343);
#12127=AXIS2_PLACEMENT_3D('',#16528,#13344,#13345);
#12128=AXIS2_PLACEMENT_3D('',#16538,#13346,#13347);
#12129=AXIS2_PLACEMENT_3D('',#16548,#13348,#13349);
#12130=AXIS2_PLACEMENT_3D('',#16558,#13350,#13351);
#12131=AXIS2_PLACEMENT_3D('',#16568,#13352,#13353);
#12132=AXIS2_PLACEMENT_3D('',#16578,#13354,#13355);
#12133=AXIS2_PLACEMENT_3D('',#16588,#13356,#13357);
#12134=AXIS2_PLACEMENT_3D('',#16598,#13358,#13359);
#12135=AXIS2_PLACEMENT_3D('',#16608,#13360,#13361);
#12136=AXIS2_PLACEMENT_3D('',#16618,#13362,#13363);
#12137=AXIS2_PLACEMENT_3D('',#16628,#13364,#13365);
#12138=AXIS2_PLACEMENT_3D('',#16638,#13366,#13367);
#12139=AXIS2_PLACEMENT_3D('',#16648,#13368,#13369);
#12140=AXIS2_PLACEMENT_3D('',#16652,#13372,#13373);
#12141=AXIS2_PLACEMENT_3D('',#16659,#13377,#13378);
#12142=AXIS2_PLACEMENT_3D('',#16666,#13382,#13383);
#12143=AXIS2_PLACEMENT_3D('',#16673,#13387,#13388);
#12144=AXIS2_PLACEMENT_3D('',#16680,#13392,#13393);
#12145=AXIS2_PLACEMENT_3D('',#16687,#13397,#13398);
#12146=AXIS2_PLACEMENT_3D('',#16694,#13402,#13403);
#12147=AXIS2_PLACEMENT_3D('',#16701,#13407,#13408);
#12148=AXIS2_PLACEMENT_3D('',#16708,#13412,#13413);
#12149=AXIS2_PLACEMENT_3D('',#16715,#13417,#13418);
#12150=AXIS2_PLACEMENT_3D('',#16722,#13422,#13423);
#12151=AXIS2_PLACEMENT_3D('',#16729,#13427,#13428);
#12152=AXIS2_PLACEMENT_3D('',#16736,#13432,#13433);
#12153=AXIS2_PLACEMENT_3D('',#16743,#13437,#13438);
#12154=AXIS2_PLACEMENT_3D('',#16750,#13442,#13443);
#12155=AXIS2_PLACEMENT_3D('',#16757,#13447,#13448);
#12156=AXIS2_PLACEMENT_3D('',#16764,#13452,#13453);
#12157=AXIS2_PLACEMENT_3D('',#16771,#13457,#13458);
#12158=AXIS2_PLACEMENT_3D('',#16778,#13462,#13463);
#12159=AXIS2_PLACEMENT_3D('',#16782,#13466,#13467);
#12160=AXIS2_PLACEMENT_3D('',#16786,#13470,#13471);
#12161=AXIS2_PLACEMENT_3D('',#16793,#13475,#13476);
#12162=AXIS2_PLACEMENT_3D('',#16800,#13480,#13481);
#12163=AXIS2_PLACEMENT_3D('',#16807,#13485,#13486);
#12164=AXIS2_PLACEMENT_3D('',#16814,#13490,#13491);
#12165=AXIS2_PLACEMENT_3D('',#16821,#13495,#13496);
#12166=AXIS2_PLACEMENT_3D('',#16828,#13500,#13501);
#12167=AXIS2_PLACEMENT_3D('',#16835,#13505,#13506);
#12168=AXIS2_PLACEMENT_3D('',#16842,#13510,#13511);
#12169=AXIS2_PLACEMENT_3D('',#16849,#13515,#13516);
#12170=AXIS2_PLACEMENT_3D('',#16856,#13520,#13521);
#12171=AXIS2_PLACEMENT_3D('',#16863,#13525,#13526);
#12172=AXIS2_PLACEMENT_3D('',#16870,#13530,#13531);
#12173=AXIS2_PLACEMENT_3D('',#16877,#13535,#13536);
#12174=AXIS2_PLACEMENT_3D('',#16884,#13540,#13541);
#12175=AXIS2_PLACEMENT_3D('',#16891,#13545,#13546);
#12176=AXIS2_PLACEMENT_3D('',#16898,#13550,#13551);
#12177=AXIS2_PLACEMENT_3D('',#16905,#13555,#13556);
#12178=AXIS2_PLACEMENT_3D('',#16912,#13560,#13561);
#12179=AXIS2_PLACEMENT_3D('',#16916,#13564,#13565);
#12180=AXIS2_PLACEMENT_3D('',#16919,#13568,#13569);
#12181=AXIS2_PLACEMENT_3D('',#16922,#13572,#13573);
#12182=AXIS2_PLACEMENT_3D('',#16925,#13576,#13577);
#12183=AXIS2_PLACEMENT_3D('',#16928,#13580,#13581);
#12184=AXIS2_PLACEMENT_3D('',#16931,#13584,#13585);
#12185=AXIS2_PLACEMENT_3D('',#16934,#13588,#13589);
#12186=AXIS2_PLACEMENT_3D('',#16937,#13592,#13593);
#12187=AXIS2_PLACEMENT_3D('',#16940,#13596,#13597);
#12188=AXIS2_PLACEMENT_3D('',#16943,#13600,#13601);
#12189=AXIS2_PLACEMENT_3D('',#16946,#13604,#13605);
#12190=AXIS2_PLACEMENT_3D('',#16949,#13608,#13609);
#12191=AXIS2_PLACEMENT_3D('',#16952,#13612,#13613);
#12192=AXIS2_PLACEMENT_3D('',#16955,#13616,#13617);
#12193=AXIS2_PLACEMENT_3D('',#16958,#13620,#13621);
#12194=AXIS2_PLACEMENT_3D('',#16961,#13624,#13625);
#12195=AXIS2_PLACEMENT_3D('',#16964,#13628,#13629);
#12196=AXIS2_PLACEMENT_3D('',#16967,#13632,#13633);
#12197=AXIS2_PLACEMENT_3D('',#16970,#13636,#13637);
#12198=AXIS2_PLACEMENT_3D('',#16980,#13638,#13639);
#12199=AXIS2_PLACEMENT_3D('',#16981,#13640,#13641);
#12200=AXIS2_PLACEMENT_3D('',#16983,#13642,#13643);
#12201=AXIS2_PLACEMENT_3D('',#16991,#13644,#13645);
#12202=AXIS2_PLACEMENT_3D('',#16993,#13646,#13647);
#12203=AXIS2_PLACEMENT_3D('',#17001,#13648,#13649);
#12204=AXIS2_PLACEMENT_3D('',#17003,#13650,#13651);
#12205=AXIS2_PLACEMENT_3D('',#17011,#13652,#13653);
#12206=AXIS2_PLACEMENT_3D('',#17013,#13654,#13655);
#12207=AXIS2_PLACEMENT_3D('',#17021,#13656,#13657);
#12208=AXIS2_PLACEMENT_3D('',#17030,#13662,#13663);
#12209=AXIS2_PLACEMENT_3D('',#17051,#13680,#13681);
#12210=AXIS2_PLACEMENT_3D('',#17072,#13698,#13699);
#12211=AXIS2_PLACEMENT_3D('',#17074,#13700,#13701);
#12212=AXIS2_PLACEMENT_3D('',#17077,#13703,#13704);
#12213=AXIS2_PLACEMENT_3D('',#17078,#13705,#13706);
#12214=AXIS2_PLACEMENT_3D('',#17079,#13707,#13708);
#12215=AXIS2_PLACEMENT_3D('',#17080,#13709,#13710);
#12216=AXIS2_PLACEMENT_3D('',#17086,#13714,#13715);
#12217=AXIS2_PLACEMENT_3D('',#17092,#13719,#13720);
#12218=AXIS2_PLACEMENT_3D('',#17096,#13722,#13723);
#12219=AXIS2_PLACEMENT_3D('',#17097,#13724,#13725);
#12220=AXIS2_PLACEMENT_3D('',#17098,#13726,#13727);
#12221=AXIS2_PLACEMENT_3D('',#17099,#13728,#13729);
#12222=AXIS2_PLACEMENT_3D('',#17102,#13732,#13733);
#12223=AXIS2_PLACEMENT_3D('',#17103,#13734,#13735);
#12224=AXIS2_PLACEMENT_3D('',#17104,#13736,#13737);
#12225=AXIS2_PLACEMENT_3D('',#17105,#13738,#13739);
#12226=AXIS2_PLACEMENT_3D('',#17106,#13740,#13741);
#12227=AXIS2_PLACEMENT_3D('',#17107,#13742,#13743);
#12228=AXIS2_PLACEMENT_3D('',#17108,#13744,#13745);
#12229=AXIS2_PLACEMENT_3D('',#17109,#13746,#13747);
#12230=AXIS2_PLACEMENT_3D('',#17110,#13748,#13749);
#12231=AXIS2_PLACEMENT_3D('',#17111,#13750,#13751);
#12232=AXIS2_PLACEMENT_3D('',#17112,#13752,#13753);
#12233=AXIS2_PLACEMENT_3D('',#17113,#13754,#13755);
#12234=AXIS2_PLACEMENT_3D('',#17114,#13756,#13757);
#12235=AXIS2_PLACEMENT_3D('',#17115,#13758,#13759);
#12236=AXIS2_PLACEMENT_3D('',#17116,#13760,#13761);
#12237=AXIS2_PLACEMENT_3D('',#17117,#13762,#13763);
#12238=AXIS2_PLACEMENT_3D('',#17118,#13764,#13765);
#12239=AXIS2_PLACEMENT_3D('',#17119,#13766,#13767);
#12240=AXIS2_PLACEMENT_3D('',#17120,#13768,#13769);
#12241=AXIS2_PLACEMENT_3D('',#17121,#13770,#13771);
#12242=AXIS2_PLACEMENT_3D('',#17122,#13772,#13773);
#12243=AXIS2_PLACEMENT_3D('',#17123,#13774,#13775);
#12244=AXIS2_PLACEMENT_3D('',#17124,#13776,#13777);
#12245=AXIS2_PLACEMENT_3D('',#17125,#13778,#13779);
#12246=AXIS2_PLACEMENT_3D('',#17126,#13780,#13781);
#12247=AXIS2_PLACEMENT_3D('',#17127,#13782,#13783);
#12248=AXIS2_PLACEMENT_3D('',#17128,#13784,#13785);
#12249=AXIS2_PLACEMENT_3D('',#17129,#13786,#13787);
#12250=AXIS2_PLACEMENT_3D('',#17130,#13788,#13789);
#12251=AXIS2_PLACEMENT_3D('',#17131,#13790,#13791);
#12252=AXIS2_PLACEMENT_3D('',#17132,#13792,#13793);
#12253=AXIS2_PLACEMENT_3D('',#17140,#13794,#13795);
#12254=AXIS2_PLACEMENT_3D('',#17152,#13798,#13799);
#12255=AXIS2_PLACEMENT_3D('',#17162,#13801,#13802);
#12256=AXIS2_PLACEMENT_3D('',#17172,#13804,#13805);
#12257=AXIS2_PLACEMENT_3D('',#17182,#13807,#13808);
#12258=AXIS2_PLACEMENT_3D('',#17192,#13810,#13811);
#12259=AXIS2_PLACEMENT_3D('',#17200,#13812,#13813);
#12260=AXIS2_PLACEMENT_3D('',#17201,#13814,#13815);
#12261=AXIS2_PLACEMENT_3D('',#17202,#13816,#13817);
#12262=AXIS2_PLACEMENT_3D('',#17203,#13818,#13819);
#12263=AXIS2_PLACEMENT_3D('',#17204,#13820,#13821);
#12264=AXIS2_PLACEMENT_3D('',#17205,#13822,#13823);
#12265=AXIS2_PLACEMENT_3D('',#17206,#13824,#13825);
#12266=AXIS2_PLACEMENT_3D('',#17207,#13826,#13827);
#12267=AXIS2_PLACEMENT_3D('',#17208,#13828,#13829);
#12268=AXIS2_PLACEMENT_3D('',#17209,#13830,#13831);
#12269=AXIS2_PLACEMENT_3D('',#17210,#13832,#13833);
#12270=AXIS2_PLACEMENT_3D('',#17211,#13834,#13835);
#12271=AXIS2_PLACEMENT_3D('',#17213,#13836,#13837);
#12272=AXIS2_PLACEMENT_3D('',#17214,#13838,#13839);
#12273=AXIS2_PLACEMENT_3D('',#17215,#13840,#13841);
#12274=AXIS2_PLACEMENT_3D('',#17218,#13842,#13843);
#12275=AXIS2_PLACEMENT_3D('',#17219,#13844,#13845);
#12276=AXIS2_PLACEMENT_3D('',#17221,#13847,#13848);
#12277=AXIS2_PLACEMENT_3D('',#17225,#13850,#13851);
#12278=AXIS2_PLACEMENT_3D('',#17226,#13852,#13853);
#12279=AXIS2_PLACEMENT_3D('',#17227,#13854,#13855);
#12280=AXIS2_PLACEMENT_3D('',#17229,#13856,#13857);
#12281=AXIS2_PLACEMENT_3D('',#17231,#13858,#13859);
#12282=AXIS2_PLACEMENT_3D('',#17232,#13860,#13861);
#12283=AXIS2_PLACEMENT_3D('',#17235,#13863,#13864);
#12284=AXIS2_PLACEMENT_3D('',#17236,#13865,#13866);
#12285=AXIS2_PLACEMENT_3D('',#17239,#13867,#13868);
#12286=AXIS2_PLACEMENT_3D('',#17240,#13869,#13870);
#12287=AXIS2_PLACEMENT_3D('',#17242,#13872,#13873);
#12288=AXIS2_PLACEMENT_3D('',#17244,#13875,#13876);
#12289=AXIS2_PLACEMENT_3D('',#17246,#13878,#13879);
#12290=AXIS2_PLACEMENT_3D('',#17248,#13881,#13882);
#12291=AXIS2_PLACEMENT_3D('',#17250,#13884,#13885);
#12292=AXIS2_PLACEMENT_3D('',#17252,#13887,#13888);
#12293=AXIS2_PLACEMENT_3D('',#17253,#13889,#13890);
#12294=AXIS2_PLACEMENT_3D('',#17254,#13891,#13892);
#12295=AXIS2_PLACEMENT_3D('',#17255,#13893,#13894);
#12296=AXIS2_PLACEMENT_3D('',#17256,#13895,#13896);
#12297=AXIS2_PLACEMENT_3D('',#17257,#13897,#13898);
#12298=AXIS2_PLACEMENT_3D('',#17258,#13899,#13900);
#12299=AXIS2_PLACEMENT_3D('',#17259,#13901,#13902);
#12300=AXIS2_PLACEMENT_3D('',#17260,#13903,#13904);
#12301=AXIS2_PLACEMENT_3D('',#17261,#13905,#13906);
#12302=AXIS2_PLACEMENT_3D('',#17262,#13907,#13908);
#12303=AXIS2_PLACEMENT_3D('',#17263,#13909,#13910);
#12304=AXIS2_PLACEMENT_3D('',#17264,#13911,#13912);
#12305=AXIS2_PLACEMENT_3D('',#17265,#13913,#13914);
#12306=AXIS2_PLACEMENT_3D('',#17266,#13915,#13916);
#12307=AXIS2_PLACEMENT_3D('',#17267,#13917,#13918);
#12308=AXIS2_PLACEMENT_3D('',#17268,#13919,#13920);
#12309=AXIS2_PLACEMENT_3D('',#17269,#13921,#13922);
#12310=AXIS2_PLACEMENT_3D('',#17270,#13923,#13924);
#12311=AXIS2_PLACEMENT_3D('',#17271,#13925,#13926);
#12312=AXIS2_PLACEMENT_3D('',#17272,#13927,#13928);
#12313=AXIS2_PLACEMENT_3D('',#17273,#13929,#13930);
#12314=AXIS2_PLACEMENT_3D('',#17274,#13931,#13932);
#12315=AXIS2_PLACEMENT_3D('',#17275,#13933,#13934);
#12316=AXIS2_PLACEMENT_3D('',#17276,#13935,#13936);
#12317=AXIS2_PLACEMENT_3D('',#17277,#13937,#13938);
#12318=AXIS2_PLACEMENT_3D('',#17278,#13939,#13940);
#12319=AXIS2_PLACEMENT_3D('',#17279,#13941,#13942);
#12320=AXIS2_PLACEMENT_3D('',#17280,#13943,#13944);
#12321=AXIS2_PLACEMENT_3D('',#17281,#13945,#13946);
#12322=AXIS2_PLACEMENT_3D('',#17282,#13947,#13948);
#12323=AXIS2_PLACEMENT_3D('',#17283,#13949,#13950);
#12324=AXIS2_PLACEMENT_3D('',#17284,#13951,#13952);
#12325=AXIS2_PLACEMENT_3D('',#17285,#13953,#13954);
#12326=AXIS2_PLACEMENT_3D('',#17286,#13955,#13956);
#12327=AXIS2_PLACEMENT_3D('',#17287,#13957,#13958);
#12328=AXIS2_PLACEMENT_3D('',#17288,#13959,#13960);
#12329=AXIS2_PLACEMENT_3D('',#17289,#13961,#13962);
#12330=AXIS2_PLACEMENT_3D('',#17290,#13963,#13964);
#12331=AXIS2_PLACEMENT_3D('',#17291,#13965,#13966);
#12332=AXIS2_PLACEMENT_3D('',#17292,#13967,#13968);
#12333=AXIS2_PLACEMENT_3D('',#17301,#13973,#13974);
#12334=AXIS2_PLACEMENT_3D('',#17303,#13975,#13976);
#12335=AXIS2_PLACEMENT_3D('',#17305,#13977,#13978);
#12336=AXIS2_PLACEMENT_3D('',#17307,#13980,#13981);
#12337=AXIS2_PLACEMENT_3D('',#17313,#13985,#13986);
#12338=AXIS2_PLACEMENT_3D('',#17319,#13990,#13991);
#12339=AXIS2_PLACEMENT_3D('',#17325,#13995,#13996);
#12340=AXIS2_PLACEMENT_3D('',#17327,#13997,#13998);
#12341=AXIS2_PLACEMENT_3D('',#17329,#14000,#14001);
#12342=AXIS2_PLACEMENT_3D('',#17333,#14004,#14005);
#12343=AXIS2_PLACEMENT_3D('',#17342,#14010,#14011);
#12344=AXIS2_PLACEMENT_3D('',#17348,#14015,#14016);
#12345=AXIS2_PLACEMENT_3D('',#17354,#14020,#14021);
#12346=AXIS2_PLACEMENT_3D('',#17363,#14026,#14027);
#12347=AXIS2_PLACEMENT_3D('',#17369,#14031,#14032);
#12348=AXIS2_PLACEMENT_3D('',#17375,#14036,#14037);
#12349=AXIS2_PLACEMENT_3D('',#17384,#14042,#14043);
#12350=AXIS2_PLACEMENT_3D('',#17390,#14047,#14048);
#12351=AXIS2_PLACEMENT_3D('',#17396,#14052,#14053);
#12352=AXIS2_PLACEMENT_3D('',#17405,#14058,#14059);
#12353=AXIS2_PLACEMENT_3D('',#17411,#14063,#14064);
#12354=AXIS2_PLACEMENT_3D('',#17417,#14068,#14069);
#12355=AXIS2_PLACEMENT_3D('',#17426,#14074,#14075);
#12356=AXIS2_PLACEMENT_3D('',#17432,#14079,#14080);
#12357=AXIS2_PLACEMENT_3D('',#17438,#14084,#14085);
#12358=AXIS2_PLACEMENT_3D('',#17447,#14090,#14091);
#12359=AXIS2_PLACEMENT_3D('',#17453,#14095,#14096);
#12360=AXIS2_PLACEMENT_3D('',#17459,#14100,#14101);
#12361=AXIS2_PLACEMENT_3D('',#17468,#14106,#14107);
#12362=AXIS2_PLACEMENT_3D('',#17474,#14111,#14112);
#12363=AXIS2_PLACEMENT_3D('',#17480,#14116,#14117);
#12364=AXIS2_PLACEMENT_3D('',#17489,#14122,#14123);
#12365=AXIS2_PLACEMENT_3D('',#17495,#14127,#14128);
#12366=AXIS2_PLACEMENT_3D('',#17501,#14132,#14133);
#12367=AXIS2_PLACEMENT_3D('',#17510,#14138,#14139);
#12368=AXIS2_PLACEMENT_3D('',#17516,#14143,#14144);
#12369=AXIS2_PLACEMENT_3D('',#17522,#14148,#14149);
#12370=AXIS2_PLACEMENT_3D('',#17531,#14154,#14155);
#12371=AXIS2_PLACEMENT_3D('',#17537,#14159,#14160);
#12372=AXIS2_PLACEMENT_3D('',#17543,#14164,#14165);
#12373=AXIS2_PLACEMENT_3D('',#17552,#14170,#14171);
#12374=AXIS2_PLACEMENT_3D('',#17558,#14175,#14176);
#12375=AXIS2_PLACEMENT_3D('',#17564,#14180,#14181);
#12376=AXIS2_PLACEMENT_3D('',#17573,#14186,#14187);
#12377=AXIS2_PLACEMENT_3D('',#17579,#14191,#14192);
#12378=AXIS2_PLACEMENT_3D('',#17585,#14196,#14197);
#12379=AXIS2_PLACEMENT_3D('',#17594,#14202,#14203);
#12380=AXIS2_PLACEMENT_3D('',#17600,#14207,#14208);
#12381=AXIS2_PLACEMENT_3D('',#17606,#14212,#14213);
#12382=AXIS2_PLACEMENT_3D('',#17615,#14218,#14219);
#12383=AXIS2_PLACEMENT_3D('',#17621,#14223,#14224);
#12384=AXIS2_PLACEMENT_3D('',#17627,#14228,#14229);
#12385=AXIS2_PLACEMENT_3D('',#17636,#14234,#14235);
#12386=AXIS2_PLACEMENT_3D('',#17642,#14239,#14240);
#12387=AXIS2_PLACEMENT_3D('',#17648,#14244,#14245);
#12388=AXIS2_PLACEMENT_3D('',#17657,#14250,#14251);
#12389=AXIS2_PLACEMENT_3D('',#17663,#14255,#14256);
#12390=AXIS2_PLACEMENT_3D('',#17669,#14260,#14261);
#12391=AXIS2_PLACEMENT_3D('',#17678,#14266,#14267);
#12392=AXIS2_PLACEMENT_3D('',#17684,#14271,#14272);
#12393=AXIS2_PLACEMENT_3D('',#17690,#14276,#14277);
#12394=AXIS2_PLACEMENT_3D('',#17699,#14282,#14283);
#12395=AXIS2_PLACEMENT_3D('',#17705,#14287,#14288);
#12396=AXIS2_PLACEMENT_3D('',#17711,#14292,#14293);
#12397=AXIS2_PLACEMENT_3D('',#17720,#14298,#14299);
#12398=AXIS2_PLACEMENT_3D('',#17726,#14303,#14304);
#12399=AXIS2_PLACEMENT_3D('',#17732,#14308,#14309);
#12400=AXIS2_PLACEMENT_3D('',#17741,#14314,#14315);
#12401=AXIS2_PLACEMENT_3D('',#17747,#14319,#14320);
#12402=AXIS2_PLACEMENT_3D('',#17753,#14324,#14325);
#12403=AXIS2_PLACEMENT_3D('',#17762,#14330,#14331);
#12404=AXIS2_PLACEMENT_3D('',#17768,#14335,#14336);
#12405=AXIS2_PLACEMENT_3D('',#17774,#14340,#14341);
#12406=AXIS2_PLACEMENT_3D('',#17783,#14346,#14347);
#12407=AXIS2_PLACEMENT_3D('',#17789,#14351,#14352);
#12408=AXIS2_PLACEMENT_3D('',#17795,#14356,#14357);
#12409=AXIS2_PLACEMENT_3D('',#17804,#14362,#14363);
#12410=AXIS2_PLACEMENT_3D('',#17810,#14367,#14368);
#12411=AXIS2_PLACEMENT_3D('',#17816,#14372,#14373);
#12412=AXIS2_PLACEMENT_3D('',#17825,#14378,#14379);
#12413=AXIS2_PLACEMENT_3D('',#17831,#14383,#14384);
#12414=AXIS2_PLACEMENT_3D('',#17837,#14388,#14389);
#12415=AXIS2_PLACEMENT_3D('',#17846,#14394,#14395);
#12416=AXIS2_PLACEMENT_3D('',#17852,#14399,#14400);
#12417=AXIS2_PLACEMENT_3D('',#17858,#14404,#14405);
#12418=AXIS2_PLACEMENT_3D('',#17867,#14410,#14411);
#12419=AXIS2_PLACEMENT_3D('',#17873,#14415,#14416);
#12420=AXIS2_PLACEMENT_3D('',#17879,#14420,#14421);
#12421=AXIS2_PLACEMENT_3D('',#17888,#14426,#14427);
#12422=AXIS2_PLACEMENT_3D('',#17894,#14431,#14432);
#12423=AXIS2_PLACEMENT_3D('',#17900,#14436,#14437);
#12424=AXIS2_PLACEMENT_3D('',#17909,#14442,#14443);
#12425=AXIS2_PLACEMENT_3D('',#17915,#14447,#14448);
#12426=AXIS2_PLACEMENT_3D('',#17921,#14452,#14453);
#12427=AXIS2_PLACEMENT_3D('',#17930,#14458,#14459);
#12428=AXIS2_PLACEMENT_3D('',#17936,#14463,#14464);
#12429=AXIS2_PLACEMENT_3D('',#17942,#14468,#14469);
#12430=AXIS2_PLACEMENT_3D('',#17951,#14474,#14475);
#12431=AXIS2_PLACEMENT_3D('',#17957,#14479,#14480);
#12432=AXIS2_PLACEMENT_3D('',#17963,#14484,#14485);
#12433=AXIS2_PLACEMENT_3D('',#17969,#14489,#14490);
#12434=AXIS2_PLACEMENT_3D('',#17978,#14495,#14496);
#12435=AXIS2_PLACEMENT_3D('',#17984,#14500,#14501);
#12436=AXIS2_PLACEMENT_3D('',#17990,#14505,#14506);
#12437=AXIS2_PLACEMENT_3D('',#17999,#14511,#14512);
#12438=AXIS2_PLACEMENT_3D('',#18005,#14516,#14517);
#12439=AXIS2_PLACEMENT_3D('',#18011,#14521,#14522);
#12440=AXIS2_PLACEMENT_3D('',#18020,#14527,#14528);
#12441=AXIS2_PLACEMENT_3D('',#18026,#14532,#14533);
#12442=AXIS2_PLACEMENT_3D('',#18032,#14537,#14538);
#12443=AXIS2_PLACEMENT_3D('',#18041,#14543,#14544);
#12444=AXIS2_PLACEMENT_3D('',#18047,#14548,#14549);
#12445=AXIS2_PLACEMENT_3D('',#18053,#14553,#14554);
#12446=AXIS2_PLACEMENT_3D('',#18062,#14559,#14560);
#12447=AXIS2_PLACEMENT_3D('',#18068,#14564,#14565);
#12448=AXIS2_PLACEMENT_3D('',#18074,#14569,#14570);
#12449=AXIS2_PLACEMENT_3D('',#18076,#14571,#14572);
#12450=AXIS2_PLACEMENT_3D('',#18078,#14573,#14574);
#12451=AXIS2_PLACEMENT_3D('',#18080,#14576,#14577);
#12452=AXIS2_PLACEMENT_3D('',#18089,#14582,#14583);
#12453=AXIS2_PLACEMENT_3D('',#18095,#14587,#14588);
#12454=AXIS2_PLACEMENT_3D('',#18101,#14592,#14593);
#12455=AXIS2_PLACEMENT_3D('',#18110,#14598,#14599);
#12456=AXIS2_PLACEMENT_3D('',#18112,#14600,#14601);
#12457=AXIS2_PLACEMENT_3D('',#18114,#14602,#14603);
#12458=AXIS2_PLACEMENT_3D('',#18116,#14605,#14606);
#12459=AXIS2_PLACEMENT_3D('',#18122,#14610,#14611);
#12460=AXIS2_PLACEMENT_3D('',#18128,#14615,#14616);
#12461=AXIS2_PLACEMENT_3D('',#18137,#14621,#14622);
#12462=AXIS2_PLACEMENT_3D('',#18143,#14626,#14627);
#12463=AXIS2_PLACEMENT_3D('',#18149,#14631,#14632);
#12464=AXIS2_PLACEMENT_3D('',#18158,#14637,#14638);
#12465=AXIS2_PLACEMENT_3D('',#18164,#14642,#14643);
#12466=AXIS2_PLACEMENT_3D('',#18170,#14647,#14648);
#12467=AXIS2_PLACEMENT_3D('',#18179,#14653,#14654);
#12468=AXIS2_PLACEMENT_3D('',#18185,#14658,#14659);
#12469=AXIS2_PLACEMENT_3D('',#18191,#14663,#14664);
#12470=AXIS2_PLACEMENT_3D('',#18200,#14669,#14670);
#12471=AXIS2_PLACEMENT_3D('',#18206,#14674,#14675);
#12472=AXIS2_PLACEMENT_3D('',#18212,#14679,#14680);
#12473=AXIS2_PLACEMENT_3D('',#18221,#14685,#14686);
#12474=AXIS2_PLACEMENT_3D('',#18227,#14690,#14691);
#12475=AXIS2_PLACEMENT_3D('',#18233,#14695,#14696);
#12476=AXIS2_PLACEMENT_3D('',#18242,#14701,#14702);
#12477=AXIS2_PLACEMENT_3D('',#18248,#14706,#14707);
#12478=AXIS2_PLACEMENT_3D('',#18254,#14711,#14712);
#12479=AXIS2_PLACEMENT_3D('',#18263,#14717,#14718);
#12480=AXIS2_PLACEMENT_3D('',#18269,#14722,#14723);
#12481=AXIS2_PLACEMENT_3D('',#18275,#14727,#14728);
#12482=AXIS2_PLACEMENT_3D('',#18284,#14733,#14734);
#12483=AXIS2_PLACEMENT_3D('',#18290,#14738,#14739);
#12484=AXIS2_PLACEMENT_3D('',#18296,#14743,#14744);
#12485=AXIS2_PLACEMENT_3D('',#18305,#14749,#14750);
#12486=AXIS2_PLACEMENT_3D('',#18311,#14754,#14755);
#12487=AXIS2_PLACEMENT_3D('',#18317,#14759,#14760);
#12488=AXIS2_PLACEMENT_3D('',#18326,#14765,#14766);
#12489=AXIS2_PLACEMENT_3D('',#18332,#14770,#14771);
#12490=AXIS2_PLACEMENT_3D('',#18338,#14775,#14776);
#12491=AXIS2_PLACEMENT_3D('',#18347,#14781,#14782);
#12492=AXIS2_PLACEMENT_3D('',#18353,#14786,#14787);
#12493=AXIS2_PLACEMENT_3D('',#18359,#14791,#14792);
#12494=AXIS2_PLACEMENT_3D('',#18368,#14797,#14798);
#12495=AXIS2_PLACEMENT_3D('',#18374,#14802,#14803);
#12496=AXIS2_PLACEMENT_3D('',#18380,#14807,#14808);
#12497=AXIS2_PLACEMENT_3D('',#18389,#14813,#14814);
#12498=AXIS2_PLACEMENT_3D('',#18395,#14818,#14819);
#12499=AXIS2_PLACEMENT_3D('',#18401,#14823,#14824);
#12500=AXIS2_PLACEMENT_3D('',#18410,#14829,#14830);
#12501=AXIS2_PLACEMENT_3D('',#18416,#14834,#14835);
#12502=AXIS2_PLACEMENT_3D('',#18422,#14839,#14840);
#12503=AXIS2_PLACEMENT_3D('',#18431,#14845,#14846);
#12504=AXIS2_PLACEMENT_3D('',#18437,#14850,#14851);
#12505=AXIS2_PLACEMENT_3D('',#18443,#14855,#14856);
#12506=AXIS2_PLACEMENT_3D('',#18452,#14861,#14862);
#12507=AXIS2_PLACEMENT_3D('',#18458,#14866,#14867);
#12508=AXIS2_PLACEMENT_3D('',#18464,#14871,#14872);
#12509=AXIS2_PLACEMENT_3D('',#18473,#14877,#14878);
#12510=AXIS2_PLACEMENT_3D('',#18479,#14882,#14883);
#12511=AXIS2_PLACEMENT_3D('',#18485,#14887,#14888);
#12512=AXIS2_PLACEMENT_3D('',#18494,#14893,#14894);
#12513=AXIS2_PLACEMENT_3D('',#18500,#14898,#14899);
#12514=AXIS2_PLACEMENT_3D('',#18506,#14903,#14904);
#12515=AXIS2_PLACEMENT_3D('',#18515,#14909,#14910);
#12516=AXIS2_PLACEMENT_3D('',#18521,#14914,#14915);
#12517=AXIS2_PLACEMENT_3D('',#18527,#14919,#14920);
#12518=AXIS2_PLACEMENT_3D('',#18536,#14925,#14926);
#12519=AXIS2_PLACEMENT_3D('',#18542,#14930,#14931);
#12520=AXIS2_PLACEMENT_3D('',#18548,#14935,#14936);
#12521=AXIS2_PLACEMENT_3D('',#18557,#14941,#14942);
#12522=AXIS2_PLACEMENT_3D('',#18563,#14946,#14947);
#12523=AXIS2_PLACEMENT_3D('',#18569,#14951,#14952);
#12524=AXIS2_PLACEMENT_3D('',#18578,#14957,#14958);
#12525=AXIS2_PLACEMENT_3D('',#18584,#14962,#14963);
#12526=AXIS2_PLACEMENT_3D('',#18590,#14967,#14968);
#12527=AXIS2_PLACEMENT_3D('',#18599,#14973,#14974);
#12528=AXIS2_PLACEMENT_3D('',#18605,#14978,#14979);
#12529=AXIS2_PLACEMENT_3D('',#18611,#14983,#14984);
#12530=AXIS2_PLACEMENT_3D('',#18620,#14989,#14990);
#12531=AXIS2_PLACEMENT_3D('',#18626,#14994,#14995);
#12532=AXIS2_PLACEMENT_3D('',#18632,#14999,#15000);
#12533=AXIS2_PLACEMENT_3D('',#18641,#15005,#15006);
#12534=AXIS2_PLACEMENT_3D('',#18647,#15010,#15011);
#12535=AXIS2_PLACEMENT_3D('',#18653,#15015,#15016);
#12536=AXIS2_PLACEMENT_3D('',#18662,#15021,#15022);
#12537=AXIS2_PLACEMENT_3D('',#18668,#15026,#15027);
#12538=AXIS2_PLACEMENT_3D('',#18674,#15031,#15032);
#12539=AXIS2_PLACEMENT_3D('',#18683,#15037,#15038);
#12540=AXIS2_PLACEMENT_3D('',#18689,#15042,#15043);
#12541=AXIS2_PLACEMENT_3D('',#18695,#15047,#15048);
#12542=AXIS2_PLACEMENT_3D('',#18704,#15053,#15054);
#12543=AXIS2_PLACEMENT_3D('',#18710,#15058,#15059);
#12544=AXIS2_PLACEMENT_3D('',#18716,#15063,#15064);
#12545=AXIS2_PLACEMENT_3D('',#18717,#15065,#15066);
#12546=AXIS2_PLACEMENT_3D('',#18718,#15067,#15068);
#12547=AXIS2_PLACEMENT_3D('',#18721,#15071,#15072);
#12548=AXIS2_PLACEMENT_3D('',#18724,#15075,#15076);
#12549=AXIS2_PLACEMENT_3D('',#18727,#15079,#15080);
#12550=AXIS2_PLACEMENT_3D('',#18730,#15083,#15084);
#12551=AXIS2_PLACEMENT_3D('',#18733,#15087,#15088);
#12552=AXIS2_PLACEMENT_3D('',#18736,#15091,#15092);
#12553=AXIS2_PLACEMENT_3D('',#18739,#15095,#15096);
#12554=AXIS2_PLACEMENT_3D('',#18742,#15099,#15100);
#12555=AXIS2_PLACEMENT_3D('',#18745,#15103,#15104);
#12556=AXIS2_PLACEMENT_3D('',#18748,#15107,#15108);
#12557=AXIS2_PLACEMENT_3D('',#18751,#15111,#15112);
#12558=AXIS2_PLACEMENT_3D('',#18754,#15115,#15116);
#12559=AXIS2_PLACEMENT_3D('',#18757,#15119,#15120);
#12560=AXIS2_PLACEMENT_3D('',#18760,#15123,#15124);
#12561=AXIS2_PLACEMENT_3D('',#18763,#15127,#15128);
#12562=AXIS2_PLACEMENT_3D('',#18766,#15131,#15132);
#12563=AXIS2_PLACEMENT_3D('',#18769,#15135,#15136);
#12564=AXIS2_PLACEMENT_3D('',#18772,#15139,#15140);
#12565=AXIS2_PLACEMENT_3D('',#18775,#15143,#15144);
#12566=AXIS2_PLACEMENT_3D('',#18778,#15147,#15148);
#12567=AXIS2_PLACEMENT_3D('',#18781,#15151,#15152);
#12568=AXIS2_PLACEMENT_3D('',#18784,#15155,#15156);
#12569=AXIS2_PLACEMENT_3D('',#18787,#15159,#15160);
#12570=AXIS2_PLACEMENT_3D('',#18790,#15163,#15164);
#12571=AXIS2_PLACEMENT_3D('',#18793,#15167,#15168);
#12572=AXIS2_PLACEMENT_3D('',#18796,#15171,#15172);
#12573=AXIS2_PLACEMENT_3D('',#18799,#15175,#15176);
#12574=AXIS2_PLACEMENT_3D('',#18802,#15179,#15180);
#12575=AXIS2_PLACEMENT_3D('',#18805,#15183,#15184);
#12576=AXIS2_PLACEMENT_3D('',#18806,#15185,#15186);
#12577=AXIS2_PLACEMENT_3D('',#18807,#15187,#15188);
#12578=AXIS2_PLACEMENT_3D('',#18808,#15189,#15190);
#12579=AXIS2_PLACEMENT_3D('',#18811,#15193,#15194);
#12580=AXIS2_PLACEMENT_3D('',#18814,#15197,#15198);
#12581=AXIS2_PLACEMENT_3D('',#18817,#15201,#15202);
#12582=AXIS2_PLACEMENT_3D('',#18820,#15205,#15206);
#12583=AXIS2_PLACEMENT_3D('',#18823,#15209,#15210);
#12584=AXIS2_PLACEMENT_3D('',#18826,#15213,#15214);
#12585=AXIS2_PLACEMENT_3D('',#18829,#15217,#15218);
#12586=AXIS2_PLACEMENT_3D('',#18832,#15221,#15222);
#12587=AXIS2_PLACEMENT_3D('',#18835,#15225,#15226);
#12588=AXIS2_PLACEMENT_3D('',#18838,#15229,#15230);
#12589=AXIS2_PLACEMENT_3D('',#18841,#15233,#15234);
#12590=AXIS2_PLACEMENT_3D('',#18844,#15237,#15238);
#12591=AXIS2_PLACEMENT_3D('',#18847,#15241,#15242);
#12592=AXIS2_PLACEMENT_3D('',#18850,#15245,#15246);
#12593=AXIS2_PLACEMENT_3D('',#18853,#15249,#15250);
#12594=AXIS2_PLACEMENT_3D('',#18856,#15253,#15254);
#12595=AXIS2_PLACEMENT_3D('',#18859,#15257,#15258);
#12596=AXIS2_PLACEMENT_3D('',#18862,#15261,#15262);
#12597=AXIS2_PLACEMENT_3D('',#18865,#15265,#15266);
#12598=AXIS2_PLACEMENT_3D('',#18868,#15269,#15270);
#12599=AXIS2_PLACEMENT_3D('',#18871,#15273,#15274);
#12600=AXIS2_PLACEMENT_3D('',#18874,#15277,#15278);
#12601=AXIS2_PLACEMENT_3D('',#18877,#15281,#15282);
#12602=AXIS2_PLACEMENT_3D('',#18880,#15285,#15286);
#12603=AXIS2_PLACEMENT_3D('',#18883,#15289,#15290);
#12604=AXIS2_PLACEMENT_3D('',#18886,#15293,#15294);
#12605=AXIS2_PLACEMENT_3D('',#18889,#15297,#15298);
#12606=AXIS2_PLACEMENT_3D('',#18892,#15301,#15302);
#12607=AXIS2_PLACEMENT_3D('',#18895,#15305,#15306);
#12608=AXIS2_PLACEMENT_3D('',#18898,#15309,#15310);
#12609=AXIS2_PLACEMENT_3D('',#18901,#15313,#15314);
#12610=AXIS2_PLACEMENT_3D('',#18904,#15317,#15318);
#12611=AXIS2_PLACEMENT_3D('',#18907,#15321,#15322);
#12612=AXIS2_PLACEMENT_3D('',#18910,#15325,#15326);
#12613=AXIS2_PLACEMENT_3D('',#18913,#15329,#15330);
#12614=AXIS2_PLACEMENT_3D('',#18916,#15333,#15334);
#12615=AXIS2_PLACEMENT_3D('',#18917,#15335,#15336);
#12616=AXIS2_PLACEMENT_3D('',#18918,#15337,#15338);
#12617=AXIS2_PLACEMENT_3D('',#18919,#15339,#15340);
#12618=AXIS2_PLACEMENT_3D('',#18920,#15341,#15342);
#12619=AXIS2_PLACEMENT_3D('',#18921,#15343,#15344);
#12620=AXIS2_PLACEMENT_3D('',#18922,#15345,#15346);
#12621=AXIS2_PLACEMENT_3D('',#18923,#15347,#15348);
#12622=AXIS2_PLACEMENT_3D('',#18924,#15349,#15350);
#12623=AXIS2_PLACEMENT_3D('',#18925,#15351,#15352);
#12624=AXIS2_PLACEMENT_3D('',#18926,#15353,#15354);
#12625=AXIS2_PLACEMENT_3D('',#18927,#15355,#15356);
#12626=AXIS2_PLACEMENT_3D('',#18928,#15357,#15358);
#12627=AXIS2_PLACEMENT_3D('',#18929,#15359,#15360);
#12628=AXIS2_PLACEMENT_3D('',#18930,#15361,#15362);
#12629=AXIS2_PLACEMENT_3D('',#18931,#15363,#15364);
#12630=AXIS2_PLACEMENT_3D('',#18932,#15365,#15366);
#12631=AXIS2_PLACEMENT_3D('',#18933,#15367,#15368);
#12632=AXIS2_PLACEMENT_3D('',#18934,#15369,#15370);
#12633=AXIS2_PLACEMENT_3D('',#18935,#15371,#15372);
#12634=AXIS2_PLACEMENT_3D('',#18936,#15373,#15374);
#12635=AXIS2_PLACEMENT_3D('',#18937,#15375,#15376);
#12636=AXIS2_PLACEMENT_3D('',#18938,#15377,#15378);
#12637=AXIS2_PLACEMENT_3D('',#18939,#15379,#15380);
#12638=AXIS2_PLACEMENT_3D('',#18940,#15381,#15382);
#12639=AXIS2_PLACEMENT_3D('',#18941,#15383,#15384);
#12640=AXIS2_PLACEMENT_3D('',#18942,#15385,#15386);
#12641=AXIS2_PLACEMENT_3D('',#18943,#15387,#15388);
#12642=AXIS2_PLACEMENT_3D('',#18944,#15389,#15390);
#12643=AXIS2_PLACEMENT_3D('',#18945,#15391,#15392);
#12644=AXIS2_PLACEMENT_3D('',#18946,#15393,#15394);
#12645=AXIS2_PLACEMENT_3D('',#18947,#15395,#15396);
#12646=AXIS2_PLACEMENT_3D('',#18948,#15397,#15398);
#12647=AXIS2_PLACEMENT_3D('',#18949,#15399,#15400);
#12648=AXIS2_PLACEMENT_3D('',#18950,#15401,#15402);
#12649=AXIS2_PLACEMENT_3D('',#18951,#15403,#15404);
#12650=AXIS2_PLACEMENT_3D('',#18952,#15405,#15406);
#12651=AXIS2_PLACEMENT_3D('',#18953,#15407,#15408);
#12652=AXIS2_PLACEMENT_3D('',#18954,#15409,#15410);
#12653=AXIS2_PLACEMENT_3D('',#18955,#15411,#15412);
#12654=AXIS2_PLACEMENT_3D('',#18956,#15413,#15414);
#12655=AXIS2_PLACEMENT_3D('',#18957,#15415,#15416);
#12656=AXIS2_PLACEMENT_3D('',#18958,#15417,#15418);
#12657=AXIS2_PLACEMENT_3D('',#18959,#15419,#15420);
#12658=AXIS2_PLACEMENT_3D('',#18960,#15421,#15422);
#12659=AXIS2_PLACEMENT_3D('',#18961,#15423,#15424);
#12660=AXIS2_PLACEMENT_3D('',#18962,#15425,#15426);
#12661=AXIS2_PLACEMENT_3D('',#18963,#15427,#15428);
#12662=AXIS2_PLACEMENT_3D('',#18964,#15429,#15430);
#12663=AXIS2_PLACEMENT_3D('',#18965,#15431,#15432);
#12664=AXIS2_PLACEMENT_3D('',#18966,#15433,#15434);
#12665=AXIS2_PLACEMENT_3D('',#18967,#15435,#15436);
#12666=AXIS2_PLACEMENT_3D('',#18968,#15437,#15438);
#12667=AXIS2_PLACEMENT_3D('',#18969,#15439,#15440);
#12668=AXIS2_PLACEMENT_3D('',#18970,#15441,#15442);
#12669=AXIS2_PLACEMENT_3D('',#18971,#15443,#15444);
#12670=AXIS2_PLACEMENT_3D('',#18972,#15445,#15446);
#12671=AXIS2_PLACEMENT_3D('',#18973,#15447,#15448);
#12672=AXIS2_PLACEMENT_3D('',#18974,#15449,#15450);
#12673=AXIS2_PLACEMENT_3D('',#18975,#15451,#15452);
#12674=AXIS2_PLACEMENT_3D('',#18976,#15453,#15454);
#12675=AXIS2_PLACEMENT_3D('',#18977,#15455,#15456);
#12676=AXIS2_PLACEMENT_3D('',#18978,#15457,#15458);
#12677=AXIS2_PLACEMENT_3D('',#18979,#15459,#15460);
#12678=AXIS2_PLACEMENT_3D('',#18980,#15461,#15462);
#12679=AXIS2_PLACEMENT_3D('',#18981,#15463,#15464);
#12680=AXIS2_PLACEMENT_3D('',#18982,#15465,#15466);
#12681=AXIS2_PLACEMENT_3D('',#18983,#15467,#15468);
#12682=AXIS2_PLACEMENT_3D('',#18984,#15469,#15470);
#12683=AXIS2_PLACEMENT_3D('',#18986,#15471,#15472);
#12684=AXIS2_PLACEMENT_3D('',#18989,#15474,#15475);
#12685=AXIS2_PLACEMENT_3D('',#18990,#15476,#15477);
#12686=AXIS2_PLACEMENT_3D('',#18992,#15478,#15479);
#12687=AXIS2_PLACEMENT_3D('',#18995,#15481,#15482);
#12688=AXIS2_PLACEMENT_3D('',#18996,#15483,#15484);
#12689=AXIS2_PLACEMENT_3D('',#18998,#15485,#15486);
#12690=AXIS2_PLACEMENT_3D('',#19001,#15488,#15489);
#12691=AXIS2_PLACEMENT_3D('',#19002,#15490,#15491);
#12692=AXIS2_PLACEMENT_3D('',#19004,#15492,#15493);
#12693=AXIS2_PLACEMENT_3D('',#19007,#15495,#15496);
#12694=AXIS2_PLACEMENT_3D('',#19008,#15497,#15498);
#12695=AXIS2_PLACEMENT_3D('',#19010,#15499,#15500);
#12696=AXIS2_PLACEMENT_3D('',#19013,#15502,#15503);
#12697=AXIS2_PLACEMENT_3D('',#19014,#15504,#15505);
#12698=AXIS2_PLACEMENT_3D('',#19016,#15506,#15507);
#12699=AXIS2_PLACEMENT_3D('',#19019,#15509,#15510);
#12700=AXIS2_PLACEMENT_3D('',#19020,#15511,#15512);
#12701=AXIS2_PLACEMENT_3D('',#19022,#15513,#15514);
#12702=AXIS2_PLACEMENT_3D('',#19025,#15516,#15517);
#12703=AXIS2_PLACEMENT_3D('',#19026,#15518,#15519);
#12704=AXIS2_PLACEMENT_3D('',#19028,#15520,#15521);
#12705=AXIS2_PLACEMENT_3D('',#19031,#15523,#15524);
#12706=AXIS2_PLACEMENT_3D('',#19032,#15525,#15526);
#12707=AXIS2_PLACEMENT_3D('',#19034,#15527,#15528);
#12708=AXIS2_PLACEMENT_3D('',#19037,#15530,#15531);
#12709=AXIS2_PLACEMENT_3D('',#19038,#15532,#15533);
#12710=AXIS2_PLACEMENT_3D('',#19040,#15534,#15535);
#12711=AXIS2_PLACEMENT_3D('',#19043,#15537,#15538);
#12712=AXIS2_PLACEMENT_3D('',#19044,#15539,#15540);
#12713=AXIS2_PLACEMENT_3D('',#19046,#15541,#15542);
#12714=AXIS2_PLACEMENT_3D('',#19049,#15544,#15545);
#12715=AXIS2_PLACEMENT_3D('',#19050,#15546,#15547);
#12716=AXIS2_PLACEMENT_3D('',#19052,#15548,#15549);
#12717=AXIS2_PLACEMENT_3D('',#19055,#15551,#15552);
#12718=AXIS2_PLACEMENT_3D('',#19056,#15553,#15554);
#12719=AXIS2_PLACEMENT_3D('',#19058,#15555,#15556);
#12720=AXIS2_PLACEMENT_3D('',#19061,#15558,#15559);
#12721=AXIS2_PLACEMENT_3D('',#19062,#15560,#15561);
#12722=AXIS2_PLACEMENT_3D('',#19064,#15562,#15563);
#12723=AXIS2_PLACEMENT_3D('',#19067,#15565,#15566);
#12724=AXIS2_PLACEMENT_3D('',#19068,#15567,#15568);
#12725=AXIS2_PLACEMENT_3D('',#19070,#15569,#15570);
#12726=AXIS2_PLACEMENT_3D('',#19073,#15572,#15573);
#12727=AXIS2_PLACEMENT_3D('',#19074,#15574,#15575);
#12728=AXIS2_PLACEMENT_3D('',#19076,#15576,#15577);
#12729=AXIS2_PLACEMENT_3D('',#19079,#15579,#15580);
#12730=AXIS2_PLACEMENT_3D('',#19080,#15581,#15582);
#12731=AXIS2_PLACEMENT_3D('',#19089,#15587,#15588);
#12732=AXIS2_PLACEMENT_3D('',#19091,#15589,#15590);
#12733=AXIS2_PLACEMENT_3D('',#19093,#15591,#15592);
#12734=AXIS2_PLACEMENT_3D('',#19095,#15594,#15595);
#12735=AXIS2_PLACEMENT_3D('',#19101,#15599,#15600);
#12736=AXIS2_PLACEMENT_3D('',#19103,#15601,#15602);
#12737=AXIS2_PLACEMENT_3D('',#19105,#15603,#15604);
#12738=AXIS2_PLACEMENT_3D('',#19107,#15606,#15607);
#12739=AXIS2_PLACEMENT_3D('',#19113,#15611,#15612);
#12740=AXIS2_PLACEMENT_3D('',#19115,#15613,#15614);
#12741=AXIS2_PLACEMENT_3D('',#19117,#15615,#15616);
#12742=AXIS2_PLACEMENT_3D('',#19119,#15618,#15619);
#12743=AXIS2_PLACEMENT_3D('',#19125,#15623,#15624);
#12744=AXIS2_PLACEMENT_3D('',#19127,#15625,#15626);
#12745=AXIS2_PLACEMENT_3D('',#19129,#15627,#15628);
#12746=AXIS2_PLACEMENT_3D('',#19131,#15630,#15631);
#12747=AXIS2_PLACEMENT_3D('',#19137,#15635,#15636);
#12748=AXIS2_PLACEMENT_3D('',#19143,#15640,#15641);
#12749=AXIS2_PLACEMENT_3D('',#19149,#15645,#15646);
#12750=AXIS2_PLACEMENT_3D('',#19151,#15647,#15648);
#12751=AXIS2_PLACEMENT_3D('',#19153,#15649,#15650);
#12752=AXIS2_PLACEMENT_3D('',#19155,#15652,#15653);
#12753=AXIS2_PLACEMENT_3D('',#19161,#15657,#15658);
#12754=AXIS2_PLACEMENT_3D('',#19163,#15659,#15660);
#12755=AXIS2_PLACEMENT_3D('',#19165,#15661,#15662);
#12756=AXIS2_PLACEMENT_3D('',#19167,#15664,#15665);
#12757=AXIS2_PLACEMENT_3D('',#19173,#15669,#15670);
#12758=AXIS2_PLACEMENT_3D('',#19175,#15671,#15672);
#12759=AXIS2_PLACEMENT_3D('',#19177,#15673,#15674);
#12760=AXIS2_PLACEMENT_3D('',#19179,#15676,#15677);
#12761=AXIS2_PLACEMENT_3D('',#19185,#15681,#15682);
#12762=AXIS2_PLACEMENT_3D('',#19187,#15683,#15684);
#12763=AXIS2_PLACEMENT_3D('',#19189,#15685,#15686);
#12764=AXIS2_PLACEMENT_3D('',#19191,#15688,#15689);
#12765=AXIS2_PLACEMENT_3D('',#19197,#15693,#15694);
#12766=AXIS2_PLACEMENT_3D('',#19200,#15697,#15698);
#12767=AXIS2_PLACEMENT_3D('',#19201,#15699,#15700);
#12768=AXIS2_PLACEMENT_3D('',#19202,#15701,#15702);
#12769=AXIS2_PLACEMENT_3D('',#19203,#15703,#15704);
#12770=AXIS2_PLACEMENT_3D('',#19204,#15705,#15706);
#12771=AXIS2_PLACEMENT_3D('',#19205,#15707,#15708);
#12772=AXIS2_PLACEMENT_3D('',#19206,#15709,#15710);
#12773=AXIS2_PLACEMENT_3D('',#19207,#15711,#15712);
#12774=AXIS2_PLACEMENT_3D('',#19208,#15713,#15714);
#12775=AXIS2_PLACEMENT_3D('',#19209,#15715,#15716);
#12776=AXIS2_PLACEMENT_3D('',#19210,#15717,#15718);
#12777=AXIS2_PLACEMENT_3D('',#19211,#15719,#15720);
#12778=AXIS2_PLACEMENT_3D('',#19212,#15721,#15722);
#12779=AXIS2_PLACEMENT_3D('',#19213,#15723,#15724);
#12780=AXIS2_PLACEMENT_3D('',#19214,#15725,#15726);
#12781=AXIS2_PLACEMENT_3D('',#19215,#15727,#15728);
#12782=AXIS2_PLACEMENT_3D('',#19216,#15729,#15730);
#12783=AXIS2_PLACEMENT_3D('',#19217,#15731,#15732);
#12784=AXIS2_PLACEMENT_3D('',#19218,#15733,#15734);
#12785=AXIS2_PLACEMENT_3D('',#19219,#15735,#15736);
#12786=AXIS2_PLACEMENT_3D('',#19220,#15737,#15738);
#12787=AXIS2_PLACEMENT_3D('',#19221,#15739,#15740);
#12788=AXIS2_PLACEMENT_3D('',#19222,#15741,#15742);
#12789=AXIS2_PLACEMENT_3D('',#19223,#15743,#15744);
#12790=DIRECTION('axis',(0.,0.,1.));
#12791=DIRECTION('refdir',(1.,0.,0.));
#12792=DIRECTION('axis',(0.,0.,1.));
#12793=DIRECTION('refdir',(1.,0.,0.));
#12794=DIRECTION('center_axis',(0.,0.,-1.));
#12795=DIRECTION('ref_axis',(1.,0.,0.));
#12796=DIRECTION('center_axis',(0.,0.,-1.));
#12797=DIRECTION('ref_axis',(1.,0.,0.));
#12798=DIRECTION('',(0.,0.,-1.));
#12799=DIRECTION('center_axis',(0.,0.,1.));
#12800=DIRECTION('ref_axis',(1.,0.,0.));
#12801=DIRECTION('center_axis',(0.,0.,-1.));
#12802=DIRECTION('ref_axis',(1.,0.,0.));
#12803=DIRECTION('center_axis',(0.,0.,-1.));
#12804=DIRECTION('ref_axis',(1.,0.,0.));
#12805=DIRECTION('',(0.,0.,-1.));
#12806=DIRECTION('center_axis',(0.,0.,1.));
#12807=DIRECTION('ref_axis',(1.,0.,0.));
#12808=DIRECTION('center_axis',(0.,0.,-1.));
#12809=DIRECTION('ref_axis',(1.,0.,0.));
#12810=DIRECTION('center_axis',(0.,0.,-1.));
#12811=DIRECTION('ref_axis',(1.,0.,0.));
#12812=DIRECTION('',(0.,0.,-1.));
#12813=DIRECTION('center_axis',(0.,0.,1.));
#12814=DIRECTION('ref_axis',(1.,0.,0.));
#12815=DIRECTION('center_axis',(0.,0.,-1.));
#12816=DIRECTION('ref_axis',(1.,0.,0.));
#12817=DIRECTION('center_axis',(0.,0.,-1.));
#12818=DIRECTION('ref_axis',(1.,0.,0.));
#12819=DIRECTION('',(0.,0.,-1.));
#12820=DIRECTION('center_axis',(0.,0.,1.));
#12821=DIRECTION('ref_axis',(1.,0.,0.));
#12822=DIRECTION('center_axis',(0.,0.,-1.));
#12823=DIRECTION('ref_axis',(1.,0.,0.));
#12824=DIRECTION('center_axis',(0.,0.,-1.));
#12825=DIRECTION('ref_axis',(1.,0.,0.));
#12826=DIRECTION('',(0.,0.,-1.));
#12827=DIRECTION('center_axis',(0.,0.,1.));
#12828=DIRECTION('ref_axis',(1.,0.,0.));
#12829=DIRECTION('center_axis',(0.,0.,-1.));
#12830=DIRECTION('ref_axis',(1.,0.,0.));
#12831=DIRECTION('center_axis',(0.,0.,-1.));
#12832=DIRECTION('ref_axis',(1.,0.,0.));
#12833=DIRECTION('',(0.,0.,-1.));
#12834=DIRECTION('center_axis',(0.,0.,1.));
#12835=DIRECTION('ref_axis',(1.,0.,0.));
#12836=DIRECTION('center_axis',(0.,0.,-1.));
#12837=DIRECTION('ref_axis',(1.,0.,0.));
#12838=DIRECTION('center_axis',(0.,0.,-1.));
#12839=DIRECTION('ref_axis',(1.,0.,0.));
#12840=DIRECTION('',(0.,0.,-1.));
#12841=DIRECTION('center_axis',(0.,0.,1.));
#12842=DIRECTION('ref_axis',(1.,0.,0.));
#12843=DIRECTION('center_axis',(0.,0.,-1.));
#12844=DIRECTION('ref_axis',(1.,0.,0.));
#12845=DIRECTION('center_axis',(0.,0.,-1.));
#12846=DIRECTION('ref_axis',(1.,0.,0.));
#12847=DIRECTION('',(0.,0.,-1.));
#12848=DIRECTION('center_axis',(0.,0.,1.));
#12849=DIRECTION('ref_axis',(1.,0.,0.));
#12850=DIRECTION('center_axis',(0.,0.,-1.));
#12851=DIRECTION('ref_axis',(1.,0.,0.));
#12852=DIRECTION('center_axis',(0.,0.,-1.));
#12853=DIRECTION('ref_axis',(1.,0.,0.));
#12854=DIRECTION('',(0.,0.,-1.));
#12855=DIRECTION('center_axis',(0.,0.,1.));
#12856=DIRECTION('ref_axis',(1.,0.,0.));
#12857=DIRECTION('center_axis',(0.,0.,-1.));
#12858=DIRECTION('ref_axis',(1.,0.,0.));
#12859=DIRECTION('center_axis',(0.,0.,-1.));
#12860=DIRECTION('ref_axis',(1.,0.,0.));
#12861=DIRECTION('',(0.,0.,-1.));
#12862=DIRECTION('center_axis',(0.,0.,1.));
#12863=DIRECTION('ref_axis',(1.,0.,0.));
#12864=DIRECTION('center_axis',(0.,0.,-1.));
#12865=DIRECTION('ref_axis',(1.,0.,0.));
#12866=DIRECTION('center_axis',(0.,0.,-1.));
#12867=DIRECTION('ref_axis',(1.,0.,0.));
#12868=DIRECTION('',(0.,0.,-1.));
#12869=DIRECTION('center_axis',(0.,0.,1.));
#12870=DIRECTION('ref_axis',(1.,0.,0.));
#12871=DIRECTION('center_axis',(0.,0.,-1.));
#12872=DIRECTION('ref_axis',(1.,0.,0.));
#12873=DIRECTION('center_axis',(0.,0.,-1.));
#12874=DIRECTION('ref_axis',(1.,0.,0.));
#12875=DIRECTION('',(0.,0.,-1.));
#12876=DIRECTION('center_axis',(0.,0.,1.));
#12877=DIRECTION('ref_axis',(1.,0.,0.));
#12878=DIRECTION('center_axis',(-1.,0.,0.));
#12879=DIRECTION('ref_axis',(0.,-1.,0.));
#12880=DIRECTION('',(0.,1.,0.));
#12881=DIRECTION('',(0.,0.,1.));
#12882=DIRECTION('',(0.,-1.,0.));
#12883=DIRECTION('',(0.,0.,1.));
#12884=DIRECTION('center_axis',(0.,1.,0.));
#12885=DIRECTION('ref_axis',(-1.,0.,0.));
#12886=DIRECTION('',(1.,0.,0.));
#12887=DIRECTION('',(-1.,0.,0.));
#12888=DIRECTION('',(0.,0.,1.));
#12889=DIRECTION('center_axis',(1.,0.,0.));
#12890=DIRECTION('ref_axis',(0.,1.,0.));
#12891=DIRECTION('',(0.,-1.,0.));
#12892=DIRECTION('',(0.,1.,0.));
#12893=DIRECTION('',(0.,0.,1.));
#12894=DIRECTION('center_axis',(0.,-1.,0.));
#12895=DIRECTION('ref_axis',(1.,0.,0.));
#12896=DIRECTION('',(-1.,0.,0.));
#12897=DIRECTION('',(1.,0.,0.));
#12898=DIRECTION('center_axis',(0.,0.,1.));
#12899=DIRECTION('ref_axis',(1.,0.,0.));
#12900=DIRECTION('center_axis',(0.,0.,1.));
#12901=DIRECTION('ref_axis',(1.,0.,0.));
#12902=DIRECTION('axis',(0.,0.,1.));
#12903=DIRECTION('refdir',(1.,0.,0.));
#12904=DIRECTION('center_axis',(0.,0.,1.));
#12905=DIRECTION('ref_axis',(-1.,0.,0.));
#12906=DIRECTION('center_axis',(-1.8503717687699E-16,0.,1.));
#12907=DIRECTION('ref_axis',(-1.,0.,0.));
#12908=DIRECTION('',(0.,0.,1.));
#12909=DIRECTION('center_axis',(9.25185853854297E-17,0.,-1.));
#12910=DIRECTION('ref_axis',(-1.,0.,0.));
#12911=DIRECTION('center_axis',(0.,0.,1.));
#12912=DIRECTION('ref_axis',(-1.,0.,0.));
#12913=DIRECTION('center_axis',(-1.85037170770859E-16,0.,1.));
#12914=DIRECTION('ref_axis',(-1.,0.,0.));
#12915=DIRECTION('',(0.,0.,1.));
#12916=DIRECTION('center_axis',(1.85037170770859E-16,0.,-1.));
#12917=DIRECTION('ref_axis',(-1.,0.,0.));
#12918=DIRECTION('center_axis',(0.,0.,1.));
#12919=DIRECTION('ref_axis',(-1.,0.,0.));
#12920=DIRECTION('center_axis',(-1.8503717687699E-16,0.,1.));
#12921=DIRECTION('ref_axis',(-1.,0.,0.));
#12922=DIRECTION('',(0.,0.,1.));
#12923=DIRECTION('center_axis',(9.25185853854297E-17,0.,-1.));
#12924=DIRECTION('ref_axis',(-1.,0.,0.));
#12925=DIRECTION('center_axis',(0.,0.,1.));
#12926=DIRECTION('ref_axis',(-1.,0.,0.));
#12927=DIRECTION('center_axis',(-1.85037170770859E-16,0.,1.));
#12928=DIRECTION('ref_axis',(-1.,0.,0.));
#12929=DIRECTION('',(0.,0.,1.));
#12930=DIRECTION('center_axis',(1.85037170770859E-16,0.,-1.));
#12931=DIRECTION('ref_axis',(-1.,0.,0.));
#12932=DIRECTION('center_axis',(0.,0.,1.));
#12933=DIRECTION('ref_axis',(-1.,0.,0.));
#12934=DIRECTION('center_axis',(-1.8503717687699E-16,0.,1.));
#12935=DIRECTION('ref_axis',(-1.,0.,0.));
#12936=DIRECTION('',(0.,0.,1.));
#12937=DIRECTION('center_axis',(9.25185853854297E-17,0.,-1.));
#12938=DIRECTION('ref_axis',(-1.,0.,0.));
#12939=DIRECTION('center_axis',(0.,0.,1.));
#12940=DIRECTION('ref_axis',(-1.,0.,0.));
#12941=DIRECTION('center_axis',(-1.85037170770859E-16,0.,1.));
#12942=DIRECTION('ref_axis',(-1.,0.,0.));
#12943=DIRECTION('',(0.,0.,1.));
#12944=DIRECTION('center_axis',(1.85037170770859E-16,0.,-1.));
#12945=DIRECTION('ref_axis',(-1.,0.,0.));
#12946=DIRECTION('center_axis',(0.,0.,1.));
#12947=DIRECTION('ref_axis',(-1.,0.,0.));
#12948=DIRECTION('center_axis',(-1.8503717687699E-16,0.,1.));
#12949=DIRECTION('ref_axis',(-1.,0.,0.));
#12950=DIRECTION('',(0.,0.,1.));
#12951=DIRECTION('center_axis',(9.25185853854297E-17,0.,-1.));
#12952=DIRECTION('ref_axis',(-1.,0.,0.));
#12953=DIRECTION('center_axis',(0.,0.,1.));
#12954=DIRECTION('ref_axis',(-1.,0.,0.));
#12955=DIRECTION('center_axis',(-1.85037170770859E-16,0.,1.));
#12956=DIRECTION('ref_axis',(-1.,0.,0.));
#12957=DIRECTION('',(0.,0.,1.));
#12958=DIRECTION('center_axis',(1.85037170770859E-16,0.,-1.));
#12959=DIRECTION('ref_axis',(-1.,0.,0.));
#12960=DIRECTION('center_axis',(0.,0.,-1.));
#12961=DIRECTION('ref_axis',(1.,0.,0.));
#12962=DIRECTION('center_axis',(9.25185853854297E-17,0.,-1.));
#12963=DIRECTION('ref_axis',(1.,0.,0.));
#12964=DIRECTION('',(0.,0.,-1.));
#12965=DIRECTION('center_axis',(-1.8503717687699E-16,0.,1.));
#12966=DIRECTION('ref_axis',(1.,0.,0.));
#12967=DIRECTION('center_axis',(0.,0.,-1.));
#12968=DIRECTION('ref_axis',(1.,0.,0.));
#12969=DIRECTION('center_axis',(1.85037170770859E-16,0.,-1.));
#12970=DIRECTION('ref_axis',(1.,0.,0.));
#12971=DIRECTION('',(0.,0.,-1.));
#12972=DIRECTION('center_axis',(-1.85037170770859E-16,0.,1.));
#12973=DIRECTION('ref_axis',(1.,0.,0.));
#12974=DIRECTION('center_axis',(0.,0.,-1.));
#12975=DIRECTION('ref_axis',(1.,0.,0.));
#12976=DIRECTION('center_axis',(9.25185853854297E-17,0.,-1.));
#12977=DIRECTION('ref_axis',(1.,0.,0.));
#12978=DIRECTION('',(0.,0.,-1.));
#12979=DIRECTION('center_axis',(-1.8503717687699E-16,0.,1.));
#12980=DIRECTION('ref_axis',(1.,0.,0.));
#12981=DIRECTION('center_axis',(0.,0.,-1.));
#12982=DIRECTION('ref_axis',(1.,0.,0.));
#12983=DIRECTION('center_axis',(1.85037170770859E-16,0.,-1.));
#12984=DIRECTION('ref_axis',(1.,0.,0.));
#12985=DIRECTION('',(0.,0.,-1.));
#12986=DIRECTION('center_axis',(-1.85037170770859E-16,0.,1.));
#12987=DIRECTION('ref_axis',(1.,0.,0.));
#12988=DIRECTION('center_axis',(-1.85037170770859E-16,0.,1.));
#12989=DIRECTION('ref_axis',(1.,0.,1.85037170770859E-16));
#12990=DIRECTION('',(1.,0.,1.85037170770859E-16));
#12991=DIRECTION('',(0.,1.,0.));
#12992=DIRECTION('',(1.,0.,1.85037170770859E-16));
#12993=DIRECTION('',(0.,1.,0.));
#12994=DIRECTION('center_axis',(0.,1.,0.));
#12995=DIRECTION('ref_axis',(0.,0.,-1.));
#12996=DIRECTION('center_axis',(0.,-1.,0.));
#12997=DIRECTION('ref_axis',(0.,0.,-1.));
#12998=DIRECTION('center_axis',(0.,-1.,0.));
#12999=DIRECTION('ref_axis',(0.,0.,-1.));
#13000=DIRECTION('',(0.,1.,0.));
#13001=DIRECTION('center_axis',(1.,0.,1.85037170770859E-16));
#13002=DIRECTION('ref_axis',(1.85037170770859E-16,0.,-1.));
#13003=DIRECTION('',(1.85037170770859E-16,0.,-1.));
#13004=DIRECTION('',(1.85037170770859E-16,0.,-1.));
#13005=DIRECTION('',(0.,1.,0.));
#13006=DIRECTION('center_axis',(0.,1.,0.));
#13007=DIRECTION('ref_axis',(-1.,0.,0.));
#13008=DIRECTION('center_axis',(0.,-1.,0.));
#13009=DIRECTION('ref_axis',(-1.,0.,0.));
#13010=DIRECTION('center_axis',(0.,-1.,0.));
#13011=DIRECTION('ref_axis',(-1.,0.,0.));
#13012=DIRECTION('',(0.,1.,0.));
#13013=DIRECTION('center_axis',(1.8503717687699E-16,0.,-1.));
#13014=DIRECTION('ref_axis',(-1.,0.,-1.8503717687699E-16));
#13015=DIRECTION('',(-1.,0.,-1.8503717687699E-16));
#13016=DIRECTION('',(-1.,0.,-1.8503717687699E-16));
#13017=DIRECTION('',(0.,1.,0.));
#13018=DIRECTION('center_axis',(0.,1.,0.));
#13019=DIRECTION('ref_axis',(-2.22044604925031E-15,0.,1.));
#13020=DIRECTION('center_axis',(0.,-1.,0.));
#13021=DIRECTION('ref_axis',(-2.22044604925031E-15,0.,1.));
#13022=DIRECTION('center_axis',(0.,-1.,0.));
#13023=DIRECTION('ref_axis',(-2.22044604925031E-15,0.,1.));
#13024=DIRECTION('',(0.,1.,0.));
#13025=DIRECTION('center_axis',(-1.,0.,-1.85037176876987E-16));
#13026=DIRECTION('ref_axis',(-1.85037176876987E-16,0.,1.));
#13027=DIRECTION('',(-1.85037176876987E-16,0.,1.));
#13028=DIRECTION('',(-1.85037176876987E-16,0.,1.));
#13029=DIRECTION('',(0.,1.,0.));
#13030=DIRECTION('center_axis',(0.,1.,0.));
#13031=DIRECTION('ref_axis',(1.,0.,2.22044604925031E-15));
#13032=DIRECTION('center_axis',(0.,-1.,0.));
#13033=DIRECTION('ref_axis',(1.,0.,2.22044604925031E-15));
#13034=DIRECTION('center_axis',(0.,-1.,0.));
#13035=DIRECTION('ref_axis',(1.,0.,2.22044604925031E-15));
#13036=DIRECTION('center_axis',(1.85037170770859E-16,0.,-1.));
#13037=DIRECTION('ref_axis',(-1.,0.,-1.85037170770859E-16));
#13038=DIRECTION('',(-1.,0.,-1.85037170770859E-16));
#13039=DIRECTION('',(0.,1.,0.));
#13040=DIRECTION('',(-1.,0.,-1.85037170770859E-16));
#13041=DIRECTION('',(0.,1.,0.));
#13042=DIRECTION('center_axis',(0.,1.,0.));
#13043=DIRECTION('ref_axis',(1.,0.,0.));
#13044=DIRECTION('center_axis',(0.,1.,0.));
#13045=DIRECTION('ref_axis',(1.,0.,0.));
#13046=DIRECTION('center_axis',(0.,1.,0.));
#13047=DIRECTION('ref_axis',(1.,0.,0.));
#13048=DIRECTION('',(0.,1.,0.));
#13049=DIRECTION('center_axis',(1.,0.,9.25185853854297E-17));
#13050=DIRECTION('ref_axis',(9.25185853854297E-17,0.,-1.));
#13051=DIRECTION('',(9.25185853854297E-17,0.,-1.));
#13052=DIRECTION('',(9.25185853854297E-17,0.,-1.));
#13053=DIRECTION('',(0.,1.,0.));
#13054=DIRECTION('center_axis',(0.,1.,0.));
#13055=DIRECTION('ref_axis',(7.40148683083438E-16,0.,1.));
#13056=DIRECTION('center_axis',(0.,1.,0.));
#13057=DIRECTION('ref_axis',(7.40148683083438E-16,0.,1.));
#13058=DIRECTION('center_axis',(0.,1.,0.));
#13059=DIRECTION('ref_axis',(7.40148683083438E-16,0.,1.));
#13060=DIRECTION('',(0.,1.,0.));
#13061=DIRECTION('center_axis',(-9.25185853854297E-17,0.,1.));
#13062=DIRECTION('ref_axis',(1.,0.,9.25185853854297E-17));
#13063=DIRECTION('',(1.,0.,9.25185853854297E-17));
#13064=DIRECTION('',(1.,0.,9.25185853854297E-17));
#13065=DIRECTION('',(0.,1.,0.));
#13066=DIRECTION('center_axis',(0.,1.,0.));
#13067=DIRECTION('ref_axis',(-1.,0.,0.));
#13068=DIRECTION('center_axis',(0.,1.,0.));
#13069=DIRECTION('ref_axis',(-1.,0.,0.));
#13070=DIRECTION('center_axis',(0.,1.,0.));
#13071=DIRECTION('ref_axis',(-1.,0.,0.));
#13072=DIRECTION('',(0.,1.,0.));
#13073=DIRECTION('center_axis',(-1.,0.,-1.85037170770859E-16));
#13074=DIRECTION('ref_axis',(-1.85037170770859E-16,0.,1.));
#13075=DIRECTION('',(-1.85037170770859E-16,0.,1.));
#13076=DIRECTION('',(-1.85037170770859E-16,0.,1.));
#13077=DIRECTION('',(0.,1.,0.));
#13078=DIRECTION('center_axis',(0.,1.,0.));
#13079=DIRECTION('ref_axis',(0.,0.,-1.));
#13080=DIRECTION('center_axis',(0.,1.,0.));
#13081=DIRECTION('ref_axis',(0.,0.,-1.));
#13082=DIRECTION('center_axis',(0.,1.,0.));
#13083=DIRECTION('ref_axis',(0.,0.,-1.));
#13084=DIRECTION('center_axis',(0.,1.,0.));
#13085=DIRECTION('ref_axis',(1.,0.,0.));
#13086=DIRECTION('center_axis',(0.,1.,0.));
#13087=DIRECTION('ref_axis',(1.,0.,0.));
#13088=DIRECTION('axis',(0.,0.,1.));
#13089=DIRECTION('refdir',(1.,0.,0.));
#13090=DIRECTION('center_axis',(0.,1.,-5.94471055415856E-16));
#13091=DIRECTION('ref_axis',(0.,5.94471055415856E-16,1.));
#13092=DIRECTION('',(-1.,0.,0.));
#13093=DIRECTION('center_axis',(0.,-1.,5.9211894646675E-16));
#13094=DIRECTION('ref_axis',(0.,-5.9211894646675E-16,-1.));
#13095=DIRECTION('',(-1.,0.,0.));
#13096=DIRECTION('center_axis',(0.,-1.,5.9211894646675E-16));
#13097=DIRECTION('ref_axis',(0.,-5.9211894646675E-16,-1.));
#13098=DIRECTION('',(-1.,0.,0.));
#13099=DIRECTION('center_axis',(0.,1.,0.));
#13100=DIRECTION('ref_axis',(1.,0.,0.));
#13101=DIRECTION('',(1.,0.,0.));
#13102=DIRECTION('center_axis',(0.,1.,0.));
#13103=DIRECTION('ref_axis',(1.,0.,0.));
#13104=DIRECTION('center_axis',(0.,1.,0.));
#13105=DIRECTION('ref_axis',(0.,0.,1.));
#13106=DIRECTION('',(-1.,0.,0.));
#13107=DIRECTION('center_axis',(0.,1.,0.));
#13108=DIRECTION('ref_axis',(0.,0.,1.));
#13109=DIRECTION('',(0.,0.,1.));
#13110=DIRECTION('center_axis',(0.,1.,0.));
#13111=DIRECTION('ref_axis',(0.,0.,1.));
#13112=DIRECTION('',(-1.,0.,0.));
#13113=DIRECTION('',(0.,0.,-1.));
#13114=DIRECTION('center_axis',(0.,1.,0.));
#13115=DIRECTION('ref_axis',(0.,0.,1.));
#13116=DIRECTION('',(0.309016994374949,0.,-0.951056516295153));
#13117=DIRECTION('center_axis',(0.,1.,0.));
#13118=DIRECTION('ref_axis',(0.,0.,1.));
#13119=DIRECTION('',(-0.309016994374947,0.,0.951056516295154));
#13120=DIRECTION('center_axis',(0.,1.,0.));
#13121=DIRECTION('ref_axis',(0.,0.,1.));
#13122=DIRECTION('center_axis',(0.,1.,0.));
#13123=DIRECTION('ref_axis',(0.,0.,1.));
#13124=DIRECTION('',(0.587785252292473,0.,-0.809016994374947));
#13125=DIRECTION('center_axis',(0.,1.,0.));
#13126=DIRECTION('ref_axis',(0.,0.,1.));
#13127=DIRECTION('',(-0.587785252292473,0.,0.809016994374947));
#13128=DIRECTION('center_axis',(0.,1.,0.));
#13129=DIRECTION('ref_axis',(0.,0.,1.));
#13130=DIRECTION('center_axis',(0.,1.,0.));
#13131=DIRECTION('ref_axis',(0.,0.,1.));
#13132=DIRECTION('',(0.809016994374948,0.,-0.587785252292473));
#13133=DIRECTION('center_axis',(0.,1.,0.));
#13134=DIRECTION('ref_axis',(0.,0.,1.));
#13135=DIRECTION('',(-0.809016994374947,0.,0.587785252292473));
#13136=DIRECTION('center_axis',(0.,1.,0.));
#13137=DIRECTION('ref_axis',(0.,0.,1.));
#13138=DIRECTION('center_axis',(0.,1.,0.));
#13139=DIRECTION('ref_axis',(0.,0.,1.));
#13140=DIRECTION('',(0.951056516295154,0.,-0.309016994374947));
#13141=DIRECTION('center_axis',(0.,1.,0.));
#13142=DIRECTION('ref_axis',(0.,0.,1.));
#13143=DIRECTION('',(-0.951056516295153,0.,0.309016994374948));
#13144=DIRECTION('center_axis',(0.,1.,0.));
#13145=DIRECTION('ref_axis',(0.,0.,1.));
#13146=DIRECTION('center_axis',(0.,1.,0.));
#13147=DIRECTION('ref_axis',(0.,0.,1.));
#13148=DIRECTION('',(1.,0.,2.1264571582005E-16));
#13149=DIRECTION('center_axis',(0.,1.,0.));
#13150=DIRECTION('ref_axis',(0.,0.,1.));
#13151=DIRECTION('',(-1.,0.,1.59484286865038E-16));
#13152=DIRECTION('center_axis',(0.,1.,0.));
#13153=DIRECTION('ref_axis',(0.,0.,1.));
#13154=DIRECTION('center_axis',(0.,1.,0.));
#13155=DIRECTION('ref_axis',(0.,0.,1.));
#13156=DIRECTION('',(0.951056516295154,0.,0.309016994374947));
#13157=DIRECTION('center_axis',(0.,1.,0.));
#13158=DIRECTION('ref_axis',(0.,0.,1.));
#13159=DIRECTION('',(-0.951056516295154,0.,-0.309016994374947));
#13160=DIRECTION('center_axis',(0.,1.,0.));
#13161=DIRECTION('ref_axis',(0.,0.,1.));
#13162=DIRECTION('center_axis',(0.,1.,0.));
#13163=DIRECTION('ref_axis',(0.,0.,1.));
#13164=DIRECTION('',(0.809016994374948,0.,0.587785252292473));
#13165=DIRECTION('center_axis',(0.,1.,0.));
#13166=DIRECTION('ref_axis',(0.,0.,1.));
#13167=DIRECTION('',(-0.809016994374947,0.,-0.587785252292473));
#13168=DIRECTION('center_axis',(0.,1.,0.));
#13169=DIRECTION('ref_axis',(0.,0.,1.));
#13170=DIRECTION('center_axis',(0.,1.,0.));
#13171=DIRECTION('ref_axis',(0.,0.,1.));
#13172=DIRECTION('',(0.587785252292473,0.,0.809016994374948));
#13173=DIRECTION('center_axis',(0.,1.,0.));
#13174=DIRECTION('ref_axis',(0.,0.,1.));
#13175=DIRECTION('',(-0.587785252292473,0.,-0.809016994374947));
#13176=DIRECTION('center_axis',(0.,1.,0.));
#13177=DIRECTION('ref_axis',(0.,0.,1.));
#13178=DIRECTION('center_axis',(0.,1.,0.));
#13179=DIRECTION('ref_axis',(0.,0.,1.));
#13180=DIRECTION('',(0.309016994374947,0.,0.951056516295154));
#13181=DIRECTION('center_axis',(0.,1.,0.));
#13182=DIRECTION('ref_axis',(0.,0.,1.));
#13183=DIRECTION('',(-0.309016994374948,0.,-0.951056516295153));
#13184=DIRECTION('center_axis',(0.,1.,0.));
#13185=DIRECTION('ref_axis',(0.,0.,1.));
#13186=DIRECTION('center_axis',(0.,1.,0.));
#13187=DIRECTION('ref_axis',(0.,0.,1.));
#13188=DIRECTION('',(0.,0.,1.));
#13189=DIRECTION('center_axis',(0.,1.,0.));
#13190=DIRECTION('ref_axis',(0.,0.,1.));
#13191=DIRECTION('',(1.,0.,0.));
#13192=DIRECTION('',(0.,0.,-1.));
#13193=DIRECTION('',(1.,0.,0.));
#13194=DIRECTION('center_axis',(0.,1.,0.));
#13195=DIRECTION('ref_axis',(0.,0.,1.));
#13196=DIRECTION('center_axis',(1.59484286865038E-16,0.,1.));
#13197=DIRECTION('ref_axis',(1.,0.,-1.59484286865038E-16));
#13198=DIRECTION('center_axis',(2.1264571582005E-16,0.,-1.));
#13199=DIRECTION('ref_axis',(-1.,0.,-2.1264571582005E-16));
#13200=DIRECTION('center_axis',(0.309016994374948,0.,0.951056516295154));
#13201=DIRECTION('ref_axis',(0.951056516295154,0.,-0.309016994374948));
#13202=DIRECTION('center_axis',(-0.309016994374947,0.,-0.951056516295154));
#13203=DIRECTION('ref_axis',(-0.951056516295154,0.,0.309016994374947));
#13204=DIRECTION('center_axis',(0.587785252292473,0.,0.809016994374948));
#13205=DIRECTION('ref_axis',(0.809016994374948,0.,-0.587785252292473));
#13206=DIRECTION('center_axis',(-0.587785252292472,0.,-0.809016994374948));
#13207=DIRECTION('ref_axis',(-0.809016994374948,0.,0.587785252292472));
#13208=DIRECTION('center_axis',(0.809016994374947,0.,0.587785252292473));
#13209=DIRECTION('ref_axis',(0.587785252292473,0.,-0.809016994374947));
#13210=DIRECTION('center_axis',(-0.809016994374947,0.,-0.587785252292474));
#13211=DIRECTION('ref_axis',(-0.587785252292474,0.,0.809016994374947));
#13212=DIRECTION('center_axis',(0.951056516295154,0.,0.309016994374947));
#13213=DIRECTION('ref_axis',(0.309016994374947,0.,-0.951056516295154));
#13214=DIRECTION('center_axis',(-0.951056516295153,0.,-0.309016994374949));
#13215=DIRECTION('ref_axis',(-0.309016994374949,0.,0.951056516295153));
#13216=DIRECTION('center_axis',(1.,0.,0.));
#13217=DIRECTION('ref_axis',(0.,0.,-1.));
#13218=DIRECTION('center_axis',(1.,0.,0.));
#13219=DIRECTION('ref_axis',(0.,0.,-1.));
#13220=DIRECTION('center_axis',(-0.951056516295153,0.,0.309016994374948));
#13221=DIRECTION('ref_axis',(0.309016994374948,0.,0.951056516295153));
#13222=DIRECTION('center_axis',(0.951056516295154,0.,-0.309016994374947));
#13223=DIRECTION('ref_axis',(-0.309016994374947,0.,-0.951056516295154));
#13224=DIRECTION('center_axis',(-0.809016994374947,0.,0.587785252292473));
#13225=DIRECTION('ref_axis',(0.587785252292473,0.,0.809016994374947));
#13226=DIRECTION('center_axis',(0.809016994374947,0.,-0.587785252292473));
#13227=DIRECTION('ref_axis',(-0.587785252292473,0.,-0.809016994374947));
#13228=DIRECTION('center_axis',(-0.587785252292473,0.,0.809016994374948));
#13229=DIRECTION('ref_axis',(0.809016994374948,0.,0.587785252292473));
#13230=DIRECTION('center_axis',(0.587785252292473,0.,-0.809016994374948));
#13231=DIRECTION('ref_axis',(-0.809016994374948,0.,-0.587785252292473));
#13232=DIRECTION('center_axis',(-0.309016994374947,0.,0.951056516295154));
#13233=DIRECTION('ref_axis',(0.951056516295154,0.,0.309016994374947));
#13234=DIRECTION('center_axis',(0.309016994374947,0.,-0.951056516295154));
#13235=DIRECTION('ref_axis',(-0.951056516295154,0.,-0.309016994374947));
#13236=DIRECTION('center_axis',(0.,1.,0.));
#13237=DIRECTION('ref_axis',(0.,0.,1.));
#13238=DIRECTION('',(1.,0.,0.));
#13239=DIRECTION('center_axis',(0.,1.,0.));
#13240=DIRECTION('ref_axis',(0.,0.,1.));
#13241=DIRECTION('',(0.,0.,-1.));
#13242=DIRECTION('center_axis',(0.,1.,0.));
#13243=DIRECTION('ref_axis',(0.,0.,1.));
#13244=DIRECTION('',(1.,0.,0.));
#13245=DIRECTION('',(0.,0.,1.));
#13246=DIRECTION('center_axis',(0.,1.,0.));
#13247=DIRECTION('ref_axis',(0.,0.,1.));
#13248=DIRECTION('',(-0.309016994374948,0.,0.951056516295153));
#13249=DIRECTION('center_axis',(0.,1.,0.));
#13250=DIRECTION('ref_axis',(0.,0.,1.));
#13251=DIRECTION('',(0.309016994374947,0.,-0.951056516295154));
#13252=DIRECTION('center_axis',(0.,1.,0.));
#13253=DIRECTION('ref_axis',(0.,0.,1.));
#13254=DIRECTION('center_axis',(0.,1.,0.));
#13255=DIRECTION('ref_axis',(0.,0.,1.));
#13256=DIRECTION('',(-0.587785252292473,0.,0.809016994374947));
#13257=DIRECTION('center_axis',(0.,1.,0.));
#13258=DIRECTION('ref_axis',(0.,0.,1.));
#13259=DIRECTION('',(0.587785252292473,0.,-0.809016994374947));
#13260=DIRECTION('center_axis',(0.,1.,0.));
#13261=DIRECTION('ref_axis',(0.,0.,1.));
#13262=DIRECTION('center_axis',(0.,1.,0.));
#13263=DIRECTION('ref_axis',(0.,0.,1.));
#13264=DIRECTION('',(-0.809016994374947,0.,0.587785252292473));
#13265=DIRECTION('center_axis',(0.,1.,0.));
#13266=DIRECTION('ref_axis',(0.,0.,1.));
#13267=DIRECTION('',(0.809016994374948,0.,-0.587785252292472));
#13268=DIRECTION('center_axis',(0.,1.,0.));
#13269=DIRECTION('ref_axis',(0.,0.,1.));
#13270=DIRECTION('center_axis',(0.,1.,0.));
#13271=DIRECTION('ref_axis',(0.,0.,1.));
#13272=DIRECTION('',(-0.951056516295154,0.,0.309016994374946));
#13273=DIRECTION('center_axis',(0.,1.,0.));
#13274=DIRECTION('ref_axis',(0.,0.,1.));
#13275=DIRECTION('',(0.951056516295154,0.,-0.309016994374947));
#13276=DIRECTION('center_axis',(0.,1.,0.));
#13277=DIRECTION('ref_axis',(0.,0.,1.));
#13278=DIRECTION('center_axis',(0.,1.,0.));
#13279=DIRECTION('ref_axis',(0.,0.,1.));
#13280=DIRECTION('',(-1.,0.,2.12645715820049E-16));
#13281=DIRECTION('center_axis',(0.,1.,0.));
#13282=DIRECTION('ref_axis',(0.,0.,1.));
#13283=DIRECTION('',(1.,0.,-1.51510072521786E-15));
#13284=DIRECTION('center_axis',(0.,1.,0.));
#13285=DIRECTION('ref_axis',(0.,0.,1.));
#13286=DIRECTION('center_axis',(0.,1.,0.));
#13287=DIRECTION('ref_axis',(0.,0.,1.));
#13288=DIRECTION('',(-0.951056516295154,0.,-0.309016994374947));
#13289=DIRECTION('center_axis',(0.,1.,0.));
#13290=DIRECTION('ref_axis',(0.,0.,1.));
#13291=DIRECTION('',(0.951056516295154,0.,0.309016994374947));
#13292=DIRECTION('center_axis',(0.,1.,0.));
#13293=DIRECTION('ref_axis',(0.,0.,1.));
#13294=DIRECTION('center_axis',(0.,1.,0.));
#13295=DIRECTION('ref_axis',(0.,0.,1.));
#13296=DIRECTION('',(-0.809016994374947,0.,-0.587785252292473));
#13297=DIRECTION('center_axis',(0.,1.,0.));
#13298=DIRECTION('ref_axis',(0.,0.,1.));
#13299=DIRECTION('',(0.809016994374948,0.,0.587785252292473));
#13300=DIRECTION('center_axis',(0.,1.,0.));
#13301=DIRECTION('ref_axis',(0.,0.,1.));
#13302=DIRECTION('center_axis',(0.,1.,0.));
#13303=DIRECTION('ref_axis',(0.,0.,1.));
#13304=DIRECTION('',(-0.587785252292473,0.,-0.809016994374947));
#13305=DIRECTION('center_axis',(0.,1.,0.));
#13306=DIRECTION('ref_axis',(0.,0.,1.));
#13307=DIRECTION('',(0.587785252292474,0.,0.809016994374947));
#13308=DIRECTION('center_axis',(0.,1.,0.));
#13309=DIRECTION('ref_axis',(0.,0.,1.));
#13310=DIRECTION('center_axis',(0.,1.,0.));
#13311=DIRECTION('ref_axis',(0.,0.,1.));
#13312=DIRECTION('',(-0.309016994374947,0.,-0.951056516295154));
#13313=DIRECTION('center_axis',(0.,1.,0.));
#13314=DIRECTION('ref_axis',(0.,0.,1.));
#13315=DIRECTION('',(0.309016994374948,0.,0.951056516295153));
#13316=DIRECTION('center_axis',(0.,1.,0.));
#13317=DIRECTION('ref_axis',(0.,0.,1.));
#13318=DIRECTION('center_axis',(0.,1.,0.));
#13319=DIRECTION('ref_axis',(0.,0.,1.));
#13320=DIRECTION('',(0.,0.,-1.));
#13321=DIRECTION('center_axis',(0.,1.,0.));
#13322=DIRECTION('ref_axis',(0.,0.,1.));
#13323=DIRECTION('',(-1.,0.,0.));
#13324=DIRECTION('',(0.,0.,1.));
#13325=DIRECTION('',(-1.,0.,0.));
#13326=DIRECTION('center_axis',(0.,1.,0.));
#13327=DIRECTION('ref_axis',(0.,0.,1.));
#13328=DIRECTION('center_axis',(-1.,0.,0.));
#13329=DIRECTION('ref_axis',(0.,0.,1.));
#13330=DIRECTION('center_axis',(0.951056516295153,0.,-0.309016994374948));
#13331=DIRECTION('ref_axis',(-0.309016994374948,0.,-0.951056516295153));
#13332=DIRECTION('center_axis',(-0.951056516295154,0.,0.309016994374947));
#13333=DIRECTION('ref_axis',(0.309016994374947,0.,0.951056516295154));
#13334=DIRECTION('center_axis',(0.809016994374947,0.,-0.587785252292474));
#13335=DIRECTION('ref_axis',(-0.587785252292474,0.,-0.809016994374947));
#13336=DIRECTION('center_axis',(-0.809016994374947,0.,0.587785252292473));
#13337=DIRECTION('ref_axis',(0.587785252292473,0.,0.809016994374947));
#13338=DIRECTION('center_axis',(0.587785252292473,0.,-0.809016994374948));
#13339=DIRECTION('ref_axis',(-0.809016994374948,0.,-0.587785252292473));
#13340=DIRECTION('center_axis',(-0.587785252292473,0.,0.809016994374948));
#13341=DIRECTION('ref_axis',(0.809016994374948,0.,0.587785252292473));
#13342=DIRECTION('center_axis',(0.309016994374947,0.,-0.951056516295154));
#13343=DIRECTION('ref_axis',(-0.951056516295154,0.,-0.309016994374947));
#13344=DIRECTION('center_axis',(-0.309016994374947,0.,0.951056516295154));
#13345=DIRECTION('ref_axis',(0.951056516295154,0.,0.309016994374947));
#13346=DIRECTION('center_axis',(-1.51510072521786E-15,0.,-1.));
#13347=DIRECTION('ref_axis',(-1.,0.,1.51510072521786E-15));
#13348=DIRECTION('center_axis',(2.12645715820049E-16,0.,1.));
#13349=DIRECTION('ref_axis',(1.,0.,-2.12645715820049E-16));
#13350=DIRECTION('center_axis',(-0.309016994374947,0.,-0.951056516295154));
#13351=DIRECTION('ref_axis',(-0.951056516295154,0.,0.309016994374947));
#13352=DIRECTION('center_axis',(0.309016994374946,0.,0.951056516295154));
#13353=DIRECTION('ref_axis',(0.951056516295154,0.,-0.309016994374946));
#13354=DIRECTION('center_axis',(-0.587785252292472,0.,-0.809016994374948));
#13355=DIRECTION('ref_axis',(-0.809016994374948,0.,0.587785252292472));
#13356=DIRECTION('center_axis',(0.587785252292473,0.,0.809016994374948));
#13357=DIRECTION('ref_axis',(0.809016994374948,0.,-0.587785252292473));
#13358=DIRECTION('center_axis',(-0.809016994374947,0.,-0.587785252292473));
#13359=DIRECTION('ref_axis',(-0.587785252292473,0.,0.809016994374947));
#13360=DIRECTION('center_axis',(0.809016994374947,0.,0.587785252292473));
#13361=DIRECTION('ref_axis',(0.587785252292473,0.,-0.809016994374947));
#13362=DIRECTION('center_axis',(-0.951056516295154,0.,-0.309016994374947));
#13363=DIRECTION('ref_axis',(-0.309016994374947,0.,0.951056516295154));
#13364=DIRECTION('center_axis',(0.951056516295153,0.,0.309016994374948));
#13365=DIRECTION('ref_axis',(0.309016994374948,0.,-0.951056516295153));
#13366=DIRECTION('center_axis',(-1.,0.,0.));
#13367=DIRECTION('ref_axis',(0.,0.,1.));
#13368=DIRECTION('center_axis',(-1.,0.,0.));
#13369=DIRECTION('ref_axis',(0.,0.,1.));
#13370=DIRECTION('',(0.,-0.529919264233206,0.848048096156425));
#13371=DIRECTION('',(0.,-0.601815023152048,0.798635510047293));
#13372=DIRECTION('center_axis',(1.,0.,0.));
#13373=DIRECTION('ref_axis',(0.,0.,-1.));
#13374=DIRECTION('',(0.,0.529919264233206,-0.848048096156425));
#13375=DIRECTION('',(0.,0.601815023152048,-0.798635510047293));
#13376=DIRECTION('',(0.,0.,1.));
#13377=DIRECTION('center_axis',(-1.,0.,0.));
#13378=DIRECTION('ref_axis',(0.,0.,1.));
#13379=DIRECTION('',(0.,-0.529919264233206,0.848048096156425));
#13380=DIRECTION('',(0.,0.,-1.));
#13381=DIRECTION('',(0.,-0.601815023152048,0.798635510047293));
#13382=DIRECTION('center_axis',(1.,0.,0.));
#13383=DIRECTION('ref_axis',(0.,0.,-1.));
#13384=DIRECTION('',(0.,0.529919264233206,-0.848048096156425));
#13385=DIRECTION('',(0.,0.601815023152048,-0.798635510047293));
#13386=DIRECTION('',(0.,0.,1.));
#13387=DIRECTION('center_axis',(-1.,0.,0.));
#13388=DIRECTION('ref_axis',(0.,0.,1.));
#13389=DIRECTION('',(0.,-0.529919264233206,0.848048096156425));
#13390=DIRECTION('',(0.,0.,-1.));
#13391=DIRECTION('',(0.,-0.601815023152048,0.798635510047293));
#13392=DIRECTION('center_axis',(1.,0.,0.));
#13393=DIRECTION('ref_axis',(0.,0.,-1.));
#13394=DIRECTION('',(0.,0.529919264233206,-0.848048096156425));
#13395=DIRECTION('',(0.,0.601815023152048,-0.798635510047293));
#13396=DIRECTION('',(0.,0.,1.));
#13397=DIRECTION('center_axis',(-1.,0.,0.));
#13398=DIRECTION('ref_axis',(0.,0.,1.));
#13399=DIRECTION('',(0.,-0.529919264233206,0.848048096156425));
#13400=DIRECTION('',(0.,0.,-1.));
#13401=DIRECTION('',(0.,-0.601815023152048,0.798635510047293));
#13402=DIRECTION('center_axis',(1.,0.,0.));
#13403=DIRECTION('ref_axis',(0.,0.,-1.));
#13404=DIRECTION('',(0.,0.529919264233206,-0.848048096156425));
#13405=DIRECTION('',(0.,0.601815023152048,-0.798635510047293));
#13406=DIRECTION('',(0.,0.,1.));
#13407=DIRECTION('center_axis',(-1.,0.,0.));
#13408=DIRECTION('ref_axis',(0.,0.,1.));
#13409=DIRECTION('',(0.,-0.529919264233206,0.848048096156425));
#13410=DIRECTION('',(0.,0.,-1.));
#13411=DIRECTION('',(0.,-0.601815023152048,0.798635510047293));
#13412=DIRECTION('center_axis',(1.,0.,0.));
#13413=DIRECTION('ref_axis',(0.,0.,-1.));
#13414=DIRECTION('',(0.,0.529919264233206,-0.848048096156425));
#13415=DIRECTION('',(0.,0.601815023152048,-0.798635510047293));
#13416=DIRECTION('',(0.,0.,1.));
#13417=DIRECTION('center_axis',(-1.,0.,0.));
#13418=DIRECTION('ref_axis',(0.,0.,1.));
#13419=DIRECTION('',(0.,-0.529919264233206,0.848048096156425));
#13420=DIRECTION('',(0.,0.,-1.));
#13421=DIRECTION('',(0.,-0.601815023152048,0.798635510047293));
#13422=DIRECTION('center_axis',(1.,0.,0.));
#13423=DIRECTION('ref_axis',(0.,0.,-1.));
#13424=DIRECTION('',(0.,0.529919264233206,-0.848048096156425));
#13425=DIRECTION('',(0.,0.601815023152048,-0.798635510047293));
#13426=DIRECTION('',(0.,0.,1.));
#13427=DIRECTION('center_axis',(-1.,0.,0.));
#13428=DIRECTION('ref_axis',(0.,0.,1.));
#13429=DIRECTION('',(0.,-0.529919264233206,0.848048096156425));
#13430=DIRECTION('',(0.,0.,-1.));
#13431=DIRECTION('',(0.,-0.601815023152048,0.798635510047293));
#13432=DIRECTION('center_axis',(1.,0.,0.));
#13433=DIRECTION('ref_axis',(0.,0.,-1.));
#13434=DIRECTION('',(0.,0.529919264233206,-0.848048096156425));
#13435=DIRECTION('',(0.,0.601815023152048,-0.798635510047293));
#13436=DIRECTION('',(0.,0.,1.));
#13437=DIRECTION('center_axis',(-1.,0.,0.));
#13438=DIRECTION('ref_axis',(0.,0.,1.));
#13439=DIRECTION('',(0.,-0.529919264233206,0.848048096156425));
#13440=DIRECTION('',(0.,0.,-1.));
#13441=DIRECTION('',(0.,-0.601815023152048,0.798635510047293));
#13442=DIRECTION('center_axis',(1.,0.,0.));
#13443=DIRECTION('ref_axis',(0.,0.,-1.));
#13444=DIRECTION('',(0.,0.529919264233206,-0.848048096156425));
#13445=DIRECTION('',(0.,0.601815023152048,-0.798635510047293));
#13446=DIRECTION('',(0.,0.,1.));
#13447=DIRECTION('center_axis',(-1.,0.,0.));
#13448=DIRECTION('ref_axis',(0.,0.,1.));
#13449=DIRECTION('',(0.,-0.529919264233206,0.848048096156425));
#13450=DIRECTION('',(0.,0.,-1.));
#13451=DIRECTION('',(0.,-0.601815023152048,0.798635510047293));
#13452=DIRECTION('center_axis',(1.,0.,0.));
#13453=DIRECTION('ref_axis',(0.,0.,-1.));
#13454=DIRECTION('',(0.,0.529919264233206,-0.848048096156425));
#13455=DIRECTION('',(0.,0.601815023152048,-0.798635510047293));
#13456=DIRECTION('',(0.,0.,1.));
#13457=DIRECTION('center_axis',(-1.,0.,0.));
#13458=DIRECTION('ref_axis',(0.,0.,1.));
#13459=DIRECTION('',(0.,-0.529919264233206,0.848048096156425));
#13460=DIRECTION('',(0.,0.,-1.));
#13461=DIRECTION('',(0.,-0.601815023152048,0.798635510047293));
#13462=DIRECTION('center_axis',(1.,0.,0.));
#13463=DIRECTION('ref_axis',(0.,0.,-1.));
#13464=DIRECTION('',(0.,0.529919264233206,-0.848048096156425));
#13465=DIRECTION('',(0.,0.601815023152048,-0.798635510047293));
#13466=DIRECTION('center_axis',(1.,0.,0.));
#13467=DIRECTION('ref_axis',(0.,0.,-1.));
#13468=DIRECTION('',(0.,-0.529919264233206,-0.848048096156425));
#13469=DIRECTION('',(0.,-0.601815023152049,-0.798635510047292));
#13470=DIRECTION('center_axis',(-1.,0.,0.));
#13471=DIRECTION('ref_axis',(0.,0.,1.));
#13472=DIRECTION('',(0.,0.529919264233206,0.848048096156425));
#13473=DIRECTION('',(0.,0.601815023152049,0.798635510047292));
#13474=DIRECTION('',(0.,0.,-1.));
#13475=DIRECTION('center_axis',(1.,0.,0.));
#13476=DIRECTION('ref_axis',(0.,0.,-1.));
#13477=DIRECTION('',(0.,-0.529919264233206,-0.848048096156425));
#13478=DIRECTION('',(0.,0.,1.));
#13479=DIRECTION('',(0.,-0.601815023152049,-0.798635510047292));
#13480=DIRECTION('center_axis',(-1.,0.,0.));
#13481=DIRECTION('ref_axis',(0.,0.,1.));
#13482=DIRECTION('',(0.,0.529919264233206,0.848048096156425));
#13483=DIRECTION('',(0.,0.601815023152049,0.798635510047292));
#13484=DIRECTION('',(0.,0.,-1.));
#13485=DIRECTION('center_axis',(1.,0.,0.));
#13486=DIRECTION('ref_axis',(0.,0.,-1.));
#13487=DIRECTION('',(0.,-0.529919264233206,-0.848048096156425));
#13488=DIRECTION('',(0.,0.,1.));
#13489=DIRECTION('',(0.,-0.601815023152049,-0.798635510047292));
#13490=DIRECTION('center_axis',(-1.,0.,0.));
#13491=DIRECTION('ref_axis',(0.,0.,1.));
#13492=DIRECTION('',(0.,0.529919264233206,0.848048096156425));
#13493=DIRECTION('',(0.,0.601815023152049,0.798635510047292));
#13494=DIRECTION('',(0.,0.,-1.));
#13495=DIRECTION('center_axis',(1.,0.,0.));
#13496=DIRECTION('ref_axis',(0.,0.,-1.));
#13497=DIRECTION('',(0.,-0.529919264233206,-0.848048096156425));
#13498=DIRECTION('',(0.,0.,1.));
#13499=DIRECTION('',(0.,-0.601815023152049,-0.798635510047292));
#13500=DIRECTION('center_axis',(-1.,0.,0.));
#13501=DIRECTION('ref_axis',(0.,0.,1.));
#13502=DIRECTION('',(0.,0.529919264233206,0.848048096156425));
#13503=DIRECTION('',(0.,0.601815023152049,0.798635510047292));
#13504=DIRECTION('',(0.,0.,-1.));
#13505=DIRECTION('center_axis',(1.,0.,0.));
#13506=DIRECTION('ref_axis',(0.,0.,-1.));
#13507=DIRECTION('',(0.,-0.529919264233206,-0.848048096156425));
#13508=DIRECTION('',(0.,0.,1.));
#13509=DIRECTION('',(0.,-0.601815023152049,-0.798635510047292));
#13510=DIRECTION('center_axis',(-1.,0.,0.));
#13511=DIRECTION('ref_axis',(0.,0.,1.));
#13512=DIRECTION('',(0.,0.529919264233206,0.848048096156425));
#13513=DIRECTION('',(0.,0.601815023152049,0.798635510047292));
#13514=DIRECTION('',(0.,0.,-1.));
#13515=DIRECTION('center_axis',(1.,0.,0.));
#13516=DIRECTION('ref_axis',(0.,0.,-1.));
#13517=DIRECTION('',(0.,-0.529919264233206,-0.848048096156425));
#13518=DIRECTION('',(0.,0.,1.));
#13519=DIRECTION('',(0.,-0.601815023152049,-0.798635510047292));
#13520=DIRECTION('center_axis',(-1.,0.,0.));
#13521=DIRECTION('ref_axis',(0.,0.,1.));
#13522=DIRECTION('',(0.,0.529919264233206,0.848048096156425));
#13523=DIRECTION('',(0.,0.601815023152049,0.798635510047292));
#13524=DIRECTION('',(0.,0.,-1.));
#13525=DIRECTION('center_axis',(1.,0.,0.));
#13526=DIRECTION('ref_axis',(0.,0.,-1.));
#13527=DIRECTION('',(0.,-0.529919264233206,-0.848048096156425));
#13528=DIRECTION('',(0.,0.,1.));
#13529=DIRECTION('',(0.,-0.601815023152049,-0.798635510047292));
#13530=DIRECTION('center_axis',(-1.,0.,0.));
#13531=DIRECTION('ref_axis',(0.,0.,1.));
#13532=DIRECTION('',(0.,0.529919264233206,0.848048096156425));
#13533=DIRECTION('',(0.,0.601815023152049,0.798635510047292));
#13534=DIRECTION('',(0.,0.,-1.));
#13535=DIRECTION('center_axis',(1.,0.,0.));
#13536=DIRECTION('ref_axis',(0.,0.,-1.));
#13537=DIRECTION('',(0.,-0.529919264233206,-0.848048096156425));
#13538=DIRECTION('',(0.,0.,1.));
#13539=DIRECTION('',(0.,-0.601815023152049,-0.798635510047292));
#13540=DIRECTION('center_axis',(-1.,0.,0.));
#13541=DIRECTION('ref_axis',(0.,0.,1.));
#13542=DIRECTION('',(0.,0.529919264233206,0.848048096156425));
#13543=DIRECTION('',(0.,0.601815023152049,0.798635510047292));
#13544=DIRECTION('',(0.,0.,-1.));
#13545=DIRECTION('center_axis',(1.,0.,0.));
#13546=DIRECTION('ref_axis',(0.,0.,-1.));
#13547=DIRECTION('',(0.,-0.529919264233206,-0.848048096156425));
#13548=DIRECTION('',(0.,0.,1.));
#13549=DIRECTION('',(0.,-0.601815023152049,-0.798635510047292));
#13550=DIRECTION('center_axis',(-1.,0.,0.));
#13551=DIRECTION('ref_axis',(0.,0.,1.));
#13552=DIRECTION('',(0.,0.529919264233206,0.848048096156425));
#13553=DIRECTION('',(0.,0.601815023152049,0.798635510047292));
#13554=DIRECTION('',(0.,0.,-1.));
#13555=DIRECTION('center_axis',(1.,0.,0.));
#13556=DIRECTION('ref_axis',(0.,0.,-1.));
#13557=DIRECTION('',(0.,-0.529919264233206,-0.848048096156425));
#13558=DIRECTION('',(0.,0.,1.));
#13559=DIRECTION('',(0.,-0.601815023152049,-0.798635510047292));
#13560=DIRECTION('center_axis',(-1.,0.,0.));
#13561=DIRECTION('ref_axis',(0.,0.,1.));
#13562=DIRECTION('',(0.,0.529919264233206,0.848048096156425));
#13563=DIRECTION('',(0.,0.601815023152049,0.798635510047292));
#13564=DIRECTION('center_axis',(0.,1.,0.));
#13565=DIRECTION('ref_axis',(0.,0.,1.));
#13566=DIRECTION('',(-1.,0.,0.));
#13567=DIRECTION('',(-1.,0.,0.));
#13568=DIRECTION('center_axis',(0.,1.,0.));
#13569=DIRECTION('ref_axis',(0.,0.,1.));
#13570=DIRECTION('',(-1.,0.,0.));
#13571=DIRECTION('',(-1.,0.,0.));
#13572=DIRECTION('center_axis',(0.,1.,0.));
#13573=DIRECTION('ref_axis',(0.,0.,1.));
#13574=DIRECTION('',(-1.,0.,0.));
#13575=DIRECTION('',(-1.,0.,0.));
#13576=DIRECTION('center_axis',(0.,1.,0.));
#13577=DIRECTION('ref_axis',(0.,0.,1.));
#13578=DIRECTION('',(-1.,0.,0.));
#13579=DIRECTION('',(-1.,0.,0.));
#13580=DIRECTION('center_axis',(0.,1.,0.));
#13581=DIRECTION('ref_axis',(0.,0.,1.));
#13582=DIRECTION('',(-1.,0.,0.));
#13583=DIRECTION('',(-1.,0.,0.));
#13584=DIRECTION('center_axis',(0.,1.,0.));
#13585=DIRECTION('ref_axis',(0.,0.,1.));
#13586=DIRECTION('',(-1.,0.,0.));
#13587=DIRECTION('',(-1.,0.,0.));
#13588=DIRECTION('center_axis',(0.,1.,0.));
#13589=DIRECTION('ref_axis',(0.,0.,1.));
#13590=DIRECTION('',(-1.,0.,0.));
#13591=DIRECTION('',(-1.,0.,0.));
#13592=DIRECTION('center_axis',(0.,1.,0.));
#13593=DIRECTION('ref_axis',(0.,0.,1.));
#13594=DIRECTION('',(-1.,0.,0.));
#13595=DIRECTION('',(-1.,0.,0.));
#13596=DIRECTION('center_axis',(0.,1.,0.));
#13597=DIRECTION('ref_axis',(0.,0.,1.));
#13598=DIRECTION('',(-1.,0.,0.));
#13599=DIRECTION('',(-1.,0.,0.));
#13600=DIRECTION('center_axis',(0.,1.,0.));
#13601=DIRECTION('ref_axis',(0.,0.,1.));
#13602=DIRECTION('',(1.,0.,0.));
#13603=DIRECTION('',(1.,0.,0.));
#13604=DIRECTION('center_axis',(0.,1.,0.));
#13605=DIRECTION('ref_axis',(0.,0.,1.));
#13606=DIRECTION('',(1.,0.,0.));
#13607=DIRECTION('',(1.,0.,0.));
#13608=DIRECTION('center_axis',(0.,1.,0.));
#13609=DIRECTION('ref_axis',(0.,0.,1.));
#13610=DIRECTION('',(1.,0.,0.));
#13611=DIRECTION('',(1.,0.,0.));
#13612=DIRECTION('center_axis',(0.,1.,0.));
#13613=DIRECTION('ref_axis',(0.,0.,1.));
#13614=DIRECTION('',(1.,0.,0.));
#13615=DIRECTION('',(1.,0.,0.));
#13616=DIRECTION('center_axis',(0.,1.,0.));
#13617=DIRECTION('ref_axis',(0.,0.,1.));
#13618=DIRECTION('',(1.,0.,0.));
#13619=DIRECTION('',(1.,0.,0.));
#13620=DIRECTION('center_axis',(0.,1.,0.));
#13621=DIRECTION('ref_axis',(0.,0.,1.));
#13622=DIRECTION('',(1.,0.,0.));
#13623=DIRECTION('',(1.,0.,0.));
#13624=DIRECTION('center_axis',(0.,1.,0.));
#13625=DIRECTION('ref_axis',(0.,0.,1.));
#13626=DIRECTION('',(1.,0.,0.));
#13627=DIRECTION('',(1.,0.,0.));
#13628=DIRECTION('center_axis',(0.,1.,0.));
#13629=DIRECTION('ref_axis',(0.,0.,1.));
#13630=DIRECTION('',(1.,0.,0.));
#13631=DIRECTION('',(1.,0.,0.));
#13632=DIRECTION('center_axis',(0.,1.,0.));
#13633=DIRECTION('ref_axis',(0.,0.,1.));
#13634=DIRECTION('',(1.,0.,0.));
#13635=DIRECTION('',(1.,0.,0.));
#13636=DIRECTION('center_axis',(0.,1.,0.));
#13637=DIRECTION('ref_axis',(0.,0.,1.));
#13638=DIRECTION('center_axis',(0.,-1.,0.));
#13639=DIRECTION('ref_axis',(0.,0.,-1.));
#13640=DIRECTION('center_axis',(0.,1.,0.));
#13641=DIRECTION('ref_axis',(0.,0.,1.));
#13642=DIRECTION('center_axis',(0.,-1.,0.));
#13643=DIRECTION('ref_axis',(0.,0.,-1.));
#13644=DIRECTION('center_axis',(0.,1.,0.));
#13645=DIRECTION('ref_axis',(1.22464679914735E-16,0.,-1.));
#13646=DIRECTION('center_axis',(0.,-1.,0.));
#13647=DIRECTION('ref_axis',(0.,0.,-1.));
#13648=DIRECTION('center_axis',(0.,1.,0.));
#13649=DIRECTION('ref_axis',(0.,0.,1.));
#13650=DIRECTION('center_axis',(0.,-1.,0.));
#13651=DIRECTION('ref_axis',(0.,0.,-1.));
#13652=DIRECTION('center_axis',(0.,1.,0.));
#13653=DIRECTION('ref_axis',(0.,0.,1.));
#13654=DIRECTION('center_axis',(0.,-1.,0.));
#13655=DIRECTION('ref_axis',(0.,0.,-1.));
#13656=DIRECTION('center_axis',(0.,-0.681998360062499,-0.73135370161917));
#13657=DIRECTION('ref_axis',(0.,0.73135370161917,-0.681998360062499));
#13658=DIRECTION('',(0.,-0.73135370161917,0.681998360062499));
#13659=DIRECTION('',(-1.,0.,0.));
#13660=DIRECTION('',(0.,-0.73135370161917,0.681998360062499));
#13661=DIRECTION('',(-1.,0.,0.));
#13662=DIRECTION('center_axis',(0.,0.798635510047293,0.601815023152048));
#13663=DIRECTION('ref_axis',(0.,-0.601815023152048,0.798635510047293));
#13664=DIRECTION('',(-1.,0.,0.));
#13665=DIRECTION('',(0.,0.601815023152048,-0.798635510047293));
#13666=DIRECTION('',(-1.,0.,0.));
#13667=DIRECTION('',(0.,0.601815023152048,-0.798635510047293));
#13668=DIRECTION('',(-1.,0.,0.));
#13669=DIRECTION('',(0.,0.601815023152048,-0.798635510047293));
#13670=DIRECTION('',(0.,0.601815023152048,-0.798635510047293));
#13671=DIRECTION('',(-1.,0.,0.));
#13672=DIRECTION('',(-1.,0.,0.));
#13673=DIRECTION('',(-1.,0.,0.));
#13674=DIRECTION('',(-1.,0.,0.));
#13675=DIRECTION('',(-1.,0.,0.));
#13676=DIRECTION('',(-1.,0.,0.));
#13677=DIRECTION('',(-1.,0.,0.));
#13678=DIRECTION('',(-1.,0.,0.));
#13679=DIRECTION('',(-1.,0.,0.));
#13680=DIRECTION('center_axis',(0.,0.798635510047292,-0.601815023152049));
#13681=DIRECTION('ref_axis',(0.,0.601815023152049,0.798635510047292));
#13682=DIRECTION('',(1.,0.,0.));
#13683=DIRECTION('',(0.,-0.601815023152049,-0.798635510047292));
#13684=DIRECTION('',(0.,-0.601815023152049,-0.798635510047292));
#13685=DIRECTION('',(1.,0.,0.));
#13686=DIRECTION('',(0.,-0.601815023152049,-0.798635510047292));
#13687=DIRECTION('',(-1.,0.,0.));
#13688=DIRECTION('',(0.,-0.601815023152049,-0.798635510047292));
#13689=DIRECTION('',(1.,0.,0.));
#13690=DIRECTION('',(1.,0.,0.));
#13691=DIRECTION('',(1.,0.,0.));
#13692=DIRECTION('',(1.,0.,0.));
#13693=DIRECTION('',(1.,0.,0.));
#13694=DIRECTION('',(1.,0.,0.));
#13695=DIRECTION('',(1.,0.,0.));
#13696=DIRECTION('',(1.,0.,0.));
#13697=DIRECTION('',(1.,0.,0.));
#13698=DIRECTION('center_axis',(0.,1.,0.));
#13699=DIRECTION('ref_axis',(0.,0.,1.));
#13700=DIRECTION('center_axis',(0.,-1.,5.9211894646675E-16));
#13701=DIRECTION('ref_axis',(0.,-5.9211894646675E-16,-1.));
#13702=DIRECTION('',(-1.,0.,0.));
#13703=DIRECTION('center_axis',(0.,-1.,5.9211894646675E-16));
#13704=DIRECTION('ref_axis',(0.,-5.9211894646675E-16,-1.));
#13705=DIRECTION('center_axis',(0.,-1.,5.9211894646675E-16));
#13706=DIRECTION('ref_axis',(0.,-5.9211894646675E-16,-1.));
#13707=DIRECTION('center_axis',(0.,-1.,5.9211894646675E-16));
#13708=DIRECTION('ref_axis',(0.,-5.9211894646675E-16,-1.));
#13709=DIRECTION('center_axis',(0.,-0.681998360062498,0.731353701619171));
#13710=DIRECTION('ref_axis',(0.,-0.731353701619171,-0.681998360062498));
#13711=DIRECTION('',(0.,0.731353701619171,0.681998360062498));
#13712=DIRECTION('',(-1.,0.,0.));
#13713=DIRECTION('',(0.,0.731353701619171,0.681998360062498));
#13714=DIRECTION('center_axis',(0.,0.,1.));
#13715=DIRECTION('ref_axis',(1.,0.,0.));
#13716=DIRECTION('',(0.,1.,0.));
#13717=DIRECTION('',(-1.,0.,0.));
#13718=DIRECTION('',(0.,1.,0.));
#13719=DIRECTION('center_axis',(0.,-1.,5.20417042793042E-16));
#13720=DIRECTION('ref_axis',(0.,-5.20417042793042E-16,-1.));
#13721=DIRECTION('',(-1.,0.,0.));
#13722=DIRECTION('center_axis',(0.,-1.,5.9211894646675E-16));
#13723=DIRECTION('ref_axis',(0.,-5.9211894646675E-16,-1.));
#13724=DIRECTION('center_axis',(0.,-1.,5.9211894646675E-16));
#13725=DIRECTION('ref_axis',(0.,-5.9211894646675E-16,-1.));
#13726=DIRECTION('center_axis',(0.,-1.,0.));
#13727=DIRECTION('ref_axis',(0.,0.,-1.));
#13728=DIRECTION('center_axis',(0.,-1.19042149213007E-15,-1.));
#13729=DIRECTION('ref_axis',(0.,1.,-1.19042149213007E-15));
#13730=DIRECTION('',(0.,-1.,1.19042149213007E-15));
#13731=DIRECTION('',(0.,-1.,1.19042149213007E-15));
#13732=DIRECTION('center_axis',(0.,-1.,5.9211894646675E-16));
#13733=DIRECTION('ref_axis',(0.,-5.9211894646675E-16,-1.));
#13734=DIRECTION('center_axis',(0.,-1.,5.9211894646675E-16));
#13735=DIRECTION('ref_axis',(0.,-5.9211894646675E-16,-1.));
#13736=DIRECTION('center_axis',(0.,-1.,5.9211894646675E-16));
#13737=DIRECTION('ref_axis',(0.,-5.9211894646675E-16,-1.));
#13738=DIRECTION('center_axis',(0.,-1.,5.9211894646675E-16));
#13739=DIRECTION('ref_axis',(0.,-5.9211894646675E-16,-1.));
#13740=DIRECTION('center_axis',(0.,1.,0.));
#13741=DIRECTION('ref_axis',(0.,0.,1.));
#13742=DIRECTION('center_axis',(0.,1.,0.));
#13743=DIRECTION('ref_axis',(0.,0.,1.));
#13744=DIRECTION('center_axis',(0.,1.,0.));
#13745=DIRECTION('ref_axis',(0.,0.,1.));
#13746=DIRECTION('center_axis',(0.,1.,0.));
#13747=DIRECTION('ref_axis',(0.,0.,1.));
#13748=DIRECTION('center_axis',(0.,1.,0.));
#13749=DIRECTION('ref_axis',(0.,0.,1.));
#13750=DIRECTION('center_axis',(0.,1.,0.));
#13751=DIRECTION('ref_axis',(0.,0.,1.));
#13752=DIRECTION('center_axis',(0.,1.,0.));
#13753=DIRECTION('ref_axis',(0.,0.,1.));
#13754=DIRECTION('center_axis',(0.,1.,0.));
#13755=DIRECTION('ref_axis',(0.,0.,1.));
#13756=DIRECTION('center_axis',(0.,1.,0.));
#13757=DIRECTION('ref_axis',(0.,0.,1.));
#13758=DIRECTION('center_axis',(0.,1.,0.));
#13759=DIRECTION('ref_axis',(0.,0.,1.));
#13760=DIRECTION('center_axis',(0.,1.,0.));
#13761=DIRECTION('ref_axis',(0.,0.,1.));
#13762=DIRECTION('center_axis',(0.,-1.,5.9211894646675E-16));
#13763=DIRECTION('ref_axis',(0.,-5.9211894646675E-16,-1.));
#13764=DIRECTION('center_axis',(0.,-1.,5.9211894646675E-16));
#13765=DIRECTION('ref_axis',(0.,-5.9211894646675E-16,-1.));
#13766=DIRECTION('center_axis',(0.,-1.,5.9211894646675E-16));
#13767=DIRECTION('ref_axis',(0.,-5.9211894646675E-16,-1.));
#13768=DIRECTION('center_axis',(0.,-1.,5.9211894646675E-16));
#13769=DIRECTION('ref_axis',(0.,-5.9211894646675E-16,-1.));
#13770=DIRECTION('center_axis',(0.,1.,0.));
#13771=DIRECTION('ref_axis',(0.,0.,1.));
#13772=DIRECTION('center_axis',(0.,1.,0.));
#13773=DIRECTION('ref_axis',(0.,0.,1.));
#13774=DIRECTION('center_axis',(0.,1.,0.));
#13775=DIRECTION('ref_axis',(0.,0.,1.));
#13776=DIRECTION('center_axis',(0.,1.,0.));
#13777=DIRECTION('ref_axis',(0.,0.,1.));
#13778=DIRECTION('center_axis',(0.,1.,0.));
#13779=DIRECTION('ref_axis',(0.,0.,1.));
#13780=DIRECTION('center_axis',(0.,1.,0.));
#13781=DIRECTION('ref_axis',(0.,0.,1.));
#13782=DIRECTION('center_axis',(0.,1.,0.));
#13783=DIRECTION('ref_axis',(0.,0.,1.));
#13784=DIRECTION('center_axis',(0.,1.,0.));
#13785=DIRECTION('ref_axis',(0.,0.,1.));
#13786=DIRECTION('center_axis',(0.,1.,0.));
#13787=DIRECTION('ref_axis',(0.,0.,1.));
#13788=DIRECTION('center_axis',(0.,1.,0.));
#13789=DIRECTION('ref_axis',(0.,0.,1.));
#13790=DIRECTION('center_axis',(0.,1.,0.));
#13791=DIRECTION('ref_axis',(0.,0.,1.));
#13792=DIRECTION('center_axis',(0.,1.,0.));
#13793=DIRECTION('ref_axis',(0.,0.,1.));
#13794=DIRECTION('center_axis',(1.,0.,0.));
#13795=DIRECTION('ref_axis',(0.,0.,-1.));
#13796=DIRECTION('',(0.,-1.,0.));
#13797=DIRECTION('',(0.,-1.,0.));
#13798=DIRECTION('center_axis',(0.5,0.,0.866025403784439));
#13799=DIRECTION('ref_axis',(0.866025403784439,0.,-0.5));
#13800=DIRECTION('',(0.,-1.,0.));
#13801=DIRECTION('center_axis',(-0.5,0.,0.866025403784439));
#13802=DIRECTION('ref_axis',(0.866025403784439,0.,0.5));
#13803=DIRECTION('',(0.,-1.,0.));
#13804=DIRECTION('center_axis',(-1.,0.,0.));
#13805=DIRECTION('ref_axis',(0.,0.,1.));
#13806=DIRECTION('',(0.,-1.,0.));
#13807=DIRECTION('center_axis',(-0.5,0.,-0.866025403784439));
#13808=DIRECTION('ref_axis',(-0.866025403784439,0.,0.5));
#13809=DIRECTION('',(0.,-1.,0.));
#13810=DIRECTION('center_axis',(0.5,0.,-0.866025403784439));
#13811=DIRECTION('ref_axis',(-0.866025403784439,0.,-0.5));
#13812=DIRECTION('center_axis',(0.,-1.,0.));
#13813=DIRECTION('ref_axis',(0.,0.,-1.));
#13814=DIRECTION('center_axis',(0.,-1.,0.));
#13815=DIRECTION('ref_axis',(0.,0.,-1.));
#13816=DIRECTION('center_axis',(0.,-1.,0.));
#13817=DIRECTION('ref_axis',(0.,0.,-1.));
#13818=DIRECTION('center_axis',(0.,-1.,0.));
#13819=DIRECTION('ref_axis',(0.,0.,-1.));
#13820=DIRECTION('center_axis',(0.,-1.,0.));
#13821=DIRECTION('ref_axis',(0.,0.,-1.));
#13822=DIRECTION('center_axis',(0.,-1.,0.));
#13823=DIRECTION('ref_axis',(0.,0.,-1.));
#13824=DIRECTION('center_axis',(0.,-1.,0.));
#13825=DIRECTION('ref_axis',(0.,0.,-1.));
#13826=DIRECTION('center_axis',(0.,-1.,0.));
#13827=DIRECTION('ref_axis',(0.,0.,-1.));
#13828=DIRECTION('center_axis',(0.,-1.,0.));
#13829=DIRECTION('ref_axis',(0.,0.,-1.));
#13830=DIRECTION('center_axis',(0.,-1.,0.));
#13831=DIRECTION('ref_axis',(0.,0.,-1.));
#13832=DIRECTION('center_axis',(0.,-1.,0.));
#13833=DIRECTION('ref_axis',(0.,0.,-1.));
#13834=DIRECTION('center_axis',(0.,-1.,0.));
#13835=DIRECTION('ref_axis',(0.,0.,-1.));
#13836=DIRECTION('center_axis',(0.,-1.,0.));
#13837=DIRECTION('ref_axis',(0.,0.,-1.));
#13838=DIRECTION('center_axis',(0.,-1.,0.));
#13839=DIRECTION('ref_axis',(-1.22464679914735E-16,0.,1.));
#13840=DIRECTION('center_axis',(0.,1.,0.));
#13841=DIRECTION('ref_axis',(0.,0.,1.));
#13842=DIRECTION('center_axis',(0.,-1.,0.));
#13843=DIRECTION('ref_axis',(0.,0.,-1.));
#13844=DIRECTION('center_axis',(0.,-1.,0.));
#13845=DIRECTION('ref_axis',(0.,0.,-1.));
#13846=DIRECTION('',(-8.65956056235494E-17,0.707106781186547,-0.707106781186548));
#13847=DIRECTION('center_axis',(0.,-1.,0.));
#13848=DIRECTION('ref_axis',(0.,0.,-1.));
#13849=DIRECTION('',(0.,-1.,0.));
#13850=DIRECTION('center_axis',(0.,-1.,0.));
#13851=DIRECTION('ref_axis',(0.,0.,-1.));
#13852=DIRECTION('center_axis',(0.,-1.,0.));
#13853=DIRECTION('ref_axis',(0.,0.,-1.));
#13854=DIRECTION('center_axis',(0.,-1.,0.));
#13855=DIRECTION('ref_axis',(0.,0.,-1.));
#13856=DIRECTION('center_axis',(0.,-1.,0.));
#13857=DIRECTION('ref_axis',(0.,0.,-1.));
#13858=DIRECTION('center_axis',(0.,-1.,0.));
#13859=DIRECTION('ref_axis',(0.,0.,-1.));
#13860=DIRECTION('center_axis',(0.,-1.,0.));
#13861=DIRECTION('ref_axis',(0.,0.,-1.));
#13862=DIRECTION('',(0.,-1.,0.));
#13863=DIRECTION('center_axis',(0.,1.,0.));
#13864=DIRECTION('ref_axis',(0.,0.,1.));
#13865=DIRECTION('center_axis',(0.,1.,0.));
#13866=DIRECTION('ref_axis',(0.,0.,1.));
#13867=DIRECTION('center_axis',(0.,-1.,0.));
#13868=DIRECTION('ref_axis',(0.,0.,-1.));
#13869=DIRECTION('center_axis',(0.,-1.,0.));
#13870=DIRECTION('ref_axis',(0.,0.,-1.));
#13871=DIRECTION('',(-6.48963930749714E-17,0.848048096156426,-0.529919264233205));
#13872=DIRECTION('center_axis',(0.,-1.,0.));
#13873=DIRECTION('ref_axis',(0.,0.,-1.));
#13874=DIRECTION('',(0.,-1.,0.));
#13875=DIRECTION('center_axis',(0.,-0.848048096156425,0.529919264233206));
#13876=DIRECTION('ref_axis',(0.,-0.529919264233206,-0.848048096156425));
#13877=DIRECTION('',(0.,0.529919264233206,0.848048096156425));
#13878=DIRECTION('center_axis',(0.,-0.848048096156425,-0.529919264233206));
#13879=DIRECTION('ref_axis',(0.,0.529919264233206,-0.848048096156425));
#13880=DIRECTION('',(0.,-0.529919264233206,0.848048096156425));
#13881=DIRECTION('center_axis',(0.,-0.848048096156425,0.529919264233206));
#13882=DIRECTION('ref_axis',(0.,-0.529919264233206,-0.848048096156425));
#13883=DIRECTION('',(0.,0.529919264233206,0.848048096156425));
#13884=DIRECTION('center_axis',(0.,-0.848048096156425,-0.529919264233206));
#13885=DIRECTION('ref_axis',(0.,0.529919264233206,-0.848048096156425));
#13886=DIRECTION('',(0.,-0.529919264233206,0.848048096156425));
#13887=DIRECTION('center_axis',(0.,-0.848048096156425,0.529919264233206));
#13888=DIRECTION('ref_axis',(0.,-0.529919264233206,-0.848048096156425));
#13889=DIRECTION('center_axis',(0.,-0.848048096156425,0.529919264233206));
#13890=DIRECTION('ref_axis',(0.,-0.529919264233206,-0.848048096156425));
#13891=DIRECTION('center_axis',(0.,-0.848048096156425,0.529919264233206));
#13892=DIRECTION('ref_axis',(0.,-0.529919264233206,-0.848048096156425));
#13893=DIRECTION('center_axis',(0.,-0.848048096156425,0.529919264233206));
#13894=DIRECTION('ref_axis',(0.,-0.529919264233206,-0.848048096156425));
#13895=DIRECTION('center_axis',(0.,-0.848048096156425,0.529919264233206));
#13896=DIRECTION('ref_axis',(0.,-0.529919264233206,-0.848048096156425));
#13897=DIRECTION('center_axis',(0.,-0.848048096156425,0.529919264233206));
#13898=DIRECTION('ref_axis',(0.,-0.529919264233206,-0.848048096156425));
#13899=DIRECTION('center_axis',(0.,-0.848048096156425,0.529919264233206));
#13900=DIRECTION('ref_axis',(0.,-0.529919264233206,-0.848048096156425));
#13901=DIRECTION('center_axis',(0.,-0.848048096156425,0.529919264233206));
#13902=DIRECTION('ref_axis',(0.,-0.529919264233206,-0.848048096156425));
#13903=DIRECTION('center_axis',(0.,-0.848048096156425,0.529919264233206));
#13904=DIRECTION('ref_axis',(0.,-0.529919264233206,-0.848048096156425));
#13905=DIRECTION('center_axis',(0.,-0.848048096156425,-0.529919264233206));
#13906=DIRECTION('ref_axis',(0.,0.529919264233206,-0.848048096156425));
#13907=DIRECTION('center_axis',(0.,-0.848048096156425,-0.529919264233206));
#13908=DIRECTION('ref_axis',(0.,0.529919264233206,-0.848048096156425));
#13909=DIRECTION('center_axis',(0.,-0.848048096156425,-0.529919264233206));
#13910=DIRECTION('ref_axis',(0.,0.529919264233206,-0.848048096156425));
#13911=DIRECTION('center_axis',(0.,-0.848048096156425,-0.529919264233206));
#13912=DIRECTION('ref_axis',(0.,0.529919264233206,-0.848048096156425));
#13913=DIRECTION('center_axis',(0.,-0.848048096156425,-0.529919264233206));
#13914=DIRECTION('ref_axis',(0.,0.529919264233206,-0.848048096156425));
#13915=DIRECTION('center_axis',(0.,-0.848048096156425,-0.529919264233206));
#13916=DIRECTION('ref_axis',(0.,0.529919264233206,-0.848048096156425));
#13917=DIRECTION('center_axis',(0.,-0.848048096156425,-0.529919264233206));
#13918=DIRECTION('ref_axis',(0.,0.529919264233206,-0.848048096156425));
#13919=DIRECTION('center_axis',(0.,-0.848048096156425,-0.529919264233206));
#13920=DIRECTION('ref_axis',(0.,0.529919264233206,-0.848048096156425));
#13921=DIRECTION('center_axis',(0.,-0.848048096156425,-0.529919264233206));
#13922=DIRECTION('ref_axis',(0.,0.529919264233206,-0.848048096156425));
#13923=DIRECTION('center_axis',(0.,-1.,0.));
#13924=DIRECTION('ref_axis',(0.,0.,-1.));
#13925=DIRECTION('center_axis',(0.,-1.,0.));
#13926=DIRECTION('ref_axis',(0.,0.,-1.));
#13927=DIRECTION('center_axis',(0.,-1.,0.));
#13928=DIRECTION('ref_axis',(0.,0.,-1.));
#13929=DIRECTION('center_axis',(0.,-1.,0.));
#13930=DIRECTION('ref_axis',(0.,0.,-1.));
#13931=DIRECTION('center_axis',(0.,-1.,0.));
#13932=DIRECTION('ref_axis',(0.,0.,-1.));
#13933=DIRECTION('center_axis',(0.,-1.,0.));
#13934=DIRECTION('ref_axis',(0.,0.,-1.));
#13935=DIRECTION('center_axis',(0.,-1.,0.));
#13936=DIRECTION('ref_axis',(0.,0.,-1.));
#13937=DIRECTION('center_axis',(0.,-1.,0.));
#13938=DIRECTION('ref_axis',(0.,0.,-1.));
#13939=DIRECTION('center_axis',(0.,-1.,0.));
#13940=DIRECTION('ref_axis',(0.,0.,-1.));
#13941=DIRECTION('center_axis',(0.,-1.,0.));
#13942=DIRECTION('ref_axis',(0.,0.,-1.));
#13943=DIRECTION('center_axis',(0.,-1.,0.));
#13944=DIRECTION('ref_axis',(0.,0.,-1.));
#13945=DIRECTION('center_axis',(0.,-1.,0.));
#13946=DIRECTION('ref_axis',(0.,0.,-1.));
#13947=DIRECTION('center_axis',(0.,-1.,0.));
#13948=DIRECTION('ref_axis',(0.,0.,-1.));
#13949=DIRECTION('center_axis',(0.,-1.,0.));
#13950=DIRECTION('ref_axis',(0.,0.,-1.));
#13951=DIRECTION('center_axis',(0.,-1.,0.));
#13952=DIRECTION('ref_axis',(0.,0.,-1.));
#13953=DIRECTION('center_axis',(0.,-1.,0.));
#13954=DIRECTION('ref_axis',(0.,0.,-1.));
#13955=DIRECTION('center_axis',(0.,-1.,0.));
#13956=DIRECTION('ref_axis',(0.,0.,-1.));
#13957=DIRECTION('center_axis',(0.,-1.,0.));
#13958=DIRECTION('ref_axis',(0.,0.,-1.));
#13959=DIRECTION('center_axis',(0.,-1.,0.));
#13960=DIRECTION('ref_axis',(0.,0.,-1.));
#13961=DIRECTION('center_axis',(0.,-1.,0.));
#13962=DIRECTION('ref_axis',(0.,0.,-1.));
#13963=DIRECTION('center_axis',(0.,-1.,0.));
#13964=DIRECTION('ref_axis',(0.,0.,-1.));
#13965=DIRECTION('center_axis',(0.,-1.,0.));
#13966=DIRECTION('ref_axis',(0.,0.,-1.));
#13967=DIRECTION('center_axis',(1.,0.,0.));
#13968=DIRECTION('ref_axis',(0.,0.,-1.));
#13969=DIRECTION('',(0.,0.,1.));
#13970=DIRECTION('',(0.,-1.,0.));
#13971=DIRECTION('',(0.,0.,1.));
#13972=DIRECTION('',(0.,-1.,0.));
#13973=DIRECTION('center_axis',(0.,-1.,0.));
#13974=DIRECTION('ref_axis',(0.,0.,-1.));
#13975=DIRECTION('center_axis',(0.,1.,0.));
#13976=DIRECTION('ref_axis',(1.,0.,0.));
#13977=DIRECTION('center_axis',(0.,1.,0.));
#13978=DIRECTION('ref_axis',(1.,0.,0.));
#13979=DIRECTION('',(0.,-1.,0.));
#13980=DIRECTION('center_axis',(0.,0.,1.));
#13981=DIRECTION('ref_axis',(1.,0.,0.));
#13982=DIRECTION('',(-1.,0.,0.));
#13983=DIRECTION('',(-1.,0.,0.));
#13984=DIRECTION('',(0.,-1.,0.));
#13985=DIRECTION('center_axis',(-1.,0.,0.));
#13986=DIRECTION('ref_axis',(0.,0.,1.));
#13987=DIRECTION('',(0.,0.,-1.));
#13988=DIRECTION('',(0.,0.,-1.));
#13989=DIRECTION('',(0.,-1.,0.));
#13990=DIRECTION('center_axis',(0.,0.,1.));
#13991=DIRECTION('ref_axis',(1.,0.,0.));
#13992=DIRECTION('',(0.,-1.,0.));
#13993=DIRECTION('',(-1.,0.,0.));
#13994=DIRECTION('',(0.,-1.,0.));
#13995=DIRECTION('center_axis',(0.,-1.,0.));
#13996=DIRECTION('ref_axis',(0.,0.,-1.));
#13997=DIRECTION('center_axis',(0.,1.,0.));
#13998=DIRECTION('ref_axis',(1.,0.,0.));
#13999=DIRECTION('',(0.,-1.,0.));
#14000=DIRECTION('center_axis',(0.,0.,-1.));
#14001=DIRECTION('ref_axis',(-1.,0.,0.));
#14002=DIRECTION('',(1.,0.,0.));
#14003=DIRECTION('',(0.,-1.,0.));
#14004=DIRECTION('center_axis',(1.,0.,0.));
#14005=DIRECTION('ref_axis',(0.,0.,-1.));
#14006=DIRECTION('',(0.,0.,1.));
#14007=DIRECTION('',(0.,-1.,0.));
#14008=DIRECTION('',(0.,0.,1.));
#14009=DIRECTION('',(0.,-1.,0.));
#14010=DIRECTION('center_axis',(0.,0.,1.));
#14011=DIRECTION('ref_axis',(1.,0.,0.));
#14012=DIRECTION('',(-1.,0.,0.));
#14013=DIRECTION('',(-1.,0.,0.));
#14014=DIRECTION('',(0.,-1.,0.));
#14015=DIRECTION('center_axis',(-1.,0.,0.));
#14016=DIRECTION('ref_axis',(0.,0.,1.));
#14017=DIRECTION('',(0.,0.,-1.));
#14018=DIRECTION('',(0.,0.,-1.));
#14019=DIRECTION('',(0.,-1.,0.));
#14020=DIRECTION('center_axis',(0.,0.,1.));
#14021=DIRECTION('ref_axis',(1.,0.,0.));
#14022=DIRECTION('',(-1.,0.,0.));
#14023=DIRECTION('',(0.,-1.,0.));
#14024=DIRECTION('',(-1.,0.,0.));
#14025=DIRECTION('',(0.,-1.,0.));
#14026=DIRECTION('center_axis',(-1.,0.,0.));
#14027=DIRECTION('ref_axis',(0.,0.,1.));
#14028=DIRECTION('',(0.,0.,-1.));
#14029=DIRECTION('',(0.,0.,-1.));
#14030=DIRECTION('',(0.,-1.,0.));
#14031=DIRECTION('center_axis',(0.,0.,-1.));
#14032=DIRECTION('ref_axis',(-1.,0.,0.));
#14033=DIRECTION('',(1.,0.,0.));
#14034=DIRECTION('',(1.,0.,0.));
#14035=DIRECTION('',(0.,-1.,0.));
#14036=DIRECTION('center_axis',(1.,0.,0.));
#14037=DIRECTION('ref_axis',(0.,0.,-1.));
#14038=DIRECTION('',(0.,0.,1.));
#14039=DIRECTION('',(0.,-1.,0.));
#14040=DIRECTION('',(0.,0.,1.));
#14041=DIRECTION('',(0.,-1.,0.));
#14042=DIRECTION('center_axis',(0.,0.,1.));
#14043=DIRECTION('ref_axis',(1.,0.,0.));
#14044=DIRECTION('',(-1.,0.,0.));
#14045=DIRECTION('',(-1.,0.,0.));
#14046=DIRECTION('',(0.,-1.,0.));
#14047=DIRECTION('center_axis',(-1.,0.,0.));
#14048=DIRECTION('ref_axis',(0.,0.,1.));
#14049=DIRECTION('',(0.,0.,-1.));
#14050=DIRECTION('',(0.,0.,-1.));
#14051=DIRECTION('',(0.,-1.,0.));
#14052=DIRECTION('center_axis',(1.,0.,0.));
#14053=DIRECTION('ref_axis',(0.,0.,-1.));
#14054=DIRECTION('',(0.,0.,1.));
#14055=DIRECTION('',(0.,-1.,0.));
#14056=DIRECTION('',(0.,0.,1.));
#14057=DIRECTION('',(0.,-1.,0.));
#14058=DIRECTION('center_axis',(0.,0.,1.));
#14059=DIRECTION('ref_axis',(1.,0.,0.));
#14060=DIRECTION('',(-1.,0.,0.));
#14061=DIRECTION('',(-1.,0.,0.));
#14062=DIRECTION('',(0.,-1.,0.));
#14063=DIRECTION('center_axis',(-1.,0.,0.));
#14064=DIRECTION('ref_axis',(0.,0.,1.));
#14065=DIRECTION('',(0.,0.,-1.));
#14066=DIRECTION('',(0.,0.,-1.));
#14067=DIRECTION('',(0.,-1.,0.));
#14068=DIRECTION('center_axis',(1.,0.,0.));
#14069=DIRECTION('ref_axis',(0.,0.,-1.));
#14070=DIRECTION('',(0.,0.,1.));
#14071=DIRECTION('',(0.,-1.,0.));
#14072=DIRECTION('',(0.,0.,1.));
#14073=DIRECTION('',(0.,-1.,0.));
#14074=DIRECTION('center_axis',(0.,0.,1.));
#14075=DIRECTION('ref_axis',(1.,0.,0.));
#14076=DIRECTION('',(-1.,0.,0.));
#14077=DIRECTION('',(-1.,0.,0.));
#14078=DIRECTION('',(0.,-1.,0.));
#14079=DIRECTION('center_axis',(-1.,0.,0.));
#14080=DIRECTION('ref_axis',(0.,0.,1.));
#14081=DIRECTION('',(0.,0.,-1.));
#14082=DIRECTION('',(0.,0.,-1.));
#14083=DIRECTION('',(0.,-1.,0.));
#14084=DIRECTION('center_axis',(0.,0.,1.));
#14085=DIRECTION('ref_axis',(1.,0.,0.));
#14086=DIRECTION('',(-1.,0.,0.));
#14087=DIRECTION('',(0.,-1.,0.));
#14088=DIRECTION('',(-1.,0.,0.));
#14089=DIRECTION('',(0.,-1.,0.));
#14090=DIRECTION('center_axis',(-1.,0.,0.));
#14091=DIRECTION('ref_axis',(0.,0.,1.));
#14092=DIRECTION('',(0.,0.,-1.));
#14093=DIRECTION('',(0.,0.,-1.));
#14094=DIRECTION('',(0.,-1.,0.));
#14095=DIRECTION('center_axis',(0.,0.,-1.));
#14096=DIRECTION('ref_axis',(-1.,0.,0.));
#14097=DIRECTION('',(1.,0.,0.));
#14098=DIRECTION('',(1.,0.,0.));
#14099=DIRECTION('',(0.,-1.,0.));
#14100=DIRECTION('center_axis',(0.,0.,1.));
#14101=DIRECTION('ref_axis',(1.,0.,0.));
#14102=DIRECTION('',(-1.,0.,0.));
#14103=DIRECTION('',(0.,-1.,0.));
#14104=DIRECTION('',(-1.,0.,0.));
#14105=DIRECTION('',(0.,-1.,0.));
#14106=DIRECTION('center_axis',(-1.,0.,0.));
#14107=DIRECTION('ref_axis',(0.,0.,1.));
#14108=DIRECTION('',(0.,0.,-1.));
#14109=DIRECTION('',(0.,0.,-1.));
#14110=DIRECTION('',(0.,-1.,0.));
#14111=DIRECTION('center_axis',(0.,0.,-1.));
#14112=DIRECTION('ref_axis',(-1.,0.,0.));
#14113=DIRECTION('',(1.,0.,0.));
#14114=DIRECTION('',(1.,0.,0.));
#14115=DIRECTION('',(0.,-1.,0.));
#14116=DIRECTION('center_axis',(1.,0.,0.));
#14117=DIRECTION('ref_axis',(0.,0.,-1.));
#14118=DIRECTION('',(0.,0.,1.));
#14119=DIRECTION('',(0.,-1.,0.));
#14120=DIRECTION('',(0.,0.,1.));
#14121=DIRECTION('',(0.,-1.,0.));
#14122=DIRECTION('center_axis',(0.,0.,1.));
#14123=DIRECTION('ref_axis',(1.,0.,0.));
#14124=DIRECTION('',(-1.,0.,0.));
#14125=DIRECTION('',(-1.,0.,0.));
#14126=DIRECTION('',(0.,-1.,0.));
#14127=DIRECTION('center_axis',(-1.,0.,0.));
#14128=DIRECTION('ref_axis',(0.,0.,1.));
#14129=DIRECTION('',(0.,0.,-1.));
#14130=DIRECTION('',(0.,0.,-1.));
#14131=DIRECTION('',(0.,-1.,0.));
#14132=DIRECTION('center_axis',(1.,0.,0.));
#14133=DIRECTION('ref_axis',(0.,0.,-1.));
#14134=DIRECTION('',(0.,0.,1.));
#14135=DIRECTION('',(0.,-1.,0.));
#14136=DIRECTION('',(0.,0.,1.));
#14137=DIRECTION('',(0.,-1.,0.));
#14138=DIRECTION('center_axis',(0.,0.,1.));
#14139=DIRECTION('ref_axis',(1.,0.,0.));
#14140=DIRECTION('',(-1.,0.,0.));
#14141=DIRECTION('',(-1.,0.,0.));
#14142=DIRECTION('',(0.,-1.,0.));
#14143=DIRECTION('center_axis',(-1.,0.,0.));
#14144=DIRECTION('ref_axis',(0.,0.,1.));
#14145=DIRECTION('',(0.,0.,-1.));
#14146=DIRECTION('',(0.,0.,-1.));
#14147=DIRECTION('',(0.,-1.,0.));
#14148=DIRECTION('center_axis',(1.,0.,0.));
#14149=DIRECTION('ref_axis',(0.,0.,-1.));
#14150=DIRECTION('',(0.,0.,1.));
#14151=DIRECTION('',(0.,-1.,0.));
#14152=DIRECTION('',(0.,0.,1.));
#14153=DIRECTION('',(0.,-1.,0.));
#14154=DIRECTION('center_axis',(0.,0.,1.));
#14155=DIRECTION('ref_axis',(1.,0.,0.));
#14156=DIRECTION('',(-1.,0.,0.));
#14157=DIRECTION('',(-1.,0.,0.));
#14158=DIRECTION('',(0.,-1.,0.));
#14159=DIRECTION('center_axis',(-1.,0.,0.));
#14160=DIRECTION('ref_axis',(0.,0.,1.));
#14161=DIRECTION('',(0.,0.,-1.));
#14162=DIRECTION('',(0.,0.,-1.));
#14163=DIRECTION('',(0.,-1.,0.));
#14164=DIRECTION('center_axis',(0.,0.,1.));
#14165=DIRECTION('ref_axis',(1.,0.,0.));
#14166=DIRECTION('',(-1.,0.,0.));
#14167=DIRECTION('',(0.,-1.,0.));
#14168=DIRECTION('',(-1.,0.,0.));
#14169=DIRECTION('',(0.,-1.,0.));
#14170=DIRECTION('center_axis',(-1.,0.,0.));
#14171=DIRECTION('ref_axis',(0.,0.,1.));
#14172=DIRECTION('',(0.,0.,-1.));
#14173=DIRECTION('',(0.,0.,-1.));
#14174=DIRECTION('',(0.,-1.,0.));
#14175=DIRECTION('center_axis',(0.,0.,-1.));
#14176=DIRECTION('ref_axis',(-1.,0.,0.));
#14177=DIRECTION('',(1.,0.,0.));
#14178=DIRECTION('',(1.,0.,0.));
#14179=DIRECTION('',(0.,-1.,0.));
#14180=DIRECTION('center_axis',(0.,0.,1.));
#14181=DIRECTION('ref_axis',(1.,0.,0.));
#14182=DIRECTION('',(-1.,0.,0.));
#14183=DIRECTION('',(0.,-1.,0.));
#14184=DIRECTION('',(-1.,0.,0.));
#14185=DIRECTION('',(0.,-1.,0.));
#14186=DIRECTION('center_axis',(-1.,0.,0.));
#14187=DIRECTION('ref_axis',(0.,0.,1.));
#14188=DIRECTION('',(0.,0.,-1.));
#14189=DIRECTION('',(0.,0.,-1.));
#14190=DIRECTION('',(0.,-1.,0.));
#14191=DIRECTION('center_axis',(0.,0.,-1.));
#14192=DIRECTION('ref_axis',(-1.,0.,0.));
#14193=DIRECTION('',(1.,0.,0.));
#14194=DIRECTION('',(1.,0.,0.));
#14195=DIRECTION('',(0.,-1.,0.));
#14196=DIRECTION('center_axis',(1.,0.,0.));
#14197=DIRECTION('ref_axis',(0.,0.,-1.));
#14198=DIRECTION('',(0.,0.,1.));
#14199=DIRECTION('',(0.,-1.,0.));
#14200=DIRECTION('',(0.,0.,1.));
#14201=DIRECTION('',(0.,-1.,0.));
#14202=DIRECTION('center_axis',(0.,0.,1.));
#14203=DIRECTION('ref_axis',(1.,0.,0.));
#14204=DIRECTION('',(-1.,0.,0.));
#14205=DIRECTION('',(-1.,0.,0.));
#14206=DIRECTION('',(0.,-1.,0.));
#14207=DIRECTION('center_axis',(-1.,0.,0.));
#14208=DIRECTION('ref_axis',(0.,0.,1.));
#14209=DIRECTION('',(0.,0.,-1.));
#14210=DIRECTION('',(0.,0.,-1.));
#14211=DIRECTION('',(0.,-1.,0.));
#14212=DIRECTION('center_axis',(1.,0.,0.));
#14213=DIRECTION('ref_axis',(0.,0.,-1.));
#14214=DIRECTION('',(0.,0.,1.));
#14215=DIRECTION('',(0.,-1.,0.));
#14216=DIRECTION('',(0.,0.,1.));
#14217=DIRECTION('',(0.,-1.,0.));
#14218=DIRECTION('center_axis',(0.,0.,1.));
#14219=DIRECTION('ref_axis',(1.,0.,0.));
#14220=DIRECTION('',(-1.,0.,0.));
#14221=DIRECTION('',(-1.,0.,0.));
#14222=DIRECTION('',(0.,-1.,0.));
#14223=DIRECTION('center_axis',(-1.,0.,0.));
#14224=DIRECTION('ref_axis',(0.,0.,1.));
#14225=DIRECTION('',(0.,0.,-1.));
#14226=DIRECTION('',(0.,0.,-1.));
#14227=DIRECTION('',(0.,-1.,0.));
#14228=DIRECTION('center_axis',(1.,0.,0.));
#14229=DIRECTION('ref_axis',(0.,0.,-1.));
#14230=DIRECTION('',(0.,0.,1.));
#14231=DIRECTION('',(0.,-1.,0.));
#14232=DIRECTION('',(0.,0.,1.));
#14233=DIRECTION('',(0.,-1.,0.));
#14234=DIRECTION('center_axis',(0.,0.,1.));
#14235=DIRECTION('ref_axis',(1.,0.,0.));
#14236=DIRECTION('',(-1.,0.,0.));
#14237=DIRECTION('',(-1.,0.,0.));
#14238=DIRECTION('',(0.,-1.,0.));
#14239=DIRECTION('center_axis',(-1.,0.,0.));
#14240=DIRECTION('ref_axis',(0.,0.,1.));
#14241=DIRECTION('',(0.,0.,-1.));
#14242=DIRECTION('',(0.,0.,-1.));
#14243=DIRECTION('',(0.,-1.,0.));
#14244=DIRECTION('center_axis',(0.,0.,1.));
#14245=DIRECTION('ref_axis',(1.,0.,0.));
#14246=DIRECTION('',(-1.,0.,0.));
#14247=DIRECTION('',(0.,-1.,0.));
#14248=DIRECTION('',(-1.,0.,0.));
#14249=DIRECTION('',(0.,-1.,0.));
#14250=DIRECTION('center_axis',(-1.,0.,0.));
#14251=DIRECTION('ref_axis',(0.,0.,1.));
#14252=DIRECTION('',(0.,0.,-1.));
#14253=DIRECTION('',(0.,0.,-1.));
#14254=DIRECTION('',(0.,-1.,0.));
#14255=DIRECTION('center_axis',(0.,0.,-1.));
#14256=DIRECTION('ref_axis',(-1.,0.,0.));
#14257=DIRECTION('',(1.,0.,0.));
#14258=DIRECTION('',(1.,0.,0.));
#14259=DIRECTION('',(0.,-1.,0.));
#14260=DIRECTION('center_axis',(0.,0.,1.));
#14261=DIRECTION('ref_axis',(1.,0.,0.));
#14262=DIRECTION('',(-1.,0.,0.));
#14263=DIRECTION('',(0.,-1.,0.));
#14264=DIRECTION('',(-1.,0.,0.));
#14265=DIRECTION('',(0.,-1.,0.));
#14266=DIRECTION('center_axis',(-1.,0.,0.));
#14267=DIRECTION('ref_axis',(0.,0.,1.));
#14268=DIRECTION('',(0.,0.,-1.));
#14269=DIRECTION('',(0.,0.,-1.));
#14270=DIRECTION('',(0.,-1.,0.));
#14271=DIRECTION('center_axis',(0.,0.,-1.));
#14272=DIRECTION('ref_axis',(-1.,0.,0.));
#14273=DIRECTION('',(1.,0.,0.));
#14274=DIRECTION('',(1.,0.,0.));
#14275=DIRECTION('',(0.,-1.,0.));
#14276=DIRECTION('center_axis',(1.,0.,0.));
#14277=DIRECTION('ref_axis',(0.,0.,-1.));
#14278=DIRECTION('',(0.,0.,1.));
#14279=DIRECTION('',(0.,-1.,0.));
#14280=DIRECTION('',(0.,0.,1.));
#14281=DIRECTION('',(0.,-1.,0.));
#14282=DIRECTION('center_axis',(0.,0.,1.));
#14283=DIRECTION('ref_axis',(1.,0.,0.));
#14284=DIRECTION('',(-1.,0.,0.));
#14285=DIRECTION('',(-1.,0.,0.));
#14286=DIRECTION('',(0.,-1.,0.));
#14287=DIRECTION('center_axis',(-1.,0.,0.));
#14288=DIRECTION('ref_axis',(0.,0.,1.));
#14289=DIRECTION('',(0.,0.,-1.));
#14290=DIRECTION('',(0.,0.,-1.));
#14291=DIRECTION('',(0.,-1.,0.));
#14292=DIRECTION('center_axis',(1.,0.,0.));
#14293=DIRECTION('ref_axis',(0.,0.,-1.));
#14294=DIRECTION('',(0.,0.,1.));
#14295=DIRECTION('',(0.,-1.,0.));
#14296=DIRECTION('',(0.,0.,1.));
#14297=DIRECTION('',(0.,-1.,0.));
#14298=DIRECTION('center_axis',(0.,0.,1.));
#14299=DIRECTION('ref_axis',(1.,0.,0.));
#14300=DIRECTION('',(-1.,0.,0.));
#14301=DIRECTION('',(-1.,0.,0.));
#14302=DIRECTION('',(0.,-1.,0.));
#14303=DIRECTION('center_axis',(-1.,0.,0.));
#14304=DIRECTION('ref_axis',(0.,0.,1.));
#14305=DIRECTION('',(0.,0.,-1.));
#14306=DIRECTION('',(0.,0.,-1.));
#14307=DIRECTION('',(0.,-1.,0.));
#14308=DIRECTION('center_axis',(1.,0.,0.));
#14309=DIRECTION('ref_axis',(0.,0.,-1.));
#14310=DIRECTION('',(0.,0.,1.));
#14311=DIRECTION('',(0.,-1.,0.));
#14312=DIRECTION('',(0.,0.,1.));
#14313=DIRECTION('',(0.,-1.,0.));
#14314=DIRECTION('center_axis',(0.,0.,1.));
#14315=DIRECTION('ref_axis',(1.,0.,0.));
#14316=DIRECTION('',(-1.,0.,0.));
#14317=DIRECTION('',(-1.,0.,0.));
#14318=DIRECTION('',(0.,-1.,0.));
#14319=DIRECTION('center_axis',(-1.,0.,0.));
#14320=DIRECTION('ref_axis',(0.,0.,1.));
#14321=DIRECTION('',(0.,0.,-1.));
#14322=DIRECTION('',(0.,0.,-1.));
#14323=DIRECTION('',(0.,-1.,0.));
#14324=DIRECTION('center_axis',(0.,0.,1.));
#14325=DIRECTION('ref_axis',(1.,0.,0.));
#14326=DIRECTION('',(-1.,0.,0.));
#14327=DIRECTION('',(0.,-1.,0.));
#14328=DIRECTION('',(-1.,0.,0.));
#14329=DIRECTION('',(0.,-1.,0.));
#14330=DIRECTION('center_axis',(-1.,0.,0.));
#14331=DIRECTION('ref_axis',(0.,0.,1.));
#14332=DIRECTION('',(0.,0.,-1.));
#14333=DIRECTION('',(0.,0.,-1.));
#14334=DIRECTION('',(0.,-1.,0.));
#14335=DIRECTION('center_axis',(0.,0.,-1.));
#14336=DIRECTION('ref_axis',(-1.,0.,0.));
#14337=DIRECTION('',(1.,0.,0.));
#14338=DIRECTION('',(1.,0.,0.));
#14339=DIRECTION('',(0.,-1.,0.));
#14340=DIRECTION('center_axis',(0.,0.,1.));
#14341=DIRECTION('ref_axis',(1.,0.,0.));
#14342=DIRECTION('',(-1.,0.,0.));
#14343=DIRECTION('',(0.,-1.,0.));
#14344=DIRECTION('',(-1.,0.,0.));
#14345=DIRECTION('',(0.,-1.,0.));
#14346=DIRECTION('center_axis',(-1.,0.,0.));
#14347=DIRECTION('ref_axis',(0.,0.,1.));
#14348=DIRECTION('',(0.,0.,-1.));
#14349=DIRECTION('',(0.,0.,-1.));
#14350=DIRECTION('',(0.,-1.,0.));
#14351=DIRECTION('center_axis',(0.,0.,-1.));
#14352=DIRECTION('ref_axis',(-1.,0.,0.));
#14353=DIRECTION('',(1.,0.,0.));
#14354=DIRECTION('',(1.,0.,0.));
#14355=DIRECTION('',(0.,-1.,0.));
#14356=DIRECTION('center_axis',(1.,0.,0.));
#14357=DIRECTION('ref_axis',(0.,0.,-1.));
#14358=DIRECTION('',(0.,0.,1.));
#14359=DIRECTION('',(0.,-1.,0.));
#14360=DIRECTION('',(0.,0.,1.));
#14361=DIRECTION('',(0.,-1.,0.));
#14362=DIRECTION('center_axis',(0.,0.,1.));
#14363=DIRECTION('ref_axis',(1.,0.,0.));
#14364=DIRECTION('',(-1.,0.,0.));
#14365=DIRECTION('',(-1.,0.,0.));
#14366=DIRECTION('',(0.,-1.,0.));
#14367=DIRECTION('center_axis',(-1.,0.,0.));
#14368=DIRECTION('ref_axis',(0.,0.,1.));
#14369=DIRECTION('',(0.,0.,-1.));
#14370=DIRECTION('',(0.,0.,-1.));
#14371=DIRECTION('',(0.,-1.,0.));
#14372=DIRECTION('center_axis',(1.,0.,0.));
#14373=DIRECTION('ref_axis',(0.,0.,-1.));
#14374=DIRECTION('',(0.,0.,1.));
#14375=DIRECTION('',(0.,-1.,0.));
#14376=DIRECTION('',(0.,0.,1.));
#14377=DIRECTION('',(0.,-1.,0.));
#14378=DIRECTION('center_axis',(0.,0.,1.));
#14379=DIRECTION('ref_axis',(1.,0.,0.));
#14380=DIRECTION('',(-1.,0.,0.));
#14381=DIRECTION('',(-1.,0.,0.));
#14382=DIRECTION('',(0.,-1.,0.));
#14383=DIRECTION('center_axis',(-1.,0.,0.));
#14384=DIRECTION('ref_axis',(0.,0.,1.));
#14385=DIRECTION('',(0.,0.,-1.));
#14386=DIRECTION('',(0.,0.,-1.));
#14387=DIRECTION('',(0.,-1.,0.));
#14388=DIRECTION('center_axis',(1.,0.,0.));
#14389=DIRECTION('ref_axis',(0.,0.,-1.));
#14390=DIRECTION('',(0.,0.,1.));
#14391=DIRECTION('',(0.,-1.,0.));
#14392=DIRECTION('',(0.,0.,1.));
#14393=DIRECTION('',(0.,-1.,0.));
#14394=DIRECTION('center_axis',(0.,0.,1.));
#14395=DIRECTION('ref_axis',(1.,0.,0.));
#14396=DIRECTION('',(-1.,0.,0.));
#14397=DIRECTION('',(-1.,0.,0.));
#14398=DIRECTION('',(0.,-1.,0.));
#14399=DIRECTION('center_axis',(-1.,0.,0.));
#14400=DIRECTION('ref_axis',(0.,0.,1.));
#14401=DIRECTION('',(0.,0.,-1.));
#14402=DIRECTION('',(0.,0.,-1.));
#14403=DIRECTION('',(0.,-1.,0.));
#14404=DIRECTION('center_axis',(0.,0.,1.));
#14405=DIRECTION('ref_axis',(1.,0.,0.));
#14406=DIRECTION('',(-1.,0.,0.));
#14407=DIRECTION('',(0.,-1.,0.));
#14408=DIRECTION('',(-1.,0.,0.));
#14409=DIRECTION('',(0.,-1.,0.));
#14410=DIRECTION('center_axis',(-1.,0.,0.));
#14411=DIRECTION('ref_axis',(0.,0.,1.));
#14412=DIRECTION('',(0.,0.,-1.));
#14413=DIRECTION('',(0.,0.,-1.));
#14414=DIRECTION('',(0.,-1.,0.));
#14415=DIRECTION('center_axis',(0.,0.,-1.));
#14416=DIRECTION('ref_axis',(-1.,0.,0.));
#14417=DIRECTION('',(1.,0.,0.));
#14418=DIRECTION('',(1.,0.,0.));
#14419=DIRECTION('',(0.,-1.,0.));
#14420=DIRECTION('center_axis',(0.,0.,1.));
#14421=DIRECTION('ref_axis',(1.,0.,0.));
#14422=DIRECTION('',(-1.,0.,0.));
#14423=DIRECTION('',(0.,-1.,0.));
#14424=DIRECTION('',(-1.,0.,0.));
#14425=DIRECTION('',(0.,-1.,0.));
#14426=DIRECTION('center_axis',(-1.,0.,0.));
#14427=DIRECTION('ref_axis',(0.,0.,1.));
#14428=DIRECTION('',(0.,0.,-1.));
#14429=DIRECTION('',(0.,0.,-1.));
#14430=DIRECTION('',(0.,-1.,0.));
#14431=DIRECTION('center_axis',(0.,0.,-1.));
#14432=DIRECTION('ref_axis',(-1.,0.,0.));
#14433=DIRECTION('',(1.,0.,0.));
#14434=DIRECTION('',(1.,0.,0.));
#14435=DIRECTION('',(0.,-1.,0.));
#14436=DIRECTION('center_axis',(1.,0.,0.));
#14437=DIRECTION('ref_axis',(0.,0.,-1.));
#14438=DIRECTION('',(0.,0.,1.));
#14439=DIRECTION('',(0.,-1.,0.));
#14440=DIRECTION('',(0.,0.,1.));
#14441=DIRECTION('',(0.,-1.,0.));
#14442=DIRECTION('center_axis',(0.,0.,1.));
#14443=DIRECTION('ref_axis',(1.,0.,0.));
#14444=DIRECTION('',(-1.,0.,0.));
#14445=DIRECTION('',(-1.,0.,0.));
#14446=DIRECTION('',(0.,-1.,0.));
#14447=DIRECTION('center_axis',(-1.,0.,0.));
#14448=DIRECTION('ref_axis',(0.,0.,1.));
#14449=DIRECTION('',(0.,0.,-1.));
#14450=DIRECTION('',(0.,0.,-1.));
#14451=DIRECTION('',(0.,-1.,0.));
#14452=DIRECTION('center_axis',(1.,0.,0.));
#14453=DIRECTION('ref_axis',(0.,0.,-1.));
#14454=DIRECTION('',(0.,0.,1.));
#14455=DIRECTION('',(0.,-1.,0.));
#14456=DIRECTION('',(0.,0.,1.));
#14457=DIRECTION('',(0.,-1.,0.));
#14458=DIRECTION('center_axis',(0.,0.,1.));
#14459=DIRECTION('ref_axis',(1.,0.,0.));
#14460=DIRECTION('',(-1.,0.,0.));
#14461=DIRECTION('',(-1.,0.,0.));
#14462=DIRECTION('',(0.,-1.,0.));
#14463=DIRECTION('center_axis',(-1.,0.,0.));
#14464=DIRECTION('ref_axis',(0.,0.,1.));
#14465=DIRECTION('',(0.,0.,-1.));
#14466=DIRECTION('',(0.,0.,-1.));
#14467=DIRECTION('',(0.,-1.,0.));
#14468=DIRECTION('center_axis',(1.,0.,0.));
#14469=DIRECTION('ref_axis',(0.,0.,-1.));
#14470=DIRECTION('',(0.,0.,1.));
#14471=DIRECTION('',(0.,-1.,0.));
#14472=DIRECTION('',(0.,0.,1.));
#14473=DIRECTION('',(0.,-1.,0.));
#14474=DIRECTION('center_axis',(0.,0.,1.));
#14475=DIRECTION('ref_axis',(1.,0.,0.));
#14476=DIRECTION('',(-1.,0.,0.));
#14477=DIRECTION('',(-1.,0.,0.));
#14478=DIRECTION('',(0.,-1.,0.));
#14479=DIRECTION('center_axis',(-1.,0.,0.));
#14480=DIRECTION('ref_axis',(0.,0.,1.));
#14481=DIRECTION('',(0.,0.,-1.));
#14482=DIRECTION('',(0.,0.,-1.));
#14483=DIRECTION('',(0.,-1.,0.));
#14484=DIRECTION('center_axis',(0.,0.,-1.));
#14485=DIRECTION('ref_axis',(-1.,0.,0.));
#14486=DIRECTION('',(1.,0.,0.));
#14487=DIRECTION('',(1.,0.,0.));
#14488=DIRECTION('',(0.,-1.,0.));
#14489=DIRECTION('center_axis',(0.,0.,1.));
#14490=DIRECTION('ref_axis',(1.,0.,0.));
#14491=DIRECTION('',(-1.,0.,0.));
#14492=DIRECTION('',(0.,-1.,0.));
#14493=DIRECTION('',(-1.,0.,0.));
#14494=DIRECTION('',(0.,-1.,0.));
#14495=DIRECTION('center_axis',(-1.,0.,0.));
#14496=DIRECTION('ref_axis',(0.,0.,1.));
#14497=DIRECTION('',(0.,0.,-1.));
#14498=DIRECTION('',(0.,0.,-1.));
#14499=DIRECTION('',(0.,-1.,0.));
#14500=DIRECTION('center_axis',(0.,0.,-1.));
#14501=DIRECTION('ref_axis',(-1.,0.,0.));
#14502=DIRECTION('',(1.,0.,0.));
#14503=DIRECTION('',(1.,0.,0.));
#14504=DIRECTION('',(0.,-1.,0.));
#14505=DIRECTION('center_axis',(1.,0.,0.));
#14506=DIRECTION('ref_axis',(0.,0.,-1.));
#14507=DIRECTION('',(0.,0.,1.));
#14508=DIRECTION('',(0.,-1.,0.));
#14509=DIRECTION('',(0.,0.,1.));
#14510=DIRECTION('',(0.,-1.,0.));
#14511=DIRECTION('center_axis',(0.,0.,1.));
#14512=DIRECTION('ref_axis',(1.,0.,0.));
#14513=DIRECTION('',(-1.,0.,0.));
#14514=DIRECTION('',(-1.,0.,0.));
#14515=DIRECTION('',(0.,-1.,0.));
#14516=DIRECTION('center_axis',(-1.,0.,0.));
#14517=DIRECTION('ref_axis',(0.,0.,1.));
#14518=DIRECTION('',(0.,0.,-1.));
#14519=DIRECTION('',(0.,0.,-1.));
#14520=DIRECTION('',(0.,-1.,0.));
#14521=DIRECTION('center_axis',(0.,0.,1.));
#14522=DIRECTION('ref_axis',(1.,0.,0.));
#14523=DIRECTION('',(-1.,0.,0.));
#14524=DIRECTION('',(0.,-1.,0.));
#14525=DIRECTION('',(-1.,0.,0.));
#14526=DIRECTION('',(0.,-1.,0.));
#14527=DIRECTION('center_axis',(-1.,0.,0.));
#14528=DIRECTION('ref_axis',(0.,0.,1.));
#14529=DIRECTION('',(0.,0.,-1.));
#14530=DIRECTION('',(0.,0.,-1.));
#14531=DIRECTION('',(0.,-1.,0.));
#14532=DIRECTION('center_axis',(0.,0.,-1.));
#14533=DIRECTION('ref_axis',(-1.,0.,0.));
#14534=DIRECTION('',(1.,0.,0.));
#14535=DIRECTION('',(1.,0.,0.));
#14536=DIRECTION('',(0.,-1.,0.));
#14537=DIRECTION('center_axis',(1.,0.,0.));
#14538=DIRECTION('ref_axis',(0.,0.,-1.));
#14539=DIRECTION('',(0.,0.,1.));
#14540=DIRECTION('',(0.,-1.,0.));
#14541=DIRECTION('',(0.,0.,1.));
#14542=DIRECTION('',(0.,-1.,0.));
#14543=DIRECTION('center_axis',(0.,0.,1.));
#14544=DIRECTION('ref_axis',(1.,0.,0.));
#14545=DIRECTION('',(-1.,0.,0.));
#14546=DIRECTION('',(-1.,0.,0.));
#14547=DIRECTION('',(0.,-1.,0.));
#14548=DIRECTION('center_axis',(-1.,0.,0.));
#14549=DIRECTION('ref_axis',(0.,0.,1.));
#14550=DIRECTION('',(0.,0.,-1.));
#14551=DIRECTION('',(0.,0.,-1.));
#14552=DIRECTION('',(0.,-1.,0.));
#14553=DIRECTION('center_axis',(1.,0.,0.));
#14554=DIRECTION('ref_axis',(0.,0.,-1.));
#14555=DIRECTION('',(0.,0.,1.));
#14556=DIRECTION('',(0.,-1.,0.));
#14557=DIRECTION('',(0.,0.,1.));
#14558=DIRECTION('',(0.,-1.,0.));
#14559=DIRECTION('center_axis',(0.,0.,1.));
#14560=DIRECTION('ref_axis',(1.,0.,0.));
#14561=DIRECTION('',(-1.,0.,0.));
#14562=DIRECTION('',(-1.,0.,0.));
#14563=DIRECTION('',(0.,-1.,0.));
#14564=DIRECTION('center_axis',(-1.,0.,0.));
#14565=DIRECTION('ref_axis',(0.,0.,1.));
#14566=DIRECTION('',(0.,0.,-1.));
#14567=DIRECTION('',(0.,0.,-1.));
#14568=DIRECTION('',(0.,-1.,0.));
#14569=DIRECTION('center_axis',(0.,-1.,0.));
#14570=DIRECTION('ref_axis',(0.,0.,-1.));
#14571=DIRECTION('center_axis',(0.,1.,0.));
#14572=DIRECTION('ref_axis',(1.,0.,0.));
#14573=DIRECTION('center_axis',(0.,1.,0.));
#14574=DIRECTION('ref_axis',(1.,0.,0.));
#14575=DIRECTION('',(0.,-1.,0.));
#14576=DIRECTION('center_axis',(0.,0.,1.));
#14577=DIRECTION('ref_axis',(1.,0.,0.));
#14578=DIRECTION('',(-1.,0.,0.));
#14579=DIRECTION('',(0.,-1.,0.));
#14580=DIRECTION('',(-1.,0.,0.));
#14581=DIRECTION('',(0.,-1.,0.));
#14582=DIRECTION('center_axis',(-1.,0.,0.));
#14583=DIRECTION('ref_axis',(0.,0.,1.));
#14584=DIRECTION('',(0.,0.,-1.));
#14585=DIRECTION('',(0.,0.,-1.));
#14586=DIRECTION('',(0.,-1.,0.));
#14587=DIRECTION('center_axis',(0.,0.,-1.));
#14588=DIRECTION('ref_axis',(-1.,0.,0.));
#14589=DIRECTION('',(1.,0.,0.));
#14590=DIRECTION('',(1.,0.,0.));
#14591=DIRECTION('',(0.,-1.,0.));
#14592=DIRECTION('center_axis',(0.,0.,1.));
#14593=DIRECTION('ref_axis',(1.,0.,0.));
#14594=DIRECTION('',(-1.,0.,0.));
#14595=DIRECTION('',(0.,-1.,0.));
#14596=DIRECTION('',(-1.,0.,0.));
#14597=DIRECTION('',(0.,-1.,0.));
#14598=DIRECTION('center_axis',(0.,-1.,0.));
#14599=DIRECTION('ref_axis',(0.,0.,-1.));
#14600=DIRECTION('center_axis',(0.,1.,0.));
#14601=DIRECTION('ref_axis',(1.,0.,0.));
#14602=DIRECTION('center_axis',(0.,1.,0.));
#14603=DIRECTION('ref_axis',(1.,0.,0.));
#14604=DIRECTION('',(0.,-1.,0.));
#14605=DIRECTION('center_axis',(-1.,0.,0.));
#14606=DIRECTION('ref_axis',(0.,0.,1.));
#14607=DIRECTION('',(0.,0.,-1.));
#14608=DIRECTION('',(0.,0.,-1.));
#14609=DIRECTION('',(0.,-1.,0.));
#14610=DIRECTION('center_axis',(0.,0.,-1.));
#14611=DIRECTION('ref_axis',(-1.,0.,0.));
#14612=DIRECTION('',(1.,0.,0.));
#14613=DIRECTION('',(1.,0.,0.));
#14614=DIRECTION('',(0.,-1.,0.));
#14615=DIRECTION('center_axis',(1.,0.,0.));
#14616=DIRECTION('ref_axis',(0.,0.,-1.));
#14617=DIRECTION('',(0.,0.,1.));
#14618=DIRECTION('',(0.,-1.,0.));
#14619=DIRECTION('',(0.,0.,1.));
#14620=DIRECTION('',(0.,-1.,0.));
#14621=DIRECTION('center_axis',(0.,0.,1.));
#14622=DIRECTION('ref_axis',(1.,0.,0.));
#14623=DIRECTION('',(-1.,0.,0.));
#14624=DIRECTION('',(-1.,0.,0.));
#14625=DIRECTION('',(0.,-1.,0.));
#14626=DIRECTION('center_axis',(-1.,0.,0.));
#14627=DIRECTION('ref_axis',(0.,0.,1.));
#14628=DIRECTION('',(0.,0.,-1.));
#14629=DIRECTION('',(0.,0.,-1.));
#14630=DIRECTION('',(0.,-1.,0.));
#14631=DIRECTION('center_axis',(1.,0.,0.));
#14632=DIRECTION('ref_axis',(0.,0.,-1.));
#14633=DIRECTION('',(0.,0.,1.));
#14634=DIRECTION('',(0.,-1.,0.));
#14635=DIRECTION('',(0.,0.,1.));
#14636=DIRECTION('',(0.,-1.,0.));
#14637=DIRECTION('center_axis',(0.,0.,1.));
#14638=DIRECTION('ref_axis',(1.,0.,0.));
#14639=DIRECTION('',(-1.,0.,0.));
#14640=DIRECTION('',(-1.,0.,0.));
#14641=DIRECTION('',(0.,-1.,0.));
#14642=DIRECTION('center_axis',(-1.,0.,0.));
#14643=DIRECTION('ref_axis',(0.,0.,1.));
#14644=DIRECTION('',(0.,0.,-1.));
#14645=DIRECTION('',(0.,0.,-1.));
#14646=DIRECTION('',(0.,-1.,0.));
#14647=DIRECTION('center_axis',(0.,0.,1.));
#14648=DIRECTION('ref_axis',(1.,0.,0.));
#14649=DIRECTION('',(-1.,0.,0.));
#14650=DIRECTION('',(0.,-1.,0.));
#14651=DIRECTION('',(-1.,0.,0.));
#14652=DIRECTION('',(0.,-1.,0.));
#14653=DIRECTION('center_axis',(-1.,0.,0.));
#14654=DIRECTION('ref_axis',(0.,0.,1.));
#14655=DIRECTION('',(0.,0.,-1.));
#14656=DIRECTION('',(0.,0.,-1.));
#14657=DIRECTION('',(0.,-1.,0.));
#14658=DIRECTION('center_axis',(0.,0.,-1.));
#14659=DIRECTION('ref_axis',(-1.,0.,0.));
#14660=DIRECTION('',(1.,0.,0.));
#14661=DIRECTION('',(1.,0.,0.));
#14662=DIRECTION('',(0.,-1.,0.));
#14663=DIRECTION('center_axis',(0.,0.,1.));
#14664=DIRECTION('ref_axis',(1.,0.,0.));
#14665=DIRECTION('',(-1.,0.,0.));
#14666=DIRECTION('',(0.,-1.,0.));
#14667=DIRECTION('',(-1.,0.,0.));
#14668=DIRECTION('',(0.,-1.,0.));
#14669=DIRECTION('center_axis',(-1.,0.,0.));
#14670=DIRECTION('ref_axis',(0.,0.,1.));
#14671=DIRECTION('',(0.,0.,-1.));
#14672=DIRECTION('',(0.,0.,-1.));
#14673=DIRECTION('',(0.,-1.,0.));
#14674=DIRECTION('center_axis',(0.,0.,-1.));
#14675=DIRECTION('ref_axis',(-1.,0.,0.));
#14676=DIRECTION('',(1.,0.,0.));
#14677=DIRECTION('',(1.,0.,0.));
#14678=DIRECTION('',(0.,-1.,0.));
#14679=DIRECTION('center_axis',(1.,0.,0.));
#14680=DIRECTION('ref_axis',(0.,0.,-1.));
#14681=DIRECTION('',(0.,0.,1.));
#14682=DIRECTION('',(0.,-1.,0.));
#14683=DIRECTION('',(0.,0.,1.));
#14684=DIRECTION('',(0.,-1.,0.));
#14685=DIRECTION('center_axis',(0.,0.,1.));
#14686=DIRECTION('ref_axis',(1.,0.,0.));
#14687=DIRECTION('',(-1.,0.,0.));
#14688=DIRECTION('',(-1.,0.,0.));
#14689=DIRECTION('',(0.,-1.,0.));
#14690=DIRECTION('center_axis',(-1.,0.,0.));
#14691=DIRECTION('ref_axis',(0.,0.,1.));
#14692=DIRECTION('',(0.,0.,-1.));
#14693=DIRECTION('',(0.,0.,-1.));
#14694=DIRECTION('',(0.,-1.,0.));
#14695=DIRECTION('center_axis',(1.,0.,0.));
#14696=DIRECTION('ref_axis',(0.,0.,-1.));
#14697=DIRECTION('',(0.,0.,1.));
#14698=DIRECTION('',(0.,-1.,0.));
#14699=DIRECTION('',(0.,0.,1.));
#14700=DIRECTION('',(0.,-1.,0.));
#14701=DIRECTION('center_axis',(0.,0.,1.));
#14702=DIRECTION('ref_axis',(1.,0.,0.));
#14703=DIRECTION('',(-1.,0.,0.));
#14704=DIRECTION('',(-1.,0.,0.));
#14705=DIRECTION('',(0.,-1.,0.));
#14706=DIRECTION('center_axis',(-1.,0.,0.));
#14707=DIRECTION('ref_axis',(0.,0.,1.));
#14708=DIRECTION('',(0.,0.,-1.));
#14709=DIRECTION('',(0.,0.,-1.));
#14710=DIRECTION('',(0.,-1.,0.));
#14711=DIRECTION('center_axis',(1.,0.,0.));
#14712=DIRECTION('ref_axis',(0.,0.,-1.));
#14713=DIRECTION('',(0.,0.,1.));
#14714=DIRECTION('',(0.,-1.,0.));
#14715=DIRECTION('',(0.,0.,1.));
#14716=DIRECTION('',(0.,-1.,0.));
#14717=DIRECTION('center_axis',(0.,0.,1.));
#14718=DIRECTION('ref_axis',(1.,0.,0.));
#14719=DIRECTION('',(-1.,0.,0.));
#14720=DIRECTION('',(-1.,0.,0.));
#14721=DIRECTION('',(0.,-1.,0.));
#14722=DIRECTION('center_axis',(-1.,0.,0.));
#14723=DIRECTION('ref_axis',(0.,0.,1.));
#14724=DIRECTION('',(0.,0.,-1.));
#14725=DIRECTION('',(0.,0.,-1.));
#14726=DIRECTION('',(0.,-1.,0.));
#14727=DIRECTION('center_axis',(0.,0.,1.));
#14728=DIRECTION('ref_axis',(1.,0.,0.));
#14729=DIRECTION('',(-1.,0.,0.));
#14730=DIRECTION('',(0.,-1.,0.));
#14731=DIRECTION('',(-1.,0.,0.));
#14732=DIRECTION('',(0.,-1.,0.));
#14733=DIRECTION('center_axis',(-1.,0.,0.));
#14734=DIRECTION('ref_axis',(0.,0.,1.));
#14735=DIRECTION('',(0.,0.,-1.));
#14736=DIRECTION('',(0.,0.,-1.));
#14737=DIRECTION('',(0.,-1.,0.));
#14738=DIRECTION('center_axis',(0.,0.,-1.));
#14739=DIRECTION('ref_axis',(-1.,0.,0.));
#14740=DIRECTION('',(1.,0.,0.));
#14741=DIRECTION('',(1.,0.,0.));
#14742=DIRECTION('',(0.,-1.,0.));
#14743=DIRECTION('center_axis',(0.,0.,1.));
#14744=DIRECTION('ref_axis',(1.,0.,0.));
#14745=DIRECTION('',(-1.,0.,0.));
#14746=DIRECTION('',(0.,-1.,0.));
#14747=DIRECTION('',(-1.,0.,0.));
#14748=DIRECTION('',(0.,-1.,0.));
#14749=DIRECTION('center_axis',(-1.,0.,0.));
#14750=DIRECTION('ref_axis',(0.,0.,1.));
#14751=DIRECTION('',(0.,0.,-1.));
#14752=DIRECTION('',(0.,0.,-1.));
#14753=DIRECTION('',(0.,-1.,0.));
#14754=DIRECTION('center_axis',(0.,0.,-1.));
#14755=DIRECTION('ref_axis',(-1.,0.,0.));
#14756=DIRECTION('',(1.,0.,0.));
#14757=DIRECTION('',(1.,0.,0.));
#14758=DIRECTION('',(0.,-1.,0.));
#14759=DIRECTION('center_axis',(1.,0.,0.));
#14760=DIRECTION('ref_axis',(0.,0.,-1.));
#14761=DIRECTION('',(0.,0.,1.));
#14762=DIRECTION('',(0.,-1.,0.));
#14763=DIRECTION('',(0.,0.,1.));
#14764=DIRECTION('',(0.,-1.,0.));
#14765=DIRECTION('center_axis',(0.,0.,1.));
#14766=DIRECTION('ref_axis',(1.,0.,0.));
#14767=DIRECTION('',(-1.,0.,0.));
#14768=DIRECTION('',(-1.,0.,0.));
#14769=DIRECTION('',(0.,-1.,0.));
#14770=DIRECTION('center_axis',(-1.,0.,0.));
#14771=DIRECTION('ref_axis',(0.,0.,1.));
#14772=DIRECTION('',(0.,0.,-1.));
#14773=DIRECTION('',(0.,0.,-1.));
#14774=DIRECTION('',(0.,-1.,0.));
#14775=DIRECTION('center_axis',(1.,0.,0.));
#14776=DIRECTION('ref_axis',(0.,0.,-1.));
#14777=DIRECTION('',(0.,0.,1.));
#14778=DIRECTION('',(0.,-1.,0.));
#14779=DIRECTION('',(0.,0.,1.));
#14780=DIRECTION('',(0.,-1.,0.));
#14781=DIRECTION('center_axis',(0.,0.,1.));
#14782=DIRECTION('ref_axis',(1.,0.,0.));
#14783=DIRECTION('',(-1.,0.,0.));
#14784=DIRECTION('',(-1.,0.,0.));
#14785=DIRECTION('',(0.,-1.,0.));
#14786=DIRECTION('center_axis',(-1.,0.,0.));
#14787=DIRECTION('ref_axis',(0.,0.,1.));
#14788=DIRECTION('',(0.,0.,-1.));
#14789=DIRECTION('',(0.,0.,-1.));
#14790=DIRECTION('',(0.,-1.,0.));
#14791=DIRECTION('center_axis',(1.,0.,0.));
#14792=DIRECTION('ref_axis',(0.,0.,-1.));
#14793=DIRECTION('',(0.,0.,1.));
#14794=DIRECTION('',(0.,-1.,0.));
#14795=DIRECTION('',(0.,0.,1.));
#14796=DIRECTION('',(0.,-1.,0.));
#14797=DIRECTION('center_axis',(0.,0.,1.));
#14798=DIRECTION('ref_axis',(1.,0.,0.));
#14799=DIRECTION('',(-1.,0.,0.));
#14800=DIRECTION('',(-1.,0.,0.));
#14801=DIRECTION('',(0.,-1.,0.));
#14802=DIRECTION('center_axis',(-1.,0.,0.));
#14803=DIRECTION('ref_axis',(0.,0.,1.));
#14804=DIRECTION('',(0.,0.,-1.));
#14805=DIRECTION('',(0.,0.,-1.));
#14806=DIRECTION('',(0.,-1.,0.));
#14807=DIRECTION('center_axis',(0.,0.,1.));
#14808=DIRECTION('ref_axis',(1.,0.,0.));
#14809=DIRECTION('',(-1.,0.,0.));
#14810=DIRECTION('',(0.,-1.,0.));
#14811=DIRECTION('',(-1.,0.,0.));
#14812=DIRECTION('',(0.,-1.,0.));
#14813=DIRECTION('center_axis',(-1.,0.,0.));
#14814=DIRECTION('ref_axis',(0.,0.,1.));
#14815=DIRECTION('',(0.,0.,-1.));
#14816=DIRECTION('',(0.,0.,-1.));
#14817=DIRECTION('',(0.,-1.,0.));
#14818=DIRECTION('center_axis',(0.,0.,-1.));
#14819=DIRECTION('ref_axis',(-1.,0.,0.));
#14820=DIRECTION('',(1.,0.,0.));
#14821=DIRECTION('',(1.,0.,0.));
#14822=DIRECTION('',(0.,-1.,0.));
#14823=DIRECTION('center_axis',(0.,0.,1.));
#14824=DIRECTION('ref_axis',(1.,0.,0.));
#14825=DIRECTION('',(-1.,0.,0.));
#14826=DIRECTION('',(0.,-1.,0.));
#14827=DIRECTION('',(-1.,0.,0.));
#14828=DIRECTION('',(0.,-1.,0.));
#14829=DIRECTION('center_axis',(-1.,0.,0.));
#14830=DIRECTION('ref_axis',(0.,0.,1.));
#14831=DIRECTION('',(0.,0.,-1.));
#14832=DIRECTION('',(0.,0.,-1.));
#14833=DIRECTION('',(0.,-1.,0.));
#14834=DIRECTION('center_axis',(0.,0.,-1.));
#14835=DIRECTION('ref_axis',(-1.,0.,0.));
#14836=DIRECTION('',(1.,0.,0.));
#14837=DIRECTION('',(1.,0.,0.));
#14838=DIRECTION('',(0.,-1.,0.));
#14839=DIRECTION('center_axis',(1.,0.,0.));
#14840=DIRECTION('ref_axis',(0.,0.,-1.));
#14841=DIRECTION('',(0.,0.,1.));
#14842=DIRECTION('',(0.,-1.,0.));
#14843=DIRECTION('',(0.,0.,1.));
#14844=DIRECTION('',(0.,-1.,0.));
#14845=DIRECTION('center_axis',(0.,0.,1.));
#14846=DIRECTION('ref_axis',(1.,0.,0.));
#14847=DIRECTION('',(-1.,0.,0.));
#14848=DIRECTION('',(-1.,0.,0.));
#14849=DIRECTION('',(0.,-1.,0.));
#14850=DIRECTION('center_axis',(-1.,0.,0.));
#14851=DIRECTION('ref_axis',(0.,0.,1.));
#14852=DIRECTION('',(0.,0.,-1.));
#14853=DIRECTION('',(0.,0.,-1.));
#14854=DIRECTION('',(0.,-1.,0.));
#14855=DIRECTION('center_axis',(1.,0.,0.));
#14856=DIRECTION('ref_axis',(0.,0.,-1.));
#14857=DIRECTION('',(0.,0.,1.));
#14858=DIRECTION('',(0.,-1.,0.));
#14859=DIRECTION('',(0.,0.,1.));
#14860=DIRECTION('',(0.,-1.,0.));
#14861=DIRECTION('center_axis',(0.,0.,1.));
#14862=DIRECTION('ref_axis',(1.,0.,0.));
#14863=DIRECTION('',(-1.,0.,0.));
#14864=DIRECTION('',(-1.,0.,0.));
#14865=DIRECTION('',(0.,-1.,0.));
#14866=DIRECTION('center_axis',(-1.,0.,0.));
#14867=DIRECTION('ref_axis',(0.,0.,1.));
#14868=DIRECTION('',(0.,0.,-1.));
#14869=DIRECTION('',(0.,0.,-1.));
#14870=DIRECTION('',(0.,-1.,0.));
#14871=DIRECTION('center_axis',(1.,0.,0.));
#14872=DIRECTION('ref_axis',(0.,0.,-1.));
#14873=DIRECTION('',(0.,0.,1.));
#14874=DIRECTION('',(0.,-1.,0.));
#14875=DIRECTION('',(0.,0.,1.));
#14876=DIRECTION('',(0.,-1.,0.));
#14877=DIRECTION('center_axis',(0.,0.,1.));
#14878=DIRECTION('ref_axis',(1.,0.,0.));
#14879=DIRECTION('',(-1.,0.,0.));
#14880=DIRECTION('',(-1.,0.,0.));
#14881=DIRECTION('',(0.,-1.,0.));
#14882=DIRECTION('center_axis',(-1.,0.,0.));
#14883=DIRECTION('ref_axis',(0.,0.,1.));
#14884=DIRECTION('',(0.,0.,-1.));
#14885=DIRECTION('',(0.,0.,-1.));
#14886=DIRECTION('',(0.,-1.,0.));
#14887=DIRECTION('center_axis',(0.,0.,1.));
#14888=DIRECTION('ref_axis',(1.,0.,0.));
#14889=DIRECTION('',(-1.,0.,0.));
#14890=DIRECTION('',(0.,-1.,0.));
#14891=DIRECTION('',(-1.,0.,0.));
#14892=DIRECTION('',(0.,-1.,0.));
#14893=DIRECTION('center_axis',(-1.,0.,0.));
#14894=DIRECTION('ref_axis',(0.,0.,1.));
#14895=DIRECTION('',(0.,0.,-1.));
#14896=DIRECTION('',(0.,0.,-1.));
#14897=DIRECTION('',(0.,-1.,0.));
#14898=DIRECTION('center_axis',(0.,0.,-1.));
#14899=DIRECTION('ref_axis',(-1.,0.,0.));
#14900=DIRECTION('',(1.,0.,0.));
#14901=DIRECTION('',(1.,0.,0.));
#14902=DIRECTION('',(0.,-1.,0.));
#14903=DIRECTION('center_axis',(0.,0.,1.));
#14904=DIRECTION('ref_axis',(1.,0.,0.));
#14905=DIRECTION('',(-1.,0.,0.));
#14906=DIRECTION('',(0.,-1.,0.));
#14907=DIRECTION('',(-1.,0.,0.));
#14908=DIRECTION('',(0.,-1.,0.));
#14909=DIRECTION('center_axis',(-1.,0.,0.));
#14910=DIRECTION('ref_axis',(0.,0.,1.));
#14911=DIRECTION('',(0.,0.,-1.));
#14912=DIRECTION('',(0.,0.,-1.));
#14913=DIRECTION('',(0.,-1.,0.));
#14914=DIRECTION('center_axis',(0.,0.,-1.));
#14915=DIRECTION('ref_axis',(-1.,0.,0.));
#14916=DIRECTION('',(1.,0.,0.));
#14917=DIRECTION('',(1.,0.,0.));
#14918=DIRECTION('',(0.,-1.,0.));
#14919=DIRECTION('center_axis',(1.,0.,0.));
#14920=DIRECTION('ref_axis',(0.,0.,-1.));
#14921=DIRECTION('',(0.,0.,1.));
#14922=DIRECTION('',(0.,-1.,0.));
#14923=DIRECTION('',(0.,0.,1.));
#14924=DIRECTION('',(0.,-1.,0.));
#14925=DIRECTION('center_axis',(0.,0.,1.));
#14926=DIRECTION('ref_axis',(1.,0.,0.));
#14927=DIRECTION('',(-1.,0.,0.));
#14928=DIRECTION('',(-1.,0.,0.));
#14929=DIRECTION('',(0.,-1.,0.));
#14930=DIRECTION('center_axis',(-1.,0.,0.));
#14931=DIRECTION('ref_axis',(0.,0.,1.));
#14932=DIRECTION('',(0.,0.,-1.));
#14933=DIRECTION('',(0.,0.,-1.));
#14934=DIRECTION('',(0.,-1.,0.));
#14935=DIRECTION('center_axis',(1.,0.,0.));
#14936=DIRECTION('ref_axis',(0.,0.,-1.));
#14937=DIRECTION('',(0.,0.,1.));
#14938=DIRECTION('',(0.,-1.,0.));
#14939=DIRECTION('',(0.,0.,1.));
#14940=DIRECTION('',(0.,-1.,0.));
#14941=DIRECTION('center_axis',(0.,0.,1.));
#14942=DIRECTION('ref_axis',(1.,0.,0.));
#14943=DIRECTION('',(-1.,0.,0.));
#14944=DIRECTION('',(-1.,0.,0.));
#14945=DIRECTION('',(0.,-1.,0.));
#14946=DIRECTION('center_axis',(-1.,0.,0.));
#14947=DIRECTION('ref_axis',(0.,0.,1.));
#14948=DIRECTION('',(0.,0.,-1.));
#14949=DIRECTION('',(0.,0.,-1.));
#14950=DIRECTION('',(0.,-1.,0.));
#14951=DIRECTION('center_axis',(1.,0.,0.));
#14952=DIRECTION('ref_axis',(0.,0.,-1.));
#14953=DIRECTION('',(0.,0.,1.));
#14954=DIRECTION('',(0.,-1.,0.));
#14955=DIRECTION('',(0.,0.,1.));
#14956=DIRECTION('',(0.,-1.,0.));
#14957=DIRECTION('center_axis',(0.,0.,1.));
#14958=DIRECTION('ref_axis',(1.,0.,0.));
#14959=DIRECTION('',(-1.,0.,0.));
#14960=DIRECTION('',(-1.,0.,0.));
#14961=DIRECTION('',(0.,-1.,0.));
#14962=DIRECTION('center_axis',(-1.,0.,0.));
#14963=DIRECTION('ref_axis',(0.,0.,1.));
#14964=DIRECTION('',(0.,0.,-1.));
#14965=DIRECTION('',(0.,0.,-1.));
#14966=DIRECTION('',(0.,-1.,0.));
#14967=DIRECTION('center_axis',(0.,0.,1.));
#14968=DIRECTION('ref_axis',(1.,0.,0.));
#14969=DIRECTION('',(-1.,0.,0.));
#14970=DIRECTION('',(0.,-1.,0.));
#14971=DIRECTION('',(-1.,0.,0.));
#14972=DIRECTION('',(0.,-1.,0.));
#14973=DIRECTION('center_axis',(-1.,0.,0.));
#14974=DIRECTION('ref_axis',(0.,0.,1.));
#14975=DIRECTION('',(0.,0.,-1.));
#14976=DIRECTION('',(0.,0.,-1.));
#14977=DIRECTION('',(0.,-1.,0.));
#14978=DIRECTION('center_axis',(0.,0.,-1.));
#14979=DIRECTION('ref_axis',(-1.,0.,0.));
#14980=DIRECTION('',(1.,0.,0.));
#14981=DIRECTION('',(1.,0.,0.));
#14982=DIRECTION('',(0.,-1.,0.));
#14983=DIRECTION('center_axis',(0.,0.,1.));
#14984=DIRECTION('ref_axis',(1.,0.,0.));
#14985=DIRECTION('',(-1.,0.,0.));
#14986=DIRECTION('',(0.,-1.,0.));
#14987=DIRECTION('',(-1.,0.,0.));
#14988=DIRECTION('',(0.,-1.,0.));
#14989=DIRECTION('center_axis',(-1.,0.,0.));
#14990=DIRECTION('ref_axis',(0.,0.,1.));
#14991=DIRECTION('',(0.,0.,-1.));
#14992=DIRECTION('',(0.,0.,-1.));
#14993=DIRECTION('',(0.,-1.,0.));
#14994=DIRECTION('center_axis',(0.,0.,-1.));
#14995=DIRECTION('ref_axis',(-1.,0.,0.));
#14996=DIRECTION('',(1.,0.,0.));
#14997=DIRECTION('',(1.,0.,0.));
#14998=DIRECTION('',(0.,-1.,0.));
#14999=DIRECTION('center_axis',(1.,0.,0.));
#15000=DIRECTION('ref_axis',(0.,0.,-1.));
#15001=DIRECTION('',(0.,0.,1.));
#15002=DIRECTION('',(0.,-1.,0.));
#15003=DIRECTION('',(0.,0.,1.));
#15004=DIRECTION('',(0.,-1.,0.));
#15005=DIRECTION('center_axis',(0.,0.,1.));
#15006=DIRECTION('ref_axis',(1.,0.,0.));
#15007=DIRECTION('',(-1.,0.,0.));
#15008=DIRECTION('',(-1.,0.,0.));
#15009=DIRECTION('',(0.,-1.,0.));
#15010=DIRECTION('center_axis',(-1.,0.,0.));
#15011=DIRECTION('ref_axis',(0.,0.,1.));
#15012=DIRECTION('',(0.,0.,-1.));
#15013=DIRECTION('',(0.,0.,-1.));
#15014=DIRECTION('',(0.,-1.,0.));
#15015=DIRECTION('center_axis',(1.,0.,0.));
#15016=DIRECTION('ref_axis',(0.,0.,-1.));
#15017=DIRECTION('',(0.,0.,1.));
#15018=DIRECTION('',(0.,-1.,0.));
#15019=DIRECTION('',(0.,0.,1.));
#15020=DIRECTION('',(0.,-1.,0.));
#15021=DIRECTION('center_axis',(0.,0.,1.));
#15022=DIRECTION('ref_axis',(1.,0.,0.));
#15023=DIRECTION('',(-1.,0.,0.));
#15024=DIRECTION('',(-1.,0.,0.));
#15025=DIRECTION('',(0.,-1.,0.));
#15026=DIRECTION('center_axis',(-1.,0.,0.));
#15027=DIRECTION('ref_axis',(0.,0.,1.));
#15028=DIRECTION('',(0.,0.,-1.));
#15029=DIRECTION('',(0.,0.,-1.));
#15030=DIRECTION('',(0.,-1.,0.));
#15031=DIRECTION('center_axis',(0.,0.,1.));
#15032=DIRECTION('ref_axis',(1.,0.,0.));
#15033=DIRECTION('',(-1.,0.,0.));
#15034=DIRECTION('',(0.,-1.,0.));
#15035=DIRECTION('',(-1.,0.,0.));
#15036=DIRECTION('',(0.,-1.,0.));
#15037=DIRECTION('center_axis',(-1.,0.,0.));
#15038=DIRECTION('ref_axis',(0.,0.,1.));
#15039=DIRECTION('',(0.,0.,-1.));
#15040=DIRECTION('',(0.,0.,-1.));
#15041=DIRECTION('',(0.,-1.,0.));
#15042=DIRECTION('center_axis',(0.,0.,-1.));
#15043=DIRECTION('ref_axis',(-1.,0.,0.));
#15044=DIRECTION('',(1.,0.,0.));
#15045=DIRECTION('',(1.,0.,0.));
#15046=DIRECTION('',(0.,-1.,0.));
#15047=DIRECTION('center_axis',(1.,0.,0.));
#15048=DIRECTION('ref_axis',(0.,0.,-1.));
#15049=DIRECTION('',(0.,0.,1.));
#15050=DIRECTION('',(0.,-1.,0.));
#15051=DIRECTION('',(0.,0.,1.));
#15052=DIRECTION('',(0.,-1.,0.));
#15053=DIRECTION('center_axis',(0.,0.,1.));
#15054=DIRECTION('ref_axis',(1.,0.,0.));
#15055=DIRECTION('',(-1.,0.,0.));
#15056=DIRECTION('',(-1.,0.,0.));
#15057=DIRECTION('',(0.,-1.,0.));
#15058=DIRECTION('center_axis',(-1.,0.,0.));
#15059=DIRECTION('ref_axis',(0.,0.,1.));
#15060=DIRECTION('',(0.,0.,-1.));
#15061=DIRECTION('',(0.,0.,-1.));
#15062=DIRECTION('',(0.,-1.,0.));
#15063=DIRECTION('center_axis',(0.,-1.,0.));
#15064=DIRECTION('ref_axis',(0.,0.,-1.));
#15065=DIRECTION('center_axis',(0.,1.,0.));
#15066=DIRECTION('ref_axis',(1.,0.,0.));
#15067=DIRECTION('center_axis',(0.,0.,-1.));
#15068=DIRECTION('ref_axis',(-1.,0.,0.));
#15069=DIRECTION('',(1.,0.,0.));
#15070=DIRECTION('',(1.,0.,0.));
#15071=DIRECTION('center_axis',(1.,0.,0.));
#15072=DIRECTION('ref_axis',(0.,0.,-1.));
#15073=DIRECTION('',(0.,0.,1.));
#15074=DIRECTION('',(0.,0.,1.));
#15075=DIRECTION('center_axis',(0.,0.,-1.));
#15076=DIRECTION('ref_axis',(-1.,0.,0.));
#15077=DIRECTION('',(1.,0.,0.));
#15078=DIRECTION('',(1.,0.,0.));
#15079=DIRECTION('center_axis',(0.,0.,-1.));
#15080=DIRECTION('ref_axis',(-1.,0.,0.));
#15081=DIRECTION('',(1.,0.,0.));
#15082=DIRECTION('',(1.,0.,0.));
#15083=DIRECTION('center_axis',(0.,0.,-1.));
#15084=DIRECTION('ref_axis',(-1.,0.,0.));
#15085=DIRECTION('',(1.,0.,0.));
#15086=DIRECTION('',(1.,0.,0.));
#15087=DIRECTION('center_axis',(1.,0.,0.));
#15088=DIRECTION('ref_axis',(0.,0.,-1.));
#15089=DIRECTION('',(0.,0.,1.));
#15090=DIRECTION('',(0.,0.,1.));
#15091=DIRECTION('center_axis',(1.,0.,0.));
#15092=DIRECTION('ref_axis',(0.,0.,-1.));
#15093=DIRECTION('',(0.,0.,1.));
#15094=DIRECTION('',(0.,0.,1.));
#15095=DIRECTION('center_axis',(0.,0.,-1.));
#15096=DIRECTION('ref_axis',(-1.,0.,0.));
#15097=DIRECTION('',(1.,0.,0.));
#15098=DIRECTION('',(1.,0.,0.));
#15099=DIRECTION('center_axis',(0.,0.,-1.));
#15100=DIRECTION('ref_axis',(-1.,0.,0.));
#15101=DIRECTION('',(1.,0.,0.));
#15102=DIRECTION('',(1.,0.,0.));
#15103=DIRECTION('center_axis',(0.,0.,-1.));
#15104=DIRECTION('ref_axis',(-1.,0.,0.));
#15105=DIRECTION('',(1.,0.,0.));
#15106=DIRECTION('',(1.,0.,0.));
#15107=DIRECTION('center_axis',(1.,0.,0.));
#15108=DIRECTION('ref_axis',(0.,0.,-1.));
#15109=DIRECTION('',(0.,0.,1.));
#15110=DIRECTION('',(0.,0.,1.));
#15111=DIRECTION('center_axis',(1.,0.,0.));
#15112=DIRECTION('ref_axis',(0.,0.,-1.));
#15113=DIRECTION('',(0.,0.,1.));
#15114=DIRECTION('',(0.,0.,1.));
#15115=DIRECTION('center_axis',(0.,0.,-1.));
#15116=DIRECTION('ref_axis',(-1.,0.,0.));
#15117=DIRECTION('',(1.,0.,0.));
#15118=DIRECTION('',(1.,0.,0.));
#15119=DIRECTION('center_axis',(0.,0.,-1.));
#15120=DIRECTION('ref_axis',(-1.,0.,0.));
#15121=DIRECTION('',(1.,0.,0.));
#15122=DIRECTION('',(1.,0.,0.));
#15123=DIRECTION('center_axis',(0.,0.,-1.));
#15124=DIRECTION('ref_axis',(-1.,0.,0.));
#15125=DIRECTION('',(1.,0.,0.));
#15126=DIRECTION('',(1.,0.,0.));
#15127=DIRECTION('center_axis',(1.,0.,0.));
#15128=DIRECTION('ref_axis',(0.,0.,-1.));
#15129=DIRECTION('',(0.,0.,1.));
#15130=DIRECTION('',(0.,0.,1.));
#15131=DIRECTION('center_axis',(1.,0.,0.));
#15132=DIRECTION('ref_axis',(0.,0.,-1.));
#15133=DIRECTION('',(0.,0.,1.));
#15134=DIRECTION('',(0.,0.,1.));
#15135=DIRECTION('center_axis',(0.,0.,-1.));
#15136=DIRECTION('ref_axis',(-1.,0.,0.));
#15137=DIRECTION('',(1.,0.,0.));
#15138=DIRECTION('',(1.,0.,0.));
#15139=DIRECTION('center_axis',(0.,0.,-1.));
#15140=DIRECTION('ref_axis',(-1.,0.,0.));
#15141=DIRECTION('',(1.,0.,0.));
#15142=DIRECTION('',(1.,0.,0.));
#15143=DIRECTION('center_axis',(0.,0.,-1.));
#15144=DIRECTION('ref_axis',(-1.,0.,0.));
#15145=DIRECTION('',(1.,0.,0.));
#15146=DIRECTION('',(1.,0.,0.));
#15147=DIRECTION('center_axis',(1.,0.,0.));
#15148=DIRECTION('ref_axis',(0.,0.,-1.));
#15149=DIRECTION('',(0.,0.,1.));
#15150=DIRECTION('',(0.,0.,1.));
#15151=DIRECTION('center_axis',(1.,0.,0.));
#15152=DIRECTION('ref_axis',(0.,0.,-1.));
#15153=DIRECTION('',(0.,0.,1.));
#15154=DIRECTION('',(0.,0.,1.));
#15155=DIRECTION('center_axis',(0.,0.,-1.));
#15156=DIRECTION('ref_axis',(-1.,0.,0.));
#15157=DIRECTION('',(1.,0.,0.));
#15158=DIRECTION('',(1.,0.,0.));
#15159=DIRECTION('center_axis',(0.,0.,-1.));
#15160=DIRECTION('ref_axis',(-1.,0.,0.));
#15161=DIRECTION('',(1.,0.,0.));
#15162=DIRECTION('',(1.,0.,0.));
#15163=DIRECTION('center_axis',(0.,0.,-1.));
#15164=DIRECTION('ref_axis',(-1.,0.,0.));
#15165=DIRECTION('',(1.,0.,0.));
#15166=DIRECTION('',(1.,0.,0.));
#15167=DIRECTION('center_axis',(1.,0.,0.));
#15168=DIRECTION('ref_axis',(0.,0.,-1.));
#15169=DIRECTION('',(0.,0.,1.));
#15170=DIRECTION('',(0.,0.,1.));
#15171=DIRECTION('center_axis',(1.,0.,0.));
#15172=DIRECTION('ref_axis',(0.,0.,-1.));
#15173=DIRECTION('',(0.,0.,1.));
#15174=DIRECTION('',(0.,0.,1.));
#15175=DIRECTION('center_axis',(0.,0.,-1.));
#15176=DIRECTION('ref_axis',(-1.,0.,0.));
#15177=DIRECTION('',(1.,0.,0.));
#15178=DIRECTION('',(1.,0.,0.));
#15179=DIRECTION('center_axis',(0.,0.,-1.));
#15180=DIRECTION('ref_axis',(-1.,0.,0.));
#15181=DIRECTION('',(1.,0.,0.));
#15182=DIRECTION('',(1.,0.,0.));
#15183=DIRECTION('center_axis',(0.,-1.,0.));
#15184=DIRECTION('ref_axis',(0.,0.,-1.));
#15185=DIRECTION('center_axis',(0.,1.,0.));
#15186=DIRECTION('ref_axis',(1.,0.,0.));
#15187=DIRECTION('center_axis',(0.,1.,0.));
#15188=DIRECTION('ref_axis',(1.,0.,0.));
#15189=DIRECTION('center_axis',(1.,0.,0.));
#15190=DIRECTION('ref_axis',(0.,0.,-1.));
#15191=DIRECTION('',(0.,0.,1.));
#15192=DIRECTION('',(0.,0.,1.));
#15193=DIRECTION('center_axis',(0.,0.,-1.));
#15194=DIRECTION('ref_axis',(-1.,0.,0.));
#15195=DIRECTION('',(1.,0.,0.));
#15196=DIRECTION('',(1.,0.,0.));
#15197=DIRECTION('center_axis',(1.,0.,0.));
#15198=DIRECTION('ref_axis',(0.,0.,-1.));
#15199=DIRECTION('',(0.,0.,1.));
#15200=DIRECTION('',(0.,0.,1.));
#15201=DIRECTION('center_axis',(0.,0.,-1.));
#15202=DIRECTION('ref_axis',(-1.,0.,0.));
#15203=DIRECTION('',(1.,0.,0.));
#15204=DIRECTION('',(1.,0.,0.));
#15205=DIRECTION('center_axis',(0.,0.,-1.));
#15206=DIRECTION('ref_axis',(-1.,0.,0.));
#15207=DIRECTION('',(1.,0.,0.));
#15208=DIRECTION('',(1.,0.,0.));
#15209=DIRECTION('center_axis',(1.,0.,0.));
#15210=DIRECTION('ref_axis',(0.,0.,-1.));
#15211=DIRECTION('',(0.,0.,1.));
#15212=DIRECTION('',(0.,0.,1.));
#15213=DIRECTION('center_axis',(1.,0.,0.));
#15214=DIRECTION('ref_axis',(0.,0.,-1.));
#15215=DIRECTION('',(0.,0.,1.));
#15216=DIRECTION('',(0.,0.,1.));
#15217=DIRECTION('center_axis',(0.,0.,-1.));
#15218=DIRECTION('ref_axis',(-1.,0.,0.));
#15219=DIRECTION('',(1.,0.,0.));
#15220=DIRECTION('',(1.,0.,0.));
#15221=DIRECTION('center_axis',(0.,0.,-1.));
#15222=DIRECTION('ref_axis',(-1.,0.,0.));
#15223=DIRECTION('',(1.,0.,0.));
#15224=DIRECTION('',(1.,0.,0.));
#15225=DIRECTION('center_axis',(1.,0.,0.));
#15226=DIRECTION('ref_axis',(0.,0.,-1.));
#15227=DIRECTION('',(0.,0.,1.));
#15228=DIRECTION('',(0.,0.,1.));
#15229=DIRECTION('center_axis',(1.,0.,0.));
#15230=DIRECTION('ref_axis',(0.,0.,-1.));
#15231=DIRECTION('',(0.,0.,1.));
#15232=DIRECTION('',(0.,0.,1.));
#15233=DIRECTION('center_axis',(0.,0.,-1.));
#15234=DIRECTION('ref_axis',(-1.,0.,0.));
#15235=DIRECTION('',(1.,0.,0.));
#15236=DIRECTION('',(1.,0.,0.));
#15237=DIRECTION('center_axis',(0.,0.,-1.));
#15238=DIRECTION('ref_axis',(-1.,0.,0.));
#15239=DIRECTION('',(1.,0.,0.));
#15240=DIRECTION('',(1.,0.,0.));
#15241=DIRECTION('center_axis',(0.,0.,-1.));
#15242=DIRECTION('ref_axis',(-1.,0.,0.));
#15243=DIRECTION('',(1.,0.,0.));
#15244=DIRECTION('',(1.,0.,0.));
#15245=DIRECTION('center_axis',(1.,0.,0.));
#15246=DIRECTION('ref_axis',(0.,0.,-1.));
#15247=DIRECTION('',(0.,0.,1.));
#15248=DIRECTION('',(0.,0.,1.));
#15249=DIRECTION('center_axis',(1.,0.,0.));
#15250=DIRECTION('ref_axis',(0.,0.,-1.));
#15251=DIRECTION('',(0.,0.,1.));
#15252=DIRECTION('',(0.,0.,1.));
#15253=DIRECTION('center_axis',(0.,0.,-1.));
#15254=DIRECTION('ref_axis',(-1.,0.,0.));
#15255=DIRECTION('',(1.,0.,0.));
#15256=DIRECTION('',(1.,0.,0.));
#15257=DIRECTION('center_axis',(0.,0.,-1.));
#15258=DIRECTION('ref_axis',(-1.,0.,0.));
#15259=DIRECTION('',(1.,0.,0.));
#15260=DIRECTION('',(1.,0.,0.));
#15261=DIRECTION('center_axis',(0.,0.,-1.));
#15262=DIRECTION('ref_axis',(-1.,0.,0.));
#15263=DIRECTION('',(1.,0.,0.));
#15264=DIRECTION('',(1.,0.,0.));
#15265=DIRECTION('center_axis',(1.,0.,0.));
#15266=DIRECTION('ref_axis',(0.,0.,-1.));
#15267=DIRECTION('',(0.,0.,1.));
#15268=DIRECTION('',(0.,0.,1.));
#15269=DIRECTION('center_axis',(1.,0.,0.));
#15270=DIRECTION('ref_axis',(0.,0.,-1.));
#15271=DIRECTION('',(0.,0.,1.));
#15272=DIRECTION('',(0.,0.,1.));
#15273=DIRECTION('center_axis',(0.,0.,-1.));
#15274=DIRECTION('ref_axis',(-1.,0.,0.));
#15275=DIRECTION('',(1.,0.,0.));
#15276=DIRECTION('',(1.,0.,0.));
#15277=DIRECTION('center_axis',(0.,0.,-1.));
#15278=DIRECTION('ref_axis',(-1.,0.,0.));
#15279=DIRECTION('',(1.,0.,0.));
#15280=DIRECTION('',(1.,0.,0.));
#15281=DIRECTION('center_axis',(0.,0.,-1.));
#15282=DIRECTION('ref_axis',(-1.,0.,0.));
#15283=DIRECTION('',(1.,0.,0.));
#15284=DIRECTION('',(1.,0.,0.));
#15285=DIRECTION('center_axis',(1.,0.,0.));
#15286=DIRECTION('ref_axis',(0.,0.,-1.));
#15287=DIRECTION('',(0.,0.,1.));
#15288=DIRECTION('',(0.,0.,1.));
#15289=DIRECTION('center_axis',(1.,0.,0.));
#15290=DIRECTION('ref_axis',(0.,0.,-1.));
#15291=DIRECTION('',(0.,0.,1.));
#15292=DIRECTION('',(0.,0.,1.));
#15293=DIRECTION('center_axis',(0.,0.,-1.));
#15294=DIRECTION('ref_axis',(-1.,0.,0.));
#15295=DIRECTION('',(1.,0.,0.));
#15296=DIRECTION('',(1.,0.,0.));
#15297=DIRECTION('center_axis',(0.,0.,-1.));
#15298=DIRECTION('ref_axis',(-1.,0.,0.));
#15299=DIRECTION('',(1.,0.,0.));
#15300=DIRECTION('',(1.,0.,0.));
#15301=DIRECTION('center_axis',(0.,0.,-1.));
#15302=DIRECTION('ref_axis',(-1.,0.,0.));
#15303=DIRECTION('',(1.,0.,0.));
#15304=DIRECTION('',(1.,0.,0.));
#15305=DIRECTION('center_axis',(1.,0.,0.));
#15306=DIRECTION('ref_axis',(0.,0.,-1.));
#15307=DIRECTION('',(0.,0.,1.));
#15308=DIRECTION('',(0.,0.,1.));
#15309=DIRECTION('center_axis',(1.,0.,0.));
#15310=DIRECTION('ref_axis',(0.,0.,-1.));
#15311=DIRECTION('',(0.,0.,1.));
#15312=DIRECTION('',(0.,0.,1.));
#15313=DIRECTION('center_axis',(0.,0.,-1.));
#15314=DIRECTION('ref_axis',(-1.,0.,0.));
#15315=DIRECTION('',(1.,0.,0.));
#15316=DIRECTION('',(1.,0.,0.));
#15317=DIRECTION('center_axis',(0.,0.,-1.));
#15318=DIRECTION('ref_axis',(-1.,0.,0.));
#15319=DIRECTION('',(1.,0.,0.));
#15320=DIRECTION('',(1.,0.,0.));
#15321=DIRECTION('center_axis',(1.,0.,0.));
#15322=DIRECTION('ref_axis',(0.,0.,-1.));
#15323=DIRECTION('',(0.,0.,1.));
#15324=DIRECTION('',(0.,0.,1.));
#15325=DIRECTION('center_axis',(0.,0.,-1.));
#15326=DIRECTION('ref_axis',(-1.,0.,0.));
#15327=DIRECTION('',(1.,0.,0.));
#15328=DIRECTION('',(1.,0.,0.));
#15329=DIRECTION('center_axis',(0.,0.,-1.));
#15330=DIRECTION('ref_axis',(-1.,0.,0.));
#15331=DIRECTION('',(1.,0.,0.));
#15332=DIRECTION('',(1.,0.,0.));
#15333=DIRECTION('center_axis',(0.,1.,0.));
#15334=DIRECTION('ref_axis',(0.,0.,1.));
#15335=DIRECTION('center_axis',(0.,1.,-5.94471055415856E-16));
#15336=DIRECTION('ref_axis',(0.,5.94471055415856E-16,1.));
#15337=DIRECTION('center_axis',(0.,1.,-5.94471055415856E-16));
#15338=DIRECTION('ref_axis',(0.,5.94471055415856E-16,1.));
#15339=DIRECTION('center_axis',(0.,1.,-5.94471055415856E-16));
#15340=DIRECTION('ref_axis',(0.,5.94471055415856E-16,1.));
#15341=DIRECTION('center_axis',(0.,1.,-5.94471055415856E-16));
#15342=DIRECTION('ref_axis',(0.,5.94471055415856E-16,1.));
#15343=DIRECTION('center_axis',(0.,1.,-5.94471055415856E-16));
#15344=DIRECTION('ref_axis',(0.,5.94471055415856E-16,1.));
#15345=DIRECTION('center_axis',(0.,1.,-5.94471055415856E-16));
#15346=DIRECTION('ref_axis',(0.,5.94471055415856E-16,1.));
#15347=DIRECTION('center_axis',(0.,1.,-5.94471055415856E-16));
#15348=DIRECTION('ref_axis',(0.,5.94471055415856E-16,1.));
#15349=DIRECTION('center_axis',(0.,1.,-5.94471055415856E-16));
#15350=DIRECTION('ref_axis',(0.,5.94471055415856E-16,1.));
#15351=DIRECTION('center_axis',(0.,1.,-5.94471055415856E-16));
#15352=DIRECTION('ref_axis',(0.,5.94471055415856E-16,1.));
#15353=DIRECTION('center_axis',(0.,1.,-5.94471055415856E-16));
#15354=DIRECTION('ref_axis',(0.,5.94471055415856E-16,1.));
#15355=DIRECTION('center_axis',(0.,1.,-5.94471055415856E-16));
#15356=DIRECTION('ref_axis',(0.,5.94471055415856E-16,1.));
#15357=DIRECTION('center_axis',(0.,1.,-5.94471055415856E-16));
#15358=DIRECTION('ref_axis',(0.,5.94471055415856E-16,1.));
#15359=DIRECTION('center_axis',(0.,1.,-5.94471055415856E-16));
#15360=DIRECTION('ref_axis',(0.,5.94471055415856E-16,1.));
#15361=DIRECTION('center_axis',(0.,1.,-5.94471055415856E-16));
#15362=DIRECTION('ref_axis',(0.,5.94471055415856E-16,1.));
#15363=DIRECTION('center_axis',(0.,1.,-5.94471055415856E-16));
#15364=DIRECTION('ref_axis',(0.,5.94471055415856E-16,1.));
#15365=DIRECTION('center_axis',(0.,1.,-5.94471055415856E-16));
#15366=DIRECTION('ref_axis',(0.,5.94471055415856E-16,1.));
#15367=DIRECTION('center_axis',(0.,1.,-5.94471055415856E-16));
#15368=DIRECTION('ref_axis',(0.,5.94471055415856E-16,1.));
#15369=DIRECTION('center_axis',(0.,1.,-5.94471055415856E-16));
#15370=DIRECTION('ref_axis',(0.,5.94471055415856E-16,1.));
#15371=DIRECTION('center_axis',(0.,1.,-5.94471055415856E-16));
#15372=DIRECTION('ref_axis',(0.,5.94471055415856E-16,1.));
#15373=DIRECTION('center_axis',(0.,1.,-5.94471055415856E-16));
#15374=DIRECTION('ref_axis',(0.,5.94471055415856E-16,1.));
#15375=DIRECTION('center_axis',(0.,1.,-5.94471055415856E-16));
#15376=DIRECTION('ref_axis',(0.,5.94471055415856E-16,1.));
#15377=DIRECTION('center_axis',(0.,1.,-5.94471055415856E-16));
#15378=DIRECTION('ref_axis',(0.,5.94471055415856E-16,1.));
#15379=DIRECTION('center_axis',(0.,1.,-5.94471055415856E-16));
#15380=DIRECTION('ref_axis',(0.,5.94471055415856E-16,1.));
#15381=DIRECTION('center_axis',(0.,1.,-5.94471055415856E-16));
#15382=DIRECTION('ref_axis',(0.,5.94471055415856E-16,1.));
#15383=DIRECTION('center_axis',(0.,1.,-5.94471055415856E-16));
#15384=DIRECTION('ref_axis',(0.,5.94471055415856E-16,1.));
#15385=DIRECTION('center_axis',(0.,1.,-5.94471055415856E-16));
#15386=DIRECTION('ref_axis',(0.,5.94471055415856E-16,1.));
#15387=DIRECTION('center_axis',(0.,1.,-5.94471055415856E-16));
#15388=DIRECTION('ref_axis',(0.,5.94471055415856E-16,1.));
#15389=DIRECTION('center_axis',(0.,1.,-5.94471055415856E-16));
#15390=DIRECTION('ref_axis',(0.,5.94471055415856E-16,1.));
#15391=DIRECTION('center_axis',(0.,1.,-5.94471055415856E-16));
#15392=DIRECTION('ref_axis',(0.,5.94471055415856E-16,1.));
#15393=DIRECTION('center_axis',(0.,1.,-5.94471055415856E-16));
#15394=DIRECTION('ref_axis',(0.,5.94471055415856E-16,1.));
#15395=DIRECTION('center_axis',(0.,1.,-5.94471055415856E-16));
#15396=DIRECTION('ref_axis',(0.,5.94471055415856E-16,1.));
#15397=DIRECTION('center_axis',(0.,1.,-5.94471055415856E-16));
#15398=DIRECTION('ref_axis',(0.,5.94471055415856E-16,1.));
#15399=DIRECTION('center_axis',(0.,1.,-5.94471055415856E-16));
#15400=DIRECTION('ref_axis',(0.,5.94471055415856E-16,1.));
#15401=DIRECTION('center_axis',(0.,1.,-5.94471055415856E-16));
#15402=DIRECTION('ref_axis',(0.,5.94471055415856E-16,1.));
#15403=DIRECTION('center_axis',(0.,1.,-5.94471055415856E-16));
#15404=DIRECTION('ref_axis',(0.,5.94471055415856E-16,1.));
#15405=DIRECTION('center_axis',(0.,1.,-5.94471055415856E-16));
#15406=DIRECTION('ref_axis',(0.,5.94471055415856E-16,1.));
#15407=DIRECTION('center_axis',(0.,1.,-5.94471055415856E-16));
#15408=DIRECTION('ref_axis',(0.,5.94471055415856E-16,1.));
#15409=DIRECTION('center_axis',(0.,1.,-5.94471055415856E-16));
#15410=DIRECTION('ref_axis',(0.,5.94471055415856E-16,1.));
#15411=DIRECTION('center_axis',(0.,1.,-5.94471055415856E-16));
#15412=DIRECTION('ref_axis',(0.,5.94471055415856E-16,1.));
#15413=DIRECTION('center_axis',(0.,1.,-5.94471055415856E-16));
#15414=DIRECTION('ref_axis',(0.,5.94471055415856E-16,1.));
#15415=DIRECTION('center_axis',(0.,1.,-5.94471055415856E-16));
#15416=DIRECTION('ref_axis',(0.,5.94471055415856E-16,1.));
#15417=DIRECTION('center_axis',(0.,1.,-5.94471055415856E-16));
#15418=DIRECTION('ref_axis',(0.,5.94471055415856E-16,1.));
#15419=DIRECTION('center_axis',(0.,1.,-5.94471055415856E-16));
#15420=DIRECTION('ref_axis',(0.,5.94471055415856E-16,1.));
#15421=DIRECTION('center_axis',(0.,1.,-5.94471055415856E-16));
#15422=DIRECTION('ref_axis',(0.,5.94471055415856E-16,1.));
#15423=DIRECTION('center_axis',(0.,1.,-5.94471055415856E-16));
#15424=DIRECTION('ref_axis',(0.,5.94471055415856E-16,1.));
#15425=DIRECTION('center_axis',(0.,1.,-5.94471055415856E-16));
#15426=DIRECTION('ref_axis',(0.,5.94471055415856E-16,1.));
#15427=DIRECTION('center_axis',(0.,1.,-5.94471055415856E-16));
#15428=DIRECTION('ref_axis',(0.,5.94471055415856E-16,1.));
#15429=DIRECTION('center_axis',(0.,1.,-5.94471055415856E-16));
#15430=DIRECTION('ref_axis',(0.,5.94471055415856E-16,1.));
#15431=DIRECTION('center_axis',(0.,1.,-5.94471055415856E-16));
#15432=DIRECTION('ref_axis',(0.,5.94471055415856E-16,1.));
#15433=DIRECTION('center_axis',(0.,1.,-5.94471055415856E-16));
#15434=DIRECTION('ref_axis',(0.,5.94471055415856E-16,1.));
#15435=DIRECTION('center_axis',(0.,1.,-5.94471055415856E-16));
#15436=DIRECTION('ref_axis',(0.,5.94471055415856E-16,1.));
#15437=DIRECTION('center_axis',(0.,1.,-5.94471055415856E-16));
#15438=DIRECTION('ref_axis',(0.,5.94471055415856E-16,1.));
#15439=DIRECTION('center_axis',(0.,1.,-5.94471055415856E-16));
#15440=DIRECTION('ref_axis',(0.,5.94471055415856E-16,1.));
#15441=DIRECTION('center_axis',(0.,1.,-5.94471055415856E-16));
#15442=DIRECTION('ref_axis',(0.,5.94471055415856E-16,1.));
#15443=DIRECTION('center_axis',(0.,1.,-5.94471055415856E-16));
#15444=DIRECTION('ref_axis',(0.,5.94471055415856E-16,1.));
#15445=DIRECTION('center_axis',(0.,1.,-5.94471055415856E-16));
#15446=DIRECTION('ref_axis',(0.,5.94471055415856E-16,1.));
#15447=DIRECTION('center_axis',(0.,1.,-5.94471055415856E-16));
#15448=DIRECTION('ref_axis',(0.,5.94471055415856E-16,1.));
#15449=DIRECTION('center_axis',(0.,1.,-5.94471055415856E-16));
#15450=DIRECTION('ref_axis',(0.,5.94471055415856E-16,1.));
#15451=DIRECTION('center_axis',(0.,1.,-5.94471055415856E-16));
#15452=DIRECTION('ref_axis',(0.,5.94471055415856E-16,1.));
#15453=DIRECTION('center_axis',(0.,1.,-5.94471055415856E-16));
#15454=DIRECTION('ref_axis',(0.,5.94471055415856E-16,1.));
#15455=DIRECTION('center_axis',(0.,1.,-5.94471055415856E-16));
#15456=DIRECTION('ref_axis',(0.,5.94471055415856E-16,1.));
#15457=DIRECTION('center_axis',(0.,1.,-5.94471055415856E-16));
#15458=DIRECTION('ref_axis',(0.,5.94471055415856E-16,1.));
#15459=DIRECTION('center_axis',(0.,1.,-5.94471055415856E-16));
#15460=DIRECTION('ref_axis',(0.,5.94471055415856E-16,1.));
#15461=DIRECTION('center_axis',(0.,1.,-5.94471055415856E-16));
#15462=DIRECTION('ref_axis',(0.,5.94471055415856E-16,1.));
#15463=DIRECTION('center_axis',(0.,1.,-5.94471055415856E-16));
#15464=DIRECTION('ref_axis',(0.,5.94471055415856E-16,1.));
#15465=DIRECTION('center_axis',(0.,1.,-5.94471055415856E-16));
#15466=DIRECTION('ref_axis',(0.,5.94471055415856E-16,1.));
#15467=DIRECTION('axis',(0.,0.,1.));
#15468=DIRECTION('refdir',(1.,0.,0.));
#15469=DIRECTION('center_axis',(0.,0.,-1.));
#15470=DIRECTION('ref_axis',(1.,0.,0.));
#15471=DIRECTION('center_axis',(0.,0.,-1.));
#15472=DIRECTION('ref_axis',(1.,0.,0.));
#15473=DIRECTION('',(0.,0.,-1.));
#15474=DIRECTION('center_axis',(0.,0.,1.));
#15475=DIRECTION('ref_axis',(1.,0.,0.));
#15476=DIRECTION('center_axis',(0.,0.,-1.));
#15477=DIRECTION('ref_axis',(1.,0.,0.));
#15478=DIRECTION('center_axis',(0.,0.,-1.));
#15479=DIRECTION('ref_axis',(1.,0.,0.));
#15480=DIRECTION('',(0.,0.,-1.));
#15481=DIRECTION('center_axis',(0.,0.,1.));
#15482=DIRECTION('ref_axis',(1.,0.,0.));
#15483=DIRECTION('center_axis',(0.,0.,-1.));
#15484=DIRECTION('ref_axis',(1.,0.,0.));
#15485=DIRECTION('center_axis',(0.,0.,-1.));
#15486=DIRECTION('ref_axis',(1.,0.,0.));
#15487=DIRECTION('',(0.,0.,-1.));
#15488=DIRECTION('center_axis',(0.,0.,1.));
#15489=DIRECTION('ref_axis',(1.,0.,0.));
#15490=DIRECTION('center_axis',(0.,0.,-1.));
#15491=DIRECTION('ref_axis',(1.,0.,0.));
#15492=DIRECTION('center_axis',(0.,0.,-1.));
#15493=DIRECTION('ref_axis',(1.,0.,0.));
#15494=DIRECTION('',(0.,0.,-1.));
#15495=DIRECTION('center_axis',(0.,0.,1.));
#15496=DIRECTION('ref_axis',(1.,0.,0.));
#15497=DIRECTION('center_axis',(0.,0.,-1.));
#15498=DIRECTION('ref_axis',(1.,0.,0.));
#15499=DIRECTION('center_axis',(0.,0.,-1.));
#15500=DIRECTION('ref_axis',(1.,0.,0.));
#15501=DIRECTION('',(0.,0.,-1.));
#15502=DIRECTION('center_axis',(0.,0.,1.));
#15503=DIRECTION('ref_axis',(1.,0.,0.));
#15504=DIRECTION('center_axis',(0.,0.,-1.));
#15505=DIRECTION('ref_axis',(1.,0.,0.));
#15506=DIRECTION('center_axis',(0.,0.,-1.));
#15507=DIRECTION('ref_axis',(1.,0.,0.));
#15508=DIRECTION('',(0.,0.,-1.));
#15509=DIRECTION('center_axis',(0.,0.,1.));
#15510=DIRECTION('ref_axis',(1.,0.,0.));
#15511=DIRECTION('center_axis',(0.,0.,-1.));
#15512=DIRECTION('ref_axis',(1.,0.,0.));
#15513=DIRECTION('center_axis',(0.,0.,-1.));
#15514=DIRECTION('ref_axis',(1.,0.,0.));
#15515=DIRECTION('',(0.,0.,-1.));
#15516=DIRECTION('center_axis',(0.,0.,1.));
#15517=DIRECTION('ref_axis',(1.,0.,0.));
#15518=DIRECTION('center_axis',(0.,0.,-1.));
#15519=DIRECTION('ref_axis',(1.,0.,0.));
#15520=DIRECTION('center_axis',(0.,0.,-1.));
#15521=DIRECTION('ref_axis',(1.,0.,0.));
#15522=DIRECTION('',(0.,0.,-1.));
#15523=DIRECTION('center_axis',(0.,0.,1.));
#15524=DIRECTION('ref_axis',(1.,0.,0.));
#15525=DIRECTION('center_axis',(0.,0.,-1.));
#15526=DIRECTION('ref_axis',(1.,0.,0.));
#15527=DIRECTION('center_axis',(0.,0.,-1.));
#15528=DIRECTION('ref_axis',(1.,0.,0.));
#15529=DIRECTION('',(0.,0.,-1.));
#15530=DIRECTION('center_axis',(0.,0.,1.));
#15531=DIRECTION('ref_axis',(1.,0.,0.));
#15532=DIRECTION('center_axis',(0.,0.,-1.));
#15533=DIRECTION('ref_axis',(1.,0.,0.));
#15534=DIRECTION('center_axis',(0.,0.,-1.));
#15535=DIRECTION('ref_axis',(1.,0.,0.));
#15536=DIRECTION('',(0.,0.,-1.));
#15537=DIRECTION('center_axis',(0.,0.,1.));
#15538=DIRECTION('ref_axis',(1.,0.,0.));
#15539=DIRECTION('center_axis',(0.,0.,-1.));
#15540=DIRECTION('ref_axis',(1.,0.,0.));
#15541=DIRECTION('center_axis',(0.,0.,-1.));
#15542=DIRECTION('ref_axis',(1.,0.,0.));
#15543=DIRECTION('',(0.,0.,-1.));
#15544=DIRECTION('center_axis',(0.,0.,1.));
#15545=DIRECTION('ref_axis',(1.,0.,0.));
#15546=DIRECTION('center_axis',(0.,0.,-1.));
#15547=DIRECTION('ref_axis',(1.,0.,0.));
#15548=DIRECTION('center_axis',(0.,0.,-1.));
#15549=DIRECTION('ref_axis',(1.,0.,0.));
#15550=DIRECTION('',(0.,0.,-1.));
#15551=DIRECTION('center_axis',(0.,0.,1.));
#15552=DIRECTION('ref_axis',(1.,0.,0.));
#15553=DIRECTION('center_axis',(0.,0.,-1.));
#15554=DIRECTION('ref_axis',(1.,0.,0.));
#15555=DIRECTION('center_axis',(0.,0.,-1.));
#15556=DIRECTION('ref_axis',(1.,0.,0.));
#15557=DIRECTION('',(0.,0.,-1.));
#15558=DIRECTION('center_axis',(0.,0.,1.));
#15559=DIRECTION('ref_axis',(1.,0.,0.));
#15560=DIRECTION('center_axis',(0.,0.,-1.));
#15561=DIRECTION('ref_axis',(1.,0.,0.));
#15562=DIRECTION('center_axis',(0.,0.,-1.));
#15563=DIRECTION('ref_axis',(1.,0.,0.));
#15564=DIRECTION('',(0.,0.,-1.));
#15565=DIRECTION('center_axis',(0.,0.,1.));
#15566=DIRECTION('ref_axis',(1.,0.,0.));
#15567=DIRECTION('center_axis',(0.,0.,-1.));
#15568=DIRECTION('ref_axis',(1.,0.,0.));
#15569=DIRECTION('center_axis',(0.,0.,-1.));
#15570=DIRECTION('ref_axis',(1.,0.,0.));
#15571=DIRECTION('',(0.,0.,-1.));
#15572=DIRECTION('center_axis',(0.,0.,1.));
#15573=DIRECTION('ref_axis',(1.,0.,0.));
#15574=DIRECTION('center_axis',(0.,0.,-1.));
#15575=DIRECTION('ref_axis',(1.,0.,0.));
#15576=DIRECTION('center_axis',(0.,0.,-1.));
#15577=DIRECTION('ref_axis',(1.,0.,0.));
#15578=DIRECTION('',(0.,0.,-1.));
#15579=DIRECTION('center_axis',(0.,0.,1.));
#15580=DIRECTION('ref_axis',(1.,0.,0.));
#15581=DIRECTION('center_axis',(0.,0.,1.));
#15582=DIRECTION('ref_axis',(1.,0.,0.));
#15583=DIRECTION('',(-1.,0.,0.));
#15584=DIRECTION('',(0.,1.,0.));
#15585=DIRECTION('',(1.,0.,0.));
#15586=DIRECTION('',(0.,1.,0.));
#15587=DIRECTION('center_axis',(0.,1.,0.));
#15588=DIRECTION('ref_axis',(-5.92118946466745E-15,0.,-1.));
#15589=DIRECTION('center_axis',(0.,1.,0.));
#15590=DIRECTION('ref_axis',(-5.92118946466745E-15,0.,-1.));
#15591=DIRECTION('center_axis',(0.,-1.,0.));
#15592=DIRECTION('ref_axis',(-5.92118946466745E-15,0.,-1.));
#15593=DIRECTION('',(0.,1.,0.));
#15594=DIRECTION('center_axis',(1.,0.,2.46716227694479E-16));
#15595=DIRECTION('ref_axis',(2.46716227694479E-16,0.,-1.));
#15596=DIRECTION('',(-2.46716227694479E-16,0.,1.));
#15597=DIRECTION('',(2.46716227694479E-16,0.,-1.));
#15598=DIRECTION('',(0.,1.,0.));
#15599=DIRECTION('center_axis',(0.,1.,0.));
#15600=DIRECTION('ref_axis',(0.,0.,1.));
#15601=DIRECTION('center_axis',(0.,1.,0.));
#15602=DIRECTION('ref_axis',(0.,0.,1.));
#15603=DIRECTION('center_axis',(0.,1.,0.));
#15604=DIRECTION('ref_axis',(0.,0.,1.));
#15605=DIRECTION('',(0.,1.,0.));
#15606=DIRECTION('center_axis',(0.,0.,1.));
#15607=DIRECTION('ref_axis',(1.,0.,0.));
#15608=DIRECTION('',(1.,0.,0.));
#15609=DIRECTION('',(1.,0.,0.));
#15610=DIRECTION('',(0.,1.,0.));
#15611=DIRECTION('center_axis',(0.,1.,0.));
#15612=DIRECTION('ref_axis',(-1.,0.,0.));
#15613=DIRECTION('center_axis',(0.,1.,0.));
#15614=DIRECTION('ref_axis',(-1.,0.,0.));
#15615=DIRECTION('center_axis',(0.,1.,0.));
#15616=DIRECTION('ref_axis',(-1.,0.,0.));
#15617=DIRECTION('',(0.,1.,0.));
#15618=DIRECTION('center_axis',(-1.,0.,0.));
#15619=DIRECTION('ref_axis',(0.,0.,1.));
#15620=DIRECTION('',(0.,0.,1.));
#15621=DIRECTION('',(0.,0.,1.));
#15622=DIRECTION('',(0.,1.,0.));
#15623=DIRECTION('center_axis',(0.,1.,0.));
#15624=DIRECTION('ref_axis',(1.,0.,0.));
#15625=DIRECTION('center_axis',(0.,1.,0.));
#15626=DIRECTION('ref_axis',(1.,0.,0.));
#15627=DIRECTION('center_axis',(0.,-1.,0.));
#15628=DIRECTION('ref_axis',(1.,0.,0.));
#15629=DIRECTION('',(0.,1.,0.));
#15630=DIRECTION('center_axis',(0.,0.,1.));
#15631=DIRECTION('ref_axis',(1.,0.,0.));
#15632=DIRECTION('',(1.,0.,0.));
#15633=DIRECTION('',(1.,0.,0.));
#15634=DIRECTION('',(0.,1.,0.));
#15635=DIRECTION('center_axis',(-1.,0.,0.));
#15636=DIRECTION('ref_axis',(0.,0.,1.));
#15637=DIRECTION('',(0.,0.,-1.));
#15638=DIRECTION('',(0.,0.,1.));
#15639=DIRECTION('',(0.,1.,0.));
#15640=DIRECTION('center_axis',(0.,0.,-1.));
#15641=DIRECTION('ref_axis',(-1.,0.,0.));
#15642=DIRECTION('',(1.,0.,0.));
#15643=DIRECTION('',(-1.,0.,0.));
#15644=DIRECTION('',(0.,1.,0.));
#15645=DIRECTION('center_axis',(0.,1.,0.));
#15646=DIRECTION('ref_axis',(1.,0.,0.));
#15647=DIRECTION('center_axis',(0.,1.,0.));
#15648=DIRECTION('ref_axis',(1.,0.,0.));
#15649=DIRECTION('center_axis',(0.,1.,0.));
#15650=DIRECTION('ref_axis',(1.,0.,0.));
#15651=DIRECTION('',(0.,1.,0.));
#15652=DIRECTION('center_axis',(1.,0.,0.));
#15653=DIRECTION('ref_axis',(0.,0.,-1.));
#15654=DIRECTION('',(0.,0.,1.));
#15655=DIRECTION('',(0.,0.,-1.));
#15656=DIRECTION('',(0.,1.,0.));
#15657=DIRECTION('center_axis',(0.,1.,0.));
#15658=DIRECTION('ref_axis',(-1.,0.,0.));
#15659=DIRECTION('center_axis',(0.,1.,0.));
#15660=DIRECTION('ref_axis',(-1.,0.,0.));
#15661=DIRECTION('center_axis',(0.,-1.,0.));
#15662=DIRECTION('ref_axis',(-1.,0.,0.));
#15663=DIRECTION('',(0.,1.,0.));
#15664=DIRECTION('center_axis',(0.,0.,-1.));
#15665=DIRECTION('ref_axis',(-1.,0.,0.));
#15666=DIRECTION('',(-1.,0.,0.));
#15667=DIRECTION('',(-1.,0.,0.));
#15668=DIRECTION('',(0.,1.,0.));
#15669=DIRECTION('center_axis',(0.,1.,0.));
#15670=DIRECTION('ref_axis',(0.,0.,1.));
#15671=DIRECTION('center_axis',(0.,1.,0.));
#15672=DIRECTION('ref_axis',(0.,0.,1.));
#15673=DIRECTION('center_axis',(0.,-1.,0.));
#15674=DIRECTION('ref_axis',(0.,0.,1.));
#15675=DIRECTION('',(0.,1.,0.));
#15676=DIRECTION('center_axis',(-1.,0.,-2.46716227694479E-16));
#15677=DIRECTION('ref_axis',(-2.46716227694479E-16,0.,1.));
#15678=DIRECTION('',(-2.46716227694479E-16,0.,1.));
#15679=DIRECTION('',(-2.46716227694479E-16,0.,1.));
#15680=DIRECTION('',(0.,1.,0.));
#15681=DIRECTION('center_axis',(0.,1.,0.));
#15682=DIRECTION('ref_axis',(-3.55271367880049E-15,0.,-1.));
#15683=DIRECTION('center_axis',(0.,1.,0.));
#15684=DIRECTION('ref_axis',(-3.55271367880049E-15,0.,-1.));
#15685=DIRECTION('center_axis',(0.,1.,0.));
#15686=DIRECTION('ref_axis',(-3.55271367880049E-15,0.,-1.));
#15687=DIRECTION('',(0.,1.,0.));
#15688=DIRECTION('center_axis',(0.,0.,-1.));
#15689=DIRECTION('ref_axis',(-1.,0.,0.));
#15690=DIRECTION('',(-1.,0.,0.));
#15691=DIRECTION('',(-1.,0.,0.));
#15692=DIRECTION('',(0.,1.,0.));
#15693=DIRECTION('center_axis',(1.,0.,0.));
#15694=DIRECTION('ref_axis',(0.,0.,-1.));
#15695=DIRECTION('',(0.,0.,-1.));
#15696=DIRECTION('',(0.,0.,-1.));
#15697=DIRECTION('center_axis',(0.,1.,0.));
#15698=DIRECTION('ref_axis',(1.,0.,0.));
#15699=DIRECTION('center_axis',(0.,1.,0.));
#15700=DIRECTION('ref_axis',(1.,0.,0.));
#15701=DIRECTION('',(-1.2490009027033E-15,-1.66533453693774E-16,0.999999999999995));
#15702=DIRECTION('',(0.499999999999995,0.866025403784442,-5.55111512312581E-16));
#15703=DIRECTION('',(0.,0.,1.));
#15704=DIRECTION('',(1.,0.,0.));
#15705=DIRECTION('',(-3.60822483003176E-16,5.55111512312578E-17,0.999999999999998));
#15706=DIRECTION('',(-0.500000000000001,-0.866025403784439,-4.44089209850064E-16));
#15707=DIRECTION('',(-2.77555756156289E-16,2.77555756156289E-16,0.999999999999997));
#15708=DIRECTION('',(0.499999999999999,-0.866025403784439,1.66533453693774E-16));
#15709=DIRECTION('',(-5.55111512312578E-16,5.55111512312578E-17,0.999999999999996));
#15710=DIRECTION('',(-0.499999999999998,0.866025403784437,4.99600361081322E-15));
#15711=DIRECTION('',(0.866025403784432,-0.499999999999995,2.27595720048157E-15));
#15712=DIRECTION('',(0.5,0.866025403784439,-3.33066907387549E-16));
#15713=DIRECTION('',(0.866025403784424,-0.499999999999998,7.43849426498855E-15));
#15714=DIRECTION('',(0.499999999999999,0.866025403784436,6.10622663543843E-16));
#15715=DIRECTION('',(0.86602540378442,-0.499999999999996,9.76996261670138E-15));
#15716=DIRECTION('',(0.499999999999999,0.866025403784436,1.38777878078146E-15));
#15717=DIRECTION('',(0.866025403784424,-0.499999999999996,9.32587340685132E-15));
#15718=DIRECTION('',(0.5,0.866025403784438,1.55431223447524E-15));
#15719=DIRECTION('',(0.866025403784437,0.499999999999997,-7.71605002114484E-15));
#15720=DIRECTION('',(-0.5,0.866025403784438,5.55111512312581E-17));
#15721=DIRECTION('',(0.866025403784428,0.499999999999995,-9.57567358739198E-16));
#15722=DIRECTION('',(-0.500000000000004,0.866025403784446,-2.22044604925033E-16));
#15723=DIRECTION('',(0.86602540378443,0.499999999999995,-4.01068067645838E-15));
#15724=DIRECTION('',(-0.500000000000002,0.866025403784443,-5.38458166943204E-15));
#15725=DIRECTION('',(0.866025403784434,0.499999999999995,-2.33146835171283E-15));
#15726=DIRECTION('',(-0.500000000000004,0.866025403784445,-5.49560397189454E-15));
#15727=DIRECTION('',(-0.866025403784433,0.499999999999989,-2.33146835171283E-15));
#15728=DIRECTION('',(-0.499999999999999,-0.866025403784443,-2.05391259555656E-15));
#15729=DIRECTION('',(-0.866025403784438,0.499999999999996,-2.22044604925031E-16));
#15730=DIRECTION('',(-0.5,-0.866025403784444,-3.05311331771919E-15));
#15731=DIRECTION('',(-0.866025403784446,0.499999999999992,-4.10782519111308E-15));
#15732=DIRECTION('',(-0.499999999999997,-0.866025403784437,4.44089209850063E-16));
#15733=DIRECTION('',(-0.866025403784445,0.500000000000001,-1.99840144432528E-15));
#15734=DIRECTION('',(-0.499999999999999,-0.866025403784439,-4.44089209850062E-16));
#15735=DIRECTION('',(-0.866025403784442,-0.499999999999995,5.98132654516803E-15));
#15736=DIRECTION('',(0.499999999999997,-0.86602540378444,-4.21884749357561E-15));
#15737=DIRECTION('',(-0.866025403784439,-0.499999999999998,1.80411241501588E-16));
#15738=DIRECTION('',(0.499999999999996,-0.866025403784439,8.3266726846887E-15));
#15739=DIRECTION('',(-0.866025403784444,-0.499999999999999,8.32667268468867E-17));
#15740=DIRECTION('',(0.499999999999997,-0.86602540378444,1.0991207943789E-14));
#15741=DIRECTION('',(-0.866025403784442,-0.499999999999999,-2.63677968348475E-16));
#15742=DIRECTION('',(0.499999999999997,-0.86602540378444,5.88418203051333E-15));
#15743=DIRECTION('',(-1.11022302462516E-16,0.,0.999999999999996));
#15744=DIRECTION('',(1.,1.99840144432529E-15,-6.71684929898223E-15));
#15745=CARTESIAN_POINT('',(0.,0.,0.));
#15746=CARTESIAN_POINT('',(0.,0.,0.));
#15747=CARTESIAN_POINT('Origin',(-90.,60.,1.5));
#15748=CARTESIAN_POINT('',(-95.,60.,3.));
#15749=CARTESIAN_POINT('Origin',(-90.,60.,3.));
#15750=CARTESIAN_POINT('',(-95.,60.,0.));
#15751=CARTESIAN_POINT('',(-95.,60.,1.5));
#15752=CARTESIAN_POINT('Origin',(-90.,60.,0.));
#15753=CARTESIAN_POINT('Origin',(90.,-60.,1.5));
#15754=CARTESIAN_POINT('',(85.,-60.,3.));
#15755=CARTESIAN_POINT('Origin',(90.,-60.,3.));
#15756=CARTESIAN_POINT('',(85.,-60.,0.));
#15757=CARTESIAN_POINT('',(85.,-60.,1.5));
#15758=CARTESIAN_POINT('Origin',(90.,-60.,0.));
#15759=CARTESIAN_POINT('Origin',(90.,60.,1.5));
#15760=CARTESIAN_POINT('',(85.,60.,3.));
#15761=CARTESIAN_POINT('Origin',(90.,60.,3.));
#15762=CARTESIAN_POINT('',(85.,60.,0.));
#15763=CARTESIAN_POINT('',(85.,60.,1.5));
#15764=CARTESIAN_POINT('Origin',(90.,60.,0.));
#15765=CARTESIAN_POINT('Origin',(-90.,-60.,1.5));
#15766=CARTESIAN_POINT('',(-95.,-60.,3.));
#15767=CARTESIAN_POINT('Origin',(-90.,-60.,3.));
#15768=CARTESIAN_POINT('',(-95.,-60.,0.));
#15769=CARTESIAN_POINT('',(-95.,-60.,1.5));
#15770=CARTESIAN_POINT('Origin',(-90.,-60.,0.));
#15771=CARTESIAN_POINT('Origin',(138.56406460551,-80.0000000000001,1.35));
#15772=CARTESIAN_POINT('',(134.56406460551,-80.0000000000001,3.));
#15773=CARTESIAN_POINT('Origin',(138.56406460551,-80.0000000000001,3.));
#15774=CARTESIAN_POINT('',(134.56406460551,-80.0000000000001,0.));
#15775=CARTESIAN_POINT('',(134.56406460551,-80.0000000000001,1.35));
#15776=CARTESIAN_POINT('Origin',(138.56406460551,-80.0000000000001,0.));
#15777=CARTESIAN_POINT('Origin',(138.56406460551,80.0000000000001,1.35));
#15778=CARTESIAN_POINT('',(134.56406460551,80.0000000000001,3.));
#15779=CARTESIAN_POINT('Origin',(138.56406460551,80.0000000000001,3.));
#15780=CARTESIAN_POINT('',(134.56406460551,80.0000000000001,0.));
#15781=CARTESIAN_POINT('',(134.56406460551,80.0000000000001,1.35));
#15782=CARTESIAN_POINT('Origin',(138.56406460551,80.0000000000001,0.));
#15783=CARTESIAN_POINT('Origin',(-138.56406460551,-80.0000000000001,1.35));
#15784=CARTESIAN_POINT('',(-142.56406460551,-80.0000000000001,3.));
#15785=CARTESIAN_POINT('Origin',(-138.56406460551,-80.0000000000001,3.));
#15786=CARTESIAN_POINT('',(-142.56406460551,-80.0000000000001,0.));
#15787=CARTESIAN_POINT('',(-142.56406460551,-80.0000000000001,1.35));
#15788=CARTESIAN_POINT('Origin',(-138.56406460551,-80.0000000000001,0.));
#15789=CARTESIAN_POINT('Origin',(-207.846096908265,120.,1.35));
#15790=CARTESIAN_POINT('',(-211.846096908265,120.,3.));
#15791=CARTESIAN_POINT('Origin',(-207.846096908265,120.,3.));
#15792=CARTESIAN_POINT('',(-211.846096908265,120.,0.));
#15793=CARTESIAN_POINT('',(-211.846096908265,120.,1.35));
#15794=CARTESIAN_POINT('Origin',(-207.846096908265,120.,0.));
#15795=CARTESIAN_POINT('Origin',(-138.56406460551,80.0000000000001,1.35));
#15796=CARTESIAN_POINT('',(-142.56406460551,80.0000000000001,3.));
#15797=CARTESIAN_POINT('Origin',(-138.56406460551,80.0000000000001,3.));
#15798=CARTESIAN_POINT('',(-142.56406460551,80.0000000000001,0.));
#15799=CARTESIAN_POINT('',(-142.56406460551,80.0000000000001,1.35));
#15800=CARTESIAN_POINT('Origin',(-138.56406460551,80.0000000000001,0.));
#15801=CARTESIAN_POINT('Origin',(-207.846096908265,-120.,1.35));
#15802=CARTESIAN_POINT('',(-211.846096908265,-120.,3.));
#15803=CARTESIAN_POINT('Origin',(-207.846096908265,-120.,3.));
#15804=CARTESIAN_POINT('',(-211.846096908265,-120.,0.));
#15805=CARTESIAN_POINT('',(-211.846096908265,-120.,1.35));
#15806=CARTESIAN_POINT('Origin',(-207.846096908265,-120.,0.));
#15807=CARTESIAN_POINT('Origin',(207.846096908265,120.,1.35));
#15808=CARTESIAN_POINT('',(203.846096908265,120.,3.));
#15809=CARTESIAN_POINT('Origin',(207.846096908265,120.,3.));
#15810=CARTESIAN_POINT('',(203.846096908265,120.,0.));
#15811=CARTESIAN_POINT('',(203.846096908265,120.,1.35));
#15812=CARTESIAN_POINT('Origin',(207.846096908265,120.,0.));
#15813=CARTESIAN_POINT('Origin',(207.846096908265,-120.,1.35));
#15814=CARTESIAN_POINT('',(203.846096908265,-120.,3.));
#15815=CARTESIAN_POINT('Origin',(207.846096908265,-120.,3.));
#15816=CARTESIAN_POINT('',(203.846096908265,-120.,0.));
#15817=CARTESIAN_POINT('',(203.846096908265,-120.,1.35));
#15818=CARTESIAN_POINT('Origin',(207.846096908265,-120.,0.));
#15819=CARTESIAN_POINT('Origin',(-250.,150.,0.));
#15820=CARTESIAN_POINT('',(-250.,-150.,0.));
#15821=CARTESIAN_POINT('',(-250.,150.,0.));
#15822=CARTESIAN_POINT('',(-250.,-150.,0.));
#15823=CARTESIAN_POINT('',(-250.,-150.,3.));
#15824=CARTESIAN_POINT('',(-250.,-150.,0.));
#15825=CARTESIAN_POINT('',(-250.,150.,3.));
#15826=CARTESIAN_POINT('',(-250.,-150.,3.));
#15827=CARTESIAN_POINT('',(-250.,150.,0.));
#15828=CARTESIAN_POINT('Origin',(250.,150.,0.));
#15829=CARTESIAN_POINT('',(250.,150.,0.));
#15830=CARTESIAN_POINT('',(-250.,150.,0.));
#15831=CARTESIAN_POINT('',(250.,150.,3.));
#15832=CARTESIAN_POINT('',(-250.,150.,3.));
#15833=CARTESIAN_POINT('',(250.,150.,0.));
#15834=CARTESIAN_POINT('Origin',(250.,-150.,0.));
#15835=CARTESIAN_POINT('',(250.,-150.,0.));
#15836=CARTESIAN_POINT('',(250.,150.,0.));
#15837=CARTESIAN_POINT('',(250.,-150.,3.));
#15838=CARTESIAN_POINT('',(250.,150.,3.));
#15839=CARTESIAN_POINT('',(250.,-150.,0.));
#15840=CARTESIAN_POINT('Origin',(-250.,-150.,0.));
#15841=CARTESIAN_POINT('',(250.,-150.,0.));
#15842=CARTESIAN_POINT('',(250.,-150.,3.));
#15843=CARTESIAN_POINT('Origin',(0.,0.,3.));
#15844=CARTESIAN_POINT('Origin',(0.,0.,0.));
#15845=CARTESIAN_POINT('',(0.,0.,0.));
#15846=CARTESIAN_POINT('Origin',(-3.92507650035997E-6,200.000000067845,
1.50000000000001));
#15847=CARTESIAN_POINT('',(9.5249960749235,200.000000067845,13.));
#15848=CARTESIAN_POINT('Origin',(-3.92507650035997E-6,200.000000067845,
13.));
#15849=CARTESIAN_POINT('',(9.5249960749235,200.000000067845,15.));
#15850=CARTESIAN_POINT('',(9.5249960749235,200.000000067845,1.50000000000001));
#15851=CARTESIAN_POINT('Origin',(-3.92507650035997E-6,200.000000067845,
15.));
#15852=CARTESIAN_POINT('Origin',(-3.92507650035997E-6,200.000000067845,
1.50000000000001));
#15853=CARTESIAN_POINT('',(9.5249960749235,200.000000067845,-15.));
#15854=CARTESIAN_POINT('Origin',(-3.92507650035997E-6,200.000000067845,
-15.));
#15855=CARTESIAN_POINT('',(9.5249960749235,200.000000067845,-13.));
#15856=CARTESIAN_POINT('',(9.5249960749235,200.000000067845,1.50000000000001));
#15857=CARTESIAN_POINT('Origin',(-3.92507650035997E-6,200.000000067845,
-13.));
#15858=CARTESIAN_POINT('Origin',(-3.92507650035997E-6,300.000000067845,
1.50000000000001));
#15859=CARTESIAN_POINT('',(9.5249960749235,300.000000067845,13.));
#15860=CARTESIAN_POINT('Origin',(-3.92507650035997E-6,300.000000067845,
13.));
#15861=CARTESIAN_POINT('',(9.5249960749235,300.000000067845,15.));
#15862=CARTESIAN_POINT('',(9.5249960749235,300.000000067845,1.50000000000001));
#15863=CARTESIAN_POINT('Origin',(-3.92507650035997E-6,300.000000067845,
15.));
#15864=CARTESIAN_POINT('Origin',(-3.92507650035997E-6,300.000000067845,
1.50000000000001));
#15865=CARTESIAN_POINT('',(9.5249960749235,300.000000067845,-15.));
#15866=CARTESIAN_POINT('Origin',(-3.92507650035997E-6,300.000000067845,
-15.));
#15867=CARTESIAN_POINT('',(9.5249960749235,300.000000067845,-13.));
#15868=CARTESIAN_POINT('',(9.5249960749235,300.000000067845,1.50000000000001));
#15869=CARTESIAN_POINT('Origin',(-3.92507650035997E-6,300.000000067845,
-13.));
#15870=CARTESIAN_POINT('Origin',(-3.92507650035997E-6,400.000000067845,
1.50000000000001));
#15871=CARTESIAN_POINT('',(9.5249960749235,400.000000067845,13.));
#15872=CARTESIAN_POINT('Origin',(-3.92507650035997E-6,400.000000067845,
13.));
#15873=CARTESIAN_POINT('',(9.5249960749235,400.000000067845,15.));
#15874=CARTESIAN_POINT('',(9.5249960749235,400.000000067845,1.50000000000001));
#15875=CARTESIAN_POINT('Origin',(-3.92507650035997E-6,400.000000067845,
15.));
#15876=CARTESIAN_POINT('Origin',(-3.92507650035997E-6,400.000000067845,
1.50000000000001));
#15877=CARTESIAN_POINT('',(9.5249960749235,400.000000067845,-15.));
#15878=CARTESIAN_POINT('Origin',(-3.92507650035997E-6,400.000000067845,
-15.));
#15879=CARTESIAN_POINT('',(9.5249960749235,400.000000067845,-13.));
#15880=CARTESIAN_POINT('',(9.5249960749235,400.000000067845,1.50000000000001));
#15881=CARTESIAN_POINT('Origin',(-3.92507650035997E-6,400.000000067845,
-13.));
#15882=CARTESIAN_POINT('Origin',(-3.92507650035997E-6,500.000000067845,
1.50000000000001));
#15883=CARTESIAN_POINT('',(9.5249960749235,500.000000067845,13.));
#15884=CARTESIAN_POINT('Origin',(-3.92507650035997E-6,500.000000067845,
13.));
#15885=CARTESIAN_POINT('',(9.5249960749235,500.000000067845,15.));
#15886=CARTESIAN_POINT('',(9.5249960749235,500.000000067845,1.50000000000001));
#15887=CARTESIAN_POINT('Origin',(-3.92507650035997E-6,500.000000067845,
15.));
#15888=CARTESIAN_POINT('Origin',(-3.92507650035997E-6,500.000000067845,
1.50000000000001));
#15889=CARTESIAN_POINT('',(9.5249960749235,500.000000067845,-15.));
#15890=CARTESIAN_POINT('Origin',(-3.92507650035997E-6,500.000000067845,
-15.));
#15891=CARTESIAN_POINT('',(9.5249960749235,500.000000067845,-13.));
#15892=CARTESIAN_POINT('',(9.5249960749235,500.000000067845,1.50000000000001));
#15893=CARTESIAN_POINT('Origin',(-3.92507650035997E-6,500.000000067845,
-13.));
#15894=CARTESIAN_POINT('Origin',(0.,30.,-1.5));
#15895=CARTESIAN_POINT('',(-5.,30.,15.));
#15896=CARTESIAN_POINT('Origin',(0.,30.,15.));
#15897=CARTESIAN_POINT('',(-5.,30.,13.));
#15898=CARTESIAN_POINT('',(-5.,30.,-1.5));
#15899=CARTESIAN_POINT('Origin',(0.,30.,13.));
#15900=CARTESIAN_POINT('Origin',(0.,30.,-1.5));
#15901=CARTESIAN_POINT('',(-5.,30.,-13.));
#15902=CARTESIAN_POINT('Origin',(0.,30.,-13.));
#15903=CARTESIAN_POINT('',(-5.,30.,-15.));
#15904=CARTESIAN_POINT('',(-5.,30.,-1.5));
#15905=CARTESIAN_POINT('Origin',(0.,30.,-15.));
#15906=CARTESIAN_POINT('Origin',(0.,110.,-1.5));
#15907=CARTESIAN_POINT('',(-5.,110.,15.));
#15908=CARTESIAN_POINT('Origin',(0.,110.,15.));
#15909=CARTESIAN_POINT('',(-5.,110.,13.));
#15910=CARTESIAN_POINT('',(-5.,110.,-1.5));
#15911=CARTESIAN_POINT('Origin',(0.,110.,13.));
#15912=CARTESIAN_POINT('Origin',(0.,110.,-1.5));
#15913=CARTESIAN_POINT('',(-5.,110.,-13.));
#15914=CARTESIAN_POINT('Origin',(0.,110.,-13.));
#15915=CARTESIAN_POINT('',(-5.,110.,-15.));
#15916=CARTESIAN_POINT('',(-5.,110.,-1.5));
#15917=CARTESIAN_POINT('Origin',(0.,110.,-15.));
#15918=CARTESIAN_POINT('Origin',(-12.,0.,-13.));
#15919=CARTESIAN_POINT('',(-12.,0.,-13.));
#15920=CARTESIAN_POINT('',(12.,0.,-13.));
#15921=CARTESIAN_POINT('',(12.,0.,-13.));
#15922=CARTESIAN_POINT('',(12.,550.,-13.));
#15923=CARTESIAN_POINT('',(12.,0.,-13.));
#15924=CARTESIAN_POINT('',(-12.,550.,-13.));
#15925=CARTESIAN_POINT('',(12.,550.,-13.));
#15926=CARTESIAN_POINT('',(-12.,0.,-13.));
#15927=CARTESIAN_POINT('Origin',(-12.,0.,-12.));
#15928=CARTESIAN_POINT('',(-13.,0.,-12.));
#15929=CARTESIAN_POINT('Origin',(-12.,0.,-12.));
#15930=CARTESIAN_POINT('',(-13.,550.,-12.));
#15931=CARTESIAN_POINT('Origin',(-12.,550.,-12.));
#15932=CARTESIAN_POINT('',(-13.,0.,-12.));
#15933=CARTESIAN_POINT('Origin',(-13.,0.,12.));
#15934=CARTESIAN_POINT('',(-13.,0.,12.));
#15935=CARTESIAN_POINT('',(-13.,0.,-12.));
#15936=CARTESIAN_POINT('',(-13.,550.,12.));
#15937=CARTESIAN_POINT('',(-13.,550.,-12.));
#15938=CARTESIAN_POINT('',(-13.,0.,12.));
#15939=CARTESIAN_POINT('Origin',(-12.,0.,12.));
#15940=CARTESIAN_POINT('',(-11.9999992080125,0.,13.));
#15941=CARTESIAN_POINT('Origin',(-12.,0.,12.));
#15942=CARTESIAN_POINT('',(-11.9999992080125,550.,13.));
#15943=CARTESIAN_POINT('Origin',(-12.,550.,12.));
#15944=CARTESIAN_POINT('',(-11.9999992080125,0.,13.));
#15945=CARTESIAN_POINT('Origin',(12.,0.,13.));
#15946=CARTESIAN_POINT('',(12.,0.,13.));
#15947=CARTESIAN_POINT('',(-11.9999992080125,0.,13.));
#15948=CARTESIAN_POINT('',(12.,550.,13.));
#15949=CARTESIAN_POINT('',(-11.9999992080125,550.,13.));
#15950=CARTESIAN_POINT('',(12.,0.,13.));
#15951=CARTESIAN_POINT('Origin',(12.,0.,12.));
#15952=CARTESIAN_POINT('',(13.,0.,11.9999992080129));
#15953=CARTESIAN_POINT('Origin',(12.,0.,12.));
#15954=CARTESIAN_POINT('',(13.,550.,11.9999992080129));
#15955=CARTESIAN_POINT('Origin',(12.,550.,12.));
#15956=CARTESIAN_POINT('',(13.,0.,11.9999992080129));
#15957=CARTESIAN_POINT('Origin',(13.,0.,-12.));
#15958=CARTESIAN_POINT('',(13.,0.,-12.));
#15959=CARTESIAN_POINT('',(13.,0.,11.9999992080129));
#15960=CARTESIAN_POINT('',(13.,550.,-12.));
#15961=CARTESIAN_POINT('',(13.,550.,11.9999992080129));
#15962=CARTESIAN_POINT('',(13.,0.,-12.));
#15963=CARTESIAN_POINT('Origin',(12.,0.,-12.));
#15964=CARTESIAN_POINT('Origin',(12.,0.,-12.));
#15965=CARTESIAN_POINT('Origin',(12.,550.,-12.));
#15966=CARTESIAN_POINT('Origin',(12.,0.,-15.));
#15967=CARTESIAN_POINT('',(12.,0.,-15.));
#15968=CARTESIAN_POINT('',(-12.,0.,-15.));
#15969=CARTESIAN_POINT('',(12.,0.,-15.));
#15970=CARTESIAN_POINT('',(-12.,550.,-15.));
#15971=CARTESIAN_POINT('',(-12.,0.,-15.));
#15972=CARTESIAN_POINT('',(12.,550.,-15.));
#15973=CARTESIAN_POINT('',(12.,550.,-15.));
#15974=CARTESIAN_POINT('',(12.,0.,-15.));
#15975=CARTESIAN_POINT('Origin',(12.,0.,-12.));
#15976=CARTESIAN_POINT('',(15.,0.,-12.));
#15977=CARTESIAN_POINT('Origin',(12.,0.,-12.));
#15978=CARTESIAN_POINT('',(15.,550.,-12.));
#15979=CARTESIAN_POINT('Origin',(12.,550.,-12.));
#15980=CARTESIAN_POINT('',(15.,0.,-12.));
#15981=CARTESIAN_POINT('Origin',(15.,0.,12.));
#15982=CARTESIAN_POINT('',(15.,0.,12.));
#15983=CARTESIAN_POINT('',(15.,0.,12.));
#15984=CARTESIAN_POINT('',(15.,550.,12.));
#15985=CARTESIAN_POINT('',(15.,550.,12.));
#15986=CARTESIAN_POINT('',(15.,0.,12.));
#15987=CARTESIAN_POINT('Origin',(12.,0.,12.));
#15988=CARTESIAN_POINT('',(12.,0.,15.));
#15989=CARTESIAN_POINT('Origin',(12.,0.,12.));
#15990=CARTESIAN_POINT('',(12.,550.,15.));
#15991=CARTESIAN_POINT('Origin',(12.,550.,12.));
#15992=CARTESIAN_POINT('',(12.,0.,15.));
#15993=CARTESIAN_POINT('Origin',(-12.,0.,15.));
#15994=CARTESIAN_POINT('',(-12.,0.,15.));
#15995=CARTESIAN_POINT('',(-12.,0.,15.));
#15996=CARTESIAN_POINT('',(-12.,550.,15.));
#15997=CARTESIAN_POINT('',(-12.,550.,15.));
#15998=CARTESIAN_POINT('',(-12.,0.,15.));
#15999=CARTESIAN_POINT('Origin',(-12.,0.,12.));
#16000=CARTESIAN_POINT('',(-15.,0.,12.));
#16001=CARTESIAN_POINT('Origin',(-12.,0.,12.));
#16002=CARTESIAN_POINT('',(-15.,550.,12.));
#16003=CARTESIAN_POINT('Origin',(-12.,550.,12.));
#16004=CARTESIAN_POINT('',(-15.,0.,12.));
#16005=CARTESIAN_POINT('Origin',(-15.,0.,-12.));
#16006=CARTESIAN_POINT('',(-15.,0.,-12.));
#16007=CARTESIAN_POINT('',(-15.,0.,-12.));
#16008=CARTESIAN_POINT('',(-15.,550.,-12.));
#16009=CARTESIAN_POINT('',(-15.,550.,-12.));
#16010=CARTESIAN_POINT('',(-15.,0.,-12.));
#16011=CARTESIAN_POINT('Origin',(-12.,0.,-12.));
#16012=CARTESIAN_POINT('Origin',(-12.,0.,-12.));
#16013=CARTESIAN_POINT('Origin',(-12.,550.,-12.));
#16014=CARTESIAN_POINT('Origin',(0.,550.,0.));
#16015=CARTESIAN_POINT('Origin',(0.,0.,0.));
#16016=CARTESIAN_POINT('',(0.,0.,0.));
#16017=CARTESIAN_POINT('Origin',(35.,7.00000000000003,24.0742901549634));
#16018=CARTESIAN_POINT('',(35.,7.00000000000003,24.0742901549634));
#16019=CARTESIAN_POINT('',(-35.,7.00000000000003,24.0742901549634));
#16020=CARTESIAN_POINT('',(35.,7.00000000000003,24.0742901549634));
#16021=CARTESIAN_POINT('',(-35.,7.,-24.0742901549634));
#16022=CARTESIAN_POINT('Origin',(-35.,7.00000000000002,7.10542735760099E-15));
#16023=CARTESIAN_POINT('',(35.,7.,-24.0742901549634));
#16024=CARTESIAN_POINT('',(35.,7.,-24.0742901549634));
#16025=CARTESIAN_POINT('Origin',(35.,7.00000000000002,7.10542735760099E-15));
#16026=CARTESIAN_POINT('',(35.,7.00000000000001,-22.));
#16027=CARTESIAN_POINT('',(-35.,7.,-22.));
#16028=CARTESIAN_POINT('',(35.,7.,-22.));
#16029=CARTESIAN_POINT('',(-35.,7.,22.));
#16030=CARTESIAN_POINT('Origin',(-35.,7.,0.));
#16031=CARTESIAN_POINT('',(35.,7.,22.));
#16032=CARTESIAN_POINT('',(-35.,7.,22.));
#16033=CARTESIAN_POINT('Origin',(35.,7.,-1.73472347597681E-15));
#16034=CARTESIAN_POINT('Origin',(0.,2.9,0.));
#16035=CARTESIAN_POINT('',(-32.5,2.9,28.9959234795079));
#16036=CARTESIAN_POINT('',(-35.,2.9,28.9959234795079));
#16037=CARTESIAN_POINT('',(0.,2.9,28.9959234795079));
#16038=CARTESIAN_POINT('',(-37.5,2.9,28.8879486711929));
#16039=CARTESIAN_POINT('Origin',(-35.,2.9,0.));
#16040=CARTESIAN_POINT('',(-37.5,2.9,29.4091055923294));
#16041=CARTESIAN_POINT('',(-37.5,2.9,15.7843787866876));
#16042=CARTESIAN_POINT('',(-35.,2.9,29.5151739236071));
#16043=CARTESIAN_POINT('Origin',(-35.,2.9,3.27252054874263E-14));
#16044=CARTESIAN_POINT('',(-32.5,2.9,29.5151739236071));
#16045=CARTESIAN_POINT('',(35.,2.9,29.5151739236071));
#16046=CARTESIAN_POINT('',(-32.5,2.9,32.1));
#16047=CARTESIAN_POINT('Origin',(0.,2.9,0.));
#16048=CARTESIAN_POINT('',(-41.7102721266592,2.9,28.7422639979345));
#16049=CARTESIAN_POINT('',(-41.5492257812919,2.9,28.2466143120753));
#16050=CARTESIAN_POINT('',(-42.5418042286979,2.9,31.3014566590118));
#16051=CARTESIAN_POINT('',(-46.3045083627677,2.9,26.7015293402006));
#16052=CARTESIAN_POINT('Origin',(-35.,2.9,0.));
#16053=CARTESIAN_POINT('',(-46.465554708135,2.9,27.1971790260597));
#16054=CARTESIAN_POINT('',(-42.2552825814758,2.9,14.2392938148129));
#16055=CARTESIAN_POINT('Origin',(-35.,2.9,3.27252054874263E-14));
#16056=CARTESIAN_POINT('Origin',(0.,2.9,0.));
#16057=CARTESIAN_POINT('',(-50.2636960643459,2.9,25.2619293442929));
#16058=CARTESIAN_POINT('',(-49.9573677119718,2.89999999999999,24.8403045383574));
#16059=CARTESIAN_POINT('',(-51.845364112651,2.9,27.438908650167));
#16060=CARTESIAN_POINT('',(-54.0024526838465,2.9,21.901378276895));
#16061=CARTESIAN_POINT('Origin',(-35.,2.9,0.));
#16062=CARTESIAN_POINT('',(-54.3087810362207,2.9,22.3230030828306));
#16063=CARTESIAN_POINT('',(-46.3003675533505,2.9,11.3003675533505));
#16064=CARTESIAN_POINT('Origin',(-35.,2.9,3.27252054874263E-14));
#16065=CARTESIAN_POINT('Origin',(0.,2.9,0.));
#16066=CARTESIAN_POINT('',(-57.3230030828306,2.9,19.3087810362207));
#16067=CARTESIAN_POINT('',(-56.9013782768951,2.9,19.0024526838465));
#16068=CARTESIAN_POINT('',(-59.4999823887046,2.9,20.8904490845258));
#16069=CARTESIAN_POINT('',(-59.8403045383574,2.9,14.9573677119718));
#16070=CARTESIAN_POINT('Origin',(-35.,2.9,0.));
#16071=CARTESIAN_POINT('',(-60.2619293442929,2.9,15.2636960643459));
#16072=CARTESIAN_POINT('',(-49.2392938148129,2.9,7.25528258147577));
#16073=CARTESIAN_POINT('Origin',(-35.,2.9,3.27252054874263E-14));
#16074=CARTESIAN_POINT('Origin',(0.,2.9,0.));
#16075=CARTESIAN_POINT('',(-62.1971790260597,2.9,11.465554708135));
#16076=CARTESIAN_POINT('',(-61.7015293402006,2.9,11.3045083627677));
#16077=CARTESIAN_POINT('',(-64.7563716871371,2.9,12.2970868101737));
#16078=CARTESIAN_POINT('',(-63.2466143120753,2.9,6.54922578129191));
#16079=CARTESIAN_POINT('Origin',(-35.,2.9,0.));
#16080=CARTESIAN_POINT('',(-63.7422639979345,2.89999999999999,6.71027212665921));
#16081=CARTESIAN_POINT('',(-50.7843787866876,2.9,2.50000000000001));
#16082=CARTESIAN_POINT('Origin',(-35.,2.9,3.27252054874263E-14));
#16083=CARTESIAN_POINT('Origin',(0.,2.9,0.));
#16084=CARTESIAN_POINT('',(-64.4091055923293,2.9,2.5));
#16085=CARTESIAN_POINT('',(-63.8879486711929,2.9,2.5));
#16086=CARTESIAN_POINT('',(-67.1,2.9,2.5));
#16087=CARTESIAN_POINT('',(-63.8879486711929,2.9,-2.49999999999999));
#16088=CARTESIAN_POINT('Origin',(-35.,2.9,0.));
#16089=CARTESIAN_POINT('',(-64.4091055923293,2.9,-2.49999999999999));
#16090=CARTESIAN_POINT('',(-50.7843787866876,2.9,-2.49999999999999));
#16091=CARTESIAN_POINT('Origin',(-35.,2.9,3.27252054874263E-14));
#16092=CARTESIAN_POINT('Origin',(0.,2.9,0.));
#16093=CARTESIAN_POINT('',(-63.7422639979344,2.9,-6.71027212665918));
#16094=CARTESIAN_POINT('',(-63.2466143120753,2.9,-6.5492257812919));
#16095=CARTESIAN_POINT('',(-66.3014566590118,2.9,-7.54180422869792));
#16096=CARTESIAN_POINT('',(-61.7015293402006,2.9,-11.3045083627677));
#16097=CARTESIAN_POINT('Origin',(-35.,2.9,0.));
#16098=CARTESIAN_POINT('',(-62.1971790260597,2.9,-11.4655547081349));
#16099=CARTESIAN_POINT('',(-49.2392938148129,2.9,-7.25528258147575));
#16100=CARTESIAN_POINT('Origin',(-35.,2.9,3.27252054874263E-14));
#16101=CARTESIAN_POINT('Origin',(0.,2.9,0.));
#16102=CARTESIAN_POINT('',(-60.2619293442929,2.9,-15.2636960643459));
#16103=CARTESIAN_POINT('',(-59.8403045383574,2.9,-14.9573677119718));
#16104=CARTESIAN_POINT('',(-62.438908650167,2.9,-16.845364112651));
#16105=CARTESIAN_POINT('',(-56.9013782768951,2.9,-19.0024526838465));
#16106=CARTESIAN_POINT('Origin',(-35.,2.9,0.));
#16107=CARTESIAN_POINT('',(-57.3230030828306,2.9,-19.3087810362206));
#16108=CARTESIAN_POINT('',(-46.3003675533505,2.9,-11.3003675533505));
#16109=CARTESIAN_POINT('Origin',(-35.,2.9,3.27252054874263E-14));
#16110=CARTESIAN_POINT('Origin',(0.,2.9,0.));
#16111=CARTESIAN_POINT('',(-54.3087810362206,2.9,-22.3230030828305));
#16112=CARTESIAN_POINT('',(-54.0024526838465,2.9,-21.901378276895));
#16113=CARTESIAN_POINT('',(-55.8904490845258,2.9,-24.4999823887046));
#16114=CARTESIAN_POINT('',(-49.9573677119718,2.9,-24.8403045383574));
#16115=CARTESIAN_POINT('Origin',(-35.,2.9,0.));
#16116=CARTESIAN_POINT('',(-50.2636960643459,2.9,-25.2619293442929));
#16117=CARTESIAN_POINT('',(-42.2552825814758,2.9,-14.2392938148129));
#16118=CARTESIAN_POINT('Origin',(-35.,2.9,3.27252054874263E-14));
#16119=CARTESIAN_POINT('Origin',(0.,2.9,0.));
#16120=CARTESIAN_POINT('',(-46.4655547081349,2.9,-27.1971790260597));
#16121=CARTESIAN_POINT('',(-46.3045083627677,2.9,-26.7015293402006));
#16122=CARTESIAN_POINT('',(-47.2970868101737,2.9,-29.7563716871371));
#16123=CARTESIAN_POINT('',(-41.5492257812919,2.9,-28.2466143120753));
#16124=CARTESIAN_POINT('Origin',(-35.,2.9,0.));
#16125=CARTESIAN_POINT('',(-41.7102721266592,2.9,-28.7422639979344));
#16126=CARTESIAN_POINT('',(-37.5,2.9,-15.7843787866876));
#16127=CARTESIAN_POINT('Origin',(-35.,2.9,3.27252054874263E-14));
#16128=CARTESIAN_POINT('Origin',(0.,2.9,0.));
#16129=CARTESIAN_POINT('',(-37.5,2.9,-29.4091055923293));
#16130=CARTESIAN_POINT('',(-37.5,2.9,-28.8879486711929));
#16131=CARTESIAN_POINT('',(-37.5,2.9,-32.1));
#16132=CARTESIAN_POINT('',(-35.,2.9,-28.9959234795079));
#16133=CARTESIAN_POINT('Origin',(-35.,2.9,0.));
#16134=CARTESIAN_POINT('',(-32.5,2.9,-28.9959234795079));
#16135=CARTESIAN_POINT('',(0.,2.9,-28.9959234795079));
#16136=CARTESIAN_POINT('',(-32.5,2.9,-29.5151739236071));
#16137=CARTESIAN_POINT('',(-32.5,2.9,-17.1));
#16138=CARTESIAN_POINT('',(-35.,2.9,-29.5151739236071));
#16139=CARTESIAN_POINT('',(35.,2.9,-29.5151739236071));
#16140=CARTESIAN_POINT('Origin',(-35.,2.9,3.27252054874263E-14));
#16141=CARTESIAN_POINT('Origin',(-50.7843787866876,2.9,-2.49999999999999));
#16142=CARTESIAN_POINT('',(-66.9388653208997,1.,-2.49999999999998));
#16143=CARTESIAN_POINT('Ctrl Pts',(-66.9388653208997,1.,-2.49999999999999));
#16144=CARTESIAN_POINT('Ctrl Pts',(-65.921982813877,1.6334810379426,-2.49999999999999));
#16145=CARTESIAN_POINT('Ctrl Pts',(-64.9050200230388,2.26682989051477,-2.49999999999999));
#16146=CARTESIAN_POINT('Ctrl Pts',(-63.8879486711929,2.9,-2.49999999999999));
#16147=CARTESIAN_POINT('Ctrl Pts',(-66.9388653208997,1.00000000000002,-2.49999999999999));
#16148=CARTESIAN_POINT('Ctrl Pts',(-66.095691434214,1.63343954896976,-2.49999999999999));
#16149=CARTESIAN_POINT('Ctrl Pts',(-65.252444987404,2.26678197858928,-2.49999999999999));
#16150=CARTESIAN_POINT('Ctrl Pts',(-64.4091055923293,2.9,-2.49999999999999));
#16151=CARTESIAN_POINT('Origin',(-67.1,2.9,2.5));
#16152=CARTESIAN_POINT('',(-66.9388653208997,1.,2.5));
#16153=CARTESIAN_POINT('Ctrl Pts',(-63.8879486711929,2.9,2.5));
#16154=CARTESIAN_POINT('Ctrl Pts',(-64.9050217792164,2.26682879721966,2.5));
#16155=CARTESIAN_POINT('Ctrl Pts',(-65.9219844027778,1.63348004811484,2.5));
#16156=CARTESIAN_POINT('Ctrl Pts',(-66.9388653208997,0.999999999999992,
2.5));
#16157=CARTESIAN_POINT('Ctrl Pts',(-64.4091055923293,2.9,2.5));
#16158=CARTESIAN_POINT('Ctrl Pts',(-65.252445172166,2.26678183986147,2.5));
#16159=CARTESIAN_POINT('Ctrl Pts',(-66.0956916043677,1.63343942114072,2.5));
#16160=CARTESIAN_POINT('Ctrl Pts',(-66.9388653208997,0.999999999999999,
2.5));
#16161=CARTESIAN_POINT('Origin',(-50.7843787866876,2.9,2.50000000000001));
#16162=CARTESIAN_POINT('',(-66.1482084724523,1.,7.49201087447279));
#16163=CARTESIAN_POINT('Ctrl Pts',(-66.1482084724523,1.,7.49201087447278));
#16164=CARTESIAN_POINT('Ctrl Pts',(-65.1810972970684,1.63348001661344,7.17777740514359));
#16165=CARTESIAN_POINT('Ctrl Pts',(-64.2139083721649,2.26682876242528,6.86351867346412));
#16166=CARTESIAN_POINT('Ctrl Pts',(-63.2466143120753,2.90000000000001,6.54922578129191));
#16167=CARTESIAN_POINT('Ctrl Pts',(-66.1482084724523,1.00000000000002,7.49201087447279));
#16168=CARTESIAN_POINT('Ctrl Pts',(-65.3463027073476,1.63343934817462,7.23145589686754));
#16169=CARTESIAN_POINT('Ctrl Pts',(-64.5443277010901,2.26678176067417,6.97087842144797));
#16170=CARTESIAN_POINT('Ctrl Pts',(-63.7422639979345,2.89999999999999,6.7102721266592));
#16171=CARTESIAN_POINT('Origin',(-64.7563716871371,2.9,12.2970868101737));
#16172=CARTESIAN_POINT('',(-64.6031235005776,1.,12.2472934559486));
#16173=CARTESIAN_POINT('Ctrl Pts',(-61.7015293402006,2.9,11.3045083627677));
#16174=CARTESIAN_POINT('Ctrl Pts',(-62.6688234002902,2.26682876242527,11.6188012549399));
#16175=CARTESIAN_POINT('Ctrl Pts',(-63.6360123251937,1.63348001661342,11.9330599866194));
#16176=CARTESIAN_POINT('Ctrl Pts',(-64.6031235005776,0.999999999999974,
12.2472934559486));
#16177=CARTESIAN_POINT('Ctrl Pts',(-62.1971790260597,2.9,11.465554708135));
#16178=CARTESIAN_POINT('Ctrl Pts',(-62.9992427292154,2.26678176067417,11.7261610029237));
#16179=CARTESIAN_POINT('Ctrl Pts',(-63.8012177354729,1.6334393481746,11.9867384783433));
#16180=CARTESIAN_POINT('Ctrl Pts',(-64.6031235005776,0.999999999999997,
12.2472934559486));
#16181=CARTESIAN_POINT('Origin',(-49.2392938148129,2.9,7.25528258147577));
#16182=CARTESIAN_POINT('',(-62.3085479563917,1.,16.750651524643));
#16183=CARTESIAN_POINT('Ctrl Pts',(-62.3085479563917,1.,16.750651524643));
#16184=CARTESIAN_POINT('Ctrl Pts',(-61.4858740532852,1.63348001661328,16.152943947356));
#16185=CARTESIAN_POINT('Ctrl Pts',(-60.663134012487,2.2668287624251,15.5551883182232));
#16186=CARTESIAN_POINT('Ctrl Pts',(-59.8403045383574,2.9,14.9573677119718));
#16187=CARTESIAN_POINT('Ctrl Pts',(-62.3085479563917,1.00000000000003,16.750651524643));
#16188=CARTESIAN_POINT('Ctrl Pts',(-61.6264061690832,1.63343934817462,16.2550465060338));
#16189=CARTESIAN_POINT('Ctrl Pts',(-60.9442054817321,2.26678176067418,15.7593986940387));
#16190=CARTESIAN_POINT('Ctrl Pts',(-60.2619293442929,2.9,15.2636960643459));
#16191=CARTESIAN_POINT('Origin',(-59.4999823887046,2.9,20.8904490845258));
#16192=CARTESIAN_POINT('',(-59.3696216949294,1.,20.7957364965177));
#16193=CARTESIAN_POINT('Ctrl Pts',(-56.901378276895,2.9,19.0024526838465));
#16194=CARTESIAN_POINT('Ctrl Pts',(-57.7242077510246,2.26682876242509,19.6002732900979));
#16195=CARTESIAN_POINT('Ctrl Pts',(-58.5469477918229,1.63348001661326,20.1980289192307));
#16196=CARTESIAN_POINT('Ctrl Pts',(-59.3696216949294,0.999999999999974,
20.7957364965177));
#16197=CARTESIAN_POINT('Ctrl Pts',(-57.3230030828306,2.90000000000001,19.3087810362207));
#16198=CARTESIAN_POINT('Ctrl Pts',(-58.0052792202698,2.26678176067417,19.8044836659135));
#16199=CARTESIAN_POINT('Ctrl Pts',(-58.6874799076209,1.63343934817461,20.3001314779085));
#16200=CARTESIAN_POINT('Ctrl Pts',(-59.3696216949294,1.,20.7957364965177));
#16201=CARTESIAN_POINT('Origin',(-46.3003675533505,2.9,11.3003675533505));
#16202=CARTESIAN_POINT('',(-55.7957364965177,1.,24.3696216949293));
#16203=CARTESIAN_POINT('Ctrl Pts',(-55.7957364965177,0.999999999999999,
24.3696216949293));
#16204=CARTESIAN_POINT('Ctrl Pts',(-55.1980289192307,1.63348001661327,23.5469477918229));
#16205=CARTESIAN_POINT('Ctrl Pts',(-54.6002732900979,2.2668287624251,22.7242077510246));
#16206=CARTESIAN_POINT('Ctrl Pts',(-54.0024526838465,2.9,21.901378276895));
#16207=CARTESIAN_POINT('Ctrl Pts',(-55.7957364965177,1.00000000000003,24.3696216949293));
#16208=CARTESIAN_POINT('Ctrl Pts',(-55.3001314779085,1.63343934817462,23.6874799076208));
#16209=CARTESIAN_POINT('Ctrl Pts',(-54.8044836659135,2.26678176067418,23.0052792202698));
#16210=CARTESIAN_POINT('Ctrl Pts',(-54.3087810362207,2.9,22.3230030828306));
#16211=CARTESIAN_POINT('Origin',(-51.845364112651,2.9,27.438908650167));
#16212=CARTESIAN_POINT('',(-51.750651524643,1.,27.3085479563917));
#16213=CARTESIAN_POINT('Ctrl Pts',(-49.9573677119718,2.9,24.8403045383574));
#16214=CARTESIAN_POINT('Ctrl Pts',(-50.5551883182232,2.26682876242509,25.663134012487));
#16215=CARTESIAN_POINT('Ctrl Pts',(-51.152943947356,1.63348001661326,26.4858740532853));
#16216=CARTESIAN_POINT('Ctrl Pts',(-51.750651524643,0.999999999999974,27.3085479563917));
#16217=CARTESIAN_POINT('Ctrl Pts',(-50.2636960643459,2.9,25.261929344293));
#16218=CARTESIAN_POINT('Ctrl Pts',(-50.7593986940387,2.26678176067417,25.9442054817321));
#16219=CARTESIAN_POINT('Ctrl Pts',(-51.2550465060338,1.6334393481746,26.6264061690832));
#16220=CARTESIAN_POINT('Ctrl Pts',(-51.750651524643,1.,27.3085479563917));
#16221=CARTESIAN_POINT('Origin',(-42.2552825814758,2.9,14.2392938148129));
#16222=CARTESIAN_POINT('',(-47.2472934559485,1.,29.6031235005776));
#16223=CARTESIAN_POINT('Ctrl Pts',(-47.2472934559485,1.,29.6031235005776));
#16224=CARTESIAN_POINT('Ctrl Pts',(-46.9330599866193,1.63348001661343,28.6360123251936));
#16225=CARTESIAN_POINT('Ctrl Pts',(-46.6188012549399,2.26682876242528,27.6688234002902));
#16226=CARTESIAN_POINT('Ctrl Pts',(-46.3045083627677,2.9,26.7015293402006));
#16227=CARTESIAN_POINT('Ctrl Pts',(-47.2472934559485,1.00000000000003,29.6031235005776));
#16228=CARTESIAN_POINT('Ctrl Pts',(-46.9867384783433,1.63343934817462,28.8012177354729));
#16229=CARTESIAN_POINT('Ctrl Pts',(-46.7261610029237,2.26678176067418,27.9992427292154));
#16230=CARTESIAN_POINT('Ctrl Pts',(-46.465554708135,2.9,27.1971790260597));
#16231=CARTESIAN_POINT('Origin',(-42.5418042286979,2.9,31.3014566590118));
#16232=CARTESIAN_POINT('',(-42.4920108744728,1.,31.1482084724524));
#16233=CARTESIAN_POINT('Ctrl Pts',(-41.5492257812919,2.9,28.2466143120753));
#16234=CARTESIAN_POINT('Ctrl Pts',(-41.8635186734641,2.26682876242526,29.2139083721649));
#16235=CARTESIAN_POINT('Ctrl Pts',(-42.1777774051436,1.63348001661341,30.1810972970684));
#16236=CARTESIAN_POINT('Ctrl Pts',(-42.4920108744728,0.99999999999997,31.1482084724523));
#16237=CARTESIAN_POINT('Ctrl Pts',(-41.7102721266592,2.9,28.7422639979345));
#16238=CARTESIAN_POINT('Ctrl Pts',(-41.970878421448,2.26678176067417,29.5443277010901));
#16239=CARTESIAN_POINT('Ctrl Pts',(-42.2314558968676,1.6334393481746,30.3463027073476));
#16240=CARTESIAN_POINT('Ctrl Pts',(-42.4920108744728,1.,31.1482084724524));
#16241=CARTESIAN_POINT('Origin',(-37.5,2.9,15.7843787866876));
#16242=CARTESIAN_POINT('',(-37.5,1.,31.9388653208997));
#16243=CARTESIAN_POINT('Ctrl Pts',(-37.5,1.,31.9388653208997));
#16244=CARTESIAN_POINT('Ctrl Pts',(-37.5,1.63348103794259,30.921982813877));
#16245=CARTESIAN_POINT('Ctrl Pts',(-37.5,2.26682989051477,29.9050200230388));
#16246=CARTESIAN_POINT('Ctrl Pts',(-37.5,2.9,28.8879486711929));
#16247=CARTESIAN_POINT('Ctrl Pts',(-37.5,1.00000000000003,31.9388653208997));
#16248=CARTESIAN_POINT('Ctrl Pts',(-37.5,1.63343954896976,31.095691434214));
#16249=CARTESIAN_POINT('Ctrl Pts',(-37.5,2.26678197858928,30.2524449874041));
#16250=CARTESIAN_POINT('Ctrl Pts',(-37.5,2.9,29.4091055923294));
#16251=CARTESIAN_POINT('Origin',(-37.5,2.9,-32.1));
#16252=CARTESIAN_POINT('',(-37.5,1.,-31.9388653208997));
#16253=CARTESIAN_POINT('Ctrl Pts',(-37.5,2.9,-28.8879486711929));
#16254=CARTESIAN_POINT('Ctrl Pts',(-37.5,2.26682879721967,-29.9050217792164));
#16255=CARTESIAN_POINT('Ctrl Pts',(-37.5,1.63348004811484,-30.9219844027778));
#16256=CARTESIAN_POINT('Ctrl Pts',(-37.5,1.,-31.9388653208997));
#16257=CARTESIAN_POINT('Ctrl Pts',(-37.5,2.9,-29.4091055923293));
#16258=CARTESIAN_POINT('Ctrl Pts',(-37.5,2.26678183986148,-30.252445172166));
#16259=CARTESIAN_POINT('Ctrl Pts',(-37.5,1.63343942114073,-31.0956916043676));
#16260=CARTESIAN_POINT('Ctrl Pts',(-37.5,1.,-31.9388653208997));
#16261=CARTESIAN_POINT('Origin',(-37.5,2.9,-15.7843787866876));
#16262=CARTESIAN_POINT('',(-42.4920108744728,1.,-31.1482084724523));
#16263=CARTESIAN_POINT('Ctrl Pts',(-42.4920108744728,1.,-31.1482084724523));
#16264=CARTESIAN_POINT('Ctrl Pts',(-42.1777774051436,1.63348001661343,-30.1810972970684));
#16265=CARTESIAN_POINT('Ctrl Pts',(-41.8635186734641,2.26682876242527,-29.2139083721649));
#16266=CARTESIAN_POINT('Ctrl Pts',(-41.5492257812919,2.9,-28.2466143120753));
#16267=CARTESIAN_POINT('Ctrl Pts',(-42.4920108744728,1.,-31.1482084724523));
#16268=CARTESIAN_POINT('Ctrl Pts',(-42.2314558968675,1.6334393481746,-30.3463027073476));
#16269=CARTESIAN_POINT('Ctrl Pts',(-41.970878421448,2.26678176067417,-29.54432770109));
#16270=CARTESIAN_POINT('Ctrl Pts',(-41.7102721266592,2.9,-28.7422639979344));
#16271=CARTESIAN_POINT('Origin',(-47.2970868101737,2.9,-29.7563716871371));
#16272=CARTESIAN_POINT('',(-47.2472934559485,1.,-29.6031235005776));
#16273=CARTESIAN_POINT('Ctrl Pts',(-46.3045083627677,2.9,-26.7015293402006));
#16274=CARTESIAN_POINT('Ctrl Pts',(-46.6188012549399,2.26682876242528,-27.6688234002902));
#16275=CARTESIAN_POINT('Ctrl Pts',(-46.9330599866193,1.63348001661343,-28.6360123251936));
#16276=CARTESIAN_POINT('Ctrl Pts',(-47.2472934559485,0.999999999999996,
-29.6031235005776));
#16277=CARTESIAN_POINT('Ctrl Pts',(-46.465554708135,2.9,-27.1971790260597));
#16278=CARTESIAN_POINT('Ctrl Pts',(-46.7261610029237,2.26678176067417,-27.9992427292153));
#16279=CARTESIAN_POINT('Ctrl Pts',(-46.9867384783433,1.6334393481746,-28.8012177354728));
#16280=CARTESIAN_POINT('Ctrl Pts',(-47.2472934559485,0.999999999999999,
-29.6031235005776));
#16281=CARTESIAN_POINT('Origin',(-42.2552825814758,2.9,-14.2392938148129));
#16282=CARTESIAN_POINT('',(-51.750651524643,1.,-27.3085479563917));
#16283=CARTESIAN_POINT('Ctrl Pts',(-51.750651524643,1.,-27.3085479563917));
#16284=CARTESIAN_POINT('Ctrl Pts',(-51.152943947356,1.63348001661328,-26.4858740532853));
#16285=CARTESIAN_POINT('Ctrl Pts',(-50.5551883182232,2.2668287624251,-25.663134012487));
#16286=CARTESIAN_POINT('Ctrl Pts',(-49.9573677119718,2.9,-24.8403045383574));
#16287=CARTESIAN_POINT('Ctrl Pts',(-51.750651524643,1.,-27.3085479563917));
#16288=CARTESIAN_POINT('Ctrl Pts',(-51.2550465060338,1.6334393481746,-26.6264061690832));
#16289=CARTESIAN_POINT('Ctrl Pts',(-50.7593986940387,2.26678176067417,-25.9442054817321));
#16290=CARTESIAN_POINT('Ctrl Pts',(-50.2636960643459,2.9,-25.2619293442929));
#16291=CARTESIAN_POINT('Origin',(-55.8904490845258,2.9,-24.4999823887046));
#16292=CARTESIAN_POINT('',(-55.7957364965177,1.,-24.3696216949293));
#16293=CARTESIAN_POINT('Ctrl Pts',(-54.0024526838465,2.9,-21.901378276895));
#16294=CARTESIAN_POINT('Ctrl Pts',(-54.6002732900979,2.2668287624251,-22.7242077510246));
#16295=CARTESIAN_POINT('Ctrl Pts',(-55.1980289192307,1.63348001661327,-23.5469477918229));
#16296=CARTESIAN_POINT('Ctrl Pts',(-55.7957364965177,0.999999999999998,
-24.3696216949293));
#16297=CARTESIAN_POINT('Ctrl Pts',(-54.3087810362206,2.9,-22.3230030828305));
#16298=CARTESIAN_POINT('Ctrl Pts',(-54.8044836659134,2.26678176067417,-23.0052792202697));
#16299=CARTESIAN_POINT('Ctrl Pts',(-55.3001314779085,1.63343934817461,-23.6874799076208));
#16300=CARTESIAN_POINT('Ctrl Pts',(-55.7957364965177,1.,-24.3696216949293));
#16301=CARTESIAN_POINT('Origin',(-46.3003675533505,2.9,-11.3003675533505));
#16302=CARTESIAN_POINT('',(-59.3696216949293,1.,-20.7957364965177));
#16303=CARTESIAN_POINT('Ctrl Pts',(-59.3696216949293,1.,-20.7957364965177));
#16304=CARTESIAN_POINT('Ctrl Pts',(-58.5469477918229,1.63348001661328,-20.1980289192307));
#16305=CARTESIAN_POINT('Ctrl Pts',(-57.7242077510246,2.2668287624251,-19.6002732900979));
#16306=CARTESIAN_POINT('Ctrl Pts',(-56.9013782768951,2.9,-19.0024526838465));
#16307=CARTESIAN_POINT('Ctrl Pts',(-59.3696216949293,1.00000000000001,-20.7957364965177));
#16308=CARTESIAN_POINT('Ctrl Pts',(-58.6874799076208,1.63343934817461,-20.3001314779085));
#16309=CARTESIAN_POINT('Ctrl Pts',(-58.0052792202697,2.26678176067417,-19.8044836659134));
#16310=CARTESIAN_POINT('Ctrl Pts',(-57.3230030828306,2.9,-19.3087810362206));
#16311=CARTESIAN_POINT('Origin',(-62.438908650167,2.9,-16.845364112651));
#16312=CARTESIAN_POINT('',(-62.3085479563917,1.,-16.750651524643));
#16313=CARTESIAN_POINT('Ctrl Pts',(-59.8403045383574,2.9,-14.9573677119718));
#16314=CARTESIAN_POINT('Ctrl Pts',(-60.663134012487,2.2668287624251,-15.5551883182232));
#16315=CARTESIAN_POINT('Ctrl Pts',(-61.4858740532853,1.63348001661327,-16.152943947356));
#16316=CARTESIAN_POINT('Ctrl Pts',(-62.3085479563917,0.999999999999994,
-16.750651524643));
#16317=CARTESIAN_POINT('Ctrl Pts',(-60.2619293442929,2.9,-15.2636960643459));
#16318=CARTESIAN_POINT('Ctrl Pts',(-60.9442054817321,2.26678176067417,-15.7593986940387));
#16319=CARTESIAN_POINT('Ctrl Pts',(-61.6264061690832,1.6334393481746,-16.2550465060338));
#16320=CARTESIAN_POINT('Ctrl Pts',(-62.3085479563917,1.,-16.750651524643));
#16321=CARTESIAN_POINT('Origin',(-49.2392938148129,2.9,-7.25528258147575));
#16322=CARTESIAN_POINT('',(-64.6031235005776,1.,-12.2472934559485));
#16323=CARTESIAN_POINT('Ctrl Pts',(-64.6031235005776,1.,-12.2472934559485));
#16324=CARTESIAN_POINT('Ctrl Pts',(-63.6360123251936,1.63348001661344,-11.9330599866193));
#16325=CARTESIAN_POINT('Ctrl Pts',(-62.6688234002902,2.26682876242528,-11.6188012549399));
#16326=CARTESIAN_POINT('Ctrl Pts',(-61.7015293402006,2.9,-11.3045083627677));
#16327=CARTESIAN_POINT('Ctrl Pts',(-64.6031235005776,1.00000000000001,-12.2472934559485));
#16328=CARTESIAN_POINT('Ctrl Pts',(-63.8012177354728,1.63343934817461,-11.9867384783433));
#16329=CARTESIAN_POINT('Ctrl Pts',(-62.9992427292153,2.26678176067417,-11.7261610029237));
#16330=CARTESIAN_POINT('Ctrl Pts',(-62.1971790260597,2.9,-11.4655547081349));
#16331=CARTESIAN_POINT('Origin',(-66.3014566590118,2.9,-7.54180422869792));
#16332=CARTESIAN_POINT('',(-66.1482084724523,1.,-7.49201087447278));
#16333=CARTESIAN_POINT('Ctrl Pts',(-63.2466143120753,2.9,-6.5492257812919));
#16334=CARTESIAN_POINT('Ctrl Pts',(-64.2139083721649,2.26682876242527,-6.86351867346411));
#16335=CARTESIAN_POINT('Ctrl Pts',(-65.1810972970684,1.63348001661342,-7.17777740514358));
#16336=CARTESIAN_POINT('Ctrl Pts',(-66.1482084724523,0.999999999999985,
-7.49201087447278));
#16337=CARTESIAN_POINT('Ctrl Pts',(-63.7422639979344,2.90000000000001,-6.71027212665918));
#16338=CARTESIAN_POINT('Ctrl Pts',(-64.5443277010901,2.26678176067417,-6.97087842144795));
#16339=CARTESIAN_POINT('Ctrl Pts',(-65.3463027073476,1.6334393481746,-7.23145589686753));
#16340=CARTESIAN_POINT('Ctrl Pts',(-66.1482084724523,0.999999999999991,
-7.49201087447278));
#16341=CARTESIAN_POINT('Origin',(0.,2.9,0.));
#16342=CARTESIAN_POINT('',(32.5,2.9,-28.9959234795079));
#16343=CARTESIAN_POINT('',(35.,2.9,-28.9959234795079));
#16344=CARTESIAN_POINT('',(0.,2.9,-28.9959234795079));
#16345=CARTESIAN_POINT('',(37.5,2.9,-28.8879486711929));
#16346=CARTESIAN_POINT('Origin',(35.,2.9,0.));
#16347=CARTESIAN_POINT('',(37.5,2.9,-29.4091055923293));
#16348=CARTESIAN_POINT('',(37.5,2.9,-15.7843787866876));
#16349=CARTESIAN_POINT('',(35.,2.9,-29.5151739236071));
#16350=CARTESIAN_POINT('Origin',(35.,2.9,3.27252054874264E-14));
#16351=CARTESIAN_POINT('',(32.5,2.9,-29.5151739236071));
#16352=CARTESIAN_POINT('',(35.,2.9,-29.5151739236071));
#16353=CARTESIAN_POINT('',(32.5,2.9,-32.1));
#16354=CARTESIAN_POINT('Origin',(0.,2.9,0.));
#16355=CARTESIAN_POINT('',(41.7102721266592,2.9,-28.7422639979344));
#16356=CARTESIAN_POINT('',(41.5492257812919,2.9,-28.2466143120753));
#16357=CARTESIAN_POINT('',(42.5418042286979,2.9,-31.3014566590118));
#16358=CARTESIAN_POINT('',(46.3045083627677,2.9,-26.7015293402006));
#16359=CARTESIAN_POINT('Origin',(35.,2.9,0.));
#16360=CARTESIAN_POINT('',(46.4655547081349,2.9,-27.1971790260597));
#16361=CARTESIAN_POINT('',(42.2552825814758,2.9,-14.2392938148129));
#16362=CARTESIAN_POINT('Origin',(35.,2.9,3.27252054874264E-14));
#16363=CARTESIAN_POINT('Origin',(0.,2.9,0.));
#16364=CARTESIAN_POINT('',(50.2636960643459,2.9,-25.2619293442929));
#16365=CARTESIAN_POINT('',(49.9573677119718,2.9,-24.8403045383574));
#16366=CARTESIAN_POINT('',(51.845364112651,2.9,-27.438908650167));
#16367=CARTESIAN_POINT('',(54.0024526838465,2.9,-21.901378276895));
#16368=CARTESIAN_POINT('Origin',(35.,2.9,0.));
#16369=CARTESIAN_POINT('',(54.3087810362206,2.9,-22.3230030828305));
#16370=CARTESIAN_POINT('',(46.3003675533505,2.9,-11.3003675533505));
#16371=CARTESIAN_POINT('Origin',(35.,2.9,3.27252054874264E-14));
#16372=CARTESIAN_POINT('Origin',(0.,2.9,0.));
#16373=CARTESIAN_POINT('',(57.3230030828306,2.9,-19.3087810362206));
#16374=CARTESIAN_POINT('',(56.9013782768951,2.9,-19.0024526838465));
#16375=CARTESIAN_POINT('',(59.4999823887046,2.9,-20.8904490845257));
#16376=CARTESIAN_POINT('',(59.8403045383574,2.9,-14.9573677119718));
#16377=CARTESIAN_POINT('Origin',(35.,2.9,0.));
#16378=CARTESIAN_POINT('',(60.2619293442929,2.9,-15.2636960643459));
#16379=CARTESIAN_POINT('',(49.2392938148128,2.9,-7.25528258147575));
#16380=CARTESIAN_POINT('Origin',(35.,2.9,3.27252054874264E-14));
#16381=CARTESIAN_POINT('Origin',(0.,2.9,0.));
#16382=CARTESIAN_POINT('',(62.1971790260597,2.9,-11.4655547081349));
#16383=CARTESIAN_POINT('',(61.7015293402006,2.9,-11.3045083627676));
#16384=CARTESIAN_POINT('',(64.7563716871371,2.9,-12.2970868101737));
#16385=CARTESIAN_POINT('',(63.2466143120753,2.9,-6.5492257812919));
#16386=CARTESIAN_POINT('Origin',(35.,2.9,0.));
#16387=CARTESIAN_POINT('',(63.7422639979344,2.9,-6.71027212665919));
#16388=CARTESIAN_POINT('',(50.7843787866875,2.9,-2.49999999999997));
#16389=CARTESIAN_POINT('Origin',(35.,2.9,3.27252054874264E-14));
#16390=CARTESIAN_POINT('Origin',(0.,2.9,0.));
#16391=CARTESIAN_POINT('',(64.4091055923293,2.9,-2.49999999999997));
#16392=CARTESIAN_POINT('',(63.8879486711929,2.9,-2.49999999999997));
#16393=CARTESIAN_POINT('',(67.1,2.9,-2.49999999999997));
#16394=CARTESIAN_POINT('',(63.8879486711929,2.9,2.5));
#16395=CARTESIAN_POINT('Origin',(35.,2.9,0.));
#16396=CARTESIAN_POINT('',(64.4091055923293,2.9,2.5));
#16397=CARTESIAN_POINT('',(50.7843787866876,2.9,2.50000000000002));
#16398=CARTESIAN_POINT('Origin',(35.,2.9,3.27252054874264E-14));
#16399=CARTESIAN_POINT('Origin',(0.,2.9,0.));
#16400=CARTESIAN_POINT('',(63.7422639979345,2.89999999999999,6.71027212665921));
#16401=CARTESIAN_POINT('',(63.2466143120753,2.9,6.54922578129191));
#16402=CARTESIAN_POINT('',(66.3014566590118,2.9,7.54180422869794));
#16403=CARTESIAN_POINT('',(61.7015293402006,2.9,11.3045083627677));
#16404=CARTESIAN_POINT('Origin',(35.,2.9,0.));
#16405=CARTESIAN_POINT('',(62.1971790260597,2.9,11.465554708135));
#16406=CARTESIAN_POINT('',(49.2392938148129,2.9,7.25528258147577));
#16407=CARTESIAN_POINT('Origin',(35.,2.9,3.27252054874264E-14));
#16408=CARTESIAN_POINT('Origin',(0.,2.9,0.));
#16409=CARTESIAN_POINT('',(60.2619293442929,2.9,15.2636960643459));
#16410=CARTESIAN_POINT('',(59.8403045383574,2.9,14.9573677119718));
#16411=CARTESIAN_POINT('',(62.438908650167,2.9,16.845364112651));
#16412=CARTESIAN_POINT('',(56.9013782768951,2.9,19.0024526838465));
#16413=CARTESIAN_POINT('Origin',(35.,2.9,0.));
#16414=CARTESIAN_POINT('',(57.3230030828306,2.9,19.3087810362207));
#16415=CARTESIAN_POINT('',(46.3003675533505,2.9,11.3003675533505));
#16416=CARTESIAN_POINT('Origin',(35.,2.9,3.27252054874264E-14));
#16417=CARTESIAN_POINT('Origin',(0.,2.9,0.));
#16418=CARTESIAN_POINT('',(54.3087810362207,2.9,22.3230030828306));
#16419=CARTESIAN_POINT('',(54.0024526838465,2.9,21.9013782768951));
#16420=CARTESIAN_POINT('',(55.8904490845257,2.9,24.4999823887046));
#16421=CARTESIAN_POINT('',(49.9573677119718,2.9,24.8403045383574));
#16422=CARTESIAN_POINT('Origin',(35.,2.9,0.));
#16423=CARTESIAN_POINT('',(50.2636960643459,2.9,25.2619293442929));
#16424=CARTESIAN_POINT('',(42.2552825814758,2.9,14.2392938148129));
#16425=CARTESIAN_POINT('Origin',(35.,2.9,3.27252054874264E-14));
#16426=CARTESIAN_POINT('Origin',(0.,2.9,0.));
#16427=CARTESIAN_POINT('',(46.465554708135,2.9,27.1971790260597));
#16428=CARTESIAN_POINT('',(46.3045083627677,2.9,26.7015293402006));
#16429=CARTESIAN_POINT('',(47.2970868101737,2.9,29.7563716871371));
#16430=CARTESIAN_POINT('',(41.5492257812919,2.9,28.2466143120753));
#16431=CARTESIAN_POINT('Origin',(35.,2.9,0.));
#16432=CARTESIAN_POINT('',(41.7102721266592,2.9,28.7422639979345));
#16433=CARTESIAN_POINT('',(37.5,2.9,15.7843787866876));
#16434=CARTESIAN_POINT('Origin',(35.,2.9,3.27252054874264E-14));
#16435=CARTESIAN_POINT('Origin',(0.,2.9,0.));
#16436=CARTESIAN_POINT('',(37.5,2.9,29.4091055923294));
#16437=CARTESIAN_POINT('',(37.5,2.9,28.8879486711929));
#16438=CARTESIAN_POINT('',(37.5,2.9,32.1));
#16439=CARTESIAN_POINT('',(35.,2.9,28.9959234795079));
#16440=CARTESIAN_POINT('Origin',(35.,2.9,0.));
#16441=CARTESIAN_POINT('',(32.5,2.9,28.9959234795079));
#16442=CARTESIAN_POINT('',(0.,2.9,28.9959234795079));
#16443=CARTESIAN_POINT('',(32.5,2.9,29.5151739236071));
#16444=CARTESIAN_POINT('',(32.5,2.9,17.1));
#16445=CARTESIAN_POINT('',(35.,2.9,29.5151739236071));
#16446=CARTESIAN_POINT('',(35.,2.9,29.5151739236071));
#16447=CARTESIAN_POINT('Origin',(35.,2.9,3.27252054874264E-14));
#16448=CARTESIAN_POINT('Origin',(37.5,2.9,32.1));
#16449=CARTESIAN_POINT('',(37.5,1.,31.9388653208997));
#16450=CARTESIAN_POINT('Ctrl Pts',(37.5,2.9,28.8879486711929));
#16451=CARTESIAN_POINT('Ctrl Pts',(37.5,2.26682879721966,29.9050217792164));
#16452=CARTESIAN_POINT('Ctrl Pts',(37.5,1.63348004811484,30.9219844027778));
#16453=CARTESIAN_POINT('Ctrl Pts',(37.5,0.999999999999997,31.9388653208997));
#16454=CARTESIAN_POINT('Ctrl Pts',(37.5,2.89999999999999,29.4091055923294));
#16455=CARTESIAN_POINT('Ctrl Pts',(37.5,2.26678183986148,30.2524451721661));
#16456=CARTESIAN_POINT('Ctrl Pts',(37.5,1.63343942114074,31.0956916043677));
#16457=CARTESIAN_POINT('Ctrl Pts',(37.5,1.00000000000003,31.9388653208997));
#16458=CARTESIAN_POINT('Origin',(37.5,2.9,15.7843787866876));
#16459=CARTESIAN_POINT('',(42.4920108744728,1.,31.1482084724523));
#16460=CARTESIAN_POINT('Ctrl Pts',(42.4920108744728,0.999999999999996,31.1482084724523));
#16461=CARTESIAN_POINT('Ctrl Pts',(42.1777774051436,1.63348001661343,30.1810972970684));
#16462=CARTESIAN_POINT('Ctrl Pts',(41.8635186734641,2.26682876242528,29.2139083721649));
#16463=CARTESIAN_POINT('Ctrl Pts',(41.5492257812919,2.9,28.2466143120753));
#16464=CARTESIAN_POINT('Ctrl Pts',(42.4920108744728,1.00000000000003,31.1482084724523));
#16465=CARTESIAN_POINT('Ctrl Pts',(42.2314558968676,1.63343934817463,30.3463027073476));
#16466=CARTESIAN_POINT('Ctrl Pts',(41.970878421448,2.26678176067418,29.5443277010901));
#16467=CARTESIAN_POINT('Ctrl Pts',(41.7102721266592,2.9,28.7422639979345));
#16468=CARTESIAN_POINT('Origin',(47.2970868101737,2.9,29.7563716871371));
#16469=CARTESIAN_POINT('',(47.2472934559485,1.,29.6031235005776));
#16470=CARTESIAN_POINT('Ctrl Pts',(46.3045083627677,2.9,26.7015293402006));
#16471=CARTESIAN_POINT('Ctrl Pts',(46.6188012549399,2.26682876242528,27.6688234002902));
#16472=CARTESIAN_POINT('Ctrl Pts',(46.9330599866193,1.63348001661343,28.6360123251936));
#16473=CARTESIAN_POINT('Ctrl Pts',(47.2472934559485,0.999999999999997,29.6031235005776));
#16474=CARTESIAN_POINT('Ctrl Pts',(46.465554708135,2.9,27.1971790260597));
#16475=CARTESIAN_POINT('Ctrl Pts',(46.7261610029237,2.26678176067418,27.9992427292154));
#16476=CARTESIAN_POINT('Ctrl Pts',(46.9867384783433,1.63343934817462,28.8012177354729));
#16477=CARTESIAN_POINT('Ctrl Pts',(47.2472934559485,1.00000000000003,29.6031235005776));
#16478=CARTESIAN_POINT('Origin',(42.2552825814758,2.9,14.2392938148129));
#16479=CARTESIAN_POINT('',(51.750651524643,1.,27.3085479563917));
#16480=CARTESIAN_POINT('Ctrl Pts',(51.750651524643,0.999999999999997,27.3085479563917));
#16481=CARTESIAN_POINT('Ctrl Pts',(51.152943947356,1.63348001661327,26.4858740532853));
#16482=CARTESIAN_POINT('Ctrl Pts',(50.5551883182232,2.2668287624251,25.663134012487));
#16483=CARTESIAN_POINT('Ctrl Pts',(49.9573677119718,2.9,24.8403045383574));
#16484=CARTESIAN_POINT('Ctrl Pts',(51.750651524643,1.00000000000003,27.3085479563917));
#16485=CARTESIAN_POINT('Ctrl Pts',(51.2550465060338,1.63343934817462,26.6264061690832));
#16486=CARTESIAN_POINT('Ctrl Pts',(50.7593986940387,2.26678176067418,25.9442054817321));
#16487=CARTESIAN_POINT('Ctrl Pts',(50.2636960643459,2.9,25.2619293442929));
#16488=CARTESIAN_POINT('Origin',(55.8904490845257,2.9,24.4999823887046));
#16489=CARTESIAN_POINT('',(55.7957364965177,1.,24.3696216949293));
#16490=CARTESIAN_POINT('Ctrl Pts',(54.0024526838465,2.9,21.9013782768951));
#16491=CARTESIAN_POINT('Ctrl Pts',(54.6002732900979,2.2668287624251,22.7242077510246));
#16492=CARTESIAN_POINT('Ctrl Pts',(55.1980289192307,1.63348001661327,23.5469477918229));
#16493=CARTESIAN_POINT('Ctrl Pts',(55.7957364965177,0.999999999999996,24.3696216949293));
#16494=CARTESIAN_POINT('Ctrl Pts',(54.3087810362207,2.9,22.3230030828306));
#16495=CARTESIAN_POINT('Ctrl Pts',(54.8044836659135,2.26678176067418,23.0052792202698));
#16496=CARTESIAN_POINT('Ctrl Pts',(55.3001314779085,1.63343934817462,23.6874799076208));
#16497=CARTESIAN_POINT('Ctrl Pts',(55.7957364965177,1.00000000000003,24.3696216949293));
#16498=CARTESIAN_POINT('Origin',(46.3003675533505,2.9,11.3003675533505));
#16499=CARTESIAN_POINT('',(59.3696216949293,1.,20.7957364965177));
#16500=CARTESIAN_POINT('Ctrl Pts',(59.3696216949293,0.999999999999992,20.7957364965177));
#16501=CARTESIAN_POINT('Ctrl Pts',(58.5469477918229,1.63348001661327,20.1980289192307));
#16502=CARTESIAN_POINT('Ctrl Pts',(57.7242077510246,2.2668287624251,19.6002732900979));
#16503=CARTESIAN_POINT('Ctrl Pts',(56.9013782768951,2.9,19.0024526838465));
#16504=CARTESIAN_POINT('Ctrl Pts',(59.3696216949293,1.00000000000002,20.7957364965177));
#16505=CARTESIAN_POINT('Ctrl Pts',(58.6874799076208,1.63343934817462,20.3001314779085));
#16506=CARTESIAN_POINT('Ctrl Pts',(58.0052792202697,2.26678176067418,19.8044836659135));
#16507=CARTESIAN_POINT('Ctrl Pts',(57.3230030828306,2.90000000000001,19.3087810362207));
#16508=CARTESIAN_POINT('Origin',(62.438908650167,2.9,16.845364112651));
#16509=CARTESIAN_POINT('',(62.3085479563917,1.,16.750651524643));
#16510=CARTESIAN_POINT('Ctrl Pts',(59.8403045383574,2.9,14.9573677119718));
#16511=CARTESIAN_POINT('Ctrl Pts',(60.663134012487,2.2668287624251,15.5551883182232));
#16512=CARTESIAN_POINT('Ctrl Pts',(61.4858740532852,1.63348001661327,16.152943947356));
#16513=CARTESIAN_POINT('Ctrl Pts',(62.3085479563917,1.,16.750651524643));
#16514=CARTESIAN_POINT('Ctrl Pts',(60.2619293442929,2.9,15.2636960643459));
#16515=CARTESIAN_POINT('Ctrl Pts',(60.9442054817321,2.26678176067417,15.7593986940387));
#16516=CARTESIAN_POINT('Ctrl Pts',(61.6264061690832,1.63343934817462,16.2550465060338));
#16517=CARTESIAN_POINT('Ctrl Pts',(62.3085479563917,1.00000000000003,16.750651524643));
#16518=CARTESIAN_POINT('Origin',(49.2392938148129,2.9,7.25528258147577));
#16519=CARTESIAN_POINT('',(64.6031235005776,1.,12.2472934559485));
#16520=CARTESIAN_POINT('Ctrl Pts',(64.6031235005776,1.,12.2472934559485));
#16521=CARTESIAN_POINT('Ctrl Pts',(63.6360123251936,1.63348001661343,11.9330599866193));
#16522=CARTESIAN_POINT('Ctrl Pts',(62.6688234002901,2.26682876242527,11.6188012549399));
#16523=CARTESIAN_POINT('Ctrl Pts',(61.7015293402006,2.9,11.3045083627677));
#16524=CARTESIAN_POINT('Ctrl Pts',(64.6031235005776,1.00000000000002,12.2472934559485));
#16525=CARTESIAN_POINT('Ctrl Pts',(63.8012177354729,1.63343934817462,11.9867384783433));
#16526=CARTESIAN_POINT('Ctrl Pts',(62.9992427292153,2.26678176067418,11.7261610029237));
#16527=CARTESIAN_POINT('Ctrl Pts',(62.1971790260597,2.9,11.465554708135));
#16528=CARTESIAN_POINT('Origin',(66.3014566590118,2.9,7.54180422869794));
#16529=CARTESIAN_POINT('',(66.1482084724523,1.,7.49201087447279));
#16530=CARTESIAN_POINT('Ctrl Pts',(63.2466143120753,2.9,6.54922578129192));
#16531=CARTESIAN_POINT('Ctrl Pts',(64.2139083721649,2.26682876242527,6.86351867346412));
#16532=CARTESIAN_POINT('Ctrl Pts',(65.1810972970684,1.63348001661343,7.17777740514359));
#16533=CARTESIAN_POINT('Ctrl Pts',(66.1482084724523,1.,7.49201087447279));
#16534=CARTESIAN_POINT('Ctrl Pts',(63.7422639979345,2.89999999999999,6.71027212665921));
#16535=CARTESIAN_POINT('Ctrl Pts',(64.5443277010901,2.26678176067417,6.97087842144797));
#16536=CARTESIAN_POINT('Ctrl Pts',(65.3463027073476,1.63343934817462,7.23145589686755));
#16537=CARTESIAN_POINT('Ctrl Pts',(66.1482084724523,1.00000000000003,7.49201087447279));
#16538=CARTESIAN_POINT('Origin',(50.7843787866876,2.9,2.50000000000002));
#16539=CARTESIAN_POINT('',(66.9388653208997,1.,2.5));
#16540=CARTESIAN_POINT('Ctrl Pts',(66.9388653208997,0.999999999999994,2.5));
#16541=CARTESIAN_POINT('Ctrl Pts',(65.921982813877,1.63348103794259,2.5));
#16542=CARTESIAN_POINT('Ctrl Pts',(64.9050200230388,2.26682989051477,2.5));
#16543=CARTESIAN_POINT('Ctrl Pts',(63.8879486711929,2.9,2.5));
#16544=CARTESIAN_POINT('Ctrl Pts',(66.9388653208997,1.00000000000002,2.5));
#16545=CARTESIAN_POINT('Ctrl Pts',(66.095691434214,1.63343954896976,2.5));
#16546=CARTESIAN_POINT('Ctrl Pts',(65.252444987404,2.26678197858928,2.5));
#16547=CARTESIAN_POINT('Ctrl Pts',(64.4091055923293,2.9,2.5));
#16548=CARTESIAN_POINT('Origin',(67.1,2.9,-2.49999999999997));
#16549=CARTESIAN_POINT('',(66.9388653208997,1.,-2.49999999999997));
#16550=CARTESIAN_POINT('Ctrl Pts',(63.8879486711929,2.89999999999999,-2.49999999999997));
#16551=CARTESIAN_POINT('Ctrl Pts',(64.9050217792164,2.26682879721966,-2.49999999999997));
#16552=CARTESIAN_POINT('Ctrl Pts',(65.9219844027778,1.63348004811483,-2.49999999999997));
#16553=CARTESIAN_POINT('Ctrl Pts',(66.9388653208997,0.999999999999992,-2.49999999999997));
#16554=CARTESIAN_POINT('Ctrl Pts',(64.4091055923293,2.90000000000001,-2.49999999999997));
#16555=CARTESIAN_POINT('Ctrl Pts',(65.252445172166,2.26678183986149,-2.49999999999997));
#16556=CARTESIAN_POINT('Ctrl Pts',(66.0956916043677,1.63343942114074,-2.49999999999997));
#16557=CARTESIAN_POINT('Ctrl Pts',(66.9388653208997,1.00000000000001,-2.49999999999997));
#16558=CARTESIAN_POINT('Origin',(50.7843787866875,2.9,-2.49999999999997));
#16559=CARTESIAN_POINT('',(66.1482084724523,1.,-7.49201087447278));
#16560=CARTESIAN_POINT('Ctrl Pts',(66.1482084724523,1.,-7.49201087447277));
#16561=CARTESIAN_POINT('Ctrl Pts',(65.1810972970684,1.63348001661343,-7.17777740514358));
#16562=CARTESIAN_POINT('Ctrl Pts',(64.2139083721649,2.26682876242527,-6.86351867346411));
#16563=CARTESIAN_POINT('Ctrl Pts',(63.2466143120753,2.9,-6.5492257812919));
#16564=CARTESIAN_POINT('Ctrl Pts',(66.1482084724523,1.00000000000002,-7.49201087447278));
#16565=CARTESIAN_POINT('Ctrl Pts',(65.3463027073476,1.63343934817462,-7.23145589686753));
#16566=CARTESIAN_POINT('Ctrl Pts',(64.5443277010901,2.26678176067418,-6.97087842144796));
#16567=CARTESIAN_POINT('Ctrl Pts',(63.7422639979344,2.90000000000001,-6.71027212665919));
#16568=CARTESIAN_POINT('Origin',(64.7563716871371,2.9,-12.2970868101737));
#16569=CARTESIAN_POINT('',(64.6031235005776,1.,-12.2472934559485));
#16570=CARTESIAN_POINT('Ctrl Pts',(61.7015293402006,2.9,-11.3045083627676));
#16571=CARTESIAN_POINT('Ctrl Pts',(62.6688234002902,2.26682876242527,-11.6188012549399));
#16572=CARTESIAN_POINT('Ctrl Pts',(63.6360123251937,1.63348001661344,-11.9330599866193));
#16573=CARTESIAN_POINT('Ctrl Pts',(64.6031235005776,1.,-12.2472934559485));
#16574=CARTESIAN_POINT('Ctrl Pts',(62.1971790260597,2.9,-11.4655547081349));
#16575=CARTESIAN_POINT('Ctrl Pts',(62.9992427292153,2.26678176067417,-11.7261610029237));
#16576=CARTESIAN_POINT('Ctrl Pts',(63.8012177354729,1.63343934817461,-11.9867384783433));
#16577=CARTESIAN_POINT('Ctrl Pts',(64.6031235005776,1.00000000000001,-12.2472934559485));
#16578=CARTESIAN_POINT('Origin',(49.2392938148128,2.9,-7.25528258147575));
#16579=CARTESIAN_POINT('',(62.3085479563917,1.,-16.750651524643));
#16580=CARTESIAN_POINT('Ctrl Pts',(62.3085479563917,1.,-16.750651524643));
#16581=CARTESIAN_POINT('Ctrl Pts',(61.4858740532853,1.63348001661328,-16.152943947356));
#16582=CARTESIAN_POINT('Ctrl Pts',(60.663134012487,2.2668287624251,-15.5551883182232));
#16583=CARTESIAN_POINT('Ctrl Pts',(59.8403045383574,2.9,-14.9573677119718));
#16584=CARTESIAN_POINT('Ctrl Pts',(62.3085479563917,1.00000000000001,-16.750651524643));
#16585=CARTESIAN_POINT('Ctrl Pts',(61.6264061690832,1.63343934817461,-16.2550465060337));
#16586=CARTESIAN_POINT('Ctrl Pts',(60.9442054817321,2.26678176067417,-15.7593986940387));
#16587=CARTESIAN_POINT('Ctrl Pts',(60.2619293442929,2.9,-15.2636960643459));
#16588=CARTESIAN_POINT('Origin',(59.4999823887046,2.9,-20.8904490845257));
#16589=CARTESIAN_POINT('',(59.3696216949293,1.,-20.7957364965177));
#16590=CARTESIAN_POINT('Ctrl Pts',(56.9013782768951,2.9,-19.0024526838465));
#16591=CARTESIAN_POINT('Ctrl Pts',(57.7242077510246,2.2668287624251,-19.6002732900979));
#16592=CARTESIAN_POINT('Ctrl Pts',(58.5469477918229,1.63348001661328,-20.1980289192307));
#16593=CARTESIAN_POINT('Ctrl Pts',(59.3696216949293,1.,-20.7957364965177));
#16594=CARTESIAN_POINT('Ctrl Pts',(57.3230030828306,2.9,-19.3087810362206));
#16595=CARTESIAN_POINT('Ctrl Pts',(58.0052792202697,2.26678176067417,-19.8044836659134));
#16596=CARTESIAN_POINT('Ctrl Pts',(58.6874799076208,1.63343934817461,-20.3001314779085));
#16597=CARTESIAN_POINT('Ctrl Pts',(59.3696216949293,1.,-20.7957364965177));
#16598=CARTESIAN_POINT('Origin',(46.3003675533505,2.9,-11.3003675533505));
#16599=CARTESIAN_POINT('',(55.7957364965177,1.,-24.3696216949293));
#16600=CARTESIAN_POINT('Ctrl Pts',(55.7957364965177,0.999999999999995,-24.3696216949293));
#16601=CARTESIAN_POINT('Ctrl Pts',(55.1980289192307,1.63348001661327,-23.5469477918229));
#16602=CARTESIAN_POINT('Ctrl Pts',(54.6002732900979,2.2668287624251,-22.7242077510246));
#16603=CARTESIAN_POINT('Ctrl Pts',(54.0024526838465,2.9,-21.901378276895));
#16604=CARTESIAN_POINT('Ctrl Pts',(55.7957364965177,1.,-24.3696216949293));
#16605=CARTESIAN_POINT('Ctrl Pts',(55.3001314779085,1.6334393481746,-23.6874799076208));
#16606=CARTESIAN_POINT('Ctrl Pts',(54.8044836659134,2.26678176067417,-23.0052792202697));
#16607=CARTESIAN_POINT('Ctrl Pts',(54.3087810362206,2.9,-22.3230030828305));
#16608=CARTESIAN_POINT('Origin',(51.845364112651,2.9,-27.438908650167));
#16609=CARTESIAN_POINT('',(51.750651524643,1.,-27.3085479563917));
#16610=CARTESIAN_POINT('Ctrl Pts',(49.9573677119718,2.9,-24.8403045383574));
#16611=CARTESIAN_POINT('Ctrl Pts',(50.5551883182232,2.2668287624251,-25.663134012487));
#16612=CARTESIAN_POINT('Ctrl Pts',(51.152943947356,1.63348001661327,-26.4858740532853));
#16613=CARTESIAN_POINT('Ctrl Pts',(51.750651524643,0.999999999999996,-27.3085479563917));
#16614=CARTESIAN_POINT('Ctrl Pts',(50.2636960643459,2.9,-25.2619293442929));
#16615=CARTESIAN_POINT('Ctrl Pts',(50.7593986940387,2.26678176067417,-25.9442054817321));
#16616=CARTESIAN_POINT('Ctrl Pts',(51.2550465060338,1.6334393481746,-26.6264061690832));
#16617=CARTESIAN_POINT('Ctrl Pts',(51.750651524643,1.,-27.3085479563917));
#16618=CARTESIAN_POINT('Origin',(42.2552825814758,2.9,-14.2392938148129));
#16619=CARTESIAN_POINT('',(47.2472934559485,1.,-29.6031235005776));
#16620=CARTESIAN_POINT('Ctrl Pts',(47.2472934559485,1.,-29.6031235005776));
#16621=CARTESIAN_POINT('Ctrl Pts',(46.9330599866194,1.63348001661344,-28.6360123251936));
#16622=CARTESIAN_POINT('Ctrl Pts',(46.6188012549399,2.26682876242528,-27.6688234002902));
#16623=CARTESIAN_POINT('Ctrl Pts',(46.3045083627677,2.9,-26.7015293402006));
#16624=CARTESIAN_POINT('Ctrl Pts',(47.2472934559485,1.,-29.6031235005776));
#16625=CARTESIAN_POINT('Ctrl Pts',(46.9867384783433,1.6334393481746,-28.8012177354728));
#16626=CARTESIAN_POINT('Ctrl Pts',(46.7261610029237,2.26678176067417,-27.9992427292153));
#16627=CARTESIAN_POINT('Ctrl Pts',(46.4655547081349,2.9,-27.1971790260597));
#16628=CARTESIAN_POINT('Origin',(42.5418042286979,2.9,-31.3014566590118));
#16629=CARTESIAN_POINT('',(42.4920108744728,1.,-31.1482084724523));
#16630=CARTESIAN_POINT('Ctrl Pts',(41.5492257812919,2.9,-28.2466143120753));
#16631=CARTESIAN_POINT('Ctrl Pts',(41.8635186734641,2.26682876242528,-29.2139083721649));
#16632=CARTESIAN_POINT('Ctrl Pts',(42.1777774051436,1.63348001661343,-30.1810972970684));
#16633=CARTESIAN_POINT('Ctrl Pts',(42.4920108744728,1.,-31.1482084724523));
#16634=CARTESIAN_POINT('Ctrl Pts',(41.7102721266592,2.9,-28.7422639979344));
#16635=CARTESIAN_POINT('Ctrl Pts',(41.970878421448,2.26678176067417,-29.54432770109));
#16636=CARTESIAN_POINT('Ctrl Pts',(42.2314558968675,1.6334393481746,-30.3463027073476));
#16637=CARTESIAN_POINT('Ctrl Pts',(42.4920108744728,1.,-31.1482084724523));
#16638=CARTESIAN_POINT('Origin',(37.5,2.9,-15.7843787866876));
#16639=CARTESIAN_POINT('',(37.5,1.,-31.9388653208997));
#16640=CARTESIAN_POINT('Ctrl Pts',(37.5,0.999999999999998,-31.9388653208997));
#16641=CARTESIAN_POINT('Ctrl Pts',(37.5,1.63348103794259,-30.921982813877));
#16642=CARTESIAN_POINT('Ctrl Pts',(37.5,2.26682989051477,-29.9050200230388));
#16643=CARTESIAN_POINT('Ctrl Pts',(37.5,2.9,-28.8879486711929));
#16644=CARTESIAN_POINT('Ctrl Pts',(37.5,0.999999999999998,-31.9388653208997));
#16645=CARTESIAN_POINT('Ctrl Pts',(37.5,1.63343954896974,-31.0956914342139));
#16646=CARTESIAN_POINT('Ctrl Pts',(37.5,2.26678197858927,-30.252444987404));
#16647=CARTESIAN_POINT('Ctrl Pts',(37.5,2.9,-29.4091055923293));
#16648=CARTESIAN_POINT('Origin',(-32.5,2.9,32.1));
#16649=CARTESIAN_POINT('',(-32.5,1.,32.0365590846858));
#16650=CARTESIAN_POINT('',(-32.5,1.50503725206231,31.2283305317585));
#16651=CARTESIAN_POINT('',(-32.5,4.08562073062058E-14,33.3636039063063));
#16652=CARTESIAN_POINT('Origin',(-30.5,2.9,17.1));
#16653=CARTESIAN_POINT('',(-30.5,1.,32.0365590846858));
#16654=CARTESIAN_POINT('',(-30.5,2.9,28.9959234795079));
#16655=CARTESIAN_POINT('',(-30.5,8.24599259930607,20.4405469308405));
#16656=CARTESIAN_POINT('',(-30.5,2.9,29.5151739236071));
#16657=CARTESIAN_POINT('',(-30.5,4.08562073062058E-14,33.3636039063063));
#16658=CARTESIAN_POINT('',(-30.5,2.9,17.1));
#16659=CARTESIAN_POINT('Origin',(-25.5,2.9,32.1));
#16660=CARTESIAN_POINT('',(-25.5,2.9,28.9959234795079));
#16661=CARTESIAN_POINT('',(-25.5,1.,32.0365590846859));
#16662=CARTESIAN_POINT('',(-25.5,1.50503725206231,31.2283305317585));
#16663=CARTESIAN_POINT('',(-25.5,2.9,29.5151739236071));
#16664=CARTESIAN_POINT('',(-25.5,2.9,32.1));
#16665=CARTESIAN_POINT('',(-25.5,4.08562073062058E-14,33.3636039063063));
#16666=CARTESIAN_POINT('Origin',(-23.5,2.9,17.1));
#16667=CARTESIAN_POINT('',(-23.5,1.,32.0365590846858));
#16668=CARTESIAN_POINT('',(-23.5,2.9,28.9959234795079));
#16669=CARTESIAN_POINT('',(-23.5,8.24599259930607,20.4405469308405));
#16670=CARTESIAN_POINT('',(-23.5,2.9,29.5151739236071));
#16671=CARTESIAN_POINT('',(-23.5,4.08562073062058E-14,33.3636039063063));
#16672=CARTESIAN_POINT('',(-23.5,2.9,17.1));
#16673=CARTESIAN_POINT('Origin',(-18.5,2.9,32.1));
#16674=CARTESIAN_POINT('',(-18.5,2.9,28.9959234795079));
#16675=CARTESIAN_POINT('',(-18.5,1.,32.0365590846859));
#16676=CARTESIAN_POINT('',(-18.5,1.50503725206231,31.2283305317585));
#16677=CARTESIAN_POINT('',(-18.5,2.9,29.5151739236071));
#16678=CARTESIAN_POINT('',(-18.5,2.9,32.1));
#16679=CARTESIAN_POINT('',(-18.5,4.08562073062058E-14,33.3636039063063));
#16680=CARTESIAN_POINT('Origin',(-16.5,2.9,17.1));
#16681=CARTESIAN_POINT('',(-16.5,1.,32.0365590846858));
#16682=CARTESIAN_POINT('',(-16.5,2.9,28.9959234795079));
#16683=CARTESIAN_POINT('',(-16.5,8.24599259930607,20.4405469308405));
#16684=CARTESIAN_POINT('',(-16.5,2.9,29.5151739236071));
#16685=CARTESIAN_POINT('',(-16.5,4.08562073062058E-14,33.3636039063063));
#16686=CARTESIAN_POINT('',(-16.5,2.9,17.1));
#16687=CARTESIAN_POINT('Origin',(-11.5,2.9,32.1));
#16688=CARTESIAN_POINT('',(-11.5,2.9,28.9959234795079));
#16689=CARTESIAN_POINT('',(-11.5,1.,32.0365590846859));
#16690=CARTESIAN_POINT('',(-11.5,1.50503725206231,31.2283305317585));
#16691=CARTESIAN_POINT('',(-11.5,2.9,29.5151739236071));
#16692=CARTESIAN_POINT('',(-11.5,2.9,32.1));
#16693=CARTESIAN_POINT('',(-11.5,4.08562073062058E-14,33.3636039063063));
#16694=CARTESIAN_POINT('Origin',(-9.5,2.9,17.1));
#16695=CARTESIAN_POINT('',(-9.5,1.,32.0365590846858));
#16696=CARTESIAN_POINT('',(-9.5,2.9,28.9959234795079));
#16697=CARTESIAN_POINT('',(-9.5,8.24599259930607,20.4405469308405));
#16698=CARTESIAN_POINT('',(-9.5,2.9,29.5151739236071));
#16699=CARTESIAN_POINT('',(-9.5,4.08562073062058E-14,33.3636039063063));
#16700=CARTESIAN_POINT('',(-9.5,2.9,17.1));
#16701=CARTESIAN_POINT('Origin',(-4.5,2.9,32.1));
#16702=CARTESIAN_POINT('',(-4.5,2.9,28.9959234795079));
#16703=CARTESIAN_POINT('',(-4.5,1.,32.0365590846859));
#16704=CARTESIAN_POINT('',(-4.5,1.50503725206231,31.2283305317585));
#16705=CARTESIAN_POINT('',(-4.5,2.9,29.5151739236071));
#16706=CARTESIAN_POINT('',(-4.5,2.9,32.1));
#16707=CARTESIAN_POINT('',(-4.5,4.08562073062058E-14,33.3636039063063));
#16708=CARTESIAN_POINT('Origin',(-2.5,2.9,17.1));
#16709=CARTESIAN_POINT('',(-2.5,1.,32.0365590846858));
#16710=CARTESIAN_POINT('',(-2.5,2.9,28.9959234795079));
#16711=CARTESIAN_POINT('',(-2.5,8.24599259930607,20.4405469308405));
#16712=CARTESIAN_POINT('',(-2.5,2.9,29.5151739236071));
#16713=CARTESIAN_POINT('',(-2.5,4.08562073062058E-14,33.3636039063063));
#16714=CARTESIAN_POINT('',(-2.5,2.9,17.1));
#16715=CARTESIAN_POINT('Origin',(2.5,2.9,32.1));
#16716=CARTESIAN_POINT('',(2.5,2.9,28.9959234795079));
#16717=CARTESIAN_POINT('',(2.5,1.,32.0365590846859));
#16718=CARTESIAN_POINT('',(2.5,1.50503725206231,31.2283305317585));
#16719=CARTESIAN_POINT('',(2.5,2.9,29.5151739236071));
#16720=CARTESIAN_POINT('',(2.5,2.9,32.1));
#16721=CARTESIAN_POINT('',(2.5,4.08562073062058E-14,33.3636039063063));
#16722=CARTESIAN_POINT('Origin',(4.5,2.9,17.1));
#16723=CARTESIAN_POINT('',(4.5,1.,32.0365590846858));
#16724=CARTESIAN_POINT('',(4.5,2.9,28.9959234795079));
#16725=CARTESIAN_POINT('',(4.5,8.24599259930607,20.4405469308405));
#16726=CARTESIAN_POINT('',(4.5,2.9,29.5151739236071));
#16727=CARTESIAN_POINT('',(4.5,4.08562073062058E-14,33.3636039063063));
#16728=CARTESIAN_POINT('',(4.5,2.9,17.1));
#16729=CARTESIAN_POINT('Origin',(9.5,2.9,32.1));
#16730=CARTESIAN_POINT('',(9.5,2.9,28.9959234795079));
#16731=CARTESIAN_POINT('',(9.5,1.,32.0365590846859));
#16732=CARTESIAN_POINT('',(9.5,1.50503725206231,31.2283305317585));
#16733=CARTESIAN_POINT('',(9.5,2.9,29.5151739236071));
#16734=CARTESIAN_POINT('',(9.5,2.9,32.1));
#16735=CARTESIAN_POINT('',(9.5,4.08562073062058E-14,33.3636039063063));
#16736=CARTESIAN_POINT('Origin',(11.5,2.9,17.1));
#16737=CARTESIAN_POINT('',(11.5,1.,32.0365590846858));
#16738=CARTESIAN_POINT('',(11.5,2.9,28.9959234795079));
#16739=CARTESIAN_POINT('',(11.5,8.24599259930607,20.4405469308405));
#16740=CARTESIAN_POINT('',(11.5,2.9,29.5151739236071));
#16741=CARTESIAN_POINT('',(11.5,4.08562073062058E-14,33.3636039063063));
#16742=CARTESIAN_POINT('',(11.5,2.9,17.1));
#16743=CARTESIAN_POINT('Origin',(16.5,2.9,32.1));
#16744=CARTESIAN_POINT('',(16.5,2.9,28.9959234795079));
#16745=CARTESIAN_POINT('',(16.5,1.,32.0365590846859));
#16746=CARTESIAN_POINT('',(16.5,1.50503725206231,31.2283305317585));
#16747=CARTESIAN_POINT('',(16.5,2.9,29.5151739236071));
#16748=CARTESIAN_POINT('',(16.5,2.9,32.1));
#16749=CARTESIAN_POINT('',(16.5,4.08562073062058E-14,33.3636039063063));
#16750=CARTESIAN_POINT('Origin',(18.5,2.9,17.1));
#16751=CARTESIAN_POINT('',(18.5,1.,32.0365590846858));
#16752=CARTESIAN_POINT('',(18.5,2.9,28.9959234795079));
#16753=CARTESIAN_POINT('',(18.5,8.24599259930607,20.4405469308405));
#16754=CARTESIAN_POINT('',(18.5,2.9,29.5151739236071));
#16755=CARTESIAN_POINT('',(18.5,4.08562073062058E-14,33.3636039063063));
#16756=CARTESIAN_POINT('',(18.5,2.9,17.1));
#16757=CARTESIAN_POINT('Origin',(23.5,2.9,32.1));
#16758=CARTESIAN_POINT('',(23.5,2.9,28.9959234795079));
#16759=CARTESIAN_POINT('',(23.5,1.,32.0365590846859));
#16760=CARTESIAN_POINT('',(23.5,1.50503725206231,31.2283305317585));
#16761=CARTESIAN_POINT('',(23.5,2.9,29.5151739236071));
#16762=CARTESIAN_POINT('',(23.5,2.9,32.1));
#16763=CARTESIAN_POINT('',(23.5,4.08562073062058E-14,33.3636039063063));
#16764=CARTESIAN_POINT('Origin',(25.5,2.9,17.1));
#16765=CARTESIAN_POINT('',(25.5,1.,32.0365590846858));
#16766=CARTESIAN_POINT('',(25.5,2.9,28.9959234795079));
#16767=CARTESIAN_POINT('',(25.5,8.24599259930607,20.4405469308405));
#16768=CARTESIAN_POINT('',(25.5,2.9,29.5151739236071));
#16769=CARTESIAN_POINT('',(25.5,4.08562073062058E-14,33.3636039063063));
#16770=CARTESIAN_POINT('',(25.5,2.9,17.1));
#16771=CARTESIAN_POINT('Origin',(30.5,2.9,32.1));
#16772=CARTESIAN_POINT('',(30.5,2.9,28.9959234795079));
#16773=CARTESIAN_POINT('',(30.5,1.,32.0365590846859));
#16774=CARTESIAN_POINT('',(30.5,1.50503725206231,31.2283305317585));
#16775=CARTESIAN_POINT('',(30.5,2.9,29.5151739236071));
#16776=CARTESIAN_POINT('',(30.5,2.9,32.1));
#16777=CARTESIAN_POINT('',(30.5,4.08562073062058E-14,33.3636039063063));
#16778=CARTESIAN_POINT('Origin',(32.5,2.9,17.1));
#16779=CARTESIAN_POINT('',(32.5,1.,32.0365590846858));
#16780=CARTESIAN_POINT('',(32.5,8.24599259930607,20.4405469308405));
#16781=CARTESIAN_POINT('',(32.5,4.08562073062058E-14,33.3636039063063));
#16782=CARTESIAN_POINT('Origin',(32.5,2.9,-32.1));
#16783=CARTESIAN_POINT('',(32.5,1.,-32.0365590846858));
#16784=CARTESIAN_POINT('',(32.5,1.50503725206231,-31.2283305317585));
#16785=CARTESIAN_POINT('',(32.5,7.,-24.0742901549634));
#16786=CARTESIAN_POINT('Origin',(30.5,2.9,-17.1));
#16787=CARTESIAN_POINT('',(30.5,1.,-32.0365590846858));
#16788=CARTESIAN_POINT('',(30.5,2.9,-28.9959234795079));
#16789=CARTESIAN_POINT('',(30.5,8.24599259930607,-20.4405469308405));
#16790=CARTESIAN_POINT('',(30.5,2.9,-29.5151739236071));
#16791=CARTESIAN_POINT('',(30.5,7.,-24.0742901549634));
#16792=CARTESIAN_POINT('',(30.5,2.9,-17.1));
#16793=CARTESIAN_POINT('Origin',(25.5,2.9,-32.1));
#16794=CARTESIAN_POINT('',(25.5,2.9,-28.9959234795079));
#16795=CARTESIAN_POINT('',(25.5,1.,-32.0365590846858));
#16796=CARTESIAN_POINT('',(25.5,1.50503725206231,-31.2283305317585));
#16797=CARTESIAN_POINT('',(25.5,2.9,-29.5151739236071));
#16798=CARTESIAN_POINT('',(25.5,2.9,-32.1));
#16799=CARTESIAN_POINT('',(25.5,7.,-24.0742901549634));
#16800=CARTESIAN_POINT('Origin',(23.5,2.9,-17.1));
#16801=CARTESIAN_POINT('',(23.5,1.,-32.0365590846858));
#16802=CARTESIAN_POINT('',(23.5,2.9,-28.9959234795079));
#16803=CARTESIAN_POINT('',(23.5,8.24599259930607,-20.4405469308405));
#16804=CARTESIAN_POINT('',(23.5,2.9,-29.5151739236071));
#16805=CARTESIAN_POINT('',(23.5,7.,-24.0742901549634));
#16806=CARTESIAN_POINT('',(23.5,2.9,-17.1));
#16807=CARTESIAN_POINT('Origin',(18.5,2.9,-32.1));
#16808=CARTESIAN_POINT('',(18.5,2.9,-28.9959234795079));
#16809=CARTESIAN_POINT('',(18.5,1.,-32.0365590846858));
#16810=CARTESIAN_POINT('',(18.5,1.50503725206231,-31.2283305317585));
#16811=CARTESIAN_POINT('',(18.5,2.9,-29.5151739236071));
#16812=CARTESIAN_POINT('',(18.5,2.9,-32.1));
#16813=CARTESIAN_POINT('',(18.5,7.,-24.0742901549634));
#16814=CARTESIAN_POINT('Origin',(16.5,2.9,-17.1));
#16815=CARTESIAN_POINT('',(16.5,1.,-32.0365590846858));
#16816=CARTESIAN_POINT('',(16.5,2.9,-28.9959234795079));
#16817=CARTESIAN_POINT('',(16.5,8.24599259930607,-20.4405469308405));
#16818=CARTESIAN_POINT('',(16.5,2.9,-29.5151739236071));
#16819=CARTESIAN_POINT('',(16.5,7.,-24.0742901549634));
#16820=CARTESIAN_POINT('',(16.5,2.9,-17.1));
#16821=CARTESIAN_POINT('Origin',(11.5,2.9,-32.1));
#16822=CARTESIAN_POINT('',(11.5,2.9,-28.9959234795079));
#16823=CARTESIAN_POINT('',(11.5,1.,-32.0365590846858));
#16824=CARTESIAN_POINT('',(11.5,1.50503725206231,-31.2283305317585));
#16825=CARTESIAN_POINT('',(11.5,2.9,-29.5151739236071));
#16826=CARTESIAN_POINT('',(11.5,2.9,-32.1));
#16827=CARTESIAN_POINT('',(11.5,7.,-24.0742901549634));
#16828=CARTESIAN_POINT('Origin',(9.5,2.9,-17.1));
#16829=CARTESIAN_POINT('',(9.5,1.,-32.0365590846858));
#16830=CARTESIAN_POINT('',(9.5,2.9,-28.9959234795079));
#16831=CARTESIAN_POINT('',(9.5,8.24599259930607,-20.4405469308405));
#16832=CARTESIAN_POINT('',(9.5,2.9,-29.5151739236071));
#16833=CARTESIAN_POINT('',(9.5,7.,-24.0742901549634));
#16834=CARTESIAN_POINT('',(9.5,2.9,-17.1));
#16835=CARTESIAN_POINT('Origin',(4.5,2.9,-32.1));
#16836=CARTESIAN_POINT('',(4.5,2.9,-28.9959234795079));
#16837=CARTESIAN_POINT('',(4.5,1.,-32.0365590846858));
#16838=CARTESIAN_POINT('',(4.5,1.50503725206231,-31.2283305317585));
#16839=CARTESIAN_POINT('',(4.5,2.9,-29.5151739236071));
#16840=CARTESIAN_POINT('',(4.5,2.9,-32.1));
#16841=CARTESIAN_POINT('',(4.5,7.,-24.0742901549634));
#16842=CARTESIAN_POINT('Origin',(2.5,2.9,-17.1));
#16843=CARTESIAN_POINT('',(2.5,1.,-32.0365590846858));
#16844=CARTESIAN_POINT('',(2.5,2.9,-28.9959234795079));
#16845=CARTESIAN_POINT('',(2.5,8.24599259930607,-20.4405469308405));
#16846=CARTESIAN_POINT('',(2.5,2.9,-29.5151739236071));
#16847=CARTESIAN_POINT('',(2.5,7.,-24.0742901549634));
#16848=CARTESIAN_POINT('',(2.5,2.9,-17.1));
#16849=CARTESIAN_POINT('Origin',(-2.5,2.9,-32.1));
#16850=CARTESIAN_POINT('',(-2.5,2.9,-28.9959234795079));
#16851=CARTESIAN_POINT('',(-2.5,1.,-32.0365590846858));
#16852=CARTESIAN_POINT('',(-2.5,1.50503725206231,-31.2283305317585));
#16853=CARTESIAN_POINT('',(-2.5,2.9,-29.5151739236071));
#16854=CARTESIAN_POINT('',(-2.5,2.9,-32.1));
#16855=CARTESIAN_POINT('',(-2.5,7.,-24.0742901549634));
#16856=CARTESIAN_POINT('Origin',(-4.5,2.9,-17.1));
#16857=CARTESIAN_POINT('',(-4.5,1.,-32.0365590846858));
#16858=CARTESIAN_POINT('',(-4.5,2.9,-28.9959234795079));
#16859=CARTESIAN_POINT('',(-4.5,8.24599259930607,-20.4405469308405));
#16860=CARTESIAN_POINT('',(-4.5,2.9,-29.5151739236071));
#16861=CARTESIAN_POINT('',(-4.5,7.,-24.0742901549634));
#16862=CARTESIAN_POINT('',(-4.5,2.9,-17.1));
#16863=CARTESIAN_POINT('Origin',(-9.5,2.9,-32.1));
#16864=CARTESIAN_POINT('',(-9.5,2.9,-28.9959234795079));
#16865=CARTESIAN_POINT('',(-9.5,1.,-32.0365590846858));
#16866=CARTESIAN_POINT('',(-9.5,1.50503725206231,-31.2283305317585));
#16867=CARTESIAN_POINT('',(-9.5,2.9,-29.5151739236071));
#16868=CARTESIAN_POINT('',(-9.5,2.9,-32.1));
#16869=CARTESIAN_POINT('',(-9.5,7.,-24.0742901549634));
#16870=CARTESIAN_POINT('Origin',(-11.5,2.9,-17.1));
#16871=CARTESIAN_POINT('',(-11.5,1.,-32.0365590846858));
#16872=CARTESIAN_POINT('',(-11.5,2.9,-28.9959234795079));
#16873=CARTESIAN_POINT('',(-11.5,8.24599259930607,-20.4405469308405));
#16874=CARTESIAN_POINT('',(-11.5,2.9,-29.5151739236071));
#16875=CARTESIAN_POINT('',(-11.5,7.,-24.0742901549634));
#16876=CARTESIAN_POINT('',(-11.5,2.9,-17.1));
#16877=CARTESIAN_POINT('Origin',(-16.5,2.9,-32.1));
#16878=CARTESIAN_POINT('',(-16.5,2.9,-28.9959234795079));
#16879=CARTESIAN_POINT('',(-16.5,1.,-32.0365590846858));
#16880=CARTESIAN_POINT('',(-16.5,1.50503725206231,-31.2283305317585));
#16881=CARTESIAN_POINT('',(-16.5,2.9,-29.5151739236071));
#16882=CARTESIAN_POINT('',(-16.5,2.9,-32.1));
#16883=CARTESIAN_POINT('',(-16.5,7.,-24.0742901549634));
#16884=CARTESIAN_POINT('Origin',(-18.5,2.9,-17.1));
#16885=CARTESIAN_POINT('',(-18.5,1.,-32.0365590846858));
#16886=CARTESIAN_POINT('',(-18.5,2.9,-28.9959234795079));
#16887=CARTESIAN_POINT('',(-18.5,8.24599259930607,-20.4405469308405));
#16888=CARTESIAN_POINT('',(-18.5,2.9,-29.5151739236071));
#16889=CARTESIAN_POINT('',(-18.5,7.,-24.0742901549634));
#16890=CARTESIAN_POINT('',(-18.5,2.9,-17.1));
#16891=CARTESIAN_POINT('Origin',(-23.5,2.9,-32.1));
#16892=CARTESIAN_POINT('',(-23.5,2.9,-28.9959234795079));
#16893=CARTESIAN_POINT('',(-23.5,1.,-32.0365590846858));
#16894=CARTESIAN_POINT('',(-23.5,1.50503725206231,-31.2283305317585));
#16895=CARTESIAN_POINT('',(-23.5,2.9,-29.5151739236071));
#16896=CARTESIAN_POINT('',(-23.5,2.9,-32.1));
#16897=CARTESIAN_POINT('',(-23.5,7.,-24.0742901549634));
#16898=CARTESIAN_POINT('Origin',(-25.5,2.9,-17.1));
#16899=CARTESIAN_POINT('',(-25.5,1.,-32.0365590846858));
#16900=CARTESIAN_POINT('',(-25.5,2.9,-28.9959234795079));
#16901=CARTESIAN_POINT('',(-25.5,8.24599259930607,-20.4405469308405));
#16902=CARTESIAN_POINT('',(-25.5,2.9,-29.5151739236071));
#16903=CARTESIAN_POINT('',(-25.5,7.,-24.0742901549634));
#16904=CARTESIAN_POINT('',(-25.5,2.9,-17.1));
#16905=CARTESIAN_POINT('Origin',(-30.5,2.9,-32.1));
#16906=CARTESIAN_POINT('',(-30.5,2.9,-28.9959234795079));
#16907=CARTESIAN_POINT('',(-30.5,1.,-32.0365590846858));
#16908=CARTESIAN_POINT('',(-30.5,1.50503725206231,-31.2283305317585));
#16909=CARTESIAN_POINT('',(-30.5,2.9,-29.5151739236071));
#16910=CARTESIAN_POINT('',(-30.5,2.9,-32.1));
#16911=CARTESIAN_POINT('',(-30.5,7.,-24.0742901549634));
#16912=CARTESIAN_POINT('Origin',(-32.5,2.9,-17.1));
#16913=CARTESIAN_POINT('',(-32.5,1.,-32.0365590846858));
#16914=CARTESIAN_POINT('',(-32.5,8.24599259930607,-20.4405469308405));
#16915=CARTESIAN_POINT('',(-32.5,7.,-24.0742901549634));
#16916=CARTESIAN_POINT('Origin',(0.,2.9,0.));
#16917=CARTESIAN_POINT('',(0.,2.9,28.9959234795079));
#16918=CARTESIAN_POINT('',(35.,2.9,29.5151739236071));
#16919=CARTESIAN_POINT('Origin',(0.,2.9,0.));
#16920=CARTESIAN_POINT('',(0.,2.9,28.9959234795079));
#16921=CARTESIAN_POINT('',(35.,2.9,29.5151739236071));
#16922=CARTESIAN_POINT('Origin',(0.,2.9,0.));
#16923=CARTESIAN_POINT('',(0.,2.9,28.9959234795079));
#16924=CARTESIAN_POINT('',(35.,2.9,29.5151739236071));
#16925=CARTESIAN_POINT('Origin',(0.,2.9,0.));
#16926=CARTESIAN_POINT('',(0.,2.9,28.9959234795079));
#16927=CARTESIAN_POINT('',(35.,2.9,29.5151739236071));
#16928=CARTESIAN_POINT('Origin',(0.,2.9,0.));
#16929=CARTESIAN_POINT('',(0.,2.9,28.9959234795079));
#16930=CARTESIAN_POINT('',(35.,2.9,29.5151739236071));
#16931=CARTESIAN_POINT('Origin',(0.,2.9,0.));
#16932=CARTESIAN_POINT('',(0.,2.9,28.9959234795079));
#16933=CARTESIAN_POINT('',(35.,2.9,29.5151739236071));
#16934=CARTESIAN_POINT('Origin',(0.,2.9,0.));
#16935=CARTESIAN_POINT('',(0.,2.9,28.9959234795079));
#16936=CARTESIAN_POINT('',(35.,2.9,29.5151739236071));
#16937=CARTESIAN_POINT('Origin',(0.,2.9,0.));
#16938=CARTESIAN_POINT('',(0.,2.9,28.9959234795079));
#16939=CARTESIAN_POINT('',(35.,2.9,29.5151739236071));
#16940=CARTESIAN_POINT('Origin',(0.,2.9,0.));
#16941=CARTESIAN_POINT('',(0.,2.9,28.9959234795079));
#16942=CARTESIAN_POINT('',(35.,2.9,29.5151739236071));
#16943=CARTESIAN_POINT('Origin',(0.,2.9,0.));
#16944=CARTESIAN_POINT('',(0.,2.9,-28.9959234795079));
#16945=CARTESIAN_POINT('',(35.,2.9,-29.5151739236071));
#16946=CARTESIAN_POINT('Origin',(0.,2.9,0.));
#16947=CARTESIAN_POINT('',(0.,2.9,-28.9959234795079));
#16948=CARTESIAN_POINT('',(35.,2.9,-29.5151739236071));
#16949=CARTESIAN_POINT('Origin',(0.,2.9,0.));
#16950=CARTESIAN_POINT('',(0.,2.9,-28.9959234795079));
#16951=CARTESIAN_POINT('',(35.,2.9,-29.5151739236071));
#16952=CARTESIAN_POINT('Origin',(0.,2.9,0.));
#16953=CARTESIAN_POINT('',(0.,2.9,-28.9959234795079));
#16954=CARTESIAN_POINT('',(35.,2.9,-29.5151739236071));
#16955=CARTESIAN_POINT('Origin',(0.,2.9,0.));
#16956=CARTESIAN_POINT('',(0.,2.9,-28.9959234795079));
#16957=CARTESIAN_POINT('',(35.,2.9,-29.5151739236071));
#16958=CARTESIAN_POINT('Origin',(0.,2.9,0.));
#16959=CARTESIAN_POINT('',(0.,2.9,-28.9959234795079));
#16960=CARTESIAN_POINT('',(35.,2.9,-29.5151739236071));
#16961=CARTESIAN_POINT('Origin',(0.,2.9,0.));
#16962=CARTESIAN_POINT('',(0.,2.9,-28.9959234795079));
#16963=CARTESIAN_POINT('',(35.,2.9,-29.5151739236071));
#16964=CARTESIAN_POINT('Origin',(0.,2.9,0.));
#16965=CARTESIAN_POINT('',(0.,2.9,-28.9959234795079));
#16966=CARTESIAN_POINT('',(35.,2.9,-29.5151739236071));
#16967=CARTESIAN_POINT('Origin',(0.,2.9,0.));
#16968=CARTESIAN_POINT('',(0.,2.9,-28.9959234795079));
#16969=CARTESIAN_POINT('',(35.,2.9,-29.5151739236071));
#16970=CARTESIAN_POINT('Origin',(0.,20.2701705922172,0.));
#16971=CARTESIAN_POINT('',(-5.5,19.,9.52627944162883));
#16972=CARTESIAN_POINT('',(-11.,19.9824803722475,6.35085296108588));
#16973=CARTESIAN_POINT('Ctrl Pts',(-5.49999999999999,19.,9.52627944162882));
#16974=CARTESIAN_POINT('Ctrl Pts',(-8.05255888325158,19.,8.05255888326115));
#16975=CARTESIAN_POINT('Ctrl Pts',(-10.9999999999849,19.9824803722424,6.3508529610946));
#16976=CARTESIAN_POINT('',(-11.,19.,0.));
#16977=CARTESIAN_POINT('Ctrl Pts',(-11.,19.9824803723181,6.35085296133043));
#16978=CARTESIAN_POINT('Ctrl Pts',(-11.,19.,2.94744111684064));
#16979=CARTESIAN_POINT('Ctrl Pts',(-11.,19.,3.14444893945777E-15));
#16980=CARTESIAN_POINT('Origin',(0.,19.,0.));
#16981=CARTESIAN_POINT('Origin',(0.,20.2701705922172,0.));
#16982=CARTESIAN_POINT('',(-5.5,19.,-9.52627944162883));
#16983=CARTESIAN_POINT('Origin',(0.,19.,0.));
#16984=CARTESIAN_POINT('',(-11.,19.9824803722475,-6.35085296108588));
#16985=CARTESIAN_POINT('Ctrl Pts',(-11.,19.,3.14444893945777E-15));
#16986=CARTESIAN_POINT('Ctrl Pts',(-11.,19.,-2.94744111673533));
#16987=CARTESIAN_POINT('Ctrl Pts',(-11.,19.9824803722424,-6.35085296106843));
#16988=CARTESIAN_POINT('Ctrl Pts',(-11.0000000002118,19.9824803723181,-6.35085296096364));
#16989=CARTESIAN_POINT('Ctrl Pts',(-8.05255888334279,19.0000000000001,-8.05255888320853));
#16990=CARTESIAN_POINT('Ctrl Pts',(-5.50000000000002,19.0000000000001,-9.52627944162886));
#16991=CARTESIAN_POINT('Origin',(0.,20.2701705922172,0.));
#16992=CARTESIAN_POINT('',(5.5,19.,-9.52627944162883));
#16993=CARTESIAN_POINT('Origin',(0.,19.,0.));
#16994=CARTESIAN_POINT('',(0.,19.9824803722475,-12.7017059221718));
#16995=CARTESIAN_POINT('Ctrl Pts',(-5.50000000000002,19.0000000000001,-9.52627944162886));
#16996=CARTESIAN_POINT('Ctrl Pts',(-2.94744111674843,19.0000000000001,-10.9999999999965));
#16997=CARTESIAN_POINT('Ctrl Pts',(-1.51064804300562E-11,19.9824803722425,
-12.7017059221631));
#16998=CARTESIAN_POINT('Ctrl Pts',(-2.11821024130817E-10,19.9824803723181,
-12.7017059222941));
#16999=CARTESIAN_POINT('Ctrl Pts',(2.94744111665721,19.,-11.0000000000492));
#17000=CARTESIAN_POINT('Ctrl Pts',(5.49999999999999,19.,-9.52627944162882));
#17001=CARTESIAN_POINT('Origin',(0.,20.2701705922172,0.));
#17002=CARTESIAN_POINT('',(11.,19.,0.));
#17003=CARTESIAN_POINT('Origin',(0.,19.,0.));
#17004=CARTESIAN_POINT('',(11.,19.9824803722475,-6.35085296108588));
#17005=CARTESIAN_POINT('Ctrl Pts',(5.49999999999999,19.,-9.52627944162882));
#17006=CARTESIAN_POINT('Ctrl Pts',(8.05255888325158,19.,-8.05255888326115));
#17007=CARTESIAN_POINT('Ctrl Pts',(10.9999999999849,19.9824803722424,-6.3508529610946));
#17008=CARTESIAN_POINT('Ctrl Pts',(11.,19.9824803723181,-6.35085296133043));
#17009=CARTESIAN_POINT('Ctrl Pts',(11.,19.,-2.94744111684064));
#17010=CARTESIAN_POINT('Ctrl Pts',(11.,19.,-3.14444893945777E-15));
#17011=CARTESIAN_POINT('Origin',(0.,20.2701705922172,0.));
#17012=CARTESIAN_POINT('',(5.5,19.,9.52627944162883));
#17013=CARTESIAN_POINT('Origin',(0.,19.,0.));
#17014=CARTESIAN_POINT('',(11.,19.9824803722475,6.35085296108588));
#17015=CARTESIAN_POINT('Ctrl Pts',(11.,19.,-3.14444893945777E-15));
#17016=CARTESIAN_POINT('Ctrl Pts',(11.,19.,2.94744111673533));
#17017=CARTESIAN_POINT('Ctrl Pts',(11.,19.9824803722424,6.35085296106843));
#17018=CARTESIAN_POINT('Ctrl Pts',(11.0000000002118,19.9824803723181,6.35085296096364));
#17019=CARTESIAN_POINT('Ctrl Pts',(8.05255888334279,19.0000000000001,8.05255888320853));
#17020=CARTESIAN_POINT('Ctrl Pts',(5.50000000000002,19.0000000000001,9.52627944162886));
#17021=CARTESIAN_POINT('Origin',(35.,16.0855306503703,20.));
#17022=CARTESIAN_POINT('',(-35.,16.0855306503703,20.));
#17023=CARTESIAN_POINT('',(-35.,4.14483262526725E-14,35.));
#17024=CARTESIAN_POINT('',(-35.,16.0855306503703,20.));
#17025=CARTESIAN_POINT('',(35.,4.2632564145606E-14,35.));
#17026=CARTESIAN_POINT('',(35.,4.2632564145606E-14,35.));
#17027=CARTESIAN_POINT('',(35.,16.0855306503703,20.));
#17028=CARTESIAN_POINT('',(35.,16.0855306503703,20.));
#17029=CARTESIAN_POINT('',(35.,16.0855306503703,20.));
#17030=CARTESIAN_POINT('Origin',(35.,4.08562073062058E-14,33.3636039063063));
#17031=CARTESIAN_POINT('',(35.,1.,32.0365590846858));
#17032=CARTESIAN_POINT('',(35.,1.,32.0365590846859));
#17033=CARTESIAN_POINT('',(35.,4.08562073062058E-14,33.3636039063063));
#17034=CARTESIAN_POINT('',(35.,4.08562073062058E-14,33.3636039063063));
#17035=CARTESIAN_POINT('',(-35.,3.9510443990672E-14,33.3636039063063));
#17036=CARTESIAN_POINT('',(35.,4.08562073062058E-14,33.3636039063063));
#17037=CARTESIAN_POINT('',(-35.,1.,32.0365590846858));
#17038=CARTESIAN_POINT('',(-35.,4.08562073062058E-14,33.3636039063063));
#17039=CARTESIAN_POINT('',(35.,1.,32.0365590846859));
#17040=CARTESIAN_POINT('',(-35.,4.08562073062058E-14,33.3636039063063));
#17041=CARTESIAN_POINT('',(35.,4.08562073062058E-14,33.3636039063063));
#17042=CARTESIAN_POINT('',(35.,1.,32.0365590846859));
#17043=CARTESIAN_POINT('',(35.,1.,32.0365590846859));
#17044=CARTESIAN_POINT('',(35.,1.,32.0365590846859));
#17045=CARTESIAN_POINT('',(35.,1.,32.0365590846859));
#17046=CARTESIAN_POINT('',(35.,1.,32.0365590846859));
#17047=CARTESIAN_POINT('',(35.,1.,32.0365590846859));
#17048=CARTESIAN_POINT('',(35.,1.,32.0365590846859));
#17049=CARTESIAN_POINT('',(35.,1.,32.0365590846859));
#17050=CARTESIAN_POINT('',(35.,1.,32.0365590846859));
#17051=CARTESIAN_POINT('Origin',(35.,7.,-24.0742901549634));
#17052=CARTESIAN_POINT('',(35.,1.,-32.0365590846858));
#17053=CARTESIAN_POINT('',(35.,1.,-32.0365590846858));
#17054=CARTESIAN_POINT('',(35.,7.,-24.0742901549634));
#17055=CARTESIAN_POINT('',(-35.,7.,-24.0742901549634));
#17056=CARTESIAN_POINT('',(-35.,1.,-32.0365590846858));
#17057=CARTESIAN_POINT('',(35.,1.,-32.0365590846858));
#17058=CARTESIAN_POINT('',(-35.,0.,-33.3636039063063));
#17059=CARTESIAN_POINT('',(-35.,7.,-24.0742901549634));
#17060=CARTESIAN_POINT('',(35.,0.,-33.3636039063063));
#17061=CARTESIAN_POINT('',(35.,0.,-33.3636039063063));
#17062=CARTESIAN_POINT('',(35.,7.,-24.0742901549634));
#17063=CARTESIAN_POINT('',(35.,1.,-32.0365590846858));
#17064=CARTESIAN_POINT('',(35.,1.,-32.0365590846858));
#17065=CARTESIAN_POINT('',(35.,1.,-32.0365590846858));
#17066=CARTESIAN_POINT('',(35.,1.,-32.0365590846858));
#17067=CARTESIAN_POINT('',(35.,1.,-32.0365590846858));
#17068=CARTESIAN_POINT('',(35.,1.,-32.0365590846858));
#17069=CARTESIAN_POINT('',(35.,1.,-32.0365590846858));
#17070=CARTESIAN_POINT('',(35.,1.,-32.0365590846858));
#17071=CARTESIAN_POINT('',(35.,1.,-32.0365590846858));
#17072=CARTESIAN_POINT('Origin',(35.,0.,-33.3636039063063));
#17073=CARTESIAN_POINT('',(-35.,0.,-35.));
#17074=CARTESIAN_POINT('Origin',(-35.,2.08166817117217E-14,1.12502599828682E-14));
#17075=CARTESIAN_POINT('',(35.,0.,-35.));
#17076=CARTESIAN_POINT('',(35.,0.,-35.));
#17077=CARTESIAN_POINT('Origin',(35.,2.08166817117217E-14,1.12502599828682E-14));
#17078=CARTESIAN_POINT('Origin',(-35.,1.99493199737333E-14,1.12502599828682E-14));
#17079=CARTESIAN_POINT('Origin',(35.,1.99493199737333E-14,1.12502599828682E-14));
#17080=CARTESIAN_POINT('Origin',(35.,0.,-35.));
#17081=CARTESIAN_POINT('',(-35.,16.0855306503702,-20.));
#17082=CARTESIAN_POINT('',(-35.,0.,-35.));
#17083=CARTESIAN_POINT('',(35.,16.0855306503702,-20.));
#17084=CARTESIAN_POINT('',(35.,16.0855306503702,-20.));
#17085=CARTESIAN_POINT('',(35.,0.,-35.));
#17086=CARTESIAN_POINT('Origin',(35.,16.0855306503702,-20.));
#17087=CARTESIAN_POINT('',(-35.,19.,-20.));
#17088=CARTESIAN_POINT('',(-35.,16.0855306503702,-20.));
#17089=CARTESIAN_POINT('',(35.,19.,-20.));
#17090=CARTESIAN_POINT('',(35.,19.,-20.));
#17091=CARTESIAN_POINT('',(35.,16.0855306503702,-20.));
#17092=CARTESIAN_POINT('Origin',(35.,19.,-20.));
#17093=CARTESIAN_POINT('',(35.,19.,20.));
#17094=CARTESIAN_POINT('',(-35.,19.,20.));
#17095=CARTESIAN_POINT('',(35.,19.,20.));
#17096=CARTESIAN_POINT('Origin',(35.,19.,-7.70371977754894E-30));
#17097=CARTESIAN_POINT('Origin',(-35.,19.,-7.70371977754894E-30));
#17098=CARTESIAN_POINT('Origin',(0.,19.,0.));
#17099=CARTESIAN_POINT('Origin',(35.,19.,20.));
#17100=CARTESIAN_POINT('',(-35.,19.,20.));
#17101=CARTESIAN_POINT('',(35.,19.,20.));
#17102=CARTESIAN_POINT('Origin',(35.,7.,7.105427357601E-15));
#17103=CARTESIAN_POINT('Origin',(35.,16.0855306503703,1.7257125208124E-15));
#17104=CARTESIAN_POINT('Origin',(35.,16.0855306503703,1.7257125208124E-15));
#17105=CARTESIAN_POINT('Origin',(35.,1.99493199737333E-14,1.12502599828682E-14));
#17106=CARTESIAN_POINT('Origin',(35.,1.,3.58314562233563E-14));
#17107=CARTESIAN_POINT('Origin',(35.,1.,3.58314562233563E-14));
#17108=CARTESIAN_POINT('Origin',(35.,1.,3.58314562233563E-14));
#17109=CARTESIAN_POINT('Origin',(35.,1.,3.58314562233563E-14));
#17110=CARTESIAN_POINT('Origin',(35.,1.,3.58314562233563E-14));
#17111=CARTESIAN_POINT('Origin',(35.,1.,3.58314562233563E-14));
#17112=CARTESIAN_POINT('Origin',(35.,1.,3.58314562233563E-14));
#17113=CARTESIAN_POINT('Origin',(35.,1.,3.58314562233563E-14));
#17114=CARTESIAN_POINT('Origin',(35.,1.,3.58314562233563E-14));
#17115=CARTESIAN_POINT('Origin',(35.,1.,3.58314562233563E-14));
#17116=CARTESIAN_POINT('Origin',(35.,1.,3.58314562233563E-14));
#17117=CARTESIAN_POINT('Origin',(-35.,7.,7.105427357601E-15));
#17118=CARTESIAN_POINT('Origin',(-35.,16.0855306503703,1.7257125208124E-15));
#17119=CARTESIAN_POINT('Origin',(-35.,16.0855306503703,1.7257125208124E-15));
#17120=CARTESIAN_POINT('Origin',(-35.,1.99493199737333E-14,1.12502599828682E-14));
#17121=CARTESIAN_POINT('Origin',(-35.,1.,3.58314562233563E-14));
#17122=CARTESIAN_POINT('Origin',(-35.,1.,3.58314562233563E-14));
#17123=CARTESIAN_POINT('Origin',(-35.,1.,3.58314562233563E-14));
#17124=CARTESIAN_POINT('Origin',(-35.,1.,3.58314562233563E-14));
#17125=CARTESIAN_POINT('Origin',(-35.,1.,3.58314562233563E-14));
#17126=CARTESIAN_POINT('Origin',(-35.,1.,3.58314562233563E-14));
#17127=CARTESIAN_POINT('Origin',(-35.,1.,3.58314562233563E-14));
#17128=CARTESIAN_POINT('Origin',(-35.,1.,3.58314562233563E-14));
#17129=CARTESIAN_POINT('Origin',(-35.,1.,3.58314562233563E-14));
#17130=CARTESIAN_POINT('Origin',(-35.,1.,3.58314562233563E-14));
#17131=CARTESIAN_POINT('Origin',(-35.,1.,3.58314562233563E-14));
#17132=CARTESIAN_POINT('Origin',(0.,20.2701705922172,0.));
#17133=CARTESIAN_POINT('',(0.,19.9824803722475,12.7017059221718));
#17134=CARTESIAN_POINT('Ctrl Pts',(5.50000000000002,19.0000000000001,9.52627944162886));
#17135=CARTESIAN_POINT('Ctrl Pts',(2.94744111674843,19.0000000000001,10.9999999999965));
#17136=CARTESIAN_POINT('Ctrl Pts',(1.51064804300562E-11,19.9824803722425,
12.7017059221631));
#17137=CARTESIAN_POINT('Ctrl Pts',(2.11821024130817E-10,19.9824803723181,
12.7017059222941));
#17138=CARTESIAN_POINT('Ctrl Pts',(-2.94744111665721,19.,11.0000000000492));
#17139=CARTESIAN_POINT('Ctrl Pts',(-5.49999999999999,19.,9.52627944162882));
#17140=CARTESIAN_POINT('Origin',(-11.,34.,-6.35085296108588));
#17141=CARTESIAN_POINT('',(-11.,33.0175196277526,-6.35085296108588));
#17142=CARTESIAN_POINT('',(-11.,34.,-6.35085296108588));
#17143=CARTESIAN_POINT('',(-11.,33.0175196277526,6.35085296108588));
#17144=CARTESIAN_POINT('',(-11.,34.,6.35085296108588));
#17145=CARTESIAN_POINT('',(-11.,34.,0.));
#17146=CARTESIAN_POINT('Ctrl Pts',(-11.,34.,-1.88666936367466E-14));
#17147=CARTESIAN_POINT('Ctrl Pts',(-11.,34.,2.94744111684066));
#17148=CARTESIAN_POINT('Ctrl Pts',(-11.,33.0175196276819,6.3508529613305));
#17149=CARTESIAN_POINT('Ctrl Pts',(-11.,33.0175196277576,-6.35085296106842));
#17150=CARTESIAN_POINT('Ctrl Pts',(-11.,34.,-2.94744111673534));
#17151=CARTESIAN_POINT('Ctrl Pts',(-11.,34.,-1.88666936367466E-14));
#17152=CARTESIAN_POINT('Origin',(0.,34.,-12.7017059221718));
#17153=CARTESIAN_POINT('',(0.,33.0175196277526,-12.7017059221718));
#17154=CARTESIAN_POINT('',(0.,34.,-12.7017059221718));
#17155=CARTESIAN_POINT('',(-5.5,34.,-9.52627944162883));
#17156=CARTESIAN_POINT('Ctrl Pts',(-5.50000000000002,34.,-9.52627944162885));
#17157=CARTESIAN_POINT('Ctrl Pts',(-8.0525588833428,34.,-8.05255888320853));
#17158=CARTESIAN_POINT('Ctrl Pts',(-11.0000000002118,33.0175196276819,-6.35085296096363));
#17159=CARTESIAN_POINT('Ctrl Pts',(-1.51234187946131E-11,33.0175196277576,
-12.7017059221631));
#17160=CARTESIAN_POINT('Ctrl Pts',(-2.94744111674844,34.,-10.9999999999965));
#17161=CARTESIAN_POINT('Ctrl Pts',(-5.50000000000002,34.,-9.52627944162885));
#17162=CARTESIAN_POINT('Origin',(11.,34.,-6.35085296108588));
#17163=CARTESIAN_POINT('',(11.,33.0175196277526,-6.35085296108588));
#17164=CARTESIAN_POINT('',(11.,34.,-6.35085296108588));
#17165=CARTESIAN_POINT('',(5.5,34.,-9.52627944162883));
#17166=CARTESIAN_POINT('Ctrl Pts',(5.49999999999998,34.,-9.52627944162884));
#17167=CARTESIAN_POINT('Ctrl Pts',(2.94744111665721,34.,-11.0000000000492));
#17168=CARTESIAN_POINT('Ctrl Pts',(-2.1179985117512E-10,33.017519627682,
-12.7017059222941));
#17169=CARTESIAN_POINT('Ctrl Pts',(10.9999999999849,33.0175196277576,-6.35085296109461));
#17170=CARTESIAN_POINT('Ctrl Pts',(8.05255888325157,34.,-8.05255888326116));
#17171=CARTESIAN_POINT('Ctrl Pts',(5.49999999999998,34.,-9.52627944162884));
#17172=CARTESIAN_POINT('Origin',(11.,34.,6.35085296108588));
#17173=CARTESIAN_POINT('',(11.,33.0175196277526,6.35085296108588));
#17174=CARTESIAN_POINT('',(11.,34.,6.35085296108588));
#17175=CARTESIAN_POINT('',(11.,34.,0.));
#17176=CARTESIAN_POINT('Ctrl Pts',(11.,34.,1.88666936367466E-14));
#17177=CARTESIAN_POINT('Ctrl Pts',(11.,34.,-2.94744111684066));
#17178=CARTESIAN_POINT('Ctrl Pts',(11.,33.0175196276819,-6.3508529613305));
#17179=CARTESIAN_POINT('Ctrl Pts',(11.,33.0175196277576,6.35085296106842));
#17180=CARTESIAN_POINT('Ctrl Pts',(11.,34.,2.94744111673534));
#17181=CARTESIAN_POINT('Ctrl Pts',(11.,34.,1.88666936367466E-14));
#17182=CARTESIAN_POINT('Origin',(0.,34.,12.7017059221718));
#17183=CARTESIAN_POINT('',(-5.57640455387888E-16,33.0175196277526,12.7017059221718));
#17184=CARTESIAN_POINT('',(0.,34.,12.7017059221718));
#17185=CARTESIAN_POINT('',(5.5,34.,9.52627944162883));
#17186=CARTESIAN_POINT('Ctrl Pts',(5.50000000000002,34.,9.52627944162885));
#17187=CARTESIAN_POINT('Ctrl Pts',(8.0525588833428,34.,8.05255888320853));
#17188=CARTESIAN_POINT('Ctrl Pts',(11.0000000002118,33.0175196276819,6.35085296096363));
#17189=CARTESIAN_POINT('Ctrl Pts',(1.51234187946131E-11,33.0175196277576,
12.7017059221631));
#17190=CARTESIAN_POINT('Ctrl Pts',(2.94744111674844,34.,10.9999999999965));
#17191=CARTESIAN_POINT('Ctrl Pts',(5.50000000000002,34.,9.52627944162885));
#17192=CARTESIAN_POINT('Origin',(-11.,34.,6.35085296108588));
#17193=CARTESIAN_POINT('',(-5.5,34.,9.52627944162883));
#17194=CARTESIAN_POINT('Ctrl Pts',(-5.49999999999998,34.,9.52627944162884));
#17195=CARTESIAN_POINT('Ctrl Pts',(-2.94744111665721,34.,11.0000000000492));
#17196=CARTESIAN_POINT('Ctrl Pts',(2.11814248784994E-10,33.017519627682,
12.7017059222941));
#17197=CARTESIAN_POINT('Ctrl Pts',(-10.9999999999849,33.0175196277576,6.35085296109461));
#17198=CARTESIAN_POINT('Ctrl Pts',(-8.05255888325157,34.,8.05255888326116));
#17199=CARTESIAN_POINT('Ctrl Pts',(-5.49999999999998,34.,9.52627944162884));
#17200=CARTESIAN_POINT('Origin',(0.,34.,0.));
#17201=CARTESIAN_POINT('Origin',(0.,34.,0.));
#17202=CARTESIAN_POINT('Origin',(0.,34.,0.));
#17203=CARTESIAN_POINT('Origin',(0.,34.,0.));
#17204=CARTESIAN_POINT('Origin',(0.,34.,0.));
#17205=CARTESIAN_POINT('Origin',(0.,34.,0.));
#17206=CARTESIAN_POINT('Origin',(0.,34.,0.));
#17207=CARTESIAN_POINT('Origin',(0.,34.,0.));
#17208=CARTESIAN_POINT('Origin',(0.,34.,0.));
#17209=CARTESIAN_POINT('Origin',(0.,34.,0.));
#17210=CARTESIAN_POINT('Origin',(0.,34.,0.));
#17211=CARTESIAN_POINT('Origin',(0.,34.,0.));
#17212=CARTESIAN_POINT('',(0.,34.,-8.331));
#17213=CARTESIAN_POINT('Origin',(0.,34.,0.));
#17214=CARTESIAN_POINT('Origin',(0.,34.,0.));
#17215=CARTESIAN_POINT('Origin',(0.,34.,0.));
#17216=CARTESIAN_POINT('',(0.,33.144,-7.475));
#17217=CARTESIAN_POINT('',(-9.15423482362646E-16,33.144,7.475));
#17218=CARTESIAN_POINT('Origin',(0.,33.144,0.));
#17219=CARTESIAN_POINT('Origin',(0.,33.144,0.));
#17220=CARTESIAN_POINT('',(-1.02025324836966E-15,34.,-8.331));
#17221=CARTESIAN_POINT('Origin',(0.,22.,0.));
#17222=CARTESIAN_POINT('',(-9.15423482362646E-16,22.000627241952,7.475));
#17223=CARTESIAN_POINT('',(-9.15423482362646E-16,22.,7.475));
#17224=CARTESIAN_POINT('',(0.,22.000627241952,-7.475));
#17225=CARTESIAN_POINT('Origin',(0.,22.000627241952,0.));
#17226=CARTESIAN_POINT('Origin',(0.,22.000627241952,0.));
#17227=CARTESIAN_POINT('Origin',(0.,16.15,0.));
#17228=CARTESIAN_POINT('',(-7.00804130812073E-16,16.15,5.7225));
#17229=CARTESIAN_POINT('Origin',(0.,16.15,0.));
#17230=CARTESIAN_POINT('',(-6.85802207522518E-16,16.15,5.6));
#17231=CARTESIAN_POINT('Origin',(0.,16.15,0.));
#17232=CARTESIAN_POINT('Origin',(0.,7.,0.));
#17233=CARTESIAN_POINT('',(0.,9.5,5.7225));
#17234=CARTESIAN_POINT('',(-7.00804130812073E-16,7.,5.7225));
#17235=CARTESIAN_POINT('Origin',(0.,9.5,0.));
#17236=CARTESIAN_POINT('Origin',(0.,22.,0.));
#17237=CARTESIAN_POINT('',(0.,19.,-5.6));
#17238=CARTESIAN_POINT('',(-6.85802207522518E-16,19.,5.6));
#17239=CARTESIAN_POINT('Origin',(0.,19.,0.));
#17240=CARTESIAN_POINT('Origin',(0.,19.,0.));
#17241=CARTESIAN_POINT('',(-9.15375483032828E-16,22.,-7.47460805572797));
#17242=CARTESIAN_POINT('Origin',(0.,7.,0.));
#17243=CARTESIAN_POINT('',(-6.85802207522518E-16,7.,5.6));
#17244=CARTESIAN_POINT('Origin',(35.,1.,-32.0365590846858));
#17245=CARTESIAN_POINT('',(-35.,1.,-32.0365590846858));
#17246=CARTESIAN_POINT('Origin',(35.,5.,25.6352209685217));
#17247=CARTESIAN_POINT('',(-35.,5.,25.6352209685217));
#17248=CARTESIAN_POINT('Origin',(35.,1.,-32.0365590846858));
#17249=CARTESIAN_POINT('',(35.,1.,-32.0365590846858));
#17250=CARTESIAN_POINT('Origin',(35.,5.,25.6352209685217));
#17251=CARTESIAN_POINT('',(35.,5.,25.6352209685217));
#17252=CARTESIAN_POINT('Origin',(35.,1.,-32.0365590846858));
#17253=CARTESIAN_POINT('Origin',(35.,1.,-32.0365590846858));
#17254=CARTESIAN_POINT('Origin',(35.,1.,-32.0365590846858));
#17255=CARTESIAN_POINT('Origin',(35.,1.,-32.0365590846858));
#17256=CARTESIAN_POINT('Origin',(35.,1.,-32.0365590846858));
#17257=CARTESIAN_POINT('Origin',(35.,1.,-32.0365590846858));
#17258=CARTESIAN_POINT('Origin',(35.,1.,-32.0365590846858));
#17259=CARTESIAN_POINT('Origin',(35.,1.,-32.0365590846858));
#17260=CARTESIAN_POINT('Origin',(35.,1.,-32.0365590846858));
#17261=CARTESIAN_POINT('Origin',(35.,5.,25.6352209685217));
#17262=CARTESIAN_POINT('Origin',(35.,5.,25.6352209685217));
#17263=CARTESIAN_POINT('Origin',(35.,5.,25.6352209685217));
#17264=CARTESIAN_POINT('Origin',(35.,5.,25.6352209685217));
#17265=CARTESIAN_POINT('Origin',(35.,5.,25.6352209685217));
#17266=CARTESIAN_POINT('Origin',(35.,5.,25.6352209685217));
#17267=CARTESIAN_POINT('Origin',(35.,5.,25.6352209685217));
#17268=CARTESIAN_POINT('Origin',(35.,5.,25.6352209685217));
#17269=CARTESIAN_POINT('Origin',(35.,5.,25.6352209685217));
#17270=CARTESIAN_POINT('Origin',(35.,3.,0.));
#17271=CARTESIAN_POINT('Origin',(35.,3.,0.));
#17272=CARTESIAN_POINT('Origin',(35.,3.,0.));
#17273=CARTESIAN_POINT('Origin',(35.,3.,0.));
#17274=CARTESIAN_POINT('Origin',(35.,3.,0.));
#17275=CARTESIAN_POINT('Origin',(35.,3.,0.));
#17276=CARTESIAN_POINT('Origin',(35.,3.,0.));
#17277=CARTESIAN_POINT('Origin',(35.,3.,0.));
#17278=CARTESIAN_POINT('Origin',(35.,3.,0.));
#17279=CARTESIAN_POINT('Origin',(35.,3.,0.));
#17280=CARTESIAN_POINT('Origin',(35.,3.,0.));
#17281=CARTESIAN_POINT('Origin',(-35.,3.,0.));
#17282=CARTESIAN_POINT('Origin',(-35.,3.,0.));
#17283=CARTESIAN_POINT('Origin',(-35.,3.,0.));
#17284=CARTESIAN_POINT('Origin',(-35.,3.,0.));
#17285=CARTESIAN_POINT('Origin',(-35.,3.,0.));
#17286=CARTESIAN_POINT('Origin',(-35.,3.,0.));
#17287=CARTESIAN_POINT('Origin',(-35.,3.,0.));
#17288=CARTESIAN_POINT('Origin',(-35.,3.,0.));
#17289=CARTESIAN_POINT('Origin',(-35.,3.,0.));
#17290=CARTESIAN_POINT('Origin',(-35.,3.,0.));
#17291=CARTESIAN_POINT('Origin',(-35.,3.,0.));
#17292=CARTESIAN_POINT('Origin',(4.5,9.5,8.36660026534076));
#17293=CARTESIAN_POINT('',(4.5,7.,8.36660026534076));
#17294=CARTESIAN_POINT('',(4.5,7.00000000000002,10.));
#17295=CARTESIAN_POINT('',(4.5,7.,8.36660026534076));
#17296=CARTESIAN_POINT('',(4.5,9.5,10.));
#17297=CARTESIAN_POINT('',(4.5,9.5,10.));
#17298=CARTESIAN_POINT('',(4.5,9.5,8.36660026534076));
#17299=CARTESIAN_POINT('',(4.5,9.5,8.36660026534076));
#17300=CARTESIAN_POINT('',(4.5,9.5,8.36660026534076));
#17301=CARTESIAN_POINT('Origin',(-3.38271077815477E-14,9.5,-3.46944695195361E-14));
#17302=CARTESIAN_POINT('',(8.07774721070176,7.,5.));
#17303=CARTESIAN_POINT('Origin',(-3.38271077815477E-14,7.,-3.46944695195361E-14));
#17304=CARTESIAN_POINT('',(8.07774721070176,9.5,5.));
#17305=CARTESIAN_POINT('Origin',(-3.38271077815477E-14,9.5,-3.46944695195361E-14));
#17306=CARTESIAN_POINT('',(8.07774721070176,9.5,5.));
#17307=CARTESIAN_POINT('Origin',(9.5,9.5,5.));
#17308=CARTESIAN_POINT('',(9.5,7.,5.));
#17309=CARTESIAN_POINT('',(9.5,7.,5.));
#17310=CARTESIAN_POINT('',(9.5,9.5,5.));
#17311=CARTESIAN_POINT('',(9.5,9.5,5.));
#17312=CARTESIAN_POINT('',(9.5,9.5,5.));
#17313=CARTESIAN_POINT('Origin',(9.5,9.5,10.));
#17314=CARTESIAN_POINT('',(9.5,7.,10.));
#17315=CARTESIAN_POINT('',(9.5,7.,10.));
#17316=CARTESIAN_POINT('',(9.5,9.5,10.));
#17317=CARTESIAN_POINT('',(9.5,9.5,10.));
#17318=CARTESIAN_POINT('',(9.5,9.5,10.));
#17319=CARTESIAN_POINT('Origin',(35.,9.5,-22.));
#17320=CARTESIAN_POINT('',(35.,9.5,-22.));
#17321=CARTESIAN_POINT('',(35.,9.5,-22.));
#17322=CARTESIAN_POINT('',(-35.,9.5,-22.));
#17323=CARTESIAN_POINT('',(35.,9.5,-22.));
#17324=CARTESIAN_POINT('',(-35.,9.5,-22.));
#17325=CARTESIAN_POINT('Origin',(-35.,9.5,0.));
#17326=CARTESIAN_POINT('',(-35.,9.5,22.));
#17327=CARTESIAN_POINT('Origin',(-35.,9.5,0.));
#17328=CARTESIAN_POINT('',(-35.,9.5,22.));
#17329=CARTESIAN_POINT('Origin',(-35.,9.5,22.));
#17330=CARTESIAN_POINT('',(35.,9.5,22.));
#17331=CARTESIAN_POINT('',(-35.,9.5,22.));
#17332=CARTESIAN_POINT('',(35.,9.5,22.));
#17333=CARTESIAN_POINT('Origin',(46.5,9.5,-10.));
#17334=CARTESIAN_POINT('',(46.5,7.,-10.));
#17335=CARTESIAN_POINT('',(46.5,7.00000000000002,-5.));
#17336=CARTESIAN_POINT('',(46.5,7.,-10.));
#17337=CARTESIAN_POINT('',(46.5,9.5,-5.));
#17338=CARTESIAN_POINT('',(46.5,9.5,-5.));
#17339=CARTESIAN_POINT('',(46.5,9.5,-10.));
#17340=CARTESIAN_POINT('',(46.5,9.5,-10.));
#17341=CARTESIAN_POINT('',(46.5,9.5,-10.));
#17342=CARTESIAN_POINT('Origin',(51.5,9.5,-10.));
#17343=CARTESIAN_POINT('',(51.5,7.,-10.));
#17344=CARTESIAN_POINT('',(51.5,7.,-10.));
#17345=CARTESIAN_POINT('',(51.5,9.5,-10.));
#17346=CARTESIAN_POINT('',(51.5,9.5,-10.));
#17347=CARTESIAN_POINT('',(51.5,9.5,-10.));
#17348=CARTESIAN_POINT('Origin',(51.5,9.5,-5.));
#17349=CARTESIAN_POINT('',(51.5,7.,-5.));
#17350=CARTESIAN_POINT('',(51.5,7.,-5.));
#17351=CARTESIAN_POINT('',(51.5,9.5,-5.));
#17352=CARTESIAN_POINT('',(51.5,9.5,-5.));
#17353=CARTESIAN_POINT('',(51.5,9.5,-5.));
#17354=CARTESIAN_POINT('Origin',(51.5,9.5,5.));
#17355=CARTESIAN_POINT('',(51.5,7.,5.));
#17356=CARTESIAN_POINT('',(46.5,7.00000000000002,5.));
#17357=CARTESIAN_POINT('',(51.5,7.,5.));
#17358=CARTESIAN_POINT('',(46.5,9.5,5.));
#17359=CARTESIAN_POINT('',(46.5,9.5,5.));
#17360=CARTESIAN_POINT('',(51.5,9.5,5.));
#17361=CARTESIAN_POINT('',(51.5,9.5,5.));
#17362=CARTESIAN_POINT('',(51.5,9.5,5.));
#17363=CARTESIAN_POINT('Origin',(51.5,9.5,10.));
#17364=CARTESIAN_POINT('',(51.5,7.,10.));
#17365=CARTESIAN_POINT('',(51.5,7.,10.));
#17366=CARTESIAN_POINT('',(51.5,9.5,10.));
#17367=CARTESIAN_POINT('',(51.5,9.5,10.));
#17368=CARTESIAN_POINT('',(51.5,9.5,10.));
#17369=CARTESIAN_POINT('Origin',(46.5,9.5,10.));
#17370=CARTESIAN_POINT('',(46.5,7.,10.));
#17371=CARTESIAN_POINT('',(46.5,7.,10.));
#17372=CARTESIAN_POINT('',(46.5,9.5,10.));
#17373=CARTESIAN_POINT('',(46.5,9.5,10.));
#17374=CARTESIAN_POINT('',(46.5,9.5,10.));
#17375=CARTESIAN_POINT('Origin',(46.5,9.5,-3.));
#17376=CARTESIAN_POINT('',(46.5,7.,-3.));
#17377=CARTESIAN_POINT('',(46.5,7.00000000000002,3.));
#17378=CARTESIAN_POINT('',(46.5,7.,-3.));
#17379=CARTESIAN_POINT('',(46.5,9.5,3.));
#17380=CARTESIAN_POINT('',(46.5,9.5,3.));
#17381=CARTESIAN_POINT('',(46.5,9.5,-3.));
#17382=CARTESIAN_POINT('',(46.5,9.5,-3.));
#17383=CARTESIAN_POINT('',(46.5,9.5,-3.));
#17384=CARTESIAN_POINT('Origin',(51.5,9.5,-3.));
#17385=CARTESIAN_POINT('',(51.5,7.,-3.));
#17386=CARTESIAN_POINT('',(51.5,7.,-3.));
#17387=CARTESIAN_POINT('',(51.5,9.5,-3.));
#17388=CARTESIAN_POINT('',(51.5,9.5,-3.));
#17389=CARTESIAN_POINT('',(51.5,9.5,-3.));
#17390=CARTESIAN_POINT('Origin',(51.5,9.5,3.));
#17391=CARTESIAN_POINT('',(51.5,7.,3.));
#17392=CARTESIAN_POINT('',(51.5,7.,3.));
#17393=CARTESIAN_POINT('',(51.5,9.5,3.));
#17394=CARTESIAN_POINT('',(51.5,9.5,3.));
#17395=CARTESIAN_POINT('',(51.5,9.5,3.));
#17396=CARTESIAN_POINT('Origin',(39.5,9.5,-17.));
#17397=CARTESIAN_POINT('',(39.5,7.,-17.));
#17398=CARTESIAN_POINT('',(39.5,7.00000000000001,-12.));
#17399=CARTESIAN_POINT('',(39.5,7.,-17.));
#17400=CARTESIAN_POINT('',(39.5,9.5,-12.));
#17401=CARTESIAN_POINT('',(39.5,9.5,-12.));
#17402=CARTESIAN_POINT('',(39.5,9.5,-17.));
#17403=CARTESIAN_POINT('',(39.5,9.5,-17.));
#17404=CARTESIAN_POINT('',(39.5,9.5,-17.));
#17405=CARTESIAN_POINT('Origin',(44.5,9.5,-17.));
#17406=CARTESIAN_POINT('',(44.5,7.,-17.));
#17407=CARTESIAN_POINT('',(44.5,7.,-17.));
#17408=CARTESIAN_POINT('',(44.5,9.5,-17.));
#17409=CARTESIAN_POINT('',(44.5,9.5,-17.));
#17410=CARTESIAN_POINT('',(44.5,9.5,-17.));
#17411=CARTESIAN_POINT('Origin',(44.5,9.5,-12.));
#17412=CARTESIAN_POINT('',(44.5,7.,-12.));
#17413=CARTESIAN_POINT('',(44.5,7.,-12.));
#17414=CARTESIAN_POINT('',(44.5,9.5,-12.));
#17415=CARTESIAN_POINT('',(44.5,9.5,-12.));
#17416=CARTESIAN_POINT('',(44.5,9.5,-12.));
#17417=CARTESIAN_POINT('Origin',(39.5,9.5,-10.));
#17418=CARTESIAN_POINT('',(39.5,7.,-10.));
#17419=CARTESIAN_POINT('',(39.5,7.00000000000002,-5.));
#17420=CARTESIAN_POINT('',(39.5,7.,-10.));
#17421=CARTESIAN_POINT('',(39.5,9.5,-5.));
#17422=CARTESIAN_POINT('',(39.5,9.5,-5.));
#17423=CARTESIAN_POINT('',(39.5,9.5,-10.));
#17424=CARTESIAN_POINT('',(39.5,9.5,-10.));
#17425=CARTESIAN_POINT('',(39.5,9.5,-10.));
#17426=CARTESIAN_POINT('Origin',(44.5,9.5,-10.));
#17427=CARTESIAN_POINT('',(44.5,7.,-10.));
#17428=CARTESIAN_POINT('',(44.5,7.,-10.));
#17429=CARTESIAN_POINT('',(44.5,9.5,-10.));
#17430=CARTESIAN_POINT('',(44.5,9.5,-10.));
#17431=CARTESIAN_POINT('',(44.5,9.5,-10.));
#17432=CARTESIAN_POINT('Origin',(44.5,9.5,-5.));
#17433=CARTESIAN_POINT('',(44.5,7.,-5.));
#17434=CARTESIAN_POINT('',(44.5,7.,-5.));
#17435=CARTESIAN_POINT('',(44.5,9.5,-5.));
#17436=CARTESIAN_POINT('',(44.5,9.5,-5.));
#17437=CARTESIAN_POINT('',(44.5,9.5,-5.));
#17438=CARTESIAN_POINT('Origin',(44.5,9.5,12.));
#17439=CARTESIAN_POINT('',(44.5,7.,12.));
#17440=CARTESIAN_POINT('',(39.5,7.00000000000002,12.));
#17441=CARTESIAN_POINT('',(44.5,7.,12.));
#17442=CARTESIAN_POINT('',(39.5,9.5,12.));
#17443=CARTESIAN_POINT('',(39.5,9.5,12.));
#17444=CARTESIAN_POINT('',(44.5,9.5,12.));
#17445=CARTESIAN_POINT('',(44.5,9.5,12.));
#17446=CARTESIAN_POINT('',(44.5,9.5,12.));
#17447=CARTESIAN_POINT('Origin',(44.5,9.5,17.));
#17448=CARTESIAN_POINT('',(44.5,7.,17.));
#17449=CARTESIAN_POINT('',(44.5,7.,17.));
#17450=CARTESIAN_POINT('',(44.5,9.5,17.));
#17451=CARTESIAN_POINT('',(44.5,9.5,17.));
#17452=CARTESIAN_POINT('',(44.5,9.5,17.));
#17453=CARTESIAN_POINT('Origin',(39.5,9.5,17.));
#17454=CARTESIAN_POINT('',(39.5,7.,17.));
#17455=CARTESIAN_POINT('',(39.5,7.,17.));
#17456=CARTESIAN_POINT('',(39.5,9.5,17.));
#17457=CARTESIAN_POINT('',(39.5,9.5,17.));
#17458=CARTESIAN_POINT('',(39.5,9.5,17.));
#17459=CARTESIAN_POINT('Origin',(44.5,9.5,5.));
#17460=CARTESIAN_POINT('',(44.5,7.,5.));
#17461=CARTESIAN_POINT('',(39.5,7.00000000000002,5.));
#17462=CARTESIAN_POINT('',(44.5,7.,5.));
#17463=CARTESIAN_POINT('',(39.5,9.5,5.));
#17464=CARTESIAN_POINT('',(39.5,9.5,5.));
#17465=CARTESIAN_POINT('',(44.5,9.5,5.));
#17466=CARTESIAN_POINT('',(44.5,9.5,5.));
#17467=CARTESIAN_POINT('',(44.5,9.5,5.));
#17468=CARTESIAN_POINT('Origin',(44.5,9.5,10.));
#17469=CARTESIAN_POINT('',(44.5,7.,10.));
#17470=CARTESIAN_POINT('',(44.5,7.,10.));
#17471=CARTESIAN_POINT('',(44.5,9.5,10.));
#17472=CARTESIAN_POINT('',(44.5,9.5,10.));
#17473=CARTESIAN_POINT('',(44.5,9.5,10.));
#17474=CARTESIAN_POINT('Origin',(39.5,9.5,10.));
#17475=CARTESIAN_POINT('',(39.5,7.,10.));
#17476=CARTESIAN_POINT('',(39.5,7.,10.));
#17477=CARTESIAN_POINT('',(39.5,9.5,10.));
#17478=CARTESIAN_POINT('',(39.5,9.5,10.));
#17479=CARTESIAN_POINT('',(39.5,9.5,10.));
#17480=CARTESIAN_POINT('Origin',(39.5,9.5,-3.));
#17481=CARTESIAN_POINT('',(39.5,7.,-3.));
#17482=CARTESIAN_POINT('',(39.5,7.00000000000002,3.));
#17483=CARTESIAN_POINT('',(39.5,7.,-3.));
#17484=CARTESIAN_POINT('',(39.5,9.5,3.));
#17485=CARTESIAN_POINT('',(39.5,9.5,3.));
#17486=CARTESIAN_POINT('',(39.5,9.5,-3.));
#17487=CARTESIAN_POINT('',(39.5,9.5,-3.));
#17488=CARTESIAN_POINT('',(39.5,9.5,-3.));
#17489=CARTESIAN_POINT('Origin',(44.5,9.5,-3.));
#17490=CARTESIAN_POINT('',(44.5,7.,-3.));
#17491=CARTESIAN_POINT('',(44.5,7.,-3.));
#17492=CARTESIAN_POINT('',(44.5,9.5,-3.));
#17493=CARTESIAN_POINT('',(44.5,9.5,-3.));
#17494=CARTESIAN_POINT('',(44.5,9.5,-3.));
#17495=CARTESIAN_POINT('Origin',(44.5,9.5,3.));
#17496=CARTESIAN_POINT('',(44.5,7.,3.));
#17497=CARTESIAN_POINT('',(44.5,7.,3.));
#17498=CARTESIAN_POINT('',(44.5,9.5,3.));
#17499=CARTESIAN_POINT('',(44.5,9.5,3.));
#17500=CARTESIAN_POINT('',(44.5,9.5,3.));
#17501=CARTESIAN_POINT('Origin',(32.5,9.5,-17.));
#17502=CARTESIAN_POINT('',(32.5,7.,-17.));
#17503=CARTESIAN_POINT('',(32.5,7.00000000000001,-12.));
#17504=CARTESIAN_POINT('',(32.5,7.,-17.));
#17505=CARTESIAN_POINT('',(32.5,9.5,-12.));
#17506=CARTESIAN_POINT('',(32.5,9.5,-12.));
#17507=CARTESIAN_POINT('',(32.5,9.5,-17.));
#17508=CARTESIAN_POINT('',(32.5,9.5,-17.));
#17509=CARTESIAN_POINT('',(32.5,9.5,-17.));
#17510=CARTESIAN_POINT('Origin',(37.5,9.5,-17.));
#17511=CARTESIAN_POINT('',(37.5,7.,-17.));
#17512=CARTESIAN_POINT('',(37.5,7.,-17.));
#17513=CARTESIAN_POINT('',(37.5,9.5,-17.));
#17514=CARTESIAN_POINT('',(37.5,9.5,-17.));
#17515=CARTESIAN_POINT('',(37.5,9.5,-17.));
#17516=CARTESIAN_POINT('Origin',(37.5,9.5,-12.));
#17517=CARTESIAN_POINT('',(37.5,7.,-12.));
#17518=CARTESIAN_POINT('',(37.5,7.,-12.));
#17519=CARTESIAN_POINT('',(37.5,9.5,-12.));
#17520=CARTESIAN_POINT('',(37.5,9.5,-12.));
#17521=CARTESIAN_POINT('',(37.5,9.5,-12.));
#17522=CARTESIAN_POINT('Origin',(32.5,9.5,-10.));
#17523=CARTESIAN_POINT('',(32.5,7.,-10.));
#17524=CARTESIAN_POINT('',(32.5,7.00000000000002,-5.));
#17525=CARTESIAN_POINT('',(32.5,7.,-10.));
#17526=CARTESIAN_POINT('',(32.5,9.5,-5.));
#17527=CARTESIAN_POINT('',(32.5,9.5,-5.));
#17528=CARTESIAN_POINT('',(32.5,9.5,-10.));
#17529=CARTESIAN_POINT('',(32.5,9.5,-10.));
#17530=CARTESIAN_POINT('',(32.5,9.5,-10.));
#17531=CARTESIAN_POINT('Origin',(37.5,9.5,-10.));
#17532=CARTESIAN_POINT('',(37.5,7.,-10.));
#17533=CARTESIAN_POINT('',(37.5,7.,-10.));
#17534=CARTESIAN_POINT('',(37.5,9.5,-10.));
#17535=CARTESIAN_POINT('',(37.5,9.5,-10.));
#17536=CARTESIAN_POINT('',(37.5,9.5,-10.));
#17537=CARTESIAN_POINT('Origin',(37.5,9.5,-5.));
#17538=CARTESIAN_POINT('',(37.5,7.,-5.));
#17539=CARTESIAN_POINT('',(37.5,7.,-5.));
#17540=CARTESIAN_POINT('',(37.5,9.5,-5.));
#17541=CARTESIAN_POINT('',(37.5,9.5,-5.));
#17542=CARTESIAN_POINT('',(37.5,9.5,-5.));
#17543=CARTESIAN_POINT('Origin',(37.5,9.5,12.));
#17544=CARTESIAN_POINT('',(37.5,7.,12.));
#17545=CARTESIAN_POINT('',(32.5,7.00000000000002,12.));
#17546=CARTESIAN_POINT('',(37.5,7.,12.));
#17547=CARTESIAN_POINT('',(32.5,9.5,12.));
#17548=CARTESIAN_POINT('',(32.5,9.5,12.));
#17549=CARTESIAN_POINT('',(37.5,9.5,12.));
#17550=CARTESIAN_POINT('',(37.5,9.5,12.));
#17551=CARTESIAN_POINT('',(37.5,9.5,12.));
#17552=CARTESIAN_POINT('Origin',(37.5,9.5,17.));
#17553=CARTESIAN_POINT('',(37.5,7.,17.));
#17554=CARTESIAN_POINT('',(37.5,7.,17.));
#17555=CARTESIAN_POINT('',(37.5,9.5,17.));
#17556=CARTESIAN_POINT('',(37.5,9.5,17.));
#17557=CARTESIAN_POINT('',(37.5,9.5,17.));
#17558=CARTESIAN_POINT('Origin',(32.5,9.5,17.));
#17559=CARTESIAN_POINT('',(32.5,7.,17.));
#17560=CARTESIAN_POINT('',(32.5,7.,17.));
#17561=CARTESIAN_POINT('',(32.5,9.5,17.));
#17562=CARTESIAN_POINT('',(32.5,9.5,17.));
#17563=CARTESIAN_POINT('',(32.5,9.5,17.));
#17564=CARTESIAN_POINT('Origin',(37.5,9.5,5.));
#17565=CARTESIAN_POINT('',(37.5,7.,5.));
#17566=CARTESIAN_POINT('',(32.5,7.00000000000002,5.));
#17567=CARTESIAN_POINT('',(37.5,7.,5.));
#17568=CARTESIAN_POINT('',(32.5,9.5,5.));
#17569=CARTESIAN_POINT('',(32.5,9.5,5.));
#17570=CARTESIAN_POINT('',(37.5,9.5,5.));
#17571=CARTESIAN_POINT('',(37.5,9.5,5.));
#17572=CARTESIAN_POINT('',(37.5,9.5,5.));
#17573=CARTESIAN_POINT('Origin',(37.5,9.5,10.));
#17574=CARTESIAN_POINT('',(37.5,7.,10.));
#17575=CARTESIAN_POINT('',(37.5,7.,10.));
#17576=CARTESIAN_POINT('',(37.5,9.5,10.));
#17577=CARTESIAN_POINT('',(37.5,9.5,10.));
#17578=CARTESIAN_POINT('',(37.5,9.5,10.));
#17579=CARTESIAN_POINT('Origin',(32.5,9.5,10.));
#17580=CARTESIAN_POINT('',(32.5,7.,10.));
#17581=CARTESIAN_POINT('',(32.5,7.,10.));
#17582=CARTESIAN_POINT('',(32.5,9.5,10.));
#17583=CARTESIAN_POINT('',(32.5,9.5,10.));
#17584=CARTESIAN_POINT('',(32.5,9.5,10.));
#17585=CARTESIAN_POINT('Origin',(32.5,9.5,-3.));
#17586=CARTESIAN_POINT('',(32.5,7.,-3.));
#17587=CARTESIAN_POINT('',(32.5,7.00000000000002,3.));
#17588=CARTESIAN_POINT('',(32.5,7.,-3.));
#17589=CARTESIAN_POINT('',(32.5,9.5,3.));
#17590=CARTESIAN_POINT('',(32.5,9.5,3.));
#17591=CARTESIAN_POINT('',(32.5,9.5,-3.));
#17592=CARTESIAN_POINT('',(32.5,9.5,-3.));
#17593=CARTESIAN_POINT('',(32.5,9.5,-3.));
#17594=CARTESIAN_POINT('Origin',(37.5,9.5,-3.));
#17595=CARTESIAN_POINT('',(37.5,7.,-3.));
#17596=CARTESIAN_POINT('',(37.5,7.,-3.));
#17597=CARTESIAN_POINT('',(37.5,9.5,-3.));
#17598=CARTESIAN_POINT('',(37.5,9.5,-3.));
#17599=CARTESIAN_POINT('',(37.5,9.5,-3.));
#17600=CARTESIAN_POINT('Origin',(37.5,9.5,3.));
#17601=CARTESIAN_POINT('',(37.5,7.,3.));
#17602=CARTESIAN_POINT('',(37.5,7.,3.));
#17603=CARTESIAN_POINT('',(37.5,9.5,3.));
#17604=CARTESIAN_POINT('',(37.5,9.5,3.));
#17605=CARTESIAN_POINT('',(37.5,9.5,3.));
#17606=CARTESIAN_POINT('Origin',(25.5,9.5,-17.));
#17607=CARTESIAN_POINT('',(25.5,7.,-17.));
#17608=CARTESIAN_POINT('',(25.5,7.00000000000001,-12.));
#17609=CARTESIAN_POINT('',(25.5,7.,-17.));
#17610=CARTESIAN_POINT('',(25.5,9.5,-12.));
#17611=CARTESIAN_POINT('',(25.5,9.5,-12.));
#17612=CARTESIAN_POINT('',(25.5,9.5,-17.));
#17613=CARTESIAN_POINT('',(25.5,9.5,-17.));
#17614=CARTESIAN_POINT('',(25.5,9.5,-17.));
#17615=CARTESIAN_POINT('Origin',(30.5,9.5,-17.));
#17616=CARTESIAN_POINT('',(30.5,7.,-17.));
#17617=CARTESIAN_POINT('',(30.5,7.,-17.));
#17618=CARTESIAN_POINT('',(30.5,9.5,-17.));
#17619=CARTESIAN_POINT('',(30.5,9.5,-17.));
#17620=CARTESIAN_POINT('',(30.5,9.5,-17.));
#17621=CARTESIAN_POINT('Origin',(30.5,9.5,-12.));
#17622=CARTESIAN_POINT('',(30.5,7.,-12.));
#17623=CARTESIAN_POINT('',(30.5,7.,-12.));
#17624=CARTESIAN_POINT('',(30.5,9.5,-12.));
#17625=CARTESIAN_POINT('',(30.5,9.5,-12.));
#17626=CARTESIAN_POINT('',(30.5,9.5,-12.));
#17627=CARTESIAN_POINT('Origin',(25.5,9.5,-10.));
#17628=CARTESIAN_POINT('',(25.5,7.,-10.));
#17629=CARTESIAN_POINT('',(25.5,7.00000000000002,-5.));
#17630=CARTESIAN_POINT('',(25.5,7.,-10.));
#17631=CARTESIAN_POINT('',(25.5,9.5,-5.));
#17632=CARTESIAN_POINT('',(25.5,9.5,-5.));
#17633=CARTESIAN_POINT('',(25.5,9.5,-10.));
#17634=CARTESIAN_POINT('',(25.5,9.5,-10.));
#17635=CARTESIAN_POINT('',(25.5,9.5,-10.));
#17636=CARTESIAN_POINT('Origin',(30.5,9.5,-10.));
#17637=CARTESIAN_POINT('',(30.5,7.,-10.));
#17638=CARTESIAN_POINT('',(30.5,7.,-10.));
#17639=CARTESIAN_POINT('',(30.5,9.5,-10.));
#17640=CARTESIAN_POINT('',(30.5,9.5,-10.));
#17641=CARTESIAN_POINT('',(30.5,9.5,-10.));
#17642=CARTESIAN_POINT('Origin',(30.5,9.5,-5.));
#17643=CARTESIAN_POINT('',(30.5,7.,-5.));
#17644=CARTESIAN_POINT('',(30.5,7.,-5.));
#17645=CARTESIAN_POINT('',(30.5,9.5,-5.));
#17646=CARTESIAN_POINT('',(30.5,9.5,-5.));
#17647=CARTESIAN_POINT('',(30.5,9.5,-5.));
#17648=CARTESIAN_POINT('Origin',(30.5,9.5,12.));
#17649=CARTESIAN_POINT('',(30.5,7.,12.));
#17650=CARTESIAN_POINT('',(25.5,7.00000000000002,12.));
#17651=CARTESIAN_POINT('',(30.5,7.,12.));
#17652=CARTESIAN_POINT('',(25.5,9.5,12.));
#17653=CARTESIAN_POINT('',(25.5,9.5,12.));
#17654=CARTESIAN_POINT('',(30.5,9.5,12.));
#17655=CARTESIAN_POINT('',(30.5,9.5,12.));
#17656=CARTESIAN_POINT('',(30.5,9.5,12.));
#17657=CARTESIAN_POINT('Origin',(30.5,9.5,17.));
#17658=CARTESIAN_POINT('',(30.5,7.,17.));
#17659=CARTESIAN_POINT('',(30.5,7.,17.));
#17660=CARTESIAN_POINT('',(30.5,9.5,17.));
#17661=CARTESIAN_POINT('',(30.5,9.5,17.));
#17662=CARTESIAN_POINT('',(30.5,9.5,17.));
#17663=CARTESIAN_POINT('Origin',(25.5,9.5,17.));
#17664=CARTESIAN_POINT('',(25.5,7.,17.));
#17665=CARTESIAN_POINT('',(25.5,7.,17.));
#17666=CARTESIAN_POINT('',(25.5,9.5,17.));
#17667=CARTESIAN_POINT('',(25.5,9.5,17.));
#17668=CARTESIAN_POINT('',(25.5,9.5,17.));
#17669=CARTESIAN_POINT('Origin',(30.5,9.5,5.));
#17670=CARTESIAN_POINT('',(30.5,7.,5.));
#17671=CARTESIAN_POINT('',(25.5,7.00000000000002,5.));
#17672=CARTESIAN_POINT('',(30.5,7.,5.));
#17673=CARTESIAN_POINT('',(25.5,9.5,5.));
#17674=CARTESIAN_POINT('',(25.5,9.5,5.));
#17675=CARTESIAN_POINT('',(30.5,9.5,5.));
#17676=CARTESIAN_POINT('',(30.5,9.5,5.));
#17677=CARTESIAN_POINT('',(30.5,9.5,5.));
#17678=CARTESIAN_POINT('Origin',(30.5,9.5,10.));
#17679=CARTESIAN_POINT('',(30.5,7.,10.));
#17680=CARTESIAN_POINT('',(30.5,7.,10.));
#17681=CARTESIAN_POINT('',(30.5,9.5,10.));
#17682=CARTESIAN_POINT('',(30.5,9.5,10.));
#17683=CARTESIAN_POINT('',(30.5,9.5,10.));
#17684=CARTESIAN_POINT('Origin',(25.5,9.5,10.));
#17685=CARTESIAN_POINT('',(25.5,7.,10.));
#17686=CARTESIAN_POINT('',(25.5,7.,10.));
#17687=CARTESIAN_POINT('',(25.5,9.5,10.));
#17688=CARTESIAN_POINT('',(25.5,9.5,10.));
#17689=CARTESIAN_POINT('',(25.5,9.5,10.));
#17690=CARTESIAN_POINT('Origin',(25.5,9.5,-3.));
#17691=CARTESIAN_POINT('',(25.5,7.,-3.));
#17692=CARTESIAN_POINT('',(25.5,7.00000000000002,3.));
#17693=CARTESIAN_POINT('',(25.5,7.,-3.));
#17694=CARTESIAN_POINT('',(25.5,9.5,3.));
#17695=CARTESIAN_POINT('',(25.5,9.5,3.));
#17696=CARTESIAN_POINT('',(25.5,9.5,-3.));
#17697=CARTESIAN_POINT('',(25.5,9.5,-3.));
#17698=CARTESIAN_POINT('',(25.5,9.5,-3.));
#17699=CARTESIAN_POINT('Origin',(30.5,9.5,-3.));
#17700=CARTESIAN_POINT('',(30.5,7.,-3.));
#17701=CARTESIAN_POINT('',(30.5,7.,-3.));
#17702=CARTESIAN_POINT('',(30.5,9.5,-3.));
#17703=CARTESIAN_POINT('',(30.5,9.5,-3.));
#17704=CARTESIAN_POINT('',(30.5,9.5,-3.));
#17705=CARTESIAN_POINT('Origin',(30.5,9.5,3.));
#17706=CARTESIAN_POINT('',(30.5,7.,3.));
#17707=CARTESIAN_POINT('',(30.5,7.,3.));
#17708=CARTESIAN_POINT('',(30.5,9.5,3.));
#17709=CARTESIAN_POINT('',(30.5,9.5,3.));
#17710=CARTESIAN_POINT('',(30.5,9.5,3.));
#17711=CARTESIAN_POINT('Origin',(18.5,9.5,-17.));
#17712=CARTESIAN_POINT('',(18.5,7.,-17.));
#17713=CARTESIAN_POINT('',(18.5,7.00000000000001,-12.));
#17714=CARTESIAN_POINT('',(18.5,7.,-17.));
#17715=CARTESIAN_POINT('',(18.5,9.5,-12.));
#17716=CARTESIAN_POINT('',(18.5,9.5,-12.));
#17717=CARTESIAN_POINT('',(18.5,9.5,-17.));
#17718=CARTESIAN_POINT('',(18.5,9.5,-17.));
#17719=CARTESIAN_POINT('',(18.5,9.5,-17.));
#17720=CARTESIAN_POINT('Origin',(23.5,9.5,-17.));
#17721=CARTESIAN_POINT('',(23.5,7.,-17.));
#17722=CARTESIAN_POINT('',(23.5,7.,-17.));
#17723=CARTESIAN_POINT('',(23.5,9.5,-17.));
#17724=CARTESIAN_POINT('',(23.5,9.5,-17.));
#17725=CARTESIAN_POINT('',(23.5,9.5,-17.));
#17726=CARTESIAN_POINT('Origin',(23.5,9.5,-12.));
#17727=CARTESIAN_POINT('',(23.5,7.,-12.));
#17728=CARTESIAN_POINT('',(23.5,7.,-12.));
#17729=CARTESIAN_POINT('',(23.5,9.5,-12.));
#17730=CARTESIAN_POINT('',(23.5,9.5,-12.));
#17731=CARTESIAN_POINT('',(23.5,9.5,-12.));
#17732=CARTESIAN_POINT('Origin',(18.5,9.5,-10.));
#17733=CARTESIAN_POINT('',(18.5,7.,-10.));
#17734=CARTESIAN_POINT('',(18.5,7.00000000000002,-5.));
#17735=CARTESIAN_POINT('',(18.5,7.,-10.));
#17736=CARTESIAN_POINT('',(18.5,9.5,-5.));
#17737=CARTESIAN_POINT('',(18.5,9.5,-5.));
#17738=CARTESIAN_POINT('',(18.5,9.5,-10.));
#17739=CARTESIAN_POINT('',(18.5,9.5,-10.));
#17740=CARTESIAN_POINT('',(18.5,9.5,-10.));
#17741=CARTESIAN_POINT('Origin',(23.5,9.5,-10.));
#17742=CARTESIAN_POINT('',(23.5,7.,-10.));
#17743=CARTESIAN_POINT('',(23.5,7.,-10.));
#17744=CARTESIAN_POINT('',(23.5,9.5,-10.));
#17745=CARTESIAN_POINT('',(23.5,9.5,-10.));
#17746=CARTESIAN_POINT('',(23.5,9.5,-10.));
#17747=CARTESIAN_POINT('Origin',(23.5,9.5,-5.));
#17748=CARTESIAN_POINT('',(23.5,7.,-5.));
#17749=CARTESIAN_POINT('',(23.5,7.,-5.));
#17750=CARTESIAN_POINT('',(23.5,9.5,-5.));
#17751=CARTESIAN_POINT('',(23.5,9.5,-5.));
#17752=CARTESIAN_POINT('',(23.5,9.5,-5.));
#17753=CARTESIAN_POINT('Origin',(23.5,9.5,12.));
#17754=CARTESIAN_POINT('',(23.5,7.,12.));
#17755=CARTESIAN_POINT('',(18.5,7.00000000000002,12.));
#17756=CARTESIAN_POINT('',(23.5,7.,12.));
#17757=CARTESIAN_POINT('',(18.5,9.5,12.));
#17758=CARTESIAN_POINT('',(18.5,9.5,12.));
#17759=CARTESIAN_POINT('',(23.5,9.5,12.));
#17760=CARTESIAN_POINT('',(23.5,9.5,12.));
#17761=CARTESIAN_POINT('',(23.5,9.5,12.));
#17762=CARTESIAN_POINT('Origin',(23.5,9.5,17.));
#17763=CARTESIAN_POINT('',(23.5,7.,17.));
#17764=CARTESIAN_POINT('',(23.5,7.,17.));
#17765=CARTESIAN_POINT('',(23.5,9.5,17.));
#17766=CARTESIAN_POINT('',(23.5,9.5,17.));
#17767=CARTESIAN_POINT('',(23.5,9.5,17.));
#17768=CARTESIAN_POINT('Origin',(18.5,9.5,17.));
#17769=CARTESIAN_POINT('',(18.5,7.,17.));
#17770=CARTESIAN_POINT('',(18.5,7.,17.));
#17771=CARTESIAN_POINT('',(18.5,9.5,17.));
#17772=CARTESIAN_POINT('',(18.5,9.5,17.));
#17773=CARTESIAN_POINT('',(18.5,9.5,17.));
#17774=CARTESIAN_POINT('Origin',(23.5,9.5,5.));
#17775=CARTESIAN_POINT('',(23.5,7.,5.));
#17776=CARTESIAN_POINT('',(18.5,7.00000000000002,5.));
#17777=CARTESIAN_POINT('',(23.5,7.,5.));
#17778=CARTESIAN_POINT('',(18.5,9.5,5.));
#17779=CARTESIAN_POINT('',(18.5,9.5,5.));
#17780=CARTESIAN_POINT('',(23.5,9.5,5.));
#17781=CARTESIAN_POINT('',(23.5,9.5,5.));
#17782=CARTESIAN_POINT('',(23.5,9.5,5.));
#17783=CARTESIAN_POINT('Origin',(23.5,9.5,10.));
#17784=CARTESIAN_POINT('',(23.5,7.,10.));
#17785=CARTESIAN_POINT('',(23.5,7.,10.));
#17786=CARTESIAN_POINT('',(23.5,9.5,10.));
#17787=CARTESIAN_POINT('',(23.5,9.5,10.));
#17788=CARTESIAN_POINT('',(23.5,9.5,10.));
#17789=CARTESIAN_POINT('Origin',(18.5,9.5,10.));
#17790=CARTESIAN_POINT('',(18.5,7.,10.));
#17791=CARTESIAN_POINT('',(18.5,7.,10.));
#17792=CARTESIAN_POINT('',(18.5,9.5,10.));
#17793=CARTESIAN_POINT('',(18.5,9.5,10.));
#17794=CARTESIAN_POINT('',(18.5,9.5,10.));
#17795=CARTESIAN_POINT('Origin',(18.5,9.5,-3.));
#17796=CARTESIAN_POINT('',(18.5,7.,-3.));
#17797=CARTESIAN_POINT('',(18.5,7.00000000000002,3.));
#17798=CARTESIAN_POINT('',(18.5,7.,-3.));
#17799=CARTESIAN_POINT('',(18.5,9.5,3.));
#17800=CARTESIAN_POINT('',(18.5,9.5,3.));
#17801=CARTESIAN_POINT('',(18.5,9.5,-3.));
#17802=CARTESIAN_POINT('',(18.5,9.5,-3.));
#17803=CARTESIAN_POINT('',(18.5,9.5,-3.));
#17804=CARTESIAN_POINT('Origin',(23.5,9.5,-3.));
#17805=CARTESIAN_POINT('',(23.5,7.,-3.));
#17806=CARTESIAN_POINT('',(23.5,7.,-3.));
#17807=CARTESIAN_POINT('',(23.5,9.5,-3.));
#17808=CARTESIAN_POINT('',(23.5,9.5,-3.));
#17809=CARTESIAN_POINT('',(23.5,9.5,-3.));
#17810=CARTESIAN_POINT('Origin',(23.5,9.5,3.));
#17811=CARTESIAN_POINT('',(23.5,7.,3.));
#17812=CARTESIAN_POINT('',(23.5,7.,3.));
#17813=CARTESIAN_POINT('',(23.5,9.5,3.));
#17814=CARTESIAN_POINT('',(23.5,9.5,3.));
#17815=CARTESIAN_POINT('',(23.5,9.5,3.));
#17816=CARTESIAN_POINT('Origin',(11.5,9.5,-17.));
#17817=CARTESIAN_POINT('',(11.5,7.,-17.));
#17818=CARTESIAN_POINT('',(11.5,7.00000000000001,-12.));
#17819=CARTESIAN_POINT('',(11.5,7.,-17.));
#17820=CARTESIAN_POINT('',(11.5,9.5,-12.));
#17821=CARTESIAN_POINT('',(11.5,9.5,-12.));
#17822=CARTESIAN_POINT('',(11.5,9.5,-17.));
#17823=CARTESIAN_POINT('',(11.5,9.5,-17.));
#17824=CARTESIAN_POINT('',(11.5,9.5,-17.));
#17825=CARTESIAN_POINT('Origin',(16.5,9.5,-17.));
#17826=CARTESIAN_POINT('',(16.5,7.,-17.));
#17827=CARTESIAN_POINT('',(16.5,7.,-17.));
#17828=CARTESIAN_POINT('',(16.5,9.5,-17.));
#17829=CARTESIAN_POINT('',(16.5,9.5,-17.));
#17830=CARTESIAN_POINT('',(16.5,9.5,-17.));
#17831=CARTESIAN_POINT('Origin',(16.5,9.5,-12.));
#17832=CARTESIAN_POINT('',(16.5,7.,-12.));
#17833=CARTESIAN_POINT('',(16.5,7.,-12.));
#17834=CARTESIAN_POINT('',(16.5,9.5,-12.));
#17835=CARTESIAN_POINT('',(16.5,9.5,-12.));
#17836=CARTESIAN_POINT('',(16.5,9.5,-12.));
#17837=CARTESIAN_POINT('Origin',(11.5,9.5,-10.));
#17838=CARTESIAN_POINT('',(11.5,7.,-10.));
#17839=CARTESIAN_POINT('',(11.5,7.00000000000002,-5.));
#17840=CARTESIAN_POINT('',(11.5,7.,-10.));
#17841=CARTESIAN_POINT('',(11.5,9.5,-5.));
#17842=CARTESIAN_POINT('',(11.5,9.5,-5.));
#17843=CARTESIAN_POINT('',(11.5,9.5,-10.));
#17844=CARTESIAN_POINT('',(11.5,9.5,-10.));
#17845=CARTESIAN_POINT('',(11.5,9.5,-10.));
#17846=CARTESIAN_POINT('Origin',(16.5,9.5,-10.));
#17847=CARTESIAN_POINT('',(16.5,7.,-10.));
#17848=CARTESIAN_POINT('',(16.5,7.,-10.));
#17849=CARTESIAN_POINT('',(16.5,9.5,-10.));
#17850=CARTESIAN_POINT('',(16.5,9.5,-10.));
#17851=CARTESIAN_POINT('',(16.5,9.5,-10.));
#17852=CARTESIAN_POINT('Origin',(16.5,9.5,-5.));
#17853=CARTESIAN_POINT('',(16.5,7.,-5.));
#17854=CARTESIAN_POINT('',(16.5,7.,-5.));
#17855=CARTESIAN_POINT('',(16.5,9.5,-5.));
#17856=CARTESIAN_POINT('',(16.5,9.5,-5.));
#17857=CARTESIAN_POINT('',(16.5,9.5,-5.));
#17858=CARTESIAN_POINT('Origin',(16.5,9.5,12.));
#17859=CARTESIAN_POINT('',(16.5,7.,12.));
#17860=CARTESIAN_POINT('',(11.5,7.00000000000002,12.));
#17861=CARTESIAN_POINT('',(16.5,7.,12.));
#17862=CARTESIAN_POINT('',(11.5,9.5,12.));
#17863=CARTESIAN_POINT('',(11.5,9.5,12.));
#17864=CARTESIAN_POINT('',(16.5,9.5,12.));
#17865=CARTESIAN_POINT('',(16.5,9.5,12.));
#17866=CARTESIAN_POINT('',(16.5,9.5,12.));
#17867=CARTESIAN_POINT('Origin',(16.5,9.5,17.));
#17868=CARTESIAN_POINT('',(16.5,7.,17.));
#17869=CARTESIAN_POINT('',(16.5,7.,17.));
#17870=CARTESIAN_POINT('',(16.5,9.5,17.));
#17871=CARTESIAN_POINT('',(16.5,9.5,17.));
#17872=CARTESIAN_POINT('',(16.5,9.5,17.));
#17873=CARTESIAN_POINT('Origin',(11.5,9.5,17.));
#17874=CARTESIAN_POINT('',(11.5,7.,17.));
#17875=CARTESIAN_POINT('',(11.5,7.,17.));
#17876=CARTESIAN_POINT('',(11.5,9.5,17.));
#17877=CARTESIAN_POINT('',(11.5,9.5,17.));
#17878=CARTESIAN_POINT('',(11.5,9.5,17.));
#17879=CARTESIAN_POINT('Origin',(16.5,9.5,5.));
#17880=CARTESIAN_POINT('',(16.5,7.,5.));
#17881=CARTESIAN_POINT('',(11.5,7.00000000000002,5.));
#17882=CARTESIAN_POINT('',(16.5,7.,5.));
#17883=CARTESIAN_POINT('',(11.5,9.5,5.));
#17884=CARTESIAN_POINT('',(11.5,9.5,5.));
#17885=CARTESIAN_POINT('',(16.5,9.5,5.));
#17886=CARTESIAN_POINT('',(16.5,9.5,5.));
#17887=CARTESIAN_POINT('',(16.5,9.5,5.));
#17888=CARTESIAN_POINT('Origin',(16.5,9.5,10.));
#17889=CARTESIAN_POINT('',(16.5,7.,10.));
#17890=CARTESIAN_POINT('',(16.5,7.,10.));
#17891=CARTESIAN_POINT('',(16.5,9.5,10.));
#17892=CARTESIAN_POINT('',(16.5,9.5,10.));
#17893=CARTESIAN_POINT('',(16.5,9.5,10.));
#17894=CARTESIAN_POINT('Origin',(11.5,9.5,10.));
#17895=CARTESIAN_POINT('',(11.5,7.,10.));
#17896=CARTESIAN_POINT('',(11.5,7.,10.));
#17897=CARTESIAN_POINT('',(11.5,9.5,10.));
#17898=CARTESIAN_POINT('',(11.5,9.5,10.));
#17899=CARTESIAN_POINT('',(11.5,9.5,10.));
#17900=CARTESIAN_POINT('Origin',(11.5,9.5,-3.));
#17901=CARTESIAN_POINT('',(11.5,7.,-3.));
#17902=CARTESIAN_POINT('',(11.5,7.00000000000002,3.));
#17903=CARTESIAN_POINT('',(11.5,7.,-3.));
#17904=CARTESIAN_POINT('',(11.5,9.5,3.));
#17905=CARTESIAN_POINT('',(11.5,9.5,3.));
#17906=CARTESIAN_POINT('',(11.5,9.5,-3.));
#17907=CARTESIAN_POINT('',(11.5,9.5,-3.));
#17908=CARTESIAN_POINT('',(11.5,9.5,-3.));
#17909=CARTESIAN_POINT('Origin',(16.5,9.5,-3.));
#17910=CARTESIAN_POINT('',(16.5,7.,-3.));
#17911=CARTESIAN_POINT('',(16.5,7.,-3.));
#17912=CARTESIAN_POINT('',(16.5,9.5,-3.));
#17913=CARTESIAN_POINT('',(16.5,9.5,-3.));
#17914=CARTESIAN_POINT('',(16.5,9.5,-3.));
#17915=CARTESIAN_POINT('Origin',(16.5,9.5,3.));
#17916=CARTESIAN_POINT('',(16.5,7.,3.));
#17917=CARTESIAN_POINT('',(16.5,7.,3.));
#17918=CARTESIAN_POINT('',(16.5,9.5,3.));
#17919=CARTESIAN_POINT('',(16.5,9.5,3.));
#17920=CARTESIAN_POINT('',(16.5,9.5,3.));
#17921=CARTESIAN_POINT('Origin',(4.5,9.5,-17.));
#17922=CARTESIAN_POINT('',(4.5,7.,-17.));
#17923=CARTESIAN_POINT('',(4.5,7.00000000000001,-12.));
#17924=CARTESIAN_POINT('',(4.5,7.,-17.));
#17925=CARTESIAN_POINT('',(4.5,9.5,-12.));
#17926=CARTESIAN_POINT('',(4.5,9.5,-12.));
#17927=CARTESIAN_POINT('',(4.5,9.5,-17.));
#17928=CARTESIAN_POINT('',(4.5,9.5,-17.));
#17929=CARTESIAN_POINT('',(4.5,9.5,-17.));
#17930=CARTESIAN_POINT('Origin',(9.5,9.5,-17.));
#17931=CARTESIAN_POINT('',(9.5,7.,-17.));
#17932=CARTESIAN_POINT('',(9.5,7.,-17.));
#17933=CARTESIAN_POINT('',(9.5,9.5,-17.));
#17934=CARTESIAN_POINT('',(9.5,9.5,-17.));
#17935=CARTESIAN_POINT('',(9.5,9.5,-17.));
#17936=CARTESIAN_POINT('Origin',(9.5,9.5,-12.));
#17937=CARTESIAN_POINT('',(9.5,7.,-12.));
#17938=CARTESIAN_POINT('',(9.5,7.,-12.));
#17939=CARTESIAN_POINT('',(9.5,9.5,-12.));
#17940=CARTESIAN_POINT('',(9.5,9.5,-12.));
#17941=CARTESIAN_POINT('',(9.5,9.5,-12.));
#17942=CARTESIAN_POINT('Origin',(4.5,9.5,-10.));
#17943=CARTESIAN_POINT('',(4.5,7.,-10.));
#17944=CARTESIAN_POINT('',(4.5,7.00000000000001,-8.36660026534075));
#17945=CARTESIAN_POINT('',(4.5,7.,-10.));
#17946=CARTESIAN_POINT('',(4.5,9.5,-8.36660026534075));
#17947=CARTESIAN_POINT('',(4.5,9.5,-8.36660026534075));
#17948=CARTESIAN_POINT('',(4.5,9.5,-10.));
#17949=CARTESIAN_POINT('',(4.5,9.5,-10.));
#17950=CARTESIAN_POINT('',(4.5,9.5,-10.));
#17951=CARTESIAN_POINT('Origin',(9.5,9.5,-10.));
#17952=CARTESIAN_POINT('',(9.5,7.,-10.));
#17953=CARTESIAN_POINT('',(9.5,7.,-10.));
#17954=CARTESIAN_POINT('',(9.5,9.5,-10.));
#17955=CARTESIAN_POINT('',(9.5,9.5,-10.));
#17956=CARTESIAN_POINT('',(9.5,9.5,-10.));
#17957=CARTESIAN_POINT('Origin',(9.5,9.5,-5.));
#17958=CARTESIAN_POINT('',(9.5,7.,-5.));
#17959=CARTESIAN_POINT('',(9.5,7.,-5.));
#17960=CARTESIAN_POINT('',(9.5,9.5,-5.));
#17961=CARTESIAN_POINT('',(9.5,9.5,-5.));
#17962=CARTESIAN_POINT('',(9.5,9.5,-5.));
#17963=CARTESIAN_POINT('Origin',(8.07774721070176,9.5,-5.));
#17964=CARTESIAN_POINT('',(8.07774721070176,7.,-5.));
#17965=CARTESIAN_POINT('',(8.07774721070176,7.,-5.));
#17966=CARTESIAN_POINT('',(8.07774721070176,9.5,-5.));
#17967=CARTESIAN_POINT('',(8.07774721070176,9.5,-5.));
#17968=CARTESIAN_POINT('',(8.07774721070176,9.5,-5.));
#17969=CARTESIAN_POINT('Origin',(9.5,9.5,12.));
#17970=CARTESIAN_POINT('',(9.5,7.,12.));
#17971=CARTESIAN_POINT('',(4.5,7.00000000000002,12.));
#17972=CARTESIAN_POINT('',(9.5,7.,12.));
#17973=CARTESIAN_POINT('',(4.5,9.5,12.));
#17974=CARTESIAN_POINT('',(4.5,9.5,12.));
#17975=CARTESIAN_POINT('',(9.5,9.5,12.));
#17976=CARTESIAN_POINT('',(9.5,9.5,12.));
#17977=CARTESIAN_POINT('',(9.5,9.5,12.));
#17978=CARTESIAN_POINT('Origin',(9.5,9.5,17.));
#17979=CARTESIAN_POINT('',(9.5,7.,17.));
#17980=CARTESIAN_POINT('',(9.5,7.,17.));
#17981=CARTESIAN_POINT('',(9.5,9.5,17.));
#17982=CARTESIAN_POINT('',(9.5,9.5,17.));
#17983=CARTESIAN_POINT('',(9.5,9.5,17.));
#17984=CARTESIAN_POINT('Origin',(4.5,9.5,17.));
#17985=CARTESIAN_POINT('',(4.5,7.,17.));
#17986=CARTESIAN_POINT('',(4.5,7.,17.));
#17987=CARTESIAN_POINT('',(4.5,9.5,17.));
#17988=CARTESIAN_POINT('',(4.5,9.5,17.));
#17989=CARTESIAN_POINT('',(4.5,9.5,17.));
#17990=CARTESIAN_POINT('Origin',(-2.5,9.5,-17.));
#17991=CARTESIAN_POINT('',(-2.5,7.,-17.));
#17992=CARTESIAN_POINT('',(-2.5,7.00000000000001,-12.));
#17993=CARTESIAN_POINT('',(-2.5,7.,-17.));
#17994=CARTESIAN_POINT('',(-2.5,9.5,-12.));
#17995=CARTESIAN_POINT('',(-2.5,9.5,-12.));
#17996=CARTESIAN_POINT('',(-2.5,9.5,-17.));
#17997=CARTESIAN_POINT('',(-2.5,9.5,-17.));
#17998=CARTESIAN_POINT('',(-2.5,9.5,-17.));
#17999=CARTESIAN_POINT('Origin',(2.5,9.5,-17.));
#18000=CARTESIAN_POINT('',(2.5,7.,-17.));
#18001=CARTESIAN_POINT('',(2.5,7.,-17.));
#18002=CARTESIAN_POINT('',(2.5,9.5,-17.));
#18003=CARTESIAN_POINT('',(2.5,9.5,-17.));
#18004=CARTESIAN_POINT('',(2.5,9.5,-17.));
#18005=CARTESIAN_POINT('Origin',(2.5,9.5,-12.));
#18006=CARTESIAN_POINT('',(2.5,7.,-12.));
#18007=CARTESIAN_POINT('',(2.5,7.,-12.));
#18008=CARTESIAN_POINT('',(2.5,9.5,-12.));
#18009=CARTESIAN_POINT('',(2.5,9.5,-12.));
#18010=CARTESIAN_POINT('',(2.5,9.5,-12.));
#18011=CARTESIAN_POINT('Origin',(2.5,9.5,12.));
#18012=CARTESIAN_POINT('',(2.5,7.,12.));
#18013=CARTESIAN_POINT('',(-2.5,7.00000000000002,12.));
#18014=CARTESIAN_POINT('',(2.5,7.,12.));
#18015=CARTESIAN_POINT('',(-2.5,9.5,12.));
#18016=CARTESIAN_POINT('',(-2.5,9.5,12.));
#18017=CARTESIAN_POINT('',(2.5,9.5,12.));
#18018=CARTESIAN_POINT('',(2.5,9.5,12.));
#18019=CARTESIAN_POINT('',(2.5,9.5,12.));
#18020=CARTESIAN_POINT('Origin',(2.5,9.5,17.));
#18021=CARTESIAN_POINT('',(2.5,7.,17.));
#18022=CARTESIAN_POINT('',(2.5,7.,17.));
#18023=CARTESIAN_POINT('',(2.5,9.5,17.));
#18024=CARTESIAN_POINT('',(2.5,9.5,17.));
#18025=CARTESIAN_POINT('',(2.5,9.5,17.));
#18026=CARTESIAN_POINT('Origin',(-2.5,9.5,17.));
#18027=CARTESIAN_POINT('',(-2.5,7.,17.));
#18028=CARTESIAN_POINT('',(-2.5,7.,17.));
#18029=CARTESIAN_POINT('',(-2.5,9.5,17.));
#18030=CARTESIAN_POINT('',(-2.5,9.5,17.));
#18031=CARTESIAN_POINT('',(-2.5,9.5,17.));
#18032=CARTESIAN_POINT('Origin',(-9.5,9.5,-17.));
#18033=CARTESIAN_POINT('',(-9.5,7.,-17.));
#18034=CARTESIAN_POINT('',(-9.49999999999999,7.00000000000001,-12.));
#18035=CARTESIAN_POINT('',(-9.5,7.,-17.));
#18036=CARTESIAN_POINT('',(-9.5,9.5,-12.));
#18037=CARTESIAN_POINT('',(-9.5,9.5,-12.));
#18038=CARTESIAN_POINT('',(-9.5,9.5,-17.));
#18039=CARTESIAN_POINT('',(-9.5,9.5,-17.));
#18040=CARTESIAN_POINT('',(-9.5,9.5,-17.));
#18041=CARTESIAN_POINT('Origin',(-4.5,9.5,-17.));
#18042=CARTESIAN_POINT('',(-4.5,7.,-17.));
#18043=CARTESIAN_POINT('',(-4.5,7.,-17.));
#18044=CARTESIAN_POINT('',(-4.5,9.5,-17.));
#18045=CARTESIAN_POINT('',(-4.5,9.5,-17.));
#18046=CARTESIAN_POINT('',(-4.5,9.5,-17.));
#18047=CARTESIAN_POINT('Origin',(-4.5,9.5,-12.));
#18048=CARTESIAN_POINT('',(-4.5,7.,-12.));
#18049=CARTESIAN_POINT('',(-4.5,7.,-12.));
#18050=CARTESIAN_POINT('',(-4.5,9.5,-12.));
#18051=CARTESIAN_POINT('',(-4.5,9.5,-12.));
#18052=CARTESIAN_POINT('',(-4.5,9.5,-12.));
#18053=CARTESIAN_POINT('Origin',(-9.5,9.5,-10.));
#18054=CARTESIAN_POINT('',(-9.5,7.,-10.));
#18055=CARTESIAN_POINT('',(-9.49999999999999,7.00000000000002,-5.));
#18056=CARTESIAN_POINT('',(-9.5,7.,-10.));
#18057=CARTESIAN_POINT('',(-9.5,9.5,-5.));
#18058=CARTESIAN_POINT('',(-9.5,9.5,-5.));
#18059=CARTESIAN_POINT('',(-9.5,9.5,-10.));
#18060=CARTESIAN_POINT('',(-9.5,9.5,-10.));
#18061=CARTESIAN_POINT('',(-9.5,9.5,-10.));
#18062=CARTESIAN_POINT('Origin',(-4.5,9.5,-10.));
#18063=CARTESIAN_POINT('',(-4.5,7.,-10.));
#18064=CARTESIAN_POINT('',(-4.5,7.,-10.));
#18065=CARTESIAN_POINT('',(-4.5,9.5,-10.));
#18066=CARTESIAN_POINT('',(-4.5,9.5,-10.));
#18067=CARTESIAN_POINT('',(-4.5,9.5,-10.));
#18068=CARTESIAN_POINT('Origin',(-4.5,9.5,-8.36660026534076));
#18069=CARTESIAN_POINT('',(-4.5,7.,-8.36660026534076));
#18070=CARTESIAN_POINT('',(-4.5,7.,-8.36660026534076));
#18071=CARTESIAN_POINT('',(-4.5,9.5,-8.36660026534076));
#18072=CARTESIAN_POINT('',(-4.5,9.5,-8.36660026534076));
#18073=CARTESIAN_POINT('',(-4.5,9.5,-8.36660026534076));
#18074=CARTESIAN_POINT('Origin',(1.38777878078145E-14,9.5,1.38777878078145E-14));
#18075=CARTESIAN_POINT('',(-8.07774721070176,7.,-5.));
#18076=CARTESIAN_POINT('Origin',(1.38777878078145E-14,7.,1.38777878078145E-14));
#18077=CARTESIAN_POINT('',(-8.07774721070176,9.5,-5.));
#18078=CARTESIAN_POINT('Origin',(1.38777878078145E-14,9.5,1.38777878078145E-14));
#18079=CARTESIAN_POINT('',(-8.07774721070176,9.5,-5.));
#18080=CARTESIAN_POINT('Origin',(-4.5,9.5,12.));
#18081=CARTESIAN_POINT('',(-4.5,7.,12.));
#18082=CARTESIAN_POINT('',(-9.5,7.00000000000002,12.));
#18083=CARTESIAN_POINT('',(-4.5,7.,12.));
#18084=CARTESIAN_POINT('',(-9.5,9.5,12.));
#18085=CARTESIAN_POINT('',(-9.5,9.5,12.));
#18086=CARTESIAN_POINT('',(-4.5,9.5,12.));
#18087=CARTESIAN_POINT('',(-4.5,9.5,12.));
#18088=CARTESIAN_POINT('',(-4.5,9.5,12.));
#18089=CARTESIAN_POINT('Origin',(-4.5,9.5,17.));
#18090=CARTESIAN_POINT('',(-4.5,7.,17.));
#18091=CARTESIAN_POINT('',(-4.5,7.,17.));
#18092=CARTESIAN_POINT('',(-4.5,9.5,17.));
#18093=CARTESIAN_POINT('',(-4.5,9.5,17.));
#18094=CARTESIAN_POINT('',(-4.5,9.5,17.));
#18095=CARTESIAN_POINT('Origin',(-9.5,9.5,17.));
#18096=CARTESIAN_POINT('',(-9.5,7.,17.));
#18097=CARTESIAN_POINT('',(-9.5,7.,17.));
#18098=CARTESIAN_POINT('',(-9.5,9.5,17.));
#18099=CARTESIAN_POINT('',(-9.5,9.5,17.));
#18100=CARTESIAN_POINT('',(-9.5,9.5,17.));
#18101=CARTESIAN_POINT('Origin',(-8.07774721070176,9.5,5.));
#18102=CARTESIAN_POINT('',(-8.07774721070176,7.,5.));
#18103=CARTESIAN_POINT('',(-9.5,7.00000000000002,5.));
#18104=CARTESIAN_POINT('',(-8.07774721070176,7.,5.));
#18105=CARTESIAN_POINT('',(-9.5,9.5,5.));
#18106=CARTESIAN_POINT('',(-9.5,9.5,5.));
#18107=CARTESIAN_POINT('',(-8.07774721070176,9.5,5.));
#18108=CARTESIAN_POINT('',(-8.07774721070176,9.5,5.));
#18109=CARTESIAN_POINT('',(-8.07774721070176,9.5,5.));
#18110=CARTESIAN_POINT('Origin',(3.20923843055709E-14,9.5,-3.03576608295941E-14));
#18111=CARTESIAN_POINT('',(-4.5,7.,8.36660026534076));
#18112=CARTESIAN_POINT('Origin',(3.20923843055709E-14,7.,-3.03576608295941E-14));
#18113=CARTESIAN_POINT('',(-4.5,9.5,8.36660026534076));
#18114=CARTESIAN_POINT('Origin',(3.20923843055709E-14,9.5,-3.03576608295941E-14));
#18115=CARTESIAN_POINT('',(-4.5,9.5,8.36660026534076));
#18116=CARTESIAN_POINT('Origin',(-4.5,9.5,10.));
#18117=CARTESIAN_POINT('',(-4.5,7.,10.));
#18118=CARTESIAN_POINT('',(-4.5,7.,10.));
#18119=CARTESIAN_POINT('',(-4.5,9.5,10.));
#18120=CARTESIAN_POINT('',(-4.5,9.5,10.));
#18121=CARTESIAN_POINT('',(-4.5,9.5,10.));
#18122=CARTESIAN_POINT('Origin',(-9.5,9.5,10.));
#18123=CARTESIAN_POINT('',(-9.5,7.,10.));
#18124=CARTESIAN_POINT('',(-9.5,7.,10.));
#18125=CARTESIAN_POINT('',(-9.5,9.5,10.));
#18126=CARTESIAN_POINT('',(-9.5,9.5,10.));
#18127=CARTESIAN_POINT('',(-9.5,9.5,10.));
#18128=CARTESIAN_POINT('Origin',(-16.5,9.5,-17.));
#18129=CARTESIAN_POINT('',(-16.5,7.,-17.));
#18130=CARTESIAN_POINT('',(-16.5,7.00000000000001,-12.));
#18131=CARTESIAN_POINT('',(-16.5,7.,-17.));
#18132=CARTESIAN_POINT('',(-16.5,9.5,-12.));
#18133=CARTESIAN_POINT('',(-16.5,9.5,-12.));
#18134=CARTESIAN_POINT('',(-16.5,9.5,-17.));
#18135=CARTESIAN_POINT('',(-16.5,9.5,-17.));
#18136=CARTESIAN_POINT('',(-16.5,9.5,-17.));
#18137=CARTESIAN_POINT('Origin',(-11.5,9.5,-17.));
#18138=CARTESIAN_POINT('',(-11.5,7.,-17.));
#18139=CARTESIAN_POINT('',(-11.5,7.,-17.));
#18140=CARTESIAN_POINT('',(-11.5,9.5,-17.));
#18141=CARTESIAN_POINT('',(-11.5,9.5,-17.));
#18142=CARTESIAN_POINT('',(-11.5,9.5,-17.));
#18143=CARTESIAN_POINT('Origin',(-11.5,9.5,-12.));
#18144=CARTESIAN_POINT('',(-11.5,7.,-12.));
#18145=CARTESIAN_POINT('',(-11.5,7.,-12.));
#18146=CARTESIAN_POINT('',(-11.5,9.5,-12.));
#18147=CARTESIAN_POINT('',(-11.5,9.5,-12.));
#18148=CARTESIAN_POINT('',(-11.5,9.5,-12.));
#18149=CARTESIAN_POINT('Origin',(-16.5,9.5,-10.));
#18150=CARTESIAN_POINT('',(-16.5,7.,-10.));
#18151=CARTESIAN_POINT('',(-16.5,7.00000000000002,-5.));
#18152=CARTESIAN_POINT('',(-16.5,7.,-10.));
#18153=CARTESIAN_POINT('',(-16.5,9.5,-5.));
#18154=CARTESIAN_POINT('',(-16.5,9.5,-5.));
#18155=CARTESIAN_POINT('',(-16.5,9.5,-10.));
#18156=CARTESIAN_POINT('',(-16.5,9.5,-10.));
#18157=CARTESIAN_POINT('',(-16.5,9.5,-10.));
#18158=CARTESIAN_POINT('Origin',(-11.5,9.5,-10.));
#18159=CARTESIAN_POINT('',(-11.5,7.,-10.));
#18160=CARTESIAN_POINT('',(-11.5,7.,-10.));
#18161=CARTESIAN_POINT('',(-11.5,9.5,-10.));
#18162=CARTESIAN_POINT('',(-11.5,9.5,-10.));
#18163=CARTESIAN_POINT('',(-11.5,9.5,-10.));
#18164=CARTESIAN_POINT('Origin',(-11.5,9.5,-5.));
#18165=CARTESIAN_POINT('',(-11.5,7.,-5.));
#18166=CARTESIAN_POINT('',(-11.5,7.,-5.));
#18167=CARTESIAN_POINT('',(-11.5,9.5,-5.));
#18168=CARTESIAN_POINT('',(-11.5,9.5,-5.));
#18169=CARTESIAN_POINT('',(-11.5,9.5,-5.));
#18170=CARTESIAN_POINT('Origin',(-11.5,9.5,12.));
#18171=CARTESIAN_POINT('',(-11.5,7.,12.));
#18172=CARTESIAN_POINT('',(-16.5,7.00000000000002,12.));
#18173=CARTESIAN_POINT('',(-11.5,7.,12.));
#18174=CARTESIAN_POINT('',(-16.5,9.5,12.));
#18175=CARTESIAN_POINT('',(-16.5,9.5,12.));
#18176=CARTESIAN_POINT('',(-11.5,9.5,12.));
#18177=CARTESIAN_POINT('',(-11.5,9.5,12.));
#18178=CARTESIAN_POINT('',(-11.5,9.5,12.));
#18179=CARTESIAN_POINT('Origin',(-11.5,9.5,17.));
#18180=CARTESIAN_POINT('',(-11.5,7.,17.));
#18181=CARTESIAN_POINT('',(-11.5,7.,17.));
#18182=CARTESIAN_POINT('',(-11.5,9.5,17.));
#18183=CARTESIAN_POINT('',(-11.5,9.5,17.));
#18184=CARTESIAN_POINT('',(-11.5,9.5,17.));
#18185=CARTESIAN_POINT('Origin',(-16.5,9.5,17.));
#18186=CARTESIAN_POINT('',(-16.5,7.,17.));
#18187=CARTESIAN_POINT('',(-16.5,7.,17.));
#18188=CARTESIAN_POINT('',(-16.5,9.5,17.));
#18189=CARTESIAN_POINT('',(-16.5,9.5,17.));
#18190=CARTESIAN_POINT('',(-16.5,9.5,17.));
#18191=CARTESIAN_POINT('Origin',(-11.5,9.5,5.));
#18192=CARTESIAN_POINT('',(-11.5,7.,5.));
#18193=CARTESIAN_POINT('',(-16.5,7.00000000000002,5.));
#18194=CARTESIAN_POINT('',(-11.5,7.,5.));
#18195=CARTESIAN_POINT('',(-16.5,9.5,5.));
#18196=CARTESIAN_POINT('',(-16.5,9.5,5.));
#18197=CARTESIAN_POINT('',(-11.5,9.5,5.));
#18198=CARTESIAN_POINT('',(-11.5,9.5,5.));
#18199=CARTESIAN_POINT('',(-11.5,9.5,5.));
#18200=CARTESIAN_POINT('Origin',(-11.5,9.5,10.));
#18201=CARTESIAN_POINT('',(-11.5,7.,10.));
#18202=CARTESIAN_POINT('',(-11.5,7.,10.));
#18203=CARTESIAN_POINT('',(-11.5,9.5,10.));
#18204=CARTESIAN_POINT('',(-11.5,9.5,10.));
#18205=CARTESIAN_POINT('',(-11.5,9.5,10.));
#18206=CARTESIAN_POINT('Origin',(-16.5,9.5,10.));
#18207=CARTESIAN_POINT('',(-16.5,7.,10.));
#18208=CARTESIAN_POINT('',(-16.5,7.,10.));
#18209=CARTESIAN_POINT('',(-16.5,9.5,10.));
#18210=CARTESIAN_POINT('',(-16.5,9.5,10.));
#18211=CARTESIAN_POINT('',(-16.5,9.5,10.));
#18212=CARTESIAN_POINT('Origin',(-16.5,9.5,-3.));
#18213=CARTESIAN_POINT('',(-16.5,7.,-3.));
#18214=CARTESIAN_POINT('',(-16.5,7.00000000000002,3.));
#18215=CARTESIAN_POINT('',(-16.5,7.,-3.));
#18216=CARTESIAN_POINT('',(-16.5,9.5,3.));
#18217=CARTESIAN_POINT('',(-16.5,9.5,3.));
#18218=CARTESIAN_POINT('',(-16.5,9.5,-3.));
#18219=CARTESIAN_POINT('',(-16.5,9.5,-3.));
#18220=CARTESIAN_POINT('',(-16.5,9.5,-3.));
#18221=CARTESIAN_POINT('Origin',(-11.5,9.5,-3.));
#18222=CARTESIAN_POINT('',(-11.5,7.,-3.));
#18223=CARTESIAN_POINT('',(-11.5,7.,-3.));
#18224=CARTESIAN_POINT('',(-11.5,9.5,-3.));
#18225=CARTESIAN_POINT('',(-11.5,9.5,-3.));
#18226=CARTESIAN_POINT('',(-11.5,9.5,-3.));
#18227=CARTESIAN_POINT('Origin',(-11.5,9.5,3.));
#18228=CARTESIAN_POINT('',(-11.5,7.,3.));
#18229=CARTESIAN_POINT('',(-11.5,7.,3.));
#18230=CARTESIAN_POINT('',(-11.5,9.5,3.));
#18231=CARTESIAN_POINT('',(-11.5,9.5,3.));
#18232=CARTESIAN_POINT('',(-11.5,9.5,3.));
#18233=CARTESIAN_POINT('Origin',(-23.5,9.5,-17.));
#18234=CARTESIAN_POINT('',(-23.5,7.,-17.));
#18235=CARTESIAN_POINT('',(-23.5,7.00000000000001,-12.));
#18236=CARTESIAN_POINT('',(-23.5,7.,-17.));
#18237=CARTESIAN_POINT('',(-23.5,9.5,-12.));
#18238=CARTESIAN_POINT('',(-23.5,9.5,-12.));
#18239=CARTESIAN_POINT('',(-23.5,9.5,-17.));
#18240=CARTESIAN_POINT('',(-23.5,9.5,-17.));
#18241=CARTESIAN_POINT('',(-23.5,9.5,-17.));
#18242=CARTESIAN_POINT('Origin',(-18.5,9.5,-17.));
#18243=CARTESIAN_POINT('',(-18.5,7.,-17.));
#18244=CARTESIAN_POINT('',(-18.5,7.,-17.));
#18245=CARTESIAN_POINT('',(-18.5,9.5,-17.));
#18246=CARTESIAN_POINT('',(-18.5,9.5,-17.));
#18247=CARTESIAN_POINT('',(-18.5,9.5,-17.));
#18248=CARTESIAN_POINT('Origin',(-18.5,9.5,-12.));
#18249=CARTESIAN_POINT('',(-18.5,7.,-12.));
#18250=CARTESIAN_POINT('',(-18.5,7.,-12.));
#18251=CARTESIAN_POINT('',(-18.5,9.5,-12.));
#18252=CARTESIAN_POINT('',(-18.5,9.5,-12.));
#18253=CARTESIAN_POINT('',(-18.5,9.5,-12.));
#18254=CARTESIAN_POINT('Origin',(-23.5,9.5,-10.));
#18255=CARTESIAN_POINT('',(-23.5,7.,-10.));
#18256=CARTESIAN_POINT('',(-23.5,7.00000000000002,-5.));
#18257=CARTESIAN_POINT('',(-23.5,7.,-10.));
#18258=CARTESIAN_POINT('',(-23.5,9.5,-5.));
#18259=CARTESIAN_POINT('',(-23.5,9.5,-5.));
#18260=CARTESIAN_POINT('',(-23.5,9.5,-10.));
#18261=CARTESIAN_POINT('',(-23.5,9.5,-10.));
#18262=CARTESIAN_POINT('',(-23.5,9.5,-10.));
#18263=CARTESIAN_POINT('Origin',(-18.5,9.5,-10.));
#18264=CARTESIAN_POINT('',(-18.5,7.,-10.));
#18265=CARTESIAN_POINT('',(-18.5,7.,-10.));
#18266=CARTESIAN_POINT('',(-18.5,9.5,-10.));
#18267=CARTESIAN_POINT('',(-18.5,9.5,-10.));
#18268=CARTESIAN_POINT('',(-18.5,9.5,-10.));
#18269=CARTESIAN_POINT('Origin',(-18.5,9.5,-5.));
#18270=CARTESIAN_POINT('',(-18.5,7.,-5.));
#18271=CARTESIAN_POINT('',(-18.5,7.,-5.));
#18272=CARTESIAN_POINT('',(-18.5,9.5,-5.));
#18273=CARTESIAN_POINT('',(-18.5,9.5,-5.));
#18274=CARTESIAN_POINT('',(-18.5,9.5,-5.));
#18275=CARTESIAN_POINT('Origin',(-18.5,9.5,12.));
#18276=CARTESIAN_POINT('',(-18.5,7.,12.));
#18277=CARTESIAN_POINT('',(-23.5,7.00000000000002,12.));
#18278=CARTESIAN_POINT('',(-18.5,7.,12.));
#18279=CARTESIAN_POINT('',(-23.5,9.5,12.));
#18280=CARTESIAN_POINT('',(-23.5,9.5,12.));
#18281=CARTESIAN_POINT('',(-18.5,9.5,12.));
#18282=CARTESIAN_POINT('',(-18.5,9.5,12.));
#18283=CARTESIAN_POINT('',(-18.5,9.5,12.));
#18284=CARTESIAN_POINT('Origin',(-18.5,9.5,17.));
#18285=CARTESIAN_POINT('',(-18.5,7.,17.));
#18286=CARTESIAN_POINT('',(-18.5,7.,17.));
#18287=CARTESIAN_POINT('',(-18.5,9.5,17.));
#18288=CARTESIAN_POINT('',(-18.5,9.5,17.));
#18289=CARTESIAN_POINT('',(-18.5,9.5,17.));
#18290=CARTESIAN_POINT('Origin',(-23.5,9.5,17.));
#18291=CARTESIAN_POINT('',(-23.5,7.,17.));
#18292=CARTESIAN_POINT('',(-23.5,7.,17.));
#18293=CARTESIAN_POINT('',(-23.5,9.5,17.));
#18294=CARTESIAN_POINT('',(-23.5,9.5,17.));
#18295=CARTESIAN_POINT('',(-23.5,9.5,17.));
#18296=CARTESIAN_POINT('Origin',(-18.5,9.5,5.));
#18297=CARTESIAN_POINT('',(-18.5,7.,5.));
#18298=CARTESIAN_POINT('',(-23.5,7.00000000000002,5.));
#18299=CARTESIAN_POINT('',(-18.5,7.,5.));
#18300=CARTESIAN_POINT('',(-23.5,9.5,5.));
#18301=CARTESIAN_POINT('',(-23.5,9.5,5.));
#18302=CARTESIAN_POINT('',(-18.5,9.5,5.));
#18303=CARTESIAN_POINT('',(-18.5,9.5,5.));
#18304=CARTESIAN_POINT('',(-18.5,9.5,5.));
#18305=CARTESIAN_POINT('Origin',(-18.5,9.5,10.));
#18306=CARTESIAN_POINT('',(-18.5,7.,10.));
#18307=CARTESIAN_POINT('',(-18.5,7.,10.));
#18308=CARTESIAN_POINT('',(-18.5,9.5,10.));
#18309=CARTESIAN_POINT('',(-18.5,9.5,10.));
#18310=CARTESIAN_POINT('',(-18.5,9.5,10.));
#18311=CARTESIAN_POINT('Origin',(-23.5,9.5,10.));
#18312=CARTESIAN_POINT('',(-23.5,7.,10.));
#18313=CARTESIAN_POINT('',(-23.5,7.,10.));
#18314=CARTESIAN_POINT('',(-23.5,9.5,10.));
#18315=CARTESIAN_POINT('',(-23.5,9.5,10.));
#18316=CARTESIAN_POINT('',(-23.5,9.5,10.));
#18317=CARTESIAN_POINT('Origin',(-23.5,9.5,-3.));
#18318=CARTESIAN_POINT('',(-23.5,7.,-3.));
#18319=CARTESIAN_POINT('',(-23.5,7.00000000000002,3.));
#18320=CARTESIAN_POINT('',(-23.5,7.,-3.));
#18321=CARTESIAN_POINT('',(-23.5,9.5,3.));
#18322=CARTESIAN_POINT('',(-23.5,9.5,3.));
#18323=CARTESIAN_POINT('',(-23.5,9.5,-3.));
#18324=CARTESIAN_POINT('',(-23.5,9.5,-3.));
#18325=CARTESIAN_POINT('',(-23.5,9.5,-3.));
#18326=CARTESIAN_POINT('Origin',(-18.5,9.5,-3.));
#18327=CARTESIAN_POINT('',(-18.5,7.,-3.));
#18328=CARTESIAN_POINT('',(-18.5,7.,-3.));
#18329=CARTESIAN_POINT('',(-18.5,9.5,-3.));
#18330=CARTESIAN_POINT('',(-18.5,9.5,-3.));
#18331=CARTESIAN_POINT('',(-18.5,9.5,-3.));
#18332=CARTESIAN_POINT('Origin',(-18.5,9.5,3.));
#18333=CARTESIAN_POINT('',(-18.5,7.,3.));
#18334=CARTESIAN_POINT('',(-18.5,7.,3.));
#18335=CARTESIAN_POINT('',(-18.5,9.5,3.));
#18336=CARTESIAN_POINT('',(-18.5,9.5,3.));
#18337=CARTESIAN_POINT('',(-18.5,9.5,3.));
#18338=CARTESIAN_POINT('Origin',(-30.5,9.5,-17.));
#18339=CARTESIAN_POINT('',(-30.5,7.,-17.));
#18340=CARTESIAN_POINT('',(-30.5,7.00000000000001,-12.));
#18341=CARTESIAN_POINT('',(-30.5,7.,-17.));
#18342=CARTESIAN_POINT('',(-30.5,9.5,-12.));
#18343=CARTESIAN_POINT('',(-30.5,9.5,-12.));
#18344=CARTESIAN_POINT('',(-30.5,9.5,-17.));
#18345=CARTESIAN_POINT('',(-30.5,9.5,-17.));
#18346=CARTESIAN_POINT('',(-30.5,9.5,-17.));
#18347=CARTESIAN_POINT('Origin',(-25.5,9.5,-17.));
#18348=CARTESIAN_POINT('',(-25.5,7.,-17.));
#18349=CARTESIAN_POINT('',(-25.5,7.,-17.));
#18350=CARTESIAN_POINT('',(-25.5,9.5,-17.));
#18351=CARTESIAN_POINT('',(-25.5,9.5,-17.));
#18352=CARTESIAN_POINT('',(-25.5,9.5,-17.));
#18353=CARTESIAN_POINT('Origin',(-25.5,9.5,-12.));
#18354=CARTESIAN_POINT('',(-25.5,7.,-12.));
#18355=CARTESIAN_POINT('',(-25.5,7.,-12.));
#18356=CARTESIAN_POINT('',(-25.5,9.5,-12.));
#18357=CARTESIAN_POINT('',(-25.5,9.5,-12.));
#18358=CARTESIAN_POINT('',(-25.5,9.5,-12.));
#18359=CARTESIAN_POINT('Origin',(-30.5,9.5,-10.));
#18360=CARTESIAN_POINT('',(-30.5,7.,-10.));
#18361=CARTESIAN_POINT('',(-30.5,7.00000000000002,-5.));
#18362=CARTESIAN_POINT('',(-30.5,7.,-10.));
#18363=CARTESIAN_POINT('',(-30.5,9.5,-5.));
#18364=CARTESIAN_POINT('',(-30.5,9.5,-5.));
#18365=CARTESIAN_POINT('',(-30.5,9.5,-10.));
#18366=CARTESIAN_POINT('',(-30.5,9.5,-10.));
#18367=CARTESIAN_POINT('',(-30.5,9.5,-10.));
#18368=CARTESIAN_POINT('Origin',(-25.5,9.5,-10.));
#18369=CARTESIAN_POINT('',(-25.5,7.,-10.));
#18370=CARTESIAN_POINT('',(-25.5,7.,-10.));
#18371=CARTESIAN_POINT('',(-25.5,9.5,-10.));
#18372=CARTESIAN_POINT('',(-25.5,9.5,-10.));
#18373=CARTESIAN_POINT('',(-25.5,9.5,-10.));
#18374=CARTESIAN_POINT('Origin',(-25.5,9.5,-5.));
#18375=CARTESIAN_POINT('',(-25.5,7.,-5.));
#18376=CARTESIAN_POINT('',(-25.5,7.,-5.));
#18377=CARTESIAN_POINT('',(-25.5,9.5,-5.));
#18378=CARTESIAN_POINT('',(-25.5,9.5,-5.));
#18379=CARTESIAN_POINT('',(-25.5,9.5,-5.));
#18380=CARTESIAN_POINT('Origin',(-25.5,9.5,12.));
#18381=CARTESIAN_POINT('',(-25.5,7.,12.));
#18382=CARTESIAN_POINT('',(-30.5,7.00000000000002,12.));
#18383=CARTESIAN_POINT('',(-25.5,7.,12.));
#18384=CARTESIAN_POINT('',(-30.5,9.5,12.));
#18385=CARTESIAN_POINT('',(-30.5,9.5,12.));
#18386=CARTESIAN_POINT('',(-25.5,9.5,12.));
#18387=CARTESIAN_POINT('',(-25.5,9.5,12.));
#18388=CARTESIAN_POINT('',(-25.5,9.5,12.));
#18389=CARTESIAN_POINT('Origin',(-25.5,9.5,17.));
#18390=CARTESIAN_POINT('',(-25.5,7.,17.));
#18391=CARTESIAN_POINT('',(-25.5,7.,17.));
#18392=CARTESIAN_POINT('',(-25.5,9.5,17.));
#18393=CARTESIAN_POINT('',(-25.5,9.5,17.));
#18394=CARTESIAN_POINT('',(-25.5,9.5,17.));
#18395=CARTESIAN_POINT('Origin',(-30.5,9.5,17.));
#18396=CARTESIAN_POINT('',(-30.5,7.,17.));
#18397=CARTESIAN_POINT('',(-30.5,7.,17.));
#18398=CARTESIAN_POINT('',(-30.5,9.5,17.));
#18399=CARTESIAN_POINT('',(-30.5,9.5,17.));
#18400=CARTESIAN_POINT('',(-30.5,9.5,17.));
#18401=CARTESIAN_POINT('Origin',(-25.5,9.5,5.));
#18402=CARTESIAN_POINT('',(-25.5,7.,5.));
#18403=CARTESIAN_POINT('',(-30.5,7.00000000000002,5.));
#18404=CARTESIAN_POINT('',(-25.5,7.,5.));
#18405=CARTESIAN_POINT('',(-30.5,9.5,5.));
#18406=CARTESIAN_POINT('',(-30.5,9.5,5.));
#18407=CARTESIAN_POINT('',(-25.5,9.5,5.));
#18408=CARTESIAN_POINT('',(-25.5,9.5,5.));
#18409=CARTESIAN_POINT('',(-25.5,9.5,5.));
#18410=CARTESIAN_POINT('Origin',(-25.5,9.5,10.));
#18411=CARTESIAN_POINT('',(-25.5,7.,10.));
#18412=CARTESIAN_POINT('',(-25.5,7.,10.));
#18413=CARTESIAN_POINT('',(-25.5,9.5,10.));
#18414=CARTESIAN_POINT('',(-25.5,9.5,10.));
#18415=CARTESIAN_POINT('',(-25.5,9.5,10.));
#18416=CARTESIAN_POINT('Origin',(-30.5,9.5,10.));
#18417=CARTESIAN_POINT('',(-30.5,7.,10.));
#18418=CARTESIAN_POINT('',(-30.5,7.,10.));
#18419=CARTESIAN_POINT('',(-30.5,9.5,10.));
#18420=CARTESIAN_POINT('',(-30.5,9.5,10.));
#18421=CARTESIAN_POINT('',(-30.5,9.5,10.));
#18422=CARTESIAN_POINT('Origin',(-30.5,9.5,-3.));
#18423=CARTESIAN_POINT('',(-30.5,7.,-3.));
#18424=CARTESIAN_POINT('',(-30.5,7.00000000000002,3.));
#18425=CARTESIAN_POINT('',(-30.5,7.,-3.));
#18426=CARTESIAN_POINT('',(-30.5,9.5,3.));
#18427=CARTESIAN_POINT('',(-30.5,9.5,3.));
#18428=CARTESIAN_POINT('',(-30.5,9.5,-3.));
#18429=CARTESIAN_POINT('',(-30.5,9.5,-3.));
#18430=CARTESIAN_POINT('',(-30.5,9.5,-3.));
#18431=CARTESIAN_POINT('Origin',(-25.5,9.5,-3.));
#18432=CARTESIAN_POINT('',(-25.5,7.,-3.));
#18433=CARTESIAN_POINT('',(-25.5,7.,-3.));
#18434=CARTESIAN_POINT('',(-25.5,9.5,-3.));
#18435=CARTESIAN_POINT('',(-25.5,9.5,-3.));
#18436=CARTESIAN_POINT('',(-25.5,9.5,-3.));
#18437=CARTESIAN_POINT('Origin',(-25.5,9.5,3.));
#18438=CARTESIAN_POINT('',(-25.5,7.,3.));
#18439=CARTESIAN_POINT('',(-25.5,7.,3.));
#18440=CARTESIAN_POINT('',(-25.5,9.5,3.));
#18441=CARTESIAN_POINT('',(-25.5,9.5,3.));
#18442=CARTESIAN_POINT('',(-25.5,9.5,3.));
#18443=CARTESIAN_POINT('Origin',(-37.5,9.5,-17.));
#18444=CARTESIAN_POINT('',(-37.5,7.,-17.));
#18445=CARTESIAN_POINT('',(-37.5,7.00000000000001,-12.));
#18446=CARTESIAN_POINT('',(-37.5,7.,-17.));
#18447=CARTESIAN_POINT('',(-37.5,9.5,-12.));
#18448=CARTESIAN_POINT('',(-37.5,9.5,-12.));
#18449=CARTESIAN_POINT('',(-37.5,9.5,-17.));
#18450=CARTESIAN_POINT('',(-37.5,9.5,-17.));
#18451=CARTESIAN_POINT('',(-37.5,9.5,-17.));
#18452=CARTESIAN_POINT('Origin',(-32.5,9.5,-17.));
#18453=CARTESIAN_POINT('',(-32.5,7.,-17.));
#18454=CARTESIAN_POINT('',(-32.5,7.,-17.));
#18455=CARTESIAN_POINT('',(-32.5,9.5,-17.));
#18456=CARTESIAN_POINT('',(-32.5,9.5,-17.));
#18457=CARTESIAN_POINT('',(-32.5,9.5,-17.));
#18458=CARTESIAN_POINT('Origin',(-32.5,9.5,-12.));
#18459=CARTESIAN_POINT('',(-32.5,7.,-12.));
#18460=CARTESIAN_POINT('',(-32.5,7.,-12.));
#18461=CARTESIAN_POINT('',(-32.5,9.5,-12.));
#18462=CARTESIAN_POINT('',(-32.5,9.5,-12.));
#18463=CARTESIAN_POINT('',(-32.5,9.5,-12.));
#18464=CARTESIAN_POINT('Origin',(-37.5,9.5,-10.));
#18465=CARTESIAN_POINT('',(-37.5,7.,-10.));
#18466=CARTESIAN_POINT('',(-37.5,7.00000000000002,-5.));
#18467=CARTESIAN_POINT('',(-37.5,7.,-10.));
#18468=CARTESIAN_POINT('',(-37.5,9.5,-5.));
#18469=CARTESIAN_POINT('',(-37.5,9.5,-5.));
#18470=CARTESIAN_POINT('',(-37.5,9.5,-10.));
#18471=CARTESIAN_POINT('',(-37.5,9.5,-10.));
#18472=CARTESIAN_POINT('',(-37.5,9.5,-10.));
#18473=CARTESIAN_POINT('Origin',(-32.5,9.5,-10.));
#18474=CARTESIAN_POINT('',(-32.5,7.,-10.));
#18475=CARTESIAN_POINT('',(-32.5,7.,-10.));
#18476=CARTESIAN_POINT('',(-32.5,9.5,-10.));
#18477=CARTESIAN_POINT('',(-32.5,9.5,-10.));
#18478=CARTESIAN_POINT('',(-32.5,9.5,-10.));
#18479=CARTESIAN_POINT('Origin',(-32.5,9.5,-5.));
#18480=CARTESIAN_POINT('',(-32.5,7.,-5.));
#18481=CARTESIAN_POINT('',(-32.5,7.,-5.));
#18482=CARTESIAN_POINT('',(-32.5,9.5,-5.));
#18483=CARTESIAN_POINT('',(-32.5,9.5,-5.));
#18484=CARTESIAN_POINT('',(-32.5,9.5,-5.));
#18485=CARTESIAN_POINT('Origin',(-32.5,9.5,12.));
#18486=CARTESIAN_POINT('',(-32.5,7.,12.));
#18487=CARTESIAN_POINT('',(-37.5,7.00000000000002,12.));
#18488=CARTESIAN_POINT('',(-32.5,7.,12.));
#18489=CARTESIAN_POINT('',(-37.5,9.5,12.));
#18490=CARTESIAN_POINT('',(-37.5,9.5,12.));
#18491=CARTESIAN_POINT('',(-32.5,9.5,12.));
#18492=CARTESIAN_POINT('',(-32.5,9.5,12.));
#18493=CARTESIAN_POINT('',(-32.5,9.5,12.));
#18494=CARTESIAN_POINT('Origin',(-32.5,9.5,17.));
#18495=CARTESIAN_POINT('',(-32.5,7.,17.));
#18496=CARTESIAN_POINT('',(-32.5,7.,17.));
#18497=CARTESIAN_POINT('',(-32.5,9.5,17.));
#18498=CARTESIAN_POINT('',(-32.5,9.5,17.));
#18499=CARTESIAN_POINT('',(-32.5,9.5,17.));
#18500=CARTESIAN_POINT('Origin',(-37.5,9.5,17.));
#18501=CARTESIAN_POINT('',(-37.5,7.,17.));
#18502=CARTESIAN_POINT('',(-37.5,7.,17.));
#18503=CARTESIAN_POINT('',(-37.5,9.5,17.));
#18504=CARTESIAN_POINT('',(-37.5,9.5,17.));
#18505=CARTESIAN_POINT('',(-37.5,9.5,17.));
#18506=CARTESIAN_POINT('Origin',(-32.5,9.5,5.));
#18507=CARTESIAN_POINT('',(-32.5,7.,5.));
#18508=CARTESIAN_POINT('',(-37.5,7.00000000000002,5.));
#18509=CARTESIAN_POINT('',(-32.5,7.,5.));
#18510=CARTESIAN_POINT('',(-37.5,9.5,5.));
#18511=CARTESIAN_POINT('',(-37.5,9.5,5.));
#18512=CARTESIAN_POINT('',(-32.5,9.5,5.));
#18513=CARTESIAN_POINT('',(-32.5,9.5,5.));
#18514=CARTESIAN_POINT('',(-32.5,9.5,5.));
#18515=CARTESIAN_POINT('Origin',(-32.5,9.5,10.));
#18516=CARTESIAN_POINT('',(-32.5,7.,10.));
#18517=CARTESIAN_POINT('',(-32.5,7.,10.));
#18518=CARTESIAN_POINT('',(-32.5,9.5,10.));
#18519=CARTESIAN_POINT('',(-32.5,9.5,10.));
#18520=CARTESIAN_POINT('',(-32.5,9.5,10.));
#18521=CARTESIAN_POINT('Origin',(-37.5,9.5,10.));
#18522=CARTESIAN_POINT('',(-37.5,7.,10.));
#18523=CARTESIAN_POINT('',(-37.5,7.,10.));
#18524=CARTESIAN_POINT('',(-37.5,9.5,10.));
#18525=CARTESIAN_POINT('',(-37.5,9.5,10.));
#18526=CARTESIAN_POINT('',(-37.5,9.5,10.));
#18527=CARTESIAN_POINT('Origin',(-37.5,9.5,-3.));
#18528=CARTESIAN_POINT('',(-37.5,7.,-3.));
#18529=CARTESIAN_POINT('',(-37.5,7.00000000000002,3.));
#18530=CARTESIAN_POINT('',(-37.5,7.,-3.));
#18531=CARTESIAN_POINT('',(-37.5,9.5,3.));
#18532=CARTESIAN_POINT('',(-37.5,9.5,3.));
#18533=CARTESIAN_POINT('',(-37.5,9.5,-3.));
#18534=CARTESIAN_POINT('',(-37.5,9.5,-3.));
#18535=CARTESIAN_POINT('',(-37.5,9.5,-3.));
#18536=CARTESIAN_POINT('Origin',(-32.5,9.5,-3.));
#18537=CARTESIAN_POINT('',(-32.5,7.,-3.));
#18538=CARTESIAN_POINT('',(-32.5,7.,-3.));
#18539=CARTESIAN_POINT('',(-32.5,9.5,-3.));
#18540=CARTESIAN_POINT('',(-32.5,9.5,-3.));
#18541=CARTESIAN_POINT('',(-32.5,9.5,-3.));
#18542=CARTESIAN_POINT('Origin',(-32.5,9.5,3.));
#18543=CARTESIAN_POINT('',(-32.5,7.,3.));
#18544=CARTESIAN_POINT('',(-32.5,7.,3.));
#18545=CARTESIAN_POINT('',(-32.5,9.5,3.));
#18546=CARTESIAN_POINT('',(-32.5,9.5,3.));
#18547=CARTESIAN_POINT('',(-32.5,9.5,3.));
#18548=CARTESIAN_POINT('Origin',(-44.5,9.5,-17.));
#18549=CARTESIAN_POINT('',(-44.5,7.,-17.));
#18550=CARTESIAN_POINT('',(-44.5,7.00000000000001,-12.));
#18551=CARTESIAN_POINT('',(-44.5,7.,-17.));
#18552=CARTESIAN_POINT('',(-44.5,9.5,-12.));
#18553=CARTESIAN_POINT('',(-44.5,9.5,-12.));
#18554=CARTESIAN_POINT('',(-44.5,9.5,-17.));
#18555=CARTESIAN_POINT('',(-44.5,9.5,-17.));
#18556=CARTESIAN_POINT('',(-44.5,9.5,-17.));
#18557=CARTESIAN_POINT('Origin',(-39.5,9.5,-17.));
#18558=CARTESIAN_POINT('',(-39.5,7.,-17.));
#18559=CARTESIAN_POINT('',(-39.5,7.,-17.));
#18560=CARTESIAN_POINT('',(-39.5,9.5,-17.));
#18561=CARTESIAN_POINT('',(-39.5,9.5,-17.));
#18562=CARTESIAN_POINT('',(-39.5,9.5,-17.));
#18563=CARTESIAN_POINT('Origin',(-39.5,9.5,-12.));
#18564=CARTESIAN_POINT('',(-39.5,7.,-12.));
#18565=CARTESIAN_POINT('',(-39.5,7.,-12.));
#18566=CARTESIAN_POINT('',(-39.5,9.5,-12.));
#18567=CARTESIAN_POINT('',(-39.5,9.5,-12.));
#18568=CARTESIAN_POINT('',(-39.5,9.5,-12.));
#18569=CARTESIAN_POINT('Origin',(-44.5,9.5,-10.));
#18570=CARTESIAN_POINT('',(-44.5,7.,-10.));
#18571=CARTESIAN_POINT('',(-44.5,7.00000000000002,-5.));
#18572=CARTESIAN_POINT('',(-44.5,7.,-10.));
#18573=CARTESIAN_POINT('',(-44.5,9.5,-5.));
#18574=CARTESIAN_POINT('',(-44.5,9.5,-5.));
#18575=CARTESIAN_POINT('',(-44.5,9.5,-10.));
#18576=CARTESIAN_POINT('',(-44.5,9.5,-10.));
#18577=CARTESIAN_POINT('',(-44.5,9.5,-10.));
#18578=CARTESIAN_POINT('Origin',(-39.5,9.5,-10.));
#18579=CARTESIAN_POINT('',(-39.5,7.,-10.));
#18580=CARTESIAN_POINT('',(-39.5,7.,-10.));
#18581=CARTESIAN_POINT('',(-39.5,9.5,-10.));
#18582=CARTESIAN_POINT('',(-39.5,9.5,-10.));
#18583=CARTESIAN_POINT('',(-39.5,9.5,-10.));
#18584=CARTESIAN_POINT('Origin',(-39.5,9.5,-5.));
#18585=CARTESIAN_POINT('',(-39.5,7.,-5.));
#18586=CARTESIAN_POINT('',(-39.5,7.,-5.));
#18587=CARTESIAN_POINT('',(-39.5,9.5,-5.));
#18588=CARTESIAN_POINT('',(-39.5,9.5,-5.));
#18589=CARTESIAN_POINT('',(-39.5,9.5,-5.));
#18590=CARTESIAN_POINT('Origin',(-39.5,9.5,12.));
#18591=CARTESIAN_POINT('',(-39.5,7.,12.));
#18592=CARTESIAN_POINT('',(-44.5,7.00000000000002,12.));
#18593=CARTESIAN_POINT('',(-39.5,7.,12.));
#18594=CARTESIAN_POINT('',(-44.5,9.5,12.));
#18595=CARTESIAN_POINT('',(-44.5,9.5,12.));
#18596=CARTESIAN_POINT('',(-39.5,9.5,12.));
#18597=CARTESIAN_POINT('',(-39.5,9.5,12.));
#18598=CARTESIAN_POINT('',(-39.5,9.5,12.));
#18599=CARTESIAN_POINT('Origin',(-39.5,9.5,17.));
#18600=CARTESIAN_POINT('',(-39.5,7.,17.));
#18601=CARTESIAN_POINT('',(-39.5,7.,17.));
#18602=CARTESIAN_POINT('',(-39.5,9.5,17.));
#18603=CARTESIAN_POINT('',(-39.5,9.5,17.));
#18604=CARTESIAN_POINT('',(-39.5,9.5,17.));
#18605=CARTESIAN_POINT('Origin',(-44.5,9.5,17.));
#18606=CARTESIAN_POINT('',(-44.5,7.,17.));
#18607=CARTESIAN_POINT('',(-44.5,7.,17.));
#18608=CARTESIAN_POINT('',(-44.5,9.5,17.));
#18609=CARTESIAN_POINT('',(-44.5,9.5,17.));
#18610=CARTESIAN_POINT('',(-44.5,9.5,17.));
#18611=CARTESIAN_POINT('Origin',(-39.5,9.5,5.));
#18612=CARTESIAN_POINT('',(-39.5,7.,5.));
#18613=CARTESIAN_POINT('',(-44.5,7.00000000000002,5.));
#18614=CARTESIAN_POINT('',(-39.5,7.,5.));
#18615=CARTESIAN_POINT('',(-44.5,9.5,5.));
#18616=CARTESIAN_POINT('',(-44.5,9.5,5.));
#18617=CARTESIAN_POINT('',(-39.5,9.5,5.));
#18618=CARTESIAN_POINT('',(-39.5,9.5,5.));
#18619=CARTESIAN_POINT('',(-39.5,9.5,5.));
#18620=CARTESIAN_POINT('Origin',(-39.5,9.5,10.));
#18621=CARTESIAN_POINT('',(-39.5,7.,10.));
#18622=CARTESIAN_POINT('',(-39.5,7.,10.));
#18623=CARTESIAN_POINT('',(-39.5,9.5,10.));
#18624=CARTESIAN_POINT('',(-39.5,9.5,10.));
#18625=CARTESIAN_POINT('',(-39.5,9.5,10.));
#18626=CARTESIAN_POINT('Origin',(-44.5,9.5,10.));
#18627=CARTESIAN_POINT('',(-44.5,7.,10.));
#18628=CARTESIAN_POINT('',(-44.5,7.,10.));
#18629=CARTESIAN_POINT('',(-44.5,9.5,10.));
#18630=CARTESIAN_POINT('',(-44.5,9.5,10.));
#18631=CARTESIAN_POINT('',(-44.5,9.5,10.));
#18632=CARTESIAN_POINT('Origin',(-44.5,9.5,-3.));
#18633=CARTESIAN_POINT('',(-44.5,7.,-3.));
#18634=CARTESIAN_POINT('',(-44.5,7.00000000000002,3.));
#18635=CARTESIAN_POINT('',(-44.5,7.,-3.));
#18636=CARTESIAN_POINT('',(-44.5,9.5,3.));
#18637=CARTESIAN_POINT('',(-44.5,9.5,3.));
#18638=CARTESIAN_POINT('',(-44.5,9.5,-3.));
#18639=CARTESIAN_POINT('',(-44.5,9.5,-3.));
#18640=CARTESIAN_POINT('',(-44.5,9.5,-3.));
#18641=CARTESIAN_POINT('Origin',(-39.5,9.5,-3.));
#18642=CARTESIAN_POINT('',(-39.5,7.,-3.));
#18643=CARTESIAN_POINT('',(-39.5,7.,-3.));
#18644=CARTESIAN_POINT('',(-39.5,9.5,-3.));
#18645=CARTESIAN_POINT('',(-39.5,9.5,-3.));
#18646=CARTESIAN_POINT('',(-39.5,9.5,-3.));
#18647=CARTESIAN_POINT('Origin',(-39.5,9.5,3.));
#18648=CARTESIAN_POINT('',(-39.5,7.,3.));
#18649=CARTESIAN_POINT('',(-39.5,7.,3.));
#18650=CARTESIAN_POINT('',(-39.5,9.5,3.));
#18651=CARTESIAN_POINT('',(-39.5,9.5,3.));
#18652=CARTESIAN_POINT('',(-39.5,9.5,3.));
#18653=CARTESIAN_POINT('Origin',(-51.5,9.5,-10.));
#18654=CARTESIAN_POINT('',(-51.5,7.,-10.));
#18655=CARTESIAN_POINT('',(-51.5,7.00000000000002,-5.));
#18656=CARTESIAN_POINT('',(-51.5,7.,-10.));
#18657=CARTESIAN_POINT('',(-51.5,9.5,-5.));
#18658=CARTESIAN_POINT('',(-51.5,9.5,-5.));
#18659=CARTESIAN_POINT('',(-51.5,9.5,-10.));
#18660=CARTESIAN_POINT('',(-51.5,9.5,-10.));
#18661=CARTESIAN_POINT('',(-51.5,9.5,-10.));
#18662=CARTESIAN_POINT('Origin',(-46.5,9.5,-10.));
#18663=CARTESIAN_POINT('',(-46.5,7.,-10.));
#18664=CARTESIAN_POINT('',(-46.5,7.,-10.));
#18665=CARTESIAN_POINT('',(-46.5,9.5,-10.));
#18666=CARTESIAN_POINT('',(-46.5,9.5,-10.));
#18667=CARTESIAN_POINT('',(-46.5,9.5,-10.));
#18668=CARTESIAN_POINT('Origin',(-46.5,9.5,-5.));
#18669=CARTESIAN_POINT('',(-46.5,7.,-5.));
#18670=CARTESIAN_POINT('',(-46.5,7.,-5.));
#18671=CARTESIAN_POINT('',(-46.5,9.5,-5.));
#18672=CARTESIAN_POINT('',(-46.5,9.5,-5.));
#18673=CARTESIAN_POINT('',(-46.5,9.5,-5.));
#18674=CARTESIAN_POINT('Origin',(-46.5,9.5,5.));
#18675=CARTESIAN_POINT('',(-46.5,7.,5.));
#18676=CARTESIAN_POINT('',(-51.5,7.00000000000002,5.));
#18677=CARTESIAN_POINT('',(-46.5,7.,5.));
#18678=CARTESIAN_POINT('',(-51.5,9.5,5.));
#18679=CARTESIAN_POINT('',(-51.5,9.5,5.));
#18680=CARTESIAN_POINT('',(-46.5,9.5,5.));
#18681=CARTESIAN_POINT('',(-46.5,9.5,5.));
#18682=CARTESIAN_POINT('',(-46.5,9.5,5.));
#18683=CARTESIAN_POINT('Origin',(-46.5,9.5,10.));
#18684=CARTESIAN_POINT('',(-46.5,7.,10.));
#18685=CARTESIAN_POINT('',(-46.5,7.,10.));
#18686=CARTESIAN_POINT('',(-46.5,9.5,10.));
#18687=CARTESIAN_POINT('',(-46.5,9.5,10.));
#18688=CARTESIAN_POINT('',(-46.5,9.5,10.));
#18689=CARTESIAN_POINT('Origin',(-51.5,9.5,10.));
#18690=CARTESIAN_POINT('',(-51.5,7.,10.));
#18691=CARTESIAN_POINT('',(-51.5,7.,10.));
#18692=CARTESIAN_POINT('',(-51.5,9.5,10.));
#18693=CARTESIAN_POINT('',(-51.5,9.5,10.));
#18694=CARTESIAN_POINT('',(-51.5,9.5,10.));
#18695=CARTESIAN_POINT('Origin',(-51.5,9.5,-3.));
#18696=CARTESIAN_POINT('',(-51.5,7.,-3.));
#18697=CARTESIAN_POINT('',(-51.5,7.00000000000002,3.));
#18698=CARTESIAN_POINT('',(-51.5,7.,-3.));
#18699=CARTESIAN_POINT('',(-51.5,9.5,3.));
#18700=CARTESIAN_POINT('',(-51.5,9.5,3.));
#18701=CARTESIAN_POINT('',(-51.5,9.5,-3.));
#18702=CARTESIAN_POINT('',(-51.5,9.5,-3.));
#18703=CARTESIAN_POINT('',(-51.5,9.5,-3.));
#18704=CARTESIAN_POINT('Origin',(-46.5,9.5,-3.));
#18705=CARTESIAN_POINT('',(-46.5,7.,-3.));
#18706=CARTESIAN_POINT('',(-46.5,7.,-3.));
#18707=CARTESIAN_POINT('',(-46.5,9.5,-3.));
#18708=CARTESIAN_POINT('',(-46.5,9.5,-3.));
#18709=CARTESIAN_POINT('',(-46.5,9.5,-3.));
#18710=CARTESIAN_POINT('Origin',(-46.5,9.5,3.));
#18711=CARTESIAN_POINT('',(-46.5,7.,3.));
#18712=CARTESIAN_POINT('',(-46.5,7.,3.));
#18713=CARTESIAN_POINT('',(-46.5,9.5,3.));
#18714=CARTESIAN_POINT('',(-46.5,9.5,3.));
#18715=CARTESIAN_POINT('',(-46.5,9.5,3.));
#18716=CARTESIAN_POINT('Origin',(35.,9.5,-1.73472347597681E-15));
#18717=CARTESIAN_POINT('Origin',(35.,9.5,-1.73472347597681E-15));
#18718=CARTESIAN_POINT('Origin',(46.5,9.5,-5.));
#18719=CARTESIAN_POINT('',(46.5,7.,-5.));
#18720=CARTESIAN_POINT('',(46.5,9.5,-5.));
#18721=CARTESIAN_POINT('Origin',(46.5,9.5,5.));
#18722=CARTESIAN_POINT('',(46.5,7.,5.));
#18723=CARTESIAN_POINT('',(46.5,9.5,5.));
#18724=CARTESIAN_POINT('Origin',(46.5,9.5,3.));
#18725=CARTESIAN_POINT('',(46.5,7.,3.));
#18726=CARTESIAN_POINT('',(46.5,9.5,3.));
#18727=CARTESIAN_POINT('Origin',(39.5,9.5,-12.));
#18728=CARTESIAN_POINT('',(39.5,7.,-12.));
#18729=CARTESIAN_POINT('',(39.5,9.5,-12.));
#18730=CARTESIAN_POINT('Origin',(39.5,9.5,-5.));
#18731=CARTESIAN_POINT('',(39.5,7.,-5.));
#18732=CARTESIAN_POINT('',(39.5,9.5,-5.));
#18733=CARTESIAN_POINT('Origin',(39.5,9.5,12.));
#18734=CARTESIAN_POINT('',(39.5,7.,12.));
#18735=CARTESIAN_POINT('',(39.5,9.5,12.));
#18736=CARTESIAN_POINT('Origin',(39.5,9.5,5.));
#18737=CARTESIAN_POINT('',(39.5,7.,5.));
#18738=CARTESIAN_POINT('',(39.5,9.5,5.));
#18739=CARTESIAN_POINT('Origin',(39.5,9.5,3.));
#18740=CARTESIAN_POINT('',(39.5,7.,3.));
#18741=CARTESIAN_POINT('',(39.5,9.5,3.));
#18742=CARTESIAN_POINT('Origin',(32.5,9.5,-12.));
#18743=CARTESIAN_POINT('',(32.5,7.,-12.));
#18744=CARTESIAN_POINT('',(32.5,9.5,-12.));
#18745=CARTESIAN_POINT('Origin',(32.5,9.5,-5.));
#18746=CARTESIAN_POINT('',(32.5,7.,-5.));
#18747=CARTESIAN_POINT('',(32.5,9.5,-5.));
#18748=CARTESIAN_POINT('Origin',(32.5,9.5,12.));
#18749=CARTESIAN_POINT('',(32.5,7.,12.));
#18750=CARTESIAN_POINT('',(32.5,9.5,12.));
#18751=CARTESIAN_POINT('Origin',(32.5,9.5,5.));
#18752=CARTESIAN_POINT('',(32.5,7.,5.));
#18753=CARTESIAN_POINT('',(32.5,9.5,5.));
#18754=CARTESIAN_POINT('Origin',(32.5,9.5,3.));
#18755=CARTESIAN_POINT('',(32.5,7.,3.));
#18756=CARTESIAN_POINT('',(32.5,9.5,3.));
#18757=CARTESIAN_POINT('Origin',(25.5,9.5,-12.));
#18758=CARTESIAN_POINT('',(25.5,7.,-12.));
#18759=CARTESIAN_POINT('',(25.5,9.5,-12.));
#18760=CARTESIAN_POINT('Origin',(25.5,9.5,-5.));
#18761=CARTESIAN_POINT('',(25.5,7.,-5.));
#18762=CARTESIAN_POINT('',(25.5,9.5,-5.));
#18763=CARTESIAN_POINT('Origin',(25.5,9.5,12.));
#18764=CARTESIAN_POINT('',(25.5,7.,12.));
#18765=CARTESIAN_POINT('',(25.5,9.5,12.));
#18766=CARTESIAN_POINT('Origin',(25.5,9.5,5.));
#18767=CARTESIAN_POINT('',(25.5,7.,5.));
#18768=CARTESIAN_POINT('',(25.5,9.5,5.));
#18769=CARTESIAN_POINT('Origin',(25.5,9.5,3.));
#18770=CARTESIAN_POINT('',(25.5,7.,3.));
#18771=CARTESIAN_POINT('',(25.5,9.5,3.));
#18772=CARTESIAN_POINT('Origin',(18.5,9.5,-12.));
#18773=CARTESIAN_POINT('',(18.5,7.,-12.));
#18774=CARTESIAN_POINT('',(18.5,9.5,-12.));
#18775=CARTESIAN_POINT('Origin',(18.5,9.5,-5.));
#18776=CARTESIAN_POINT('',(18.5,7.,-5.));
#18777=CARTESIAN_POINT('',(18.5,9.5,-5.));
#18778=CARTESIAN_POINT('Origin',(18.5,9.5,12.));
#18779=CARTESIAN_POINT('',(18.5,7.,12.));
#18780=CARTESIAN_POINT('',(18.5,9.5,12.));
#18781=CARTESIAN_POINT('Origin',(18.5,9.5,5.));
#18782=CARTESIAN_POINT('',(18.5,7.,5.));
#18783=CARTESIAN_POINT('',(18.5,9.5,5.));
#18784=CARTESIAN_POINT('Origin',(18.5,9.5,3.));
#18785=CARTESIAN_POINT('',(18.5,7.,3.));
#18786=CARTESIAN_POINT('',(18.5,9.5,3.));
#18787=CARTESIAN_POINT('Origin',(11.5,9.5,-12.));
#18788=CARTESIAN_POINT('',(11.5,7.,-12.));
#18789=CARTESIAN_POINT('',(11.5,9.5,-12.));
#18790=CARTESIAN_POINT('Origin',(11.5,9.5,-5.));
#18791=CARTESIAN_POINT('',(11.5,7.,-5.));
#18792=CARTESIAN_POINT('',(11.5,9.5,-5.));
#18793=CARTESIAN_POINT('Origin',(11.5,9.5,12.));
#18794=CARTESIAN_POINT('',(11.5,7.,12.));
#18795=CARTESIAN_POINT('',(11.5,9.5,12.));
#18796=CARTESIAN_POINT('Origin',(11.5,9.5,5.));
#18797=CARTESIAN_POINT('',(11.5,7.,5.));
#18798=CARTESIAN_POINT('',(11.5,9.5,5.));
#18799=CARTESIAN_POINT('Origin',(11.5,9.5,3.));
#18800=CARTESIAN_POINT('',(11.5,7.,3.));
#18801=CARTESIAN_POINT('',(11.5,9.5,3.));
#18802=CARTESIAN_POINT('Origin',(4.5,9.5,-12.));
#18803=CARTESIAN_POINT('',(4.5,7.,-12.));
#18804=CARTESIAN_POINT('',(4.5,9.5,-12.));
#18805=CARTESIAN_POINT('Origin',(-6.41847686111419E-14,9.5,6.50521303491303E-14));
#18806=CARTESIAN_POINT('Origin',(-6.41847686111419E-14,7.,6.50521303491303E-14));
#18807=CARTESIAN_POINT('Origin',(-6.41847686111419E-14,9.5,6.50521303491303E-14));
#18808=CARTESIAN_POINT('Origin',(4.5,9.5,12.));
#18809=CARTESIAN_POINT('',(4.5,7.,12.));
#18810=CARTESIAN_POINT('',(4.5,9.5,12.));
#18811=CARTESIAN_POINT('Origin',(-2.5,9.5,-12.));
#18812=CARTESIAN_POINT('',(-2.5,7.,-12.));
#18813=CARTESIAN_POINT('',(-2.5,9.5,-12.));
#18814=CARTESIAN_POINT('Origin',(-2.5,9.5,12.));
#18815=CARTESIAN_POINT('',(-2.5,7.,12.));
#18816=CARTESIAN_POINT('',(-2.5,9.5,12.));
#18817=CARTESIAN_POINT('Origin',(-9.5,9.5,-12.));
#18818=CARTESIAN_POINT('',(-9.5,7.,-12.));
#18819=CARTESIAN_POINT('',(-9.5,9.5,-12.));
#18820=CARTESIAN_POINT('Origin',(-9.5,9.5,-5.));
#18821=CARTESIAN_POINT('',(-9.5,7.,-5.));
#18822=CARTESIAN_POINT('',(-9.5,9.5,-5.));
#18823=CARTESIAN_POINT('Origin',(-9.5,9.5,12.));
#18824=CARTESIAN_POINT('',(-9.5,7.,12.));
#18825=CARTESIAN_POINT('',(-9.5,9.5,12.));
#18826=CARTESIAN_POINT('Origin',(-9.5,9.5,5.));
#18827=CARTESIAN_POINT('',(-9.5,7.,5.));
#18828=CARTESIAN_POINT('',(-9.5,9.5,5.));
#18829=CARTESIAN_POINT('Origin',(-16.5,9.5,-12.));
#18830=CARTESIAN_POINT('',(-16.5,7.,-12.));
#18831=CARTESIAN_POINT('',(-16.5,9.5,-12.));
#18832=CARTESIAN_POINT('Origin',(-16.5,9.5,-5.));
#18833=CARTESIAN_POINT('',(-16.5,7.,-5.));
#18834=CARTESIAN_POINT('',(-16.5,9.5,-5.));
#18835=CARTESIAN_POINT('Origin',(-16.5,9.5,12.));
#18836=CARTESIAN_POINT('',(-16.5,7.,12.));
#18837=CARTESIAN_POINT('',(-16.5,9.5,12.));
#18838=CARTESIAN_POINT('Origin',(-16.5,9.5,5.));
#18839=CARTESIAN_POINT('',(-16.5,7.,5.));
#18840=CARTESIAN_POINT('',(-16.5,9.5,5.));
#18841=CARTESIAN_POINT('Origin',(-16.5,9.5,3.));
#18842=CARTESIAN_POINT('',(-16.5,7.,3.));
#18843=CARTESIAN_POINT('',(-16.5,9.5,3.));
#18844=CARTESIAN_POINT('Origin',(-23.5,9.5,-12.));
#18845=CARTESIAN_POINT('',(-23.5,7.,-12.));
#18846=CARTESIAN_POINT('',(-23.5,9.5,-12.));
#18847=CARTESIAN_POINT('Origin',(-23.5,9.5,-5.));
#18848=CARTESIAN_POINT('',(-23.5,7.,-5.));
#18849=CARTESIAN_POINT('',(-23.5,9.5,-5.));
#18850=CARTESIAN_POINT('Origin',(-23.5,9.5,12.));
#18851=CARTESIAN_POINT('',(-23.5,7.,12.));
#18852=CARTESIAN_POINT('',(-23.5,9.5,12.));
#18853=CARTESIAN_POINT('Origin',(-23.5,9.5,5.));
#18854=CARTESIAN_POINT('',(-23.5,7.,5.));
#18855=CARTESIAN_POINT('',(-23.5,9.5,5.));
#18856=CARTESIAN_POINT('Origin',(-23.5,9.5,3.));
#18857=CARTESIAN_POINT('',(-23.5,7.,3.));
#18858=CARTESIAN_POINT('',(-23.5,9.5,3.));
#18859=CARTESIAN_POINT('Origin',(-30.5,9.5,-12.));
#18860=CARTESIAN_POINT('',(-30.5,7.,-12.));
#18861=CARTESIAN_POINT('',(-30.5,9.5,-12.));
#18862=CARTESIAN_POINT('Origin',(-30.5,9.5,-5.));
#18863=CARTESIAN_POINT('',(-30.5,7.,-5.));
#18864=CARTESIAN_POINT('',(-30.5,9.5,-5.));
#18865=CARTESIAN_POINT('Origin',(-30.5,9.5,12.));
#18866=CARTESIAN_POINT('',(-30.5,7.,12.));
#18867=CARTESIAN_POINT('',(-30.5,9.5,12.));
#18868=CARTESIAN_POINT('Origin',(-30.5,9.5,5.));
#18869=CARTESIAN_POINT('',(-30.5,7.,5.));
#18870=CARTESIAN_POINT('',(-30.5,9.5,5.));
#18871=CARTESIAN_POINT('Origin',(-30.5,9.5,3.));
#18872=CARTESIAN_POINT('',(-30.5,7.,3.));
#18873=CARTESIAN_POINT('',(-30.5,9.5,3.));
#18874=CARTESIAN_POINT('Origin',(-37.5,9.5,-12.));
#18875=CARTESIAN_POINT('',(-37.5,7.,-12.));
#18876=CARTESIAN_POINT('',(-37.5,9.5,-12.));
#18877=CARTESIAN_POINT('Origin',(-37.5,9.5,-5.));
#18878=CARTESIAN_POINT('',(-37.5,7.,-5.));
#18879=CARTESIAN_POINT('',(-37.5,9.5,-5.));
#18880=CARTESIAN_POINT('Origin',(-37.5,9.5,12.));
#18881=CARTESIAN_POINT('',(-37.5,7.,12.));
#18882=CARTESIAN_POINT('',(-37.5,9.5,12.));
#18883=CARTESIAN_POINT('Origin',(-37.5,9.5,5.));
#18884=CARTESIAN_POINT('',(-37.5,7.,5.));
#18885=CARTESIAN_POINT('',(-37.5,9.5,5.));
#18886=CARTESIAN_POINT('Origin',(-37.5,9.5,3.));
#18887=CARTESIAN_POINT('',(-37.5,7.,3.));
#18888=CARTESIAN_POINT('',(-37.5,9.5,3.));
#18889=CARTESIAN_POINT('Origin',(-44.5,9.5,-12.));
#18890=CARTESIAN_POINT('',(-44.5,7.,-12.));
#18891=CARTESIAN_POINT('',(-44.5,9.5,-12.));
#18892=CARTESIAN_POINT('Origin',(-44.5,9.5,-5.));
#18893=CARTESIAN_POINT('',(-44.5,7.,-5.));
#18894=CARTESIAN_POINT('',(-44.5,9.5,-5.));
#18895=CARTESIAN_POINT('Origin',(-44.5,9.5,12.));
#18896=CARTESIAN_POINT('',(-44.5,7.,12.));
#18897=CARTESIAN_POINT('',(-44.5,9.5,12.));
#18898=CARTESIAN_POINT('Origin',(-44.5,9.5,5.));
#18899=CARTESIAN_POINT('',(-44.5,7.,5.));
#18900=CARTESIAN_POINT('',(-44.5,9.5,5.));
#18901=CARTESIAN_POINT('Origin',(-44.5,9.5,3.));
#18902=CARTESIAN_POINT('',(-44.5,7.,3.));
#18903=CARTESIAN_POINT('',(-44.5,9.5,3.));
#18904=CARTESIAN_POINT('Origin',(-51.5,9.5,-5.));
#18905=CARTESIAN_POINT('',(-51.5,7.,-5.));
#18906=CARTESIAN_POINT('',(-51.5,9.5,-5.));
#18907=CARTESIAN_POINT('Origin',(-51.5,9.5,5.));
#18908=CARTESIAN_POINT('',(-51.5,7.,5.));
#18909=CARTESIAN_POINT('',(-51.5,9.5,5.));
#18910=CARTESIAN_POINT('Origin',(-51.5,9.5,3.));
#18911=CARTESIAN_POINT('',(-51.5,7.,3.));
#18912=CARTESIAN_POINT('',(-51.5,9.5,3.));
#18913=CARTESIAN_POINT('Origin',(4.5,9.5,10.));
#18914=CARTESIAN_POINT('',(4.5,7.,10.));
#18915=CARTESIAN_POINT('',(4.5,9.5,10.));
#18916=CARTESIAN_POINT('Origin',(-35.,9.5,0.));
#18917=CARTESIAN_POINT('Origin',(35.,7.00000000000003,24.0742901549634));
#18918=CARTESIAN_POINT('Origin',(35.,7.00000000000003,24.0742901549634));
#18919=CARTESIAN_POINT('Origin',(35.,7.00000000000003,24.0742901549634));
#18920=CARTESIAN_POINT('Origin',(35.,7.00000000000003,24.0742901549634));
#18921=CARTESIAN_POINT('Origin',(35.,7.00000000000003,24.0742901549634));
#18922=CARTESIAN_POINT('Origin',(35.,7.00000000000003,24.0742901549634));
#18923=CARTESIAN_POINT('Origin',(35.,7.00000000000003,24.0742901549634));
#18924=CARTESIAN_POINT('Origin',(35.,7.00000000000003,24.0742901549634));
#18925=CARTESIAN_POINT('Origin',(35.,7.00000000000003,24.0742901549634));
#18926=CARTESIAN_POINT('Origin',(35.,7.00000000000003,24.0742901549634));
#18927=CARTESIAN_POINT('Origin',(35.,7.00000000000003,24.0742901549634));
#18928=CARTESIAN_POINT('Origin',(35.,7.00000000000003,24.0742901549634));
#18929=CARTESIAN_POINT('Origin',(35.,7.00000000000003,24.0742901549634));
#18930=CARTESIAN_POINT('Origin',(35.,7.00000000000003,24.0742901549634));
#18931=CARTESIAN_POINT('Origin',(35.,7.00000000000003,24.0742901549634));
#18932=CARTESIAN_POINT('Origin',(35.,7.00000000000003,24.0742901549634));
#18933=CARTESIAN_POINT('Origin',(35.,7.00000000000003,24.0742901549634));
#18934=CARTESIAN_POINT('Origin',(35.,7.00000000000003,24.0742901549634));
#18935=CARTESIAN_POINT('Origin',(35.,7.00000000000003,24.0742901549634));
#18936=CARTESIAN_POINT('Origin',(35.,7.00000000000003,24.0742901549634));
#18937=CARTESIAN_POINT('Origin',(35.,7.00000000000003,24.0742901549634));
#18938=CARTESIAN_POINT('Origin',(35.,7.00000000000003,24.0742901549634));
#18939=CARTESIAN_POINT('Origin',(35.,7.00000000000003,24.0742901549634));
#18940=CARTESIAN_POINT('Origin',(35.,7.00000000000003,24.0742901549634));
#18941=CARTESIAN_POINT('Origin',(35.,7.00000000000003,24.0742901549634));
#18942=CARTESIAN_POINT('Origin',(35.,7.00000000000003,24.0742901549634));
#18943=CARTESIAN_POINT('Origin',(35.,7.00000000000003,24.0742901549634));
#18944=CARTESIAN_POINT('Origin',(35.,7.00000000000003,24.0742901549634));
#18945=CARTESIAN_POINT('Origin',(35.,7.00000000000003,24.0742901549634));
#18946=CARTESIAN_POINT('Origin',(35.,7.00000000000003,24.0742901549634));
#18947=CARTESIAN_POINT('Origin',(35.,7.00000000000003,24.0742901549634));
#18948=CARTESIAN_POINT('Origin',(35.,7.00000000000003,24.0742901549634));
#18949=CARTESIAN_POINT('Origin',(35.,7.00000000000003,24.0742901549634));
#18950=CARTESIAN_POINT('Origin',(35.,7.00000000000003,24.0742901549634));
#18951=CARTESIAN_POINT('Origin',(35.,7.00000000000003,24.0742901549634));
#18952=CARTESIAN_POINT('Origin',(35.,7.00000000000003,24.0742901549634));
#18953=CARTESIAN_POINT('Origin',(35.,7.00000000000003,24.0742901549634));
#18954=CARTESIAN_POINT('Origin',(35.,7.00000000000003,24.0742901549634));
#18955=CARTESIAN_POINT('Origin',(35.,7.00000000000003,24.0742901549634));
#18956=CARTESIAN_POINT('Origin',(35.,7.00000000000003,24.0742901549634));
#18957=CARTESIAN_POINT('Origin',(35.,7.00000000000003,24.0742901549634));
#18958=CARTESIAN_POINT('Origin',(35.,7.00000000000003,24.0742901549634));
#18959=CARTESIAN_POINT('Origin',(35.,7.00000000000003,24.0742901549634));
#18960=CARTESIAN_POINT('Origin',(35.,7.00000000000003,24.0742901549634));
#18961=CARTESIAN_POINT('Origin',(35.,7.00000000000003,24.0742901549634));
#18962=CARTESIAN_POINT('Origin',(35.,7.00000000000003,24.0742901549634));
#18963=CARTESIAN_POINT('Origin',(35.,7.00000000000003,24.0742901549634));
#18964=CARTESIAN_POINT('Origin',(35.,7.00000000000003,24.0742901549634));
#18965=CARTESIAN_POINT('Origin',(35.,7.00000000000003,24.0742901549634));
#18966=CARTESIAN_POINT('Origin',(35.,7.00000000000003,24.0742901549634));
#18967=CARTESIAN_POINT('Origin',(35.,7.00000000000003,24.0742901549634));
#18968=CARTESIAN_POINT('Origin',(35.,7.00000000000003,24.0742901549634));
#18969=CARTESIAN_POINT('Origin',(35.,7.00000000000003,24.0742901549634));
#18970=CARTESIAN_POINT('Origin',(35.,7.00000000000003,24.0742901549634));
#18971=CARTESIAN_POINT('Origin',(35.,7.00000000000003,24.0742901549634));
#18972=CARTESIAN_POINT('Origin',(35.,7.00000000000003,24.0742901549634));
#18973=CARTESIAN_POINT('Origin',(35.,7.00000000000003,24.0742901549634));
#18974=CARTESIAN_POINT('Origin',(35.,7.00000000000003,24.0742901549634));
#18975=CARTESIAN_POINT('Origin',(35.,7.00000000000003,24.0742901549634));
#18976=CARTESIAN_POINT('Origin',(35.,7.00000000000003,24.0742901549634));
#18977=CARTESIAN_POINT('Origin',(35.,7.00000000000003,24.0742901549634));
#18978=CARTESIAN_POINT('Origin',(35.,7.00000000000003,24.0742901549634));
#18979=CARTESIAN_POINT('Origin',(35.,7.00000000000003,24.0742901549634));
#18980=CARTESIAN_POINT('Origin',(35.,7.00000000000003,24.0742901549634));
#18981=CARTESIAN_POINT('Origin',(35.,7.00000000000003,24.0742901549634));
#18982=CARTESIAN_POINT('Origin',(35.,7.00000000000003,24.0742901549634));
#18983=CARTESIAN_POINT('',(0.,0.,0.));
#18984=CARTESIAN_POINT('Origin',(15.7804342383356,107.262206353294,68.));
#18985=CARTESIAN_POINT('',(11.7804342383356,107.262206353294,83.));
#18986=CARTESIAN_POINT('Origin',(15.7804342383356,107.262206353294,83.));
#18987=CARTESIAN_POINT('',(11.7804342383356,107.262206353294,80.));
#18988=CARTESIAN_POINT('',(11.7804342383356,107.262206353294,68.));
#18989=CARTESIAN_POINT('Origin',(15.7804342383356,107.262206353294,80.));
#18990=CARTESIAN_POINT('Origin',(-27.2973601097952,64.280453854002,68.));
#18991=CARTESIAN_POINT('',(-31.2973601097952,64.280453854002,83.));
#18992=CARTESIAN_POINT('Origin',(-27.2973601097952,64.280453854002,83.));
#18993=CARTESIAN_POINT('',(-31.2973601097952,64.280453854002,80.));
#18994=CARTESIAN_POINT('',(-31.2973601097952,64.280453854002,68.));
#18995=CARTESIAN_POINT('Origin',(-27.2973601097952,64.280453854002,80.));
#18996=CARTESIAN_POINT('Origin',(-27.2622063532936,95.7804342383356,68.));
#18997=CARTESIAN_POINT('',(-31.2622063532936,95.7804342383356,83.));
#18998=CARTESIAN_POINT('Origin',(-27.2622063532936,95.7804342383356,83.));
#18999=CARTESIAN_POINT('',(-31.2622063532936,95.7804342383356,80.));
#19000=CARTESIAN_POINT('',(-31.2622063532936,95.7804342383356,68.));
#19001=CARTESIAN_POINT('Origin',(-27.2622063532936,95.7804342383356,80.));
#19002=CARTESIAN_POINT('Origin',(-31.4999803843336,80.0351537565016,68.));
#19003=CARTESIAN_POINT('',(-35.4999803843336,80.0351537565016,83.));
#19004=CARTESIAN_POINT('Origin',(-31.4999803843336,80.0351537565016,83.));
#19005=CARTESIAN_POINT('',(-35.4999803843336,80.0351537565016,80.));
#19006=CARTESIAN_POINT('',(-35.4999803843336,80.0351537565016,68.));
#19007=CARTESIAN_POINT('Origin',(-31.4999803843336,80.0351537565016,80.));
#19008=CARTESIAN_POINT('Origin',(31.4999803843336,79.9648462434984,68.));
#19009=CARTESIAN_POINT('',(27.4999803843336,79.9648462434984,83.));
#19010=CARTESIAN_POINT('Origin',(31.4999803843336,79.9648462434984,83.));
#19011=CARTESIAN_POINT('',(27.4999803843336,79.9648462434984,80.));
#19012=CARTESIAN_POINT('',(27.4999803843336,79.9648462434984,68.));
#19013=CARTESIAN_POINT('Origin',(31.4999803843336,79.9648462434984,80.));
#19014=CARTESIAN_POINT('Origin',(27.2622063532936,64.2195657616644,68.));
#19015=CARTESIAN_POINT('',(23.2622063532936,64.2195657616644,83.));
#19016=CARTESIAN_POINT('Origin',(27.2622063532936,64.2195657616644,83.));
#19017=CARTESIAN_POINT('',(23.2622063532936,64.2195657616644,80.));
#19018=CARTESIAN_POINT('',(23.2622063532936,64.2195657616644,68.));
#19019=CARTESIAN_POINT('Origin',(27.2622063532936,64.2195657616644,80.));
#19020=CARTESIAN_POINT('Origin',(15.719546145998,52.7026398902048,68.));
#19021=CARTESIAN_POINT('',(11.719546145998,52.7026398902048,83.));
#19022=CARTESIAN_POINT('Origin',(15.719546145998,52.7026398902048,83.));
#19023=CARTESIAN_POINT('',(11.719546145998,52.7026398902048,80.));
#19024=CARTESIAN_POINT('',(11.719546145998,52.7026398902048,68.));
#19025=CARTESIAN_POINT('Origin',(15.719546145998,52.7026398902048,80.));
#19026=CARTESIAN_POINT('Origin',(-15.719546145998,107.297360109795,68.));
#19027=CARTESIAN_POINT('',(-19.719546145998,107.297360109795,83.));
#19028=CARTESIAN_POINT('Origin',(-15.719546145998,107.297360109795,83.));
#19029=CARTESIAN_POINT('',(-19.719546145998,107.297360109795,80.));
#19030=CARTESIAN_POINT('',(-19.719546145998,107.297360109795,68.));
#19031=CARTESIAN_POINT('Origin',(-15.719546145998,107.297360109795,80.));
#19032=CARTESIAN_POINT('Origin',(-15.7804342383356,52.7377936467064,68.));
#19033=CARTESIAN_POINT('',(-19.7804342383356,52.7377936467064,83.));
#19034=CARTESIAN_POINT('Origin',(-15.7804342383356,52.7377936467064,83.));
#19035=CARTESIAN_POINT('',(-19.7804342383356,52.7377936467064,80.));
#19036=CARTESIAN_POINT('',(-19.7804342383356,52.7377936467064,68.));
#19037=CARTESIAN_POINT('Origin',(-15.7804342383356,52.7377936467064,80.));
#19038=CARTESIAN_POINT('Origin',(0.0351537565015659,111.499980384334,68.));
#19039=CARTESIAN_POINT('',(-3.96484624349843,111.499980384334,83.));
#19040=CARTESIAN_POINT('Origin',(0.0351537565015659,111.499980384334,83.));
#19041=CARTESIAN_POINT('',(-3.96484624349843,111.499980384334,80.));
#19042=CARTESIAN_POINT('',(-3.96484624349843,111.499980384334,68.));
#19043=CARTESIAN_POINT('Origin',(0.0351537565015659,111.499980384334,80.));
#19044=CARTESIAN_POINT('Origin',(-0.0351537565015698,48.5000196156664,68.));
#19045=CARTESIAN_POINT('',(-4.03515375650157,48.5000196156664,83.));
#19046=CARTESIAN_POINT('Origin',(-0.0351537565015698,48.5000196156664,83.));
#19047=CARTESIAN_POINT('',(-4.03515375650157,48.5000196156664,80.));
#19048=CARTESIAN_POINT('',(-4.03515375650157,48.5000196156664,68.));
#19049=CARTESIAN_POINT('Origin',(-0.0351537565015698,48.5000196156664,80.));
#19050=CARTESIAN_POINT('Origin',(27.2973601097952,95.719546145998,68.));
#19051=CARTESIAN_POINT('',(23.2973601097952,95.719546145998,83.));
#19052=CARTESIAN_POINT('Origin',(27.2973601097952,95.719546145998,83.));
#19053=CARTESIAN_POINT('',(23.2973601097952,95.719546145998,80.));
#19054=CARTESIAN_POINT('',(23.2973601097952,95.719546145998,68.));
#19055=CARTESIAN_POINT('Origin',(27.2973601097952,95.719546145998,80.));
#19056=CARTESIAN_POINT('Origin',(90.,140.,1.35));
#19057=CARTESIAN_POINT('',(85.,140.,3.));
#19058=CARTESIAN_POINT('Origin',(90.,140.,3.));
#19059=CARTESIAN_POINT('',(85.,140.,0.));
#19060=CARTESIAN_POINT('',(85.,140.,1.35));
#19061=CARTESIAN_POINT('Origin',(90.,140.,0.));
#19062=CARTESIAN_POINT('Origin',(-90.,19.9999999999999,1.35));
#19063=CARTESIAN_POINT('',(-95.,19.9999999999999,3.));
#19064=CARTESIAN_POINT('Origin',(-90.,19.9999999999999,3.));
#19065=CARTESIAN_POINT('',(-95.,19.9999999999999,0.));
#19066=CARTESIAN_POINT('',(-95.,19.9999999999999,1.35));
#19067=CARTESIAN_POINT('Origin',(-90.,19.9999999999999,0.));
#19068=CARTESIAN_POINT('Origin',(-90.,140.,1.35));
#19069=CARTESIAN_POINT('',(-95.,140.,3.));
#19070=CARTESIAN_POINT('Origin',(-90.,140.,3.));
#19071=CARTESIAN_POINT('',(-95.,140.,0.));
#19072=CARTESIAN_POINT('',(-95.,140.,1.35));
#19073=CARTESIAN_POINT('Origin',(-90.,140.,0.));
#19074=CARTESIAN_POINT('Origin',(90.,20.,1.35));
#19075=CARTESIAN_POINT('',(85.,20.,3.));
#19076=CARTESIAN_POINT('Origin',(90.,20.,3.));
#19077=CARTESIAN_POINT('',(85.,20.,0.));
#19078=CARTESIAN_POINT('',(85.,20.,1.35));
#19079=CARTESIAN_POINT('Origin',(90.,20.,0.));
#19080=CARTESIAN_POINT('Origin',(76.,0.,3.));
#19081=CARTESIAN_POINT('',(110.,0.,3.));
#19082=CARTESIAN_POINT('',(76.,0.,3.));
#19083=CARTESIAN_POINT('',(110.,0.,3.));
#19084=CARTESIAN_POINT('',(110.,160.,3.));
#19085=CARTESIAN_POINT('',(110.,0.,3.));
#19086=CARTESIAN_POINT('',(76.,160.,3.));
#19087=CARTESIAN_POINT('',(110.,160.,3.));
#19088=CARTESIAN_POINT('',(76.,0.,3.));
#19089=CARTESIAN_POINT('Origin',(76.0000000000001,0.,6.00000000000003));
#19090=CARTESIAN_POINT('',(73.,0.,6.00000000000003));
#19091=CARTESIAN_POINT('Origin',(76.0000000000001,0.,6.00000000000003));
#19092=CARTESIAN_POINT('',(73.,160.,6.00000000000003));
#19093=CARTESIAN_POINT('Origin',(76.0000000000001,160.,6.00000000000003));
#19094=CARTESIAN_POINT('',(73.,0.,6.00000000000003));
#19095=CARTESIAN_POINT('Origin',(73.,0.,78.));
#19096=CARTESIAN_POINT('',(73.,0.,78.));
#19097=CARTESIAN_POINT('',(73.,0.,6.00000000000003));
#19098=CARTESIAN_POINT('',(73.,160.,78.));
#19099=CARTESIAN_POINT('',(73.,160.,6.00000000000003));
#19100=CARTESIAN_POINT('',(73.,0.,78.));
#19101=CARTESIAN_POINT('Origin',(68.,0.,78.));
#19102=CARTESIAN_POINT('',(68.,0.,83.));
#19103=CARTESIAN_POINT('Origin',(68.,0.,78.));
#19104=CARTESIAN_POINT('',(68.,160.,83.));
#19105=CARTESIAN_POINT('Origin',(68.,160.,78.));
#19106=CARTESIAN_POINT('',(68.,0.,83.));
#19107=CARTESIAN_POINT('Origin',(-68.,0.,83.));
#19108=CARTESIAN_POINT('',(-68.,0.,83.));
#19109=CARTESIAN_POINT('',(-68.,0.,83.));
#19110=CARTESIAN_POINT('',(-68.,160.,83.));
#19111=CARTESIAN_POINT('',(-68.,160.,83.));
#19112=CARTESIAN_POINT('',(-68.,0.,83.));
#19113=CARTESIAN_POINT('Origin',(-68.,0.,78.));
#19114=CARTESIAN_POINT('',(-73.,0.,78.));
#19115=CARTESIAN_POINT('Origin',(-68.,0.,78.));
#19116=CARTESIAN_POINT('',(-73.,160.,78.));
#19117=CARTESIAN_POINT('Origin',(-68.,160.,78.));
#19118=CARTESIAN_POINT('',(-73.,0.,78.));
#19119=CARTESIAN_POINT('Origin',(-73.,0.,6.00000000000003));
#19120=CARTESIAN_POINT('',(-73.,0.,6.00000000000003));
#19121=CARTESIAN_POINT('',(-73.,0.,6.00000000000003));
#19122=CARTESIAN_POINT('',(-73.,160.,6.00000000000003));
#19123=CARTESIAN_POINT('',(-73.,160.,6.00000000000003));
#19124=CARTESIAN_POINT('',(-73.,0.,6.00000000000003));
#19125=CARTESIAN_POINT('Origin',(-76.,0.,6.00000000000003));
#19126=CARTESIAN_POINT('',(-76.,0.,3.));
#19127=CARTESIAN_POINT('Origin',(-76.,0.,6.00000000000003));
#19128=CARTESIAN_POINT('',(-76.,160.,3.));
#19129=CARTESIAN_POINT('Origin',(-76.,160.,6.00000000000003));
#19130=CARTESIAN_POINT('',(-76.,0.,3.));
#19131=CARTESIAN_POINT('Origin',(-110.,0.,3.));
#19132=CARTESIAN_POINT('',(-110.,0.,3.));
#19133=CARTESIAN_POINT('',(-110.,0.,3.));
#19134=CARTESIAN_POINT('',(-110.,160.,3.));
#19135=CARTESIAN_POINT('',(-110.,160.,3.));
#19136=CARTESIAN_POINT('',(-110.,0.,3.));
#19137=CARTESIAN_POINT('Origin',(-110.,0.,0.));
#19138=CARTESIAN_POINT('',(-110.,0.,0.));
#19139=CARTESIAN_POINT('',(-110.,0.,3.));
#19140=CARTESIAN_POINT('',(-110.,160.,0.));
#19141=CARTESIAN_POINT('',(-110.,160.,3.));
#19142=CARTESIAN_POINT('',(-110.,0.,0.));
#19143=CARTESIAN_POINT('Origin',(-75.,0.,0.));
#19144=CARTESIAN_POINT('',(-75.,0.,0.));
#19145=CARTESIAN_POINT('',(-110.,0.,0.));
#19146=CARTESIAN_POINT('',(-75.,160.,0.));
#19147=CARTESIAN_POINT('',(-110.,160.,0.));
#19148=CARTESIAN_POINT('',(-75.,0.,0.));
#19149=CARTESIAN_POINT('Origin',(-75.,0.,5.00000000000002));
#19150=CARTESIAN_POINT('',(-70.,0.,5.00000000000002));
#19151=CARTESIAN_POINT('Origin',(-75.,0.,5.00000000000002));
#19152=CARTESIAN_POINT('',(-70.,160.,5.00000000000002));
#19153=CARTESIAN_POINT('Origin',(-75.,160.,5.00000000000002));
#19154=CARTESIAN_POINT('',(-70.,0.,5.00000000000002));
#19155=CARTESIAN_POINT('Origin',(-70.,0.,77.));
#19156=CARTESIAN_POINT('',(-70.,0.,77.));
#19157=CARTESIAN_POINT('',(-70.,0.,5.00000000000002));
#19158=CARTESIAN_POINT('',(-70.,160.,77.));
#19159=CARTESIAN_POINT('',(-70.,160.,5.00000000000002));
#19160=CARTESIAN_POINT('',(-70.,0.,77.));
#19161=CARTESIAN_POINT('Origin',(-67.,0.,77.));
#19162=CARTESIAN_POINT('',(-67.,0.,80.));
#19163=CARTESIAN_POINT('Origin',(-67.,0.,77.));
#19164=CARTESIAN_POINT('',(-67.,160.,80.));
#19165=CARTESIAN_POINT('Origin',(-67.,160.,77.));
#19166=CARTESIAN_POINT('',(-67.,0.,80.));
#19167=CARTESIAN_POINT('Origin',(67.,0.,80.));
#19168=CARTESIAN_POINT('',(67.,0.,80.));
#19169=CARTESIAN_POINT('',(67.,0.,80.));
#19170=CARTESIAN_POINT('',(67.,160.,80.));
#19171=CARTESIAN_POINT('',(67.,160.,80.));
#19172=CARTESIAN_POINT('',(67.,0.,80.));
#19173=CARTESIAN_POINT('Origin',(67.,0.,77.));
#19174=CARTESIAN_POINT('',(70.,0.,77.));
#19175=CARTESIAN_POINT('Origin',(67.,0.,77.));
#19176=CARTESIAN_POINT('',(70.,160.,77.));
#19177=CARTESIAN_POINT('Origin',(67.,160.,77.));
#19178=CARTESIAN_POINT('',(70.,0.,77.));
#19179=CARTESIAN_POINT('Origin',(70.,0.,5.00000000000002));
#19180=CARTESIAN_POINT('',(70.,0.,5.00000000000002));
#19181=CARTESIAN_POINT('',(70.,0.,5.00000000000002));
#19182=CARTESIAN_POINT('',(70.,160.,5.00000000000002));
#19183=CARTESIAN_POINT('',(70.,160.,5.00000000000002));
#19184=CARTESIAN_POINT('',(70.,0.,5.00000000000002));
#19185=CARTESIAN_POINT('Origin',(75.,0.,5.00000000000002));
#19186=CARTESIAN_POINT('',(75.,0.,0.));
#19187=CARTESIAN_POINT('Origin',(75.,0.,5.00000000000002));
#19188=CARTESIAN_POINT('',(75.,160.,0.));
#19189=CARTESIAN_POINT('Origin',(75.,160.,5.00000000000002));
#19190=CARTESIAN_POINT('',(75.,0.,0.));
#19191=CARTESIAN_POINT('Origin',(110.,0.,0.));
#19192=CARTESIAN_POINT('',(110.,0.,0.));
#19193=CARTESIAN_POINT('',(110.,0.,0.));
#19194=CARTESIAN_POINT('',(110.,160.,0.));
#19195=CARTESIAN_POINT('',(110.,160.,0.));
#19196=CARTESIAN_POINT('',(110.,0.,0.));
#19197=CARTESIAN_POINT('Origin',(110.,0.,3.));
#19198=CARTESIAN_POINT('',(110.,0.,3.));
#19199=CARTESIAN_POINT('',(110.,160.,3.));
#19200=CARTESIAN_POINT('Origin',(0.,160.,41.5));
#19201=CARTESIAN_POINT('Origin',(0.,0.,41.5));
#19202=CARTESIAN_POINT('',(-112.583302491977,64.9999999999989,-14.9999999999998));
#19203=CARTESIAN_POINT('',(0.,0.,0.));
#19204=CARTESIAN_POINT('',(112.583302491979,-65.0000000000003,-15.0000000000004));
#19205=CARTESIAN_POINT('',(112.583302491978,64.9999999999997,-14.9999999999996));
#19206=CARTESIAN_POINT('',(-112.583302491976,-65.0000000000003,-14.9999999999996));
#19207=CARTESIAN_POINT('',(545.59600640549,-314.999996634703,-63.9999999999996));
#19208=CARTESIAN_POINT('',(458.993466027047,-264.999996634704,-64.0000000000003));
#19209=CARTESIAN_POINT('',(372.390925648603,-214.999996634707,-63.9999999999999));
#19210=CARTESIAN_POINT('',(285.788385270159,-164.999996634705,-64.0000000000003));
#19211=CARTESIAN_POINT('',(545.596002480412,315.00000343314,-64.0000000000031));
#19212=CARTESIAN_POINT('',(458.993462101968,265.000003433141,-64.000000000003));
#19213=CARTESIAN_POINT('',(372.390921723525,215.000003433138,-64.0000000000024));
#19214=CARTESIAN_POINT('',(285.788381345082,165.000003433139,-64.0000000000018));
#19215=CARTESIAN_POINT('',(-545.596006405488,314.999996634704,-63.9999999999986));
#19216=CARTESIAN_POINT('',(-458.993466027045,264.999996634703,-63.9999999999997));
#19217=CARTESIAN_POINT('',(-372.390925648601,214.999996634704,-63.9999999999998));
#19218=CARTESIAN_POINT('',(-285.788385270158,164.999996634706,-62.0000000000008));
#19219=CARTESIAN_POINT('',(-545.596002480415,-315.000003433135,-64.0000000000017));
#19220=CARTESIAN_POINT('',(-458.993462101967,-265.000003433138,-64.0000000000013));
#19221=CARTESIAN_POINT('',(-372.390921723523,-215.000003433138,-63.9999999999998));
#19222=CARTESIAN_POINT('',(-285.788381345079,-165.000003433137,-63.9999999999998));
#19223=CARTESIAN_POINT('',(0.,-80.,3.0000000000009));
#19224=UNCERTAINTY_MEASURE_WITH_UNIT(LENGTH_MEASURE(0.01),#19236,
'DISTANCE_ACCURACY_VALUE',
'Maximum model space distance between geometric entities at asserted c
onnectivities');
#19225=UNCERTAINTY_MEASURE_WITH_UNIT(LENGTH_MEASURE(0.01),#19236,
'DISTANCE_ACCURACY_VALUE',
'Maximum model space distance between geometric entities at asserted c
onnectivities');
#19226=UNCERTAINTY_MEASURE_WITH_UNIT(LENGTH_MEASURE(0.01),#19236,
'DISTANCE_ACCURACY_VALUE',
'Maximum model space distance between geometric entities at asserted c
onnectivities');
#19227=UNCERTAINTY_MEASURE_WITH_UNIT(LENGTH_MEASURE(0.01),#19236,
'DISTANCE_ACCURACY_VALUE',
'Maximum model space distance between geometric entities at asserted c
onnectivities');
#19228=UNCERTAINTY_MEASURE_WITH_UNIT(LENGTH_MEASURE(0.01),#19236,
'DISTANCE_ACCURACY_VALUE',
'Maximum model space distance between geometric entities at asserted c
onnectivities');
#19229=UNCERTAINTY_MEASURE_WITH_UNIT(LENGTH_MEASURE(0.01),#19236,
'DISTANCE_ACCURACY_VALUE',
'Maximum model space distance between geometric entities at asserted c
onnectivities');
#19230=(
GEOMETRIC_REPRESENTATION_CONTEXT(3)
GLOBAL_UNCERTAINTY_ASSIGNED_CONTEXT((#19224))
GLOBAL_UNIT_ASSIGNED_CONTEXT((#19236,#19238,#19239))
REPRESENTATION_CONTEXT('','3D')
);
#19231=(
GEOMETRIC_REPRESENTATION_CONTEXT(3)
GLOBAL_UNCERTAINTY_ASSIGNED_CONTEXT((#19225))
GLOBAL_UNIT_ASSIGNED_CONTEXT((#19236,#19238,#19239))
REPRESENTATION_CONTEXT('','3D')
);
#19232=(
GEOMETRIC_REPRESENTATION_CONTEXT(3)
GLOBAL_UNCERTAINTY_ASSIGNED_CONTEXT((#19226))
GLOBAL_UNIT_ASSIGNED_CONTEXT((#19236,#19238,#19239))
REPRESENTATION_CONTEXT('','3D')
);
#19233=(
GEOMETRIC_REPRESENTATION_CONTEXT(3)
GLOBAL_UNCERTAINTY_ASSIGNED_CONTEXT((#19227))
GLOBAL_UNIT_ASSIGNED_CONTEXT((#19236,#19238,#19239))
REPRESENTATION_CONTEXT('','3D')
);
#19234=(
GEOMETRIC_REPRESENTATION_CONTEXT(3)
GLOBAL_UNCERTAINTY_ASSIGNED_CONTEXT((#19228))
GLOBAL_UNIT_ASSIGNED_CONTEXT((#19236,#19238,#19239))
REPRESENTATION_CONTEXT('','3D')
);
#19235=(
GEOMETRIC_REPRESENTATION_CONTEXT(3)
GLOBAL_UNCERTAINTY_ASSIGNED_CONTEXT((#19229))
GLOBAL_UNIT_ASSIGNED_CONTEXT((#19236,#19238,#19239))
REPRESENTATION_CONTEXT('','3D')
);
#19236=(
LENGTH_UNIT()
NAMED_UNIT(*)
SI_UNIT(.MILLI.,.METRE.)
);
#19237=(
LENGTH_UNIT()
NAMED_UNIT(*)
SI_UNIT($,.METRE.)
);
#19238=(
NAMED_UNIT(*)
PLANE_ANGLE_UNIT()
SI_UNIT($,.RADIAN.)
);
#19239=(
NAMED_UNIT(*)
SI_UNIT($,.STERADIAN.)
SOLID_ANGLE_UNIT()
);
#19240=SHAPE_DEFINITION_REPRESENTATION(#19245,#19272);
#19241=SHAPE_DEFINITION_REPRESENTATION(#19246,#19273);
#19242=SHAPE_DEFINITION_REPRESENTATION(#19247,#19274);
#19243=SHAPE_DEFINITION_REPRESENTATION(#19248,#19275);
#19244=SHAPE_DEFINITION_REPRESENTATION(#19249,#19276);
#19245=PRODUCT_DEFINITION_SHAPE('',$,#19278);
#19246=PRODUCT_DEFINITION_SHAPE('',$,#19279);
#19247=PRODUCT_DEFINITION_SHAPE('',$,#19280);
#19248=PRODUCT_DEFINITION_SHAPE('',$,#19281);
#19249=PRODUCT_DEFINITION_SHAPE('',$,#19282);
#19250=PRODUCT_DEFINITION_SHAPE($,$,#77);
#19251=PRODUCT_DEFINITION_SHAPE($,$,#78);
#19252=PRODUCT_DEFINITION_SHAPE($,$,#79);
#19253=PRODUCT_DEFINITION_SHAPE($,$,#80);
#19254=PRODUCT_DEFINITION_SHAPE($,$,#81);
#19255=PRODUCT_DEFINITION_SHAPE($,$,#82);
#19256=PRODUCT_DEFINITION_SHAPE($,$,#83);
#19257=PRODUCT_DEFINITION_SHAPE($,$,#84);
#19258=PRODUCT_DEFINITION_SHAPE($,$,#85);
#19259=PRODUCT_DEFINITION_SHAPE($,$,#86);
#19260=PRODUCT_DEFINITION_SHAPE($,$,#87);
#19261=PRODUCT_DEFINITION_SHAPE($,$,#88);
#19262=PRODUCT_DEFINITION_SHAPE($,$,#89);
#19263=PRODUCT_DEFINITION_SHAPE($,$,#90);
#19264=PRODUCT_DEFINITION_SHAPE($,$,#91);
#19265=PRODUCT_DEFINITION_SHAPE($,$,#92);
#19266=PRODUCT_DEFINITION_SHAPE($,$,#93);
#19267=PRODUCT_DEFINITION_SHAPE($,$,#94);
#19268=PRODUCT_DEFINITION_SHAPE($,$,#95);
#19269=PRODUCT_DEFINITION_SHAPE($,$,#96);
#19270=PRODUCT_DEFINITION_SHAPE($,$,#97);
#19271=PRODUCT_DEFINITION_SHAPE($,$,#98);
#19272=SHAPE_REPRESENTATION('',(#11912,#12768,#12769,#12770,#12771,#12772,
#12773,#12774,#12775,#12776,#12777,#12778,#12779,#12780,#12781,#12782,#12783,
#12784,#12785,#12786,#12787,#12788,#12789),#19230);
#19273=SHAPE_REPRESENTATION('',(#11913),#19231);
#19274=SHAPE_REPRESENTATION('',(#11956),#19232);
#19275=SHAPE_REPRESENTATION('',(#12027),#19233);
#19276=SHAPE_REPRESENTATION('',(#12681),#19234);
#19277=PRODUCT_DEFINITION_CONTEXT('part definition',#19294,'design');
#19278=PRODUCT_DEFINITION('Gripper','Gripper v10',#19283,#19277);
#19279=PRODUCT_DEFINITION('blaszka glowna','blaszka glowna v7',#19284,#19277);
#19280=PRODUCT_DEFINITION('square profile','square profile v4',#19285,#19277);
#19281=PRODUCT_DEFINITION(
'Elliptical flat vacuum cups - High Grip VVD-70-140-G3/8-B',
'Elliptical flat vacuum cups - High Grip VVD-70-140-G3_8-B v1',#19286,#19277);
#19282=PRODUCT_DEFINITION('gripper mount','gripper mount v2',#19287,#19277);
#19283=PRODUCT_DEFINITION_FORMATION('',$,#19296);
#19284=PRODUCT_DEFINITION_FORMATION('',$,#19297);
#19285=PRODUCT_DEFINITION_FORMATION('',$,#19298);
#19286=PRODUCT_DEFINITION_FORMATION('',$,#19299);
#19287=PRODUCT_DEFINITION_FORMATION('',$,#19300);
#19288=PRODUCT_RELATED_PRODUCT_CATEGORY('Gripper v10','Gripper v10',(#19296));
#19289=PRODUCT_RELATED_PRODUCT_CATEGORY('blaszka glowna v7',
'blaszka glowna v7',(#19297));
#19290=PRODUCT_RELATED_PRODUCT_CATEGORY('square profile v4',
'square profile v4',(#19298));
#19291=PRODUCT_RELATED_PRODUCT_CATEGORY(
'Elliptical flat vacuum cups - High Grip VVD-70-140-G3_8-B v1',
'Elliptical flat vacuum cups - High Grip VVD-70-140-G3_8-B v1',(#19299));
#19292=PRODUCT_RELATED_PRODUCT_CATEGORY('gripper mount v2',
'gripper mount v2',(#19300));
#19293=APPLICATION_PROTOCOL_DEFINITION('international standard',
'automotive_design',2009,#19294);
#19294=APPLICATION_CONTEXT(
'Core Data for Automotive Mechanical Design Process');
#19295=PRODUCT_CONTEXT('part definition',#19294,'mechanical');
#19296=PRODUCT('Gripper','Gripper v10',$,(#19295));
#19297=PRODUCT('blaszka glowna','blaszka glowna v7',$,(#19295));
#19298=PRODUCT('square profile','square profile v4',$,(#19295));
#19299=PRODUCT(
'Elliptical flat vacuum cups - High Grip VVD-70-140-G3/8-B',
'Elliptical flat vacuum cups - High Grip VVD-70-140-G3_8-B v1',
'STEP AP214',(#19295));
#19300=PRODUCT('gripper mount','gripper mount v2',$,(#19295));
#19301=PRESENTATION_STYLE_ASSIGNMENT((#19304));
#19302=PRESENTATION_STYLE_ASSIGNMENT((#19305));
#19303=PRESENTATION_STYLE_ASSIGNMENT((#19306));
#19304=SURFACE_STYLE_USAGE(.BOTH.,#19307);
#19305=SURFACE_STYLE_USAGE(.BOTH.,#19308);
#19306=SURFACE_STYLE_USAGE(.BOTH.,#19309);
#19307=SURFACE_SIDE_STYLE('',(#19310));
#19308=SURFACE_SIDE_STYLE('',(#19311));
#19309=SURFACE_SIDE_STYLE('',(#19312));
#19310=SURFACE_STYLE_FILL_AREA(#19313);
#19311=SURFACE_STYLE_FILL_AREA(#19314);
#19312=SURFACE_STYLE_FILL_AREA(#19315);
#19313=FILL_AREA_STYLE('Steel - Satin',(#19316));
#19314=FILL_AREA_STYLE('Opaque(168,31,31)',(#19317));
#19315=FILL_AREA_STYLE('Opaque(192,192,192)',(#19318));
#19316=FILL_AREA_STYLE_COLOUR('Steel - Satin',#19319);
#19317=FILL_AREA_STYLE_COLOUR('Opaque(168,31,31)',#19320);
#19318=FILL_AREA_STYLE_COLOUR('Opaque(192,192,192)',#19321);
#19319=COLOUR_RGB('Steel - Satin',0.627450980392157,0.627450980392157,0.627450980392157);
#19320=COLOUR_RGB('Opaque(168,31,31)',0.658823529411765,0.12156862745098,
0.12156862745098);
#19321=COLOUR_RGB('Opaque(192,192,192)',0.752941176470588,0.752941176470588,
0.752941176470588);
ENDSEC;
END-ISO-10303-21;
