ISO-10303-21;
HEADER;
/* Generated by software containing ST-Developer
 * from STEP Tools, Inc. (www.steptools.com) 
 */

FILE_DESCRIPTION(
/* description */ (''),
/* implementation_level */ '2;1');

FILE_NAME(
/* name */ 'link3 v14.step',
/* time_stamp */ '2026-05-21T11:45:17+02:00',
/* author */ (''),
/* organization */ (''),
/* preprocessor_version */ 'ST-DEVELOPER v20.1',
/* originating_system */ 'Autodesk Translation Framework v15.8.0.0',
/* authorisation */ '');

FILE_SCHEMA (('AUTOMOTIVE_DESIGN { 1 0 10303 214 3 1 1 }'));
ENDSEC;

DATA;
#10=MECHANICAL_DESIGN_GEOMETRIC_PRESENTATION_REPRESENTATION('',(#25,#26),
#3351);
#11=ITEM_DEFINED_TRANSFORMATION($,$,#1971,#2210);
#12=ITEM_DEFINED_TRANSFORMATION($,$,#2080,#2211);
#13=(
REPRESENTATION_RELATIONSHIP($,$,#3365,#3364)
REPRESENTATION_RELATIONSHIP_WITH_TRANSFORMATION(#11)
SHAPE_REPRESENTATION_RELATIONSHIP()
);
#14=(
REPRESENTATION_RELATIONSHIP($,$,#3366,#3364)
REPRESENTATION_RELATIONSHIP_WITH_TRANSFORMATION(#12)
SHAPE_REPRESENTATION_RELATIONSHIP()
);
#15=CONTEXT_DEPENDENT_SHAPE_REPRESENTATION(#13,#3362);
#16=CONTEXT_DEPENDENT_SHAPE_REPRESENTATION(#14,#3363);
#17=NEXT_ASSEMBLY_USAGE_OCCURRENCE('Component2:1','Component2:1',
'Component2:1',#3368,#3369,'Component2:1');
#18=NEXT_ASSEMBLY_USAGE_OCCURRENCE('Component3:1','Component3:1',
'Component3:1',#3368,#3370,'Component3:1');
#19=ELLIPSE('',#2136,150.332963783729,150.);
#20=ELLIPSE('',#2161,125.277469819774,125.);
#21=SHAPE_REPRESENTATION_RELATIONSHIP('SRR','None',#3365,#23);
#22=SHAPE_REPRESENTATION_RELATIONSHIP('SRR','None',#3366,#24);
#23=ADVANCED_BREP_SHAPE_REPRESENTATION('',(#27),#3349);
#24=ADVANCED_BREP_SHAPE_REPRESENTATION('',(#28),#3350);
#25=STYLED_ITEM('',(#3383),#27);
#26=STYLED_ITEM('',(#3383),#28);
#27=MANIFOLD_SOLID_BREP('Body1',#1945);
#28=MANIFOLD_SOLID_BREP('Body1',#1946);
#29=CYLINDRICAL_SURFACE('',#1993,122.5);
#30=CYLINDRICAL_SURFACE('',#2008,85.);
#31=CYLINDRICAL_SURFACE('',#2010,80.);
#32=CYLINDRICAL_SURFACE('',#2014,5.);
#33=CYLINDRICAL_SURFACE('',#2015,5.);
#34=CYLINDRICAL_SURFACE('',#2016,5.);
#35=CYLINDRICAL_SURFACE('',#2017,5.);
#36=CYLINDRICAL_SURFACE('',#2018,5.);
#37=CYLINDRICAL_SURFACE('',#2019,5.);
#38=CYLINDRICAL_SURFACE('',#2020,5.);
#39=CYLINDRICAL_SURFACE('',#2021,5.);
#40=CYLINDRICAL_SURFACE('',#2022,5.);
#41=CYLINDRICAL_SURFACE('',#2023,5.);
#42=CYLINDRICAL_SURFACE('',#2024,5.);
#43=CYLINDRICAL_SURFACE('',#2025,2.75);
#44=CYLINDRICAL_SURFACE('',#2028,2.75);
#45=CYLINDRICAL_SURFACE('',#2031,2.75);
#46=CYLINDRICAL_SURFACE('',#2034,2.75);
#47=CYLINDRICAL_SURFACE('',#2037,2.75);
#48=CYLINDRICAL_SURFACE('',#2040,2.75);
#49=CYLINDRICAL_SURFACE('',#2043,2.75);
#50=CYLINDRICAL_SURFACE('',#2046,2.75);
#51=CYLINDRICAL_SURFACE('',#2049,2.75);
#52=CYLINDRICAL_SURFACE('',#2052,2.75);
#53=CYLINDRICAL_SURFACE('',#2055,2.75);
#54=CYLINDRICAL_SURFACE('',#2058,2.75);
#55=CYLINDRICAL_SURFACE('',#2061,2.75);
#56=CYLINDRICAL_SURFACE('',#2064,2.75);
#57=CYLINDRICAL_SURFACE('',#2067,2.75);
#58=CYLINDRICAL_SURFACE('',#2070,2.75);
#59=CYLINDRICAL_SURFACE('',#2075,57.5);
#60=CYLINDRICAL_SURFACE('',#2079,92.5);
#61=CYLINDRICAL_SURFACE('',#2084,89.9999999999996);
#62=CYLINDRICAL_SURFACE('',#2087,92.5);
#63=CYLINDRICAL_SURFACE('',#2105,5.);
#64=CYLINDRICAL_SURFACE('',#2107,5.);
#65=CYLINDRICAL_SURFACE('',#2109,5.);
#66=CYLINDRICAL_SURFACE('',#2111,5.);
#67=CYLINDRICAL_SURFACE('',#2113,5.);
#68=CYLINDRICAL_SURFACE('',#2115,5.);
#69=CYLINDRICAL_SURFACE('',#2117,5.);
#70=CYLINDRICAL_SURFACE('',#2119,5.);
#71=CYLINDRICAL_SURFACE('',#2121,5.);
#72=CYLINDRICAL_SURFACE('',#2123,5.);
#73=CYLINDRICAL_SURFACE('',#2125,5.);
#74=CYLINDRICAL_SURFACE('',#2127,122.5);
#75=CYLINDRICAL_SURFACE('',#2134,150.);
#76=CYLINDRICAL_SURFACE('',#2158,50.);
#77=CYLINDRICAL_SURFACE('',#2160,125.);
#78=CYLINDRICAL_SURFACE('',#2184,350.);
#79=CYLINDRICAL_SURFACE('',#2186,250.);
#80=CYLINDRICAL_SURFACE('',#2190,249.99999999984);
#81=CYLINDRICAL_SURFACE('',#2192,349.99999999984);
#82=CYLINDRICAL_SURFACE('',#2194,5.);
#83=CYLINDRICAL_SURFACE('',#2195,5.);
#84=CYLINDRICAL_SURFACE('',#2196,5.);
#85=CYLINDRICAL_SURFACE('',#2197,5.);
#86=CYLINDRICAL_SURFACE('',#2198,5.);
#87=CYLINDRICAL_SURFACE('',#2199,5.);
#88=CYLINDRICAL_SURFACE('',#2200,5.);
#89=CYLINDRICAL_SURFACE('',#2201,5.);
#90=CYLINDRICAL_SURFACE('',#2202,5.);
#91=CYLINDRICAL_SURFACE('',#2203,5.);
#92=CYLINDRICAL_SURFACE('',#2204,5.);
#93=CYLINDRICAL_SURFACE('',#2205,5.);
#94=CYLINDRICAL_SURFACE('',#2207,85.);
#95=FACE_BOUND('',#439,.T.);
#96=FACE_BOUND('',#440,.T.);
#97=FACE_BOUND('',#441,.T.);
#98=FACE_BOUND('',#442,.T.);
#99=FACE_BOUND('',#443,.T.);
#100=FACE_BOUND('',#444,.T.);
#101=FACE_BOUND('',#445,.T.);
#102=FACE_BOUND('',#446,.T.);
#103=FACE_BOUND('',#447,.T.);
#104=FACE_BOUND('',#448,.T.);
#105=FACE_BOUND('',#449,.T.);
#106=FACE_BOUND('',#452,.T.);
#107=FACE_BOUND('',#453,.T.);
#108=FACE_BOUND('',#454,.T.);
#109=FACE_BOUND('',#455,.T.);
#110=FACE_BOUND('',#456,.T.);
#111=FACE_BOUND('',#457,.T.);
#112=FACE_BOUND('',#458,.T.);
#113=FACE_BOUND('',#459,.T.);
#114=FACE_BOUND('',#460,.T.);
#115=FACE_BOUND('',#461,.T.);
#116=FACE_BOUND('',#462,.T.);
#117=FACE_BOUND('',#494,.T.);
#118=FACE_BOUND('',#495,.T.);
#119=FACE_BOUND('',#496,.T.);
#120=FACE_BOUND('',#497,.T.);
#121=FACE_BOUND('',#498,.T.);
#122=FACE_BOUND('',#499,.T.);
#123=FACE_BOUND('',#500,.T.);
#124=FACE_BOUND('',#501,.T.);
#125=FACE_BOUND('',#502,.T.);
#126=FACE_BOUND('',#503,.T.);
#127=FACE_BOUND('',#504,.T.);
#128=FACE_BOUND('',#505,.T.);
#129=FACE_BOUND('',#506,.T.);
#130=FACE_BOUND('',#507,.T.);
#131=FACE_BOUND('',#508,.T.);
#132=FACE_BOUND('',#509,.T.);
#133=FACE_BOUND('',#510,.T.);
#134=FACE_BOUND('',#513,.T.);
#135=FACE_BOUND('',#514,.T.);
#136=FACE_BOUND('',#515,.T.);
#137=FACE_BOUND('',#516,.T.);
#138=FACE_BOUND('',#517,.T.);
#139=FACE_BOUND('',#518,.T.);
#140=FACE_BOUND('',#519,.T.);
#141=FACE_BOUND('',#520,.T.);
#142=FACE_BOUND('',#521,.T.);
#143=FACE_BOUND('',#522,.T.);
#144=FACE_BOUND('',#523,.T.);
#145=FACE_BOUND('',#524,.T.);
#146=FACE_BOUND('',#525,.T.);
#147=FACE_BOUND('',#526,.T.);
#148=FACE_BOUND('',#527,.T.);
#149=FACE_BOUND('',#528,.T.);
#150=FACE_BOUND('',#529,.T.);
#151=FACE_BOUND('',#537,.T.);
#152=FACE_BOUND('',#538,.T.);
#153=FACE_BOUND('',#539,.T.);
#154=FACE_BOUND('',#540,.T.);
#155=FACE_BOUND('',#541,.T.);
#156=FACE_BOUND('',#542,.T.);
#157=FACE_BOUND('',#543,.T.);
#158=FACE_BOUND('',#544,.T.);
#159=FACE_BOUND('',#545,.T.);
#160=FACE_BOUND('',#546,.T.);
#161=FACE_BOUND('',#547,.T.);
#162=FACE_BOUND('',#549,.T.);
#163=FACE_BOUND('',#567,.T.);
#164=FACE_BOUND('',#568,.T.);
#165=FACE_BOUND('',#569,.T.);
#166=FACE_BOUND('',#570,.T.);
#167=FACE_BOUND('',#571,.T.);
#168=FACE_BOUND('',#572,.T.);
#169=FACE_BOUND('',#573,.T.);
#170=FACE_BOUND('',#574,.T.);
#171=FACE_BOUND('',#575,.T.);
#172=FACE_BOUND('',#576,.T.);
#173=FACE_BOUND('',#577,.T.);
#174=FACE_BOUND('',#578,.T.);
#175=FACE_BOUND('',#579,.T.);
#176=FACE_BOUND('',#586,.T.);
#177=FACE_BOUND('',#587,.T.);
#178=FACE_BOUND('',#588,.T.);
#179=FACE_BOUND('',#589,.T.);
#180=FACE_BOUND('',#590,.T.);
#181=FACE_BOUND('',#591,.T.);
#182=FACE_BOUND('',#592,.T.);
#183=FACE_BOUND('',#593,.T.);
#184=FACE_BOUND('',#594,.T.);
#185=FACE_BOUND('',#595,.T.);
#186=FACE_BOUND('',#596,.T.);
#187=FACE_BOUND('',#597,.T.);
#188=FACE_BOUND('',#598,.T.);
#189=FACE_BOUND('',#624,.T.);
#190=FACE_BOUND('',#625,.T.);
#191=FACE_BOUND('',#626,.T.);
#192=FACE_BOUND('',#627,.T.);
#193=FACE_BOUND('',#628,.T.);
#194=FACE_BOUND('',#629,.T.);
#195=FACE_BOUND('',#630,.T.);
#196=FACE_BOUND('',#631,.T.);
#197=FACE_BOUND('',#632,.T.);
#198=FACE_BOUND('',#633,.T.);
#199=FACE_BOUND('',#634,.T.);
#200=CIRCLE('',#1975,92.5);
#201=CIRCLE('',#1976,80.);
#202=CIRCLE('',#1977,80.);
#203=CIRCLE('',#1978,92.5);
#204=CIRCLE('',#1980,122.5);
#205=CIRCLE('',#1981,92.5);
#206=CIRCLE('',#1982,5.);
#207=CIRCLE('',#1983,5.);
#208=CIRCLE('',#1984,5.);
#209=CIRCLE('',#1985,5.);
#210=CIRCLE('',#1986,5.);
#211=CIRCLE('',#1987,5.);
#212=CIRCLE('',#1988,5.);
#213=CIRCLE('',#1989,5.);
#214=CIRCLE('',#1990,5.);
#215=CIRCLE('',#1991,5.);
#216=CIRCLE('',#1992,5.);
#217=CIRCLE('',#1994,122.5);
#218=CIRCLE('',#1996,85.);
#219=CIRCLE('',#1997,5.);
#220=CIRCLE('',#1998,5.);
#221=CIRCLE('',#1999,5.);
#222=CIRCLE('',#2000,5.);
#223=CIRCLE('',#2001,5.);
#224=CIRCLE('',#2002,5.);
#225=CIRCLE('',#2003,5.);
#226=CIRCLE('',#2004,5.);
#227=CIRCLE('',#2005,5.);
#228=CIRCLE('',#2006,5.);
#229=CIRCLE('',#2007,5.);
#230=CIRCLE('',#2009,85.);
#231=CIRCLE('',#2011,80.);
#232=CIRCLE('',#2012,80.);
#233=CIRCLE('',#2026,2.75);
#234=CIRCLE('',#2027,2.75);
#235=CIRCLE('',#2029,2.75);
#236=CIRCLE('',#2030,2.75);
#237=CIRCLE('',#2032,2.75);
#238=CIRCLE('',#2033,2.75);
#239=CIRCLE('',#2035,2.75);
#240=CIRCLE('',#2036,2.75);
#241=CIRCLE('',#2038,2.75);
#242=CIRCLE('',#2039,2.75);
#243=CIRCLE('',#2041,2.75);
#244=CIRCLE('',#2042,2.75);
#245=CIRCLE('',#2044,2.75);
#246=CIRCLE('',#2045,2.75);
#247=CIRCLE('',#2047,2.75);
#248=CIRCLE('',#2048,2.75);
#249=CIRCLE('',#2050,2.75);
#250=CIRCLE('',#2051,2.75);
#251=CIRCLE('',#2053,2.75);
#252=CIRCLE('',#2054,2.75);
#253=CIRCLE('',#2056,2.75);
#254=CIRCLE('',#2057,2.75);
#255=CIRCLE('',#2059,2.75);
#256=CIRCLE('',#2060,2.75);
#257=CIRCLE('',#2062,2.75);
#258=CIRCLE('',#2063,2.75);
#259=CIRCLE('',#2065,2.75);
#260=CIRCLE('',#2066,2.75);
#261=CIRCLE('',#2068,2.75);
#262=CIRCLE('',#2069,2.75);
#263=CIRCLE('',#2071,2.75);
#264=CIRCLE('',#2072,2.75);
#265=CIRCLE('',#2074,57.5);
#266=CIRCLE('',#2076,57.5);
#267=CIRCLE('',#2078,92.5);
#268=CIRCLE('',#2082,85.);
#269=CIRCLE('',#2083,89.9999999999996);
#270=CIRCLE('',#2085,89.9999999999996);
#271=CIRCLE('',#2088,92.5);
#272=CIRCLE('',#2089,92.5);
#273=CIRCLE('',#2092,122.5);
#274=CIRCLE('',#2093,5.);
#275=CIRCLE('',#2094,5.);
#276=CIRCLE('',#2095,5.);
#277=CIRCLE('',#2096,5.);
#278=CIRCLE('',#2097,5.);
#279=CIRCLE('',#2098,5.);
#280=CIRCLE('',#2099,5.);
#281=CIRCLE('',#2100,5.);
#282=CIRCLE('',#2101,5.);
#283=CIRCLE('',#2102,5.);
#284=CIRCLE('',#2103,5.);
#285=CIRCLE('',#2106,5.);
#286=CIRCLE('',#2108,5.);
#287=CIRCLE('',#2110,5.);
#288=CIRCLE('',#2112,5.);
#289=CIRCLE('',#2114,5.);
#290=CIRCLE('',#2116,5.);
#291=CIRCLE('',#2118,5.);
#292=CIRCLE('',#2120,5.);
#293=CIRCLE('',#2122,5.);
#294=CIRCLE('',#2124,5.);
#295=CIRCLE('',#2126,5.);
#296=CIRCLE('',#2128,122.5);
#297=CIRCLE('',#2130,125.);
#298=CIRCLE('',#2131,125.);
#299=CIRCLE('',#2132,150.);
#300=CIRCLE('',#2133,150.);
#301=CIRCLE('',#2135,150.);
#302=CIRCLE('',#2137,150.);
#303=CIRCLE('',#2138,150.);
#304=CIRCLE('',#2142,50.);
#305=CIRCLE('',#2143,5.);
#306=CIRCLE('',#2144,5.);
#307=CIRCLE('',#2145,5.);
#308=CIRCLE('',#2146,5.);
#309=CIRCLE('',#2147,5.);
#310=CIRCLE('',#2148,5.);
#311=CIRCLE('',#2149,5.);
#312=CIRCLE('',#2150,5.);
#313=CIRCLE('',#2151,5.);
#314=CIRCLE('',#2152,5.);
#315=CIRCLE('',#2153,5.);
#316=CIRCLE('',#2154,5.);
#317=CIRCLE('',#2159,50.);
#318=CIRCLE('',#2162,125.);
#319=CIRCLE('',#2164,5.);
#320=CIRCLE('',#2165,5.);
#321=CIRCLE('',#2166,5.);
#322=CIRCLE('',#2167,5.);
#323=CIRCLE('',#2168,5.);
#324=CIRCLE('',#2169,5.);
#325=CIRCLE('',#2170,5.);
#326=CIRCLE('',#2171,5.);
#327=CIRCLE('',#2172,5.);
#328=CIRCLE('',#2173,5.);
#329=CIRCLE('',#2174,5.);
#330=CIRCLE('',#2175,5.);
#331=CIRCLE('',#2180,349.999999999841);
#332=CIRCLE('',#2181,250.000000000001);
#333=CIRCLE('',#2182,350.000000000003);
#334=CIRCLE('',#2183,249.999999999842);
#335=CIRCLE('',#2185,350.000000000003);
#336=CIRCLE('',#2187,250.000000000001);
#337=CIRCLE('',#2191,249.999999999842);
#338=CIRCLE('',#2193,349.999999999841);
#339=CIRCLE('',#2208,85.);
#340=FACE_OUTER_BOUND('',#435,.T.);
#341=FACE_OUTER_BOUND('',#436,.T.);
#342=FACE_OUTER_BOUND('',#437,.T.);
#343=FACE_OUTER_BOUND('',#438,.T.);
#344=FACE_OUTER_BOUND('',#450,.T.);
#345=FACE_OUTER_BOUND('',#451,.T.);
#346=FACE_OUTER_BOUND('',#463,.T.);
#347=FACE_OUTER_BOUND('',#464,.T.);
#348=FACE_OUTER_BOUND('',#465,.T.);
#349=FACE_OUTER_BOUND('',#466,.T.);
#350=FACE_OUTER_BOUND('',#467,.T.);
#351=FACE_OUTER_BOUND('',#468,.T.);
#352=FACE_OUTER_BOUND('',#469,.T.);
#353=FACE_OUTER_BOUND('',#470,.T.);
#354=FACE_OUTER_BOUND('',#471,.T.);
#355=FACE_OUTER_BOUND('',#472,.T.);
#356=FACE_OUTER_BOUND('',#473,.T.);
#357=FACE_OUTER_BOUND('',#474,.T.);
#358=FACE_OUTER_BOUND('',#475,.T.);
#359=FACE_OUTER_BOUND('',#476,.T.);
#360=FACE_OUTER_BOUND('',#477,.T.);
#361=FACE_OUTER_BOUND('',#478,.T.);
#362=FACE_OUTER_BOUND('',#479,.T.);
#363=FACE_OUTER_BOUND('',#480,.T.);
#364=FACE_OUTER_BOUND('',#481,.T.);
#365=FACE_OUTER_BOUND('',#482,.T.);
#366=FACE_OUTER_BOUND('',#483,.T.);
#367=FACE_OUTER_BOUND('',#484,.T.);
#368=FACE_OUTER_BOUND('',#485,.T.);
#369=FACE_OUTER_BOUND('',#486,.T.);
#370=FACE_OUTER_BOUND('',#487,.T.);
#371=FACE_OUTER_BOUND('',#488,.T.);
#372=FACE_OUTER_BOUND('',#489,.T.);
#373=FACE_OUTER_BOUND('',#490,.T.);
#374=FACE_OUTER_BOUND('',#491,.T.);
#375=FACE_OUTER_BOUND('',#492,.T.);
#376=FACE_OUTER_BOUND('',#493,.T.);
#377=FACE_OUTER_BOUND('',#511,.T.);
#378=FACE_OUTER_BOUND('',#512,.T.);
#379=FACE_OUTER_BOUND('',#530,.T.);
#380=FACE_OUTER_BOUND('',#531,.T.);
#381=FACE_OUTER_BOUND('',#532,.T.);
#382=FACE_OUTER_BOUND('',#533,.T.);
#383=FACE_OUTER_BOUND('',#534,.T.);
#384=FACE_OUTER_BOUND('',#535,.T.);
#385=FACE_OUTER_BOUND('',#536,.T.);
#386=FACE_OUTER_BOUND('',#548,.T.);
#387=FACE_OUTER_BOUND('',#550,.T.);
#388=FACE_OUTER_BOUND('',#551,.T.);
#389=FACE_OUTER_BOUND('',#552,.T.);
#390=FACE_OUTER_BOUND('',#553,.T.);
#391=FACE_OUTER_BOUND('',#554,.T.);
#392=FACE_OUTER_BOUND('',#555,.T.);
#393=FACE_OUTER_BOUND('',#556,.T.);
#394=FACE_OUTER_BOUND('',#557,.T.);
#395=FACE_OUTER_BOUND('',#558,.T.);
#396=FACE_OUTER_BOUND('',#559,.T.);
#397=FACE_OUTER_BOUND('',#560,.T.);
#398=FACE_OUTER_BOUND('',#561,.T.);
#399=FACE_OUTER_BOUND('',#562,.T.);
#400=FACE_OUTER_BOUND('',#563,.T.);
#401=FACE_OUTER_BOUND('',#564,.T.);
#402=FACE_OUTER_BOUND('',#565,.T.);
#403=FACE_OUTER_BOUND('',#566,.T.);
#404=FACE_OUTER_BOUND('',#580,.T.);
#405=FACE_OUTER_BOUND('',#581,.T.);
#406=FACE_OUTER_BOUND('',#582,.T.);
#407=FACE_OUTER_BOUND('',#583,.T.);
#408=FACE_OUTER_BOUND('',#584,.T.);
#409=FACE_OUTER_BOUND('',#585,.T.);
#410=FACE_OUTER_BOUND('',#599,.T.);
#411=FACE_OUTER_BOUND('',#600,.T.);
#412=FACE_OUTER_BOUND('',#601,.T.);
#413=FACE_OUTER_BOUND('',#602,.T.);
#414=FACE_OUTER_BOUND('',#603,.T.);
#415=FACE_OUTER_BOUND('',#604,.T.);
#416=FACE_OUTER_BOUND('',#605,.T.);
#417=FACE_OUTER_BOUND('',#606,.T.);
#418=FACE_OUTER_BOUND('',#607,.T.);
#419=FACE_OUTER_BOUND('',#608,.T.);
#420=FACE_OUTER_BOUND('',#609,.T.);
#421=FACE_OUTER_BOUND('',#610,.T.);
#422=FACE_OUTER_BOUND('',#611,.T.);
#423=FACE_OUTER_BOUND('',#612,.T.);
#424=FACE_OUTER_BOUND('',#613,.T.);
#425=FACE_OUTER_BOUND('',#614,.T.);
#426=FACE_OUTER_BOUND('',#615,.T.);
#427=FACE_OUTER_BOUND('',#616,.T.);
#428=FACE_OUTER_BOUND('',#617,.T.);
#429=FACE_OUTER_BOUND('',#618,.T.);
#430=FACE_OUTER_BOUND('',#619,.T.);
#431=FACE_OUTER_BOUND('',#620,.T.);
#432=FACE_OUTER_BOUND('',#621,.T.);
#433=FACE_OUTER_BOUND('',#622,.T.);
#434=FACE_OUTER_BOUND('',#623,.T.);
#435=EDGE_LOOP('',(#1301,#1302,#1303,#1304,#1305,#1306,#1307));
#436=EDGE_LOOP('',(#1308,#1309,#1310,#1311,#1312,#1313,#1314));
#437=EDGE_LOOP('',(#1315,#1316,#1317,#1318,#1319,#1320));
#438=EDGE_LOOP('',(#1321,#1322,#1323,#1324));
#439=EDGE_LOOP('',(#1325));
#440=EDGE_LOOP('',(#1326));
#441=EDGE_LOOP('',(#1327));
#442=EDGE_LOOP('',(#1328));
#443=EDGE_LOOP('',(#1329));
#444=EDGE_LOOP('',(#1330));
#445=EDGE_LOOP('',(#1331));
#446=EDGE_LOOP('',(#1332));
#447=EDGE_LOOP('',(#1333));
#448=EDGE_LOOP('',(#1334));
#449=EDGE_LOOP('',(#1335));
#450=EDGE_LOOP('',(#1336,#1337,#1338,#1339));
#451=EDGE_LOOP('',(#1340,#1341,#1342,#1343));
#452=EDGE_LOOP('',(#1344));
#453=EDGE_LOOP('',(#1345));
#454=EDGE_LOOP('',(#1346));
#455=EDGE_LOOP('',(#1347));
#456=EDGE_LOOP('',(#1348));
#457=EDGE_LOOP('',(#1349));
#458=EDGE_LOOP('',(#1350));
#459=EDGE_LOOP('',(#1351));
#460=EDGE_LOOP('',(#1352));
#461=EDGE_LOOP('',(#1353));
#462=EDGE_LOOP('',(#1354));
#463=EDGE_LOOP('',(#1355,#1356,#1357,#1358));
#464=EDGE_LOOP('',(#1359,#1360,#1361,#1362,#1363,#1364,#1365,#1366));
#465=EDGE_LOOP('',(#1367,#1368,#1369,#1370));
#466=EDGE_LOOP('',(#1371,#1372,#1373,#1374));
#467=EDGE_LOOP('',(#1375,#1376,#1377,#1378));
#468=EDGE_LOOP('',(#1379,#1380,#1381,#1382));
#469=EDGE_LOOP('',(#1383,#1384,#1385,#1386));
#470=EDGE_LOOP('',(#1387,#1388,#1389,#1390));
#471=EDGE_LOOP('',(#1391,#1392,#1393,#1394));
#472=EDGE_LOOP('',(#1395,#1396,#1397,#1398));
#473=EDGE_LOOP('',(#1399,#1400,#1401,#1402));
#474=EDGE_LOOP('',(#1403,#1404,#1405,#1406));
#475=EDGE_LOOP('',(#1407,#1408,#1409,#1410));
#476=EDGE_LOOP('',(#1411,#1412,#1413,#1414));
#477=EDGE_LOOP('',(#1415,#1416,#1417,#1418));
#478=EDGE_LOOP('',(#1419,#1420,#1421,#1422));
#479=EDGE_LOOP('',(#1423,#1424,#1425,#1426));
#480=EDGE_LOOP('',(#1427,#1428,#1429,#1430));
#481=EDGE_LOOP('',(#1431,#1432,#1433,#1434));
#482=EDGE_LOOP('',(#1435,#1436,#1437,#1438));
#483=EDGE_LOOP('',(#1439,#1440,#1441,#1442));
#484=EDGE_LOOP('',(#1443,#1444,#1445,#1446));
#485=EDGE_LOOP('',(#1447,#1448,#1449,#1450));
#486=EDGE_LOOP('',(#1451,#1452,#1453,#1454));
#487=EDGE_LOOP('',(#1455,#1456,#1457,#1458));
#488=EDGE_LOOP('',(#1459,#1460,#1461,#1462));
#489=EDGE_LOOP('',(#1463,#1464,#1465,#1466));
#490=EDGE_LOOP('',(#1467,#1468,#1469,#1470));
#491=EDGE_LOOP('',(#1471,#1472,#1473,#1474));
#492=EDGE_LOOP('',(#1475,#1476,#1477,#1478));
#493=EDGE_LOOP('',(#1479));
#494=EDGE_LOOP('',(#1480));
#495=EDGE_LOOP('',(#1481));
#496=EDGE_LOOP('',(#1482));
#497=EDGE_LOOP('',(#1483));
#498=EDGE_LOOP('',(#1484));
#499=EDGE_LOOP('',(#1485));
#500=EDGE_LOOP('',(#1486));
#501=EDGE_LOOP('',(#1487));
#502=EDGE_LOOP('',(#1488));
#503=EDGE_LOOP('',(#1489));
#504=EDGE_LOOP('',(#1490));
#505=EDGE_LOOP('',(#1491));
#506=EDGE_LOOP('',(#1492));
#507=EDGE_LOOP('',(#1493));
#508=EDGE_LOOP('',(#1494));
#509=EDGE_LOOP('',(#1495));
#510=EDGE_LOOP('',(#1496));
#511=EDGE_LOOP('',(#1497,#1498,#1499,#1500));
#512=EDGE_LOOP('',(#1501));
#513=EDGE_LOOP('',(#1502));
#514=EDGE_LOOP('',(#1503));
#515=EDGE_LOOP('',(#1504));
#516=EDGE_LOOP('',(#1505));
#517=EDGE_LOOP('',(#1506));
#518=EDGE_LOOP('',(#1507));
#519=EDGE_LOOP('',(#1508));
#520=EDGE_LOOP('',(#1509));
#521=EDGE_LOOP('',(#1510));
#522=EDGE_LOOP('',(#1511));
#523=EDGE_LOOP('',(#1512));
#524=EDGE_LOOP('',(#1513));
#525=EDGE_LOOP('',(#1514));
#526=EDGE_LOOP('',(#1515));
#527=EDGE_LOOP('',(#1516));
#528=EDGE_LOOP('',(#1517));
#529=EDGE_LOOP('',(#1518));
#530=EDGE_LOOP('',(#1519,#1520,#1521,#1522,#1523,#1524));
#531=EDGE_LOOP('',(#1525,#1526,#1527,#1528));
#532=EDGE_LOOP('',(#1529,#1530,#1531,#1532));
#533=EDGE_LOOP('',(#1533,#1534,#1535,#1536,#1537,#1538,#1539,#1540));
#534=EDGE_LOOP('',(#1541,#1542,#1543,#1544));
#535=EDGE_LOOP('',(#1545,#1546,#1547,#1548,#1549,#1550,#1551,#1552));
#536=EDGE_LOOP('',(#1553,#1554,#1555,#1556));
#537=EDGE_LOOP('',(#1557));
#538=EDGE_LOOP('',(#1558));
#539=EDGE_LOOP('',(#1559));
#540=EDGE_LOOP('',(#1560));
#541=EDGE_LOOP('',(#1561));
#542=EDGE_LOOP('',(#1562));
#543=EDGE_LOOP('',(#1563));
#544=EDGE_LOOP('',(#1564));
#545=EDGE_LOOP('',(#1565));
#546=EDGE_LOOP('',(#1566));
#547=EDGE_LOOP('',(#1567));
#548=EDGE_LOOP('',(#1568,#1569,#1570,#1571));
#549=EDGE_LOOP('',(#1572,#1573,#1574,#1575));
#550=EDGE_LOOP('',(#1576,#1577,#1578,#1579));
#551=EDGE_LOOP('',(#1580,#1581,#1582,#1583));
#552=EDGE_LOOP('',(#1584,#1585,#1586,#1587));
#553=EDGE_LOOP('',(#1588,#1589,#1590,#1591));
#554=EDGE_LOOP('',(#1592,#1593,#1594,#1595));
#555=EDGE_LOOP('',(#1596,#1597,#1598,#1599));
#556=EDGE_LOOP('',(#1600,#1601,#1602,#1603));
#557=EDGE_LOOP('',(#1604,#1605,#1606,#1607));
#558=EDGE_LOOP('',(#1608,#1609,#1610,#1611));
#559=EDGE_LOOP('',(#1612,#1613,#1614,#1615));
#560=EDGE_LOOP('',(#1616,#1617,#1618,#1619));
#561=EDGE_LOOP('',(#1620,#1621,#1622,#1623));
#562=EDGE_LOOP('',(#1624,#1625,#1626,#1627,#1628,#1629));
#563=EDGE_LOOP('',(#1630,#1631,#1632,#1633,#1634,#1635,#1636,#1637,#1638,
#1639));
#564=EDGE_LOOP('',(#1640,#1641));
#565=EDGE_LOOP('',(#1642,#1643));
#566=EDGE_LOOP('',(#1644));
#567=EDGE_LOOP('',(#1645));
#568=EDGE_LOOP('',(#1646));
#569=EDGE_LOOP('',(#1647));
#570=EDGE_LOOP('',(#1648));
#571=EDGE_LOOP('',(#1649));
#572=EDGE_LOOP('',(#1650));
#573=EDGE_LOOP('',(#1651));
#574=EDGE_LOOP('',(#1652));
#575=EDGE_LOOP('',(#1653));
#576=EDGE_LOOP('',(#1654));
#577=EDGE_LOOP('',(#1655));
#578=EDGE_LOOP('',(#1656));
#579=EDGE_LOOP('',(#1657));
#580=EDGE_LOOP('',(#1658,#1659,#1660,#1661,#1662));
#581=EDGE_LOOP('',(#1663,#1664,#1665,#1666));
#582=EDGE_LOOP('',(#1667,#1668,#1669,#1670,#1671));
#583=EDGE_LOOP('',(#1672,#1673,#1674,#1675));
#584=EDGE_LOOP('',(#1676,#1677,#1678,#1679,#1680,#1681));
#585=EDGE_LOOP('',(#1682));
#586=EDGE_LOOP('',(#1683));
#587=EDGE_LOOP('',(#1684));
#588=EDGE_LOOP('',(#1685));
#589=EDGE_LOOP('',(#1686));
#590=EDGE_LOOP('',(#1687));
#591=EDGE_LOOP('',(#1688));
#592=EDGE_LOOP('',(#1689));
#593=EDGE_LOOP('',(#1690));
#594=EDGE_LOOP('',(#1691));
#595=EDGE_LOOP('',(#1692));
#596=EDGE_LOOP('',(#1693));
#597=EDGE_LOOP('',(#1694));
#598=EDGE_LOOP('',(#1695));
#599=EDGE_LOOP('',(#1696,#1697,#1698,#1699,#1700,#1701));
#600=EDGE_LOOP('',(#1702,#1703,#1704,#1705));
#601=EDGE_LOOP('',(#1706,#1707,#1708,#1709));
#602=EDGE_LOOP('',(#1710,#1711,#1712,#1713,#1714,#1715,#1716,#1717,#1718,
#1719));
#603=EDGE_LOOP('',(#1720,#1721,#1722,#1723));
#604=EDGE_LOOP('',(#1724,#1725,#1726,#1727));
#605=EDGE_LOOP('',(#1728,#1729,#1730,#1731));
#606=EDGE_LOOP('',(#1732,#1733,#1734,#1735));
#607=EDGE_LOOP('',(#1736,#1737,#1738,#1739));
#608=EDGE_LOOP('',(#1740,#1741,#1742,#1743));
#609=EDGE_LOOP('',(#1744,#1745,#1746,#1747));
#610=EDGE_LOOP('',(#1748,#1749,#1750,#1751));
#611=EDGE_LOOP('',(#1752,#1753,#1754,#1755));
#612=EDGE_LOOP('',(#1756,#1757,#1758,#1759));
#613=EDGE_LOOP('',(#1760,#1761,#1762,#1763));
#614=EDGE_LOOP('',(#1764,#1765,#1766,#1767));
#615=EDGE_LOOP('',(#1768,#1769,#1770,#1771));
#616=EDGE_LOOP('',(#1772,#1773,#1774,#1775));
#617=EDGE_LOOP('',(#1776,#1777,#1778,#1779));
#618=EDGE_LOOP('',(#1780,#1781,#1782,#1783));
#619=EDGE_LOOP('',(#1784,#1785,#1786,#1787));
#620=EDGE_LOOP('',(#1788,#1789,#1790,#1791));
#621=EDGE_LOOP('',(#1792,#1793,#1794,#1795,#1796,#1797,#1798,#1799,#1800,
#1801));
#622=EDGE_LOOP('',(#1802,#1803,#1804,#1805));
#623=EDGE_LOOP('',(#1806,#1807,#1808,#1809));
#624=EDGE_LOOP('',(#1810));
#625=EDGE_LOOP('',(#1811));
#626=EDGE_LOOP('',(#1812));
#627=EDGE_LOOP('',(#1813));
#628=EDGE_LOOP('',(#1814));
#629=EDGE_LOOP('',(#1815));
#630=EDGE_LOOP('',(#1816));
#631=EDGE_LOOP('',(#1817));
#632=EDGE_LOOP('',(#1818));
#633=EDGE_LOOP('',(#1819));
#634=EDGE_LOOP('',(#1820));
#635=LINE('',#2819,#753);
#636=LINE('',#2821,#754);
#637=LINE('',#2823,#755);
#638=LINE('',#2825,#756);
#639=LINE('',#2827,#757);
#640=LINE('',#2829,#758);
#641=LINE('',#2830,#759);
#642=LINE('',#2834,#760);
#643=LINE('',#2836,#761);
#644=LINE('',#2838,#762);
#645=LINE('',#2840,#763);
#646=LINE('',#2842,#764);
#647=LINE('',#2844,#765);
#648=LINE('',#2845,#766);
#649=LINE('',#2908,#767);
#650=LINE('',#2913,#768);
#651=LINE('',#2915,#769);
#652=LINE('',#2917,#770);
#653=LINE('',#2919,#771);
#654=LINE('',#2921,#772);
#655=LINE('',#2923,#773);
#656=LINE('',#2925,#774);
#657=LINE('',#2927,#775);
#658=LINE('',#2929,#776);
#659=LINE('',#2931,#777);
#660=LINE('',#2933,#778);
#661=LINE('',#2938,#779);
#662=LINE('',#2944,#780);
#663=LINE('',#2950,#781);
#664=LINE('',#2956,#782);
#665=LINE('',#2962,#783);
#666=LINE('',#2968,#784);
#667=LINE('',#2974,#785);
#668=LINE('',#2980,#786);
#669=LINE('',#2986,#787);
#670=LINE('',#2992,#788);
#671=LINE('',#2998,#789);
#672=LINE('',#3004,#790);
#673=LINE('',#3010,#791);
#674=LINE('',#3016,#792);
#675=LINE('',#3022,#793);
#676=LINE('',#3028,#794);
#677=LINE('',#3035,#795);
#678=LINE('',#3041,#796);
#679=LINE('',#3046,#797);
#680=LINE('',#3050,#798);
#681=LINE('',#3056,#799);
#682=LINE('',#3057,#800);
#683=LINE('',#3061,#801);
#684=LINE('',#3063,#802);
#685=LINE('',#3065,#803);
#686=LINE('',#3067,#804);
#687=LINE('',#3068,#805);
#688=LINE('',#3069,#806);
#689=LINE('',#3073,#807);
#690=LINE('',#3078,#808);
#691=LINE('',#3080,#809);
#692=LINE('',#3082,#810);
#693=LINE('',#3083,#811);
#694=LINE('',#3084,#812);
#695=LINE('',#3112,#813);
#696=LINE('',#3114,#814);
#697=LINE('',#3116,#815);
#698=LINE('',#3117,#816);
#699=LINE('',#3121,#817);
#700=LINE('',#3125,#818);
#701=LINE('',#3129,#819);
#702=LINE('',#3133,#820);
#703=LINE('',#3137,#821);
#704=LINE('',#3141,#822);
#705=LINE('',#3145,#823);
#706=LINE('',#3149,#824);
#707=LINE('',#3153,#825);
#708=LINE('',#3157,#826);
#709=LINE('',#3161,#827);
#710=LINE('',#3171,#828);
#711=LINE('',#3176,#829);
#712=LINE('',#3181,#830);
#713=LINE('',#3185,#831);
#714=LINE('',#3188,#832);
#715=LINE('',#3191,#833);
#716=LINE('',#3193,#834);
#717=LINE('',#3223,#835);
#718=LINE('',#3225,#836);
#719=LINE('',#3226,#837);
#720=LINE('',#3229,#838);
#721=LINE('',#3230,#839);
#722=LINE('',#3233,#840);
#723=LINE('',#3234,#841);
#724=LINE('',#3238,#842);
#725=LINE('',#3242,#843);
#726=LINE('',#3270,#844);
#727=LINE('',#3273,#845);
#728=LINE('',#3275,#846);
#729=LINE('',#3276,#847);
#730=LINE('',#3279,#848);
#731=LINE('',#3281,#849);
#732=LINE('',#3282,#850);
#733=LINE('',#3287,#851);
#734=LINE('',#3292,#852);
#735=LINE('',#3297,#853);
#736=LINE('',#3300,#854);
#737=LINE('',#3304,#855);
#738=LINE('',#3305,#856);
#739=LINE('',#3308,#857);
#740=LINE('',#3309,#858);
#741=LINE('',#3315,#859);
#742=LINE('',#3317,#860);
#743=LINE('',#3319,#861);
#744=LINE('',#3321,#862);
#745=LINE('',#3323,#863);
#746=LINE('',#3325,#864);
#747=LINE('',#3327,#865);
#748=LINE('',#3329,#866);
#749=LINE('',#3331,#867);
#750=LINE('',#3333,#868);
#751=LINE('',#3335,#869);
#752=LINE('',#3337,#870);
#753=VECTOR('',#2218,10.);
#754=VECTOR('',#2219,10.);
#755=VECTOR('',#2220,10.);
#756=VECTOR('',#2221,10.);
#757=VECTOR('',#2222,10.);
#758=VECTOR('',#2223,10.);
#759=VECTOR('',#2224,10.);
#760=VECTOR('',#2227,10.);
#761=VECTOR('',#2228,10.);
#762=VECTOR('',#2229,10.);
#763=VECTOR('',#2230,10.);
#764=VECTOR('',#2231,10.);
#765=VECTOR('',#2232,10.);
#766=VECTOR('',#2233,10.);
#767=VECTOR('',#2308,80.);
#768=VECTOR('',#2317,5.);
#769=VECTOR('',#2320,5.);
#770=VECTOR('',#2323,5.);
#771=VECTOR('',#2326,5.);
#772=VECTOR('',#2329,5.);
#773=VECTOR('',#2332,5.);
#774=VECTOR('',#2335,5.);
#775=VECTOR('',#2338,5.);
#776=VECTOR('',#2341,5.);
#777=VECTOR('',#2344,5.);
#778=VECTOR('',#2347,5.);
#779=VECTOR('',#2352,2.75);
#780=VECTOR('',#2359,2.75);
#781=VECTOR('',#2366,2.75);
#782=VECTOR('',#2373,2.75);
#783=VECTOR('',#2380,2.75);
#784=VECTOR('',#2387,2.75);
#785=VECTOR('',#2394,2.75);
#786=VECTOR('',#2401,2.75);
#787=VECTOR('',#2408,2.75);
#788=VECTOR('',#2415,2.75);
#789=VECTOR('',#2422,2.75);
#790=VECTOR('',#2429,2.75);
#791=VECTOR('',#2436,2.75);
#792=VECTOR('',#2443,2.75);
#793=VECTOR('',#2450,2.75);
#794=VECTOR('',#2457,2.75);
#795=VECTOR('',#2466,57.5);
#796=VECTOR('',#2475,92.5);
#797=VECTOR('',#2480,10.);
#798=VECTOR('',#2483,10.);
#799=VECTOR('',#2490,10.);
#800=VECTOR('',#2491,10.);
#801=VECTOR('',#2494,10.);
#802=VECTOR('',#2495,10.);
#803=VECTOR('',#2496,10.);
#804=VECTOR('',#2497,10.);
#805=VECTOR('',#2498,10.);
#806=VECTOR('',#2499,10.);
#807=VECTOR('',#2502,10.);
#808=VECTOR('',#2509,10.);
#809=VECTOR('',#2510,10.);
#810=VECTOR('',#2511,10.);
#811=VECTOR('',#2512,10.);
#812=VECTOR('',#2513,10.);
#813=VECTOR('',#2542,10.);
#814=VECTOR('',#2543,10.);
#815=VECTOR('',#2544,10.);
#816=VECTOR('',#2545,10.);
#817=VECTOR('',#2550,5.);
#818=VECTOR('',#2555,5.);
#819=VECTOR('',#2560,5.);
#820=VECTOR('',#2565,5.);
#821=VECTOR('',#2570,5.);
#822=VECTOR('',#2575,5.);
#823=VECTOR('',#2580,5.);
#824=VECTOR('',#2585,5.);
#825=VECTOR('',#2590,5.);
#826=VECTOR('',#2595,5.);
#827=VECTOR('',#2600,5.);
#828=VECTOR('',#2611,10.);
#829=VECTOR('',#2616,10.);
#830=VECTOR('',#2621,10.);
#831=VECTOR('',#2624,10.);
#832=VECTOR('',#2627,150.);
#833=VECTOR('',#2632,10.);
#834=VECTOR('',#2635,10.);
#835=VECTOR('',#2666,10.);
#836=VECTOR('',#2667,10.);
#837=VECTOR('',#2668,10.);
#838=VECTOR('',#2671,10.);
#839=VECTOR('',#2672,10.);
#840=VECTOR('',#2675,10.);
#841=VECTOR('',#2676,10.);
#842=VECTOR('',#2681,50.);
#843=VECTOR('',#2686,125.);
#844=VECTOR('',#2717,10.);
#845=VECTOR('',#2720,10.);
#846=VECTOR('',#2721,10.);
#847=VECTOR('',#2722,10.);
#848=VECTOR('',#2725,10.);
#849=VECTOR('',#2726,10.);
#850=VECTOR('',#2727,10.);
#851=VECTOR('',#2732,10.);
#852=VECTOR('',#2737,10.);
#853=VECTOR('',#2744,10.);
#854=VECTOR('',#2747,10.);
#855=VECTOR('',#2752,10.);
#856=VECTOR('',#2753,10.);
#857=VECTOR('',#2756,10.);
#858=VECTOR('',#2757,10.);
#859=VECTOR('',#2768,5.);
#860=VECTOR('',#2771,5.);
#861=VECTOR('',#2774,5.);
#862=VECTOR('',#2777,5.);
#863=VECTOR('',#2780,5.);
#864=VECTOR('',#2783,5.);
#865=VECTOR('',#2786,5.);
#866=VECTOR('',#2789,5.);
#867=VECTOR('',#2792,5.);
#868=VECTOR('',#2795,5.);
#869=VECTOR('',#2798,5.);
#870=VECTOR('',#2801,5.);
#871=VERTEX_POINT('',#2817);
#872=VERTEX_POINT('',#2818);
#873=VERTEX_POINT('',#2820);
#874=VERTEX_POINT('',#2822);
#875=VERTEX_POINT('',#2824);
#876=VERTEX_POINT('',#2826);
#877=VERTEX_POINT('',#2828);
#878=VERTEX_POINT('',#2832);
#879=VERTEX_POINT('',#2833);
#880=VERTEX_POINT('',#2835);
#881=VERTEX_POINT('',#2837);
#882=VERTEX_POINT('',#2839);
#883=VERTEX_POINT('',#2841);
#884=VERTEX_POINT('',#2843);
#885=VERTEX_POINT('',#2847);
#886=VERTEX_POINT('',#2849);
#887=VERTEX_POINT('',#2856);
#888=VERTEX_POINT('',#2858);
#889=VERTEX_POINT('',#2860);
#890=VERTEX_POINT('',#2862);
#891=VERTEX_POINT('',#2864);
#892=VERTEX_POINT('',#2866);
#893=VERTEX_POINT('',#2868);
#894=VERTEX_POINT('',#2870);
#895=VERTEX_POINT('',#2872);
#896=VERTEX_POINT('',#2874);
#897=VERTEX_POINT('',#2876);
#898=VERTEX_POINT('',#2882);
#899=VERTEX_POINT('',#2884);
#900=VERTEX_POINT('',#2886);
#901=VERTEX_POINT('',#2888);
#902=VERTEX_POINT('',#2890);
#903=VERTEX_POINT('',#2892);
#904=VERTEX_POINT('',#2894);
#905=VERTEX_POINT('',#2896);
#906=VERTEX_POINT('',#2898);
#907=VERTEX_POINT('',#2900);
#908=VERTEX_POINT('',#2902);
#909=VERTEX_POINT('',#2907);
#910=VERTEX_POINT('',#2935);
#911=VERTEX_POINT('',#2937);
#912=VERTEX_POINT('',#2941);
#913=VERTEX_POINT('',#2943);
#914=VERTEX_POINT('',#2947);
#915=VERTEX_POINT('',#2949);
#916=VERTEX_POINT('',#2953);
#917=VERTEX_POINT('',#2955);
#918=VERTEX_POINT('',#2959);
#919=VERTEX_POINT('',#2961);
#920=VERTEX_POINT('',#2965);
#921=VERTEX_POINT('',#2967);
#922=VERTEX_POINT('',#2971);
#923=VERTEX_POINT('',#2973);
#924=VERTEX_POINT('',#2977);
#925=VERTEX_POINT('',#2979);
#926=VERTEX_POINT('',#2983);
#927=VERTEX_POINT('',#2985);
#928=VERTEX_POINT('',#2989);
#929=VERTEX_POINT('',#2991);
#930=VERTEX_POINT('',#2995);
#931=VERTEX_POINT('',#2997);
#932=VERTEX_POINT('',#3001);
#933=VERTEX_POINT('',#3003);
#934=VERTEX_POINT('',#3007);
#935=VERTEX_POINT('',#3009);
#936=VERTEX_POINT('',#3013);
#937=VERTEX_POINT('',#3015);
#938=VERTEX_POINT('',#3019);
#939=VERTEX_POINT('',#3021);
#940=VERTEX_POINT('',#3025);
#941=VERTEX_POINT('',#3027);
#942=VERTEX_POINT('',#3031);
#943=VERTEX_POINT('',#3034);
#944=VERTEX_POINT('',#3038);
#945=VERTEX_POINT('',#3044);
#946=VERTEX_POINT('',#3045);
#947=VERTEX_POINT('',#3047);
#948=VERTEX_POINT('',#3049);
#949=VERTEX_POINT('',#3053);
#950=VERTEX_POINT('',#3054);
#951=VERTEX_POINT('',#3059);
#952=VERTEX_POINT('',#3060);
#953=VERTEX_POINT('',#3062);
#954=VERTEX_POINT('',#3064);
#955=VERTEX_POINT('',#3066);
#956=VERTEX_POINT('',#3071);
#957=VERTEX_POINT('',#3072);
#958=VERTEX_POINT('',#3077);
#959=VERTEX_POINT('',#3079);
#960=VERTEX_POINT('',#3081);
#961=VERTEX_POINT('',#3087);
#962=VERTEX_POINT('',#3089);
#963=VERTEX_POINT('',#3091);
#964=VERTEX_POINT('',#3093);
#965=VERTEX_POINT('',#3095);
#966=VERTEX_POINT('',#3097);
#967=VERTEX_POINT('',#3099);
#968=VERTEX_POINT('',#3101);
#969=VERTEX_POINT('',#3103);
#970=VERTEX_POINT('',#3105);
#971=VERTEX_POINT('',#3107);
#972=VERTEX_POINT('',#3110);
#973=VERTEX_POINT('',#3111);
#974=VERTEX_POINT('',#3113);
#975=VERTEX_POINT('',#3115);
#976=VERTEX_POINT('',#3119);
#977=VERTEX_POINT('',#3123);
#978=VERTEX_POINT('',#3127);
#979=VERTEX_POINT('',#3131);
#980=VERTEX_POINT('',#3135);
#981=VERTEX_POINT('',#3139);
#982=VERTEX_POINT('',#3143);
#983=VERTEX_POINT('',#3147);
#984=VERTEX_POINT('',#3151);
#985=VERTEX_POINT('',#3155);
#986=VERTEX_POINT('',#3159);
#987=VERTEX_POINT('',#3165);
#988=VERTEX_POINT('',#3166);
#989=VERTEX_POINT('',#3168);
#990=VERTEX_POINT('',#3170);
#991=VERTEX_POINT('',#3172);
#992=VERTEX_POINT('',#3174);
#993=VERTEX_POINT('',#3178);
#994=VERTEX_POINT('',#3180);
#995=VERTEX_POINT('',#3182);
#996=VERTEX_POINT('',#3184);
#997=VERTEX_POINT('',#3187);
#998=VERTEX_POINT('',#3195);
#999=VERTEX_POINT('',#3197);
#1000=VERTEX_POINT('',#3199);
#1001=VERTEX_POINT('',#3201);
#1002=VERTEX_POINT('',#3203);
#1003=VERTEX_POINT('',#3205);
#1004=VERTEX_POINT('',#3207);
#1005=VERTEX_POINT('',#3209);
#1006=VERTEX_POINT('',#3211);
#1007=VERTEX_POINT('',#3213);
#1008=VERTEX_POINT('',#3215);
#1009=VERTEX_POINT('',#3217);
#1010=VERTEX_POINT('',#3219);
#1011=VERTEX_POINT('',#3222);
#1012=VERTEX_POINT('',#3224);
#1013=VERTEX_POINT('',#3228);
#1014=VERTEX_POINT('',#3232);
#1015=VERTEX_POINT('',#3236);
#1016=VERTEX_POINT('',#3241);
#1017=VERTEX_POINT('',#3245);
#1018=VERTEX_POINT('',#3247);
#1019=VERTEX_POINT('',#3249);
#1020=VERTEX_POINT('',#3251);
#1021=VERTEX_POINT('',#3253);
#1022=VERTEX_POINT('',#3255);
#1023=VERTEX_POINT('',#3257);
#1024=VERTEX_POINT('',#3259);
#1025=VERTEX_POINT('',#3261);
#1026=VERTEX_POINT('',#3263);
#1027=VERTEX_POINT('',#3265);
#1028=VERTEX_POINT('',#3267);
#1029=VERTEX_POINT('',#3272);
#1030=VERTEX_POINT('',#3274);
#1031=VERTEX_POINT('',#3278);
#1032=VERTEX_POINT('',#3280);
#1033=VERTEX_POINT('',#3284);
#1034=VERTEX_POINT('',#3286);
#1035=VERTEX_POINT('',#3289);
#1036=VERTEX_POINT('',#3291);
#1037=VERTEX_POINT('',#3295);
#1038=VERTEX_POINT('',#3299);
#1039=VERTEX_POINT('',#3303);
#1040=VERTEX_POINT('',#3307);
#1041=EDGE_CURVE('',#871,#872,#635,.T.);
#1042=EDGE_CURVE('',#873,#871,#636,.T.);
#1043=EDGE_CURVE('',#874,#873,#637,.T.);
#1044=EDGE_CURVE('',#875,#874,#638,.T.);
#1045=EDGE_CURVE('',#876,#875,#639,.T.);
#1046=EDGE_CURVE('',#877,#876,#640,.T.);
#1047=EDGE_CURVE('',#872,#877,#641,.T.);
#1048=EDGE_CURVE('',#878,#879,#642,.T.);
#1049=EDGE_CURVE('',#880,#878,#643,.T.);
#1050=EDGE_CURVE('',#881,#880,#644,.T.);
#1051=EDGE_CURVE('',#882,#881,#645,.T.);
#1052=EDGE_CURVE('',#883,#882,#646,.T.);
#1053=EDGE_CURVE('',#884,#883,#647,.T.);
#1054=EDGE_CURVE('',#879,#884,#648,.T.);
#1055=EDGE_CURVE('',#884,#885,#200,.T.);
#1056=EDGE_CURVE('',#886,#883,#201,.T.);
#1057=EDGE_CURVE('',#874,#886,#202,.T.);
#1058=EDGE_CURVE('',#885,#873,#203,.T.);
#1059=EDGE_CURVE('',#871,#879,#204,.T.);
#1060=EDGE_CURVE('',#873,#884,#205,.T.);
#1061=EDGE_CURVE('',#887,#887,#206,.T.);
#1062=EDGE_CURVE('',#888,#888,#207,.T.);
#1063=EDGE_CURVE('',#889,#889,#208,.T.);
#1064=EDGE_CURVE('',#890,#890,#209,.T.);
#1065=EDGE_CURVE('',#891,#891,#210,.T.);
#1066=EDGE_CURVE('',#892,#892,#211,.T.);
#1067=EDGE_CURVE('',#893,#893,#212,.T.);
#1068=EDGE_CURVE('',#894,#894,#213,.T.);
#1069=EDGE_CURVE('',#895,#895,#214,.T.);
#1070=EDGE_CURVE('',#896,#896,#215,.T.);
#1071=EDGE_CURVE('',#897,#897,#216,.T.);
#1072=EDGE_CURVE('',#878,#872,#217,.T.);
#1073=EDGE_CURVE('',#880,#877,#218,.T.);
#1074=EDGE_CURVE('',#898,#898,#219,.T.);
#1075=EDGE_CURVE('',#899,#899,#220,.T.);
#1076=EDGE_CURVE('',#900,#900,#221,.T.);
#1077=EDGE_CURVE('',#901,#901,#222,.T.);
#1078=EDGE_CURVE('',#902,#902,#223,.T.);
#1079=EDGE_CURVE('',#903,#903,#224,.T.);
#1080=EDGE_CURVE('',#904,#904,#225,.T.);
#1081=EDGE_CURVE('',#905,#905,#226,.T.);
#1082=EDGE_CURVE('',#906,#906,#227,.T.);
#1083=EDGE_CURVE('',#907,#907,#228,.T.);
#1084=EDGE_CURVE('',#908,#908,#229,.T.);
#1085=EDGE_CURVE('',#876,#881,#230,.T.);
#1086=EDGE_CURVE('',#886,#909,#649,.T.);
#1087=EDGE_CURVE('',#909,#909,#231,.T.);
#1088=EDGE_CURVE('',#875,#882,#232,.T.);
#1089=EDGE_CURVE('',#887,#898,#650,.T.);
#1090=EDGE_CURVE('',#888,#899,#651,.T.);
#1091=EDGE_CURVE('',#889,#900,#652,.T.);
#1092=EDGE_CURVE('',#890,#901,#653,.T.);
#1093=EDGE_CURVE('',#891,#902,#654,.T.);
#1094=EDGE_CURVE('',#892,#903,#655,.T.);
#1095=EDGE_CURVE('',#893,#904,#656,.T.);
#1096=EDGE_CURVE('',#894,#905,#657,.T.);
#1097=EDGE_CURVE('',#895,#906,#658,.T.);
#1098=EDGE_CURVE('',#896,#907,#659,.T.);
#1099=EDGE_CURVE('',#897,#908,#660,.T.);
#1100=EDGE_CURVE('',#910,#910,#233,.T.);
#1101=EDGE_CURVE('',#910,#911,#661,.T.);
#1102=EDGE_CURVE('',#911,#911,#234,.T.);
#1103=EDGE_CURVE('',#912,#912,#235,.T.);
#1104=EDGE_CURVE('',#912,#913,#662,.T.);
#1105=EDGE_CURVE('',#913,#913,#236,.T.);
#1106=EDGE_CURVE('',#914,#914,#237,.T.);
#1107=EDGE_CURVE('',#914,#915,#663,.T.);
#1108=EDGE_CURVE('',#915,#915,#238,.T.);
#1109=EDGE_CURVE('',#916,#916,#239,.T.);
#1110=EDGE_CURVE('',#916,#917,#664,.T.);
#1111=EDGE_CURVE('',#917,#917,#240,.T.);
#1112=EDGE_CURVE('',#918,#918,#241,.T.);
#1113=EDGE_CURVE('',#918,#919,#665,.T.);
#1114=EDGE_CURVE('',#919,#919,#242,.T.);
#1115=EDGE_CURVE('',#920,#920,#243,.T.);
#1116=EDGE_CURVE('',#920,#921,#666,.T.);
#1117=EDGE_CURVE('',#921,#921,#244,.T.);
#1118=EDGE_CURVE('',#922,#922,#245,.T.);
#1119=EDGE_CURVE('',#922,#923,#667,.T.);
#1120=EDGE_CURVE('',#923,#923,#246,.T.);
#1121=EDGE_CURVE('',#924,#924,#247,.T.);
#1122=EDGE_CURVE('',#924,#925,#668,.T.);
#1123=EDGE_CURVE('',#925,#925,#248,.T.);
#1124=EDGE_CURVE('',#926,#926,#249,.T.);
#1125=EDGE_CURVE('',#926,#927,#669,.T.);
#1126=EDGE_CURVE('',#927,#927,#250,.T.);
#1127=EDGE_CURVE('',#928,#928,#251,.T.);
#1128=EDGE_CURVE('',#928,#929,#670,.T.);
#1129=EDGE_CURVE('',#929,#929,#252,.T.);
#1130=EDGE_CURVE('',#930,#930,#253,.T.);
#1131=EDGE_CURVE('',#930,#931,#671,.T.);
#1132=EDGE_CURVE('',#931,#931,#254,.T.);
#1133=EDGE_CURVE('',#932,#932,#255,.T.);
#1134=EDGE_CURVE('',#932,#933,#672,.T.);
#1135=EDGE_CURVE('',#933,#933,#256,.T.);
#1136=EDGE_CURVE('',#934,#934,#257,.T.);
#1137=EDGE_CURVE('',#934,#935,#673,.T.);
#1138=EDGE_CURVE('',#935,#935,#258,.T.);
#1139=EDGE_CURVE('',#936,#936,#259,.T.);
#1140=EDGE_CURVE('',#936,#937,#674,.T.);
#1141=EDGE_CURVE('',#937,#937,#260,.T.);
#1142=EDGE_CURVE('',#938,#938,#261,.T.);
#1143=EDGE_CURVE('',#938,#939,#675,.T.);
#1144=EDGE_CURVE('',#939,#939,#262,.T.);
#1145=EDGE_CURVE('',#940,#940,#263,.T.);
#1146=EDGE_CURVE('',#940,#941,#676,.T.);
#1147=EDGE_CURVE('',#941,#941,#264,.T.);
#1148=EDGE_CURVE('',#942,#942,#265,.T.);
#1149=EDGE_CURVE('',#942,#943,#677,.T.);
#1150=EDGE_CURVE('',#943,#943,#266,.T.);
#1151=EDGE_CURVE('',#944,#944,#267,.T.);
#1152=EDGE_CURVE('',#885,#944,#678,.T.);
#1153=EDGE_CURVE('',#945,#946,#679,.T.);
#1154=EDGE_CURVE('',#947,#945,#268,.T.);
#1155=EDGE_CURVE('',#948,#947,#680,.T.);
#1156=EDGE_CURVE('',#948,#946,#269,.T.);
#1157=EDGE_CURVE('',#949,#950,#270,.T.);
#1158=EDGE_CURVE('',#946,#949,#681,.T.);
#1159=EDGE_CURVE('',#950,#948,#682,.T.);
#1160=EDGE_CURVE('',#951,#952,#683,.T.);
#1161=EDGE_CURVE('',#953,#951,#684,.T.);
#1162=EDGE_CURVE('',#954,#953,#685,.T.);
#1163=EDGE_CURVE('',#955,#954,#686,.T.);
#1164=EDGE_CURVE('',#945,#955,#687,.T.);
#1165=EDGE_CURVE('',#952,#949,#688,.T.);
#1166=EDGE_CURVE('',#956,#957,#689,.T.);
#1167=EDGE_CURVE('',#957,#951,#271,.T.);
#1168=EDGE_CURVE('',#956,#952,#272,.T.);
#1169=EDGE_CURVE('',#958,#947,#690,.T.);
#1170=EDGE_CURVE('',#959,#958,#691,.T.);
#1171=EDGE_CURVE('',#960,#959,#692,.T.);
#1172=EDGE_CURVE('',#957,#960,#693,.T.);
#1173=EDGE_CURVE('',#950,#956,#694,.T.);
#1174=EDGE_CURVE('',#960,#953,#273,.T.);
#1175=EDGE_CURVE('',#961,#961,#274,.T.);
#1176=EDGE_CURVE('',#962,#962,#275,.T.);
#1177=EDGE_CURVE('',#963,#963,#276,.T.);
#1178=EDGE_CURVE('',#964,#964,#277,.T.);
#1179=EDGE_CURVE('',#965,#965,#278,.T.);
#1180=EDGE_CURVE('',#966,#966,#279,.T.);
#1181=EDGE_CURVE('',#967,#967,#280,.T.);
#1182=EDGE_CURVE('',#968,#968,#281,.T.);
#1183=EDGE_CURVE('',#969,#969,#282,.T.);
#1184=EDGE_CURVE('',#970,#970,#283,.T.);
#1185=EDGE_CURVE('',#971,#971,#284,.T.);
#1186=EDGE_CURVE('',#972,#973,#695,.T.);
#1187=EDGE_CURVE('',#974,#973,#696,.T.);
#1188=EDGE_CURVE('',#974,#975,#697,.T.);
#1189=EDGE_CURVE('',#972,#975,#698,.T.);
#1190=EDGE_CURVE('',#976,#976,#285,.T.);
#1191=EDGE_CURVE('',#976,#961,#699,.T.);
#1192=EDGE_CURVE('',#977,#977,#286,.T.);
#1193=EDGE_CURVE('',#977,#962,#700,.T.);
#1194=EDGE_CURVE('',#978,#978,#287,.T.);
#1195=EDGE_CURVE('',#978,#963,#701,.T.);
#1196=EDGE_CURVE('',#979,#979,#288,.T.);
#1197=EDGE_CURVE('',#979,#964,#702,.T.);
#1198=EDGE_CURVE('',#980,#980,#289,.T.);
#1199=EDGE_CURVE('',#980,#965,#703,.T.);
#1200=EDGE_CURVE('',#981,#981,#290,.T.);
#1201=EDGE_CURVE('',#981,#966,#704,.T.);
#1202=EDGE_CURVE('',#982,#982,#291,.T.);
#1203=EDGE_CURVE('',#982,#967,#705,.T.);
#1204=EDGE_CURVE('',#983,#983,#292,.T.);
#1205=EDGE_CURVE('',#983,#968,#706,.T.);
#1206=EDGE_CURVE('',#984,#984,#293,.T.);
#1207=EDGE_CURVE('',#984,#969,#707,.T.);
#1208=EDGE_CURVE('',#985,#985,#294,.T.);
#1209=EDGE_CURVE('',#985,#970,#708,.T.);
#1210=EDGE_CURVE('',#986,#986,#295,.T.);
#1211=EDGE_CURVE('',#986,#971,#709,.T.);
#1212=EDGE_CURVE('',#954,#959,#296,.T.);
#1213=EDGE_CURVE('',#987,#988,#297,.T.);
#1214=EDGE_CURVE('',#988,#989,#298,.T.);
#1215=EDGE_CURVE('',#989,#990,#710,.T.);
#1216=EDGE_CURVE('',#990,#991,#299,.T.);
#1217=EDGE_CURVE('',#991,#992,#300,.T.);
#1218=EDGE_CURVE('',#992,#987,#711,.T.);
#1219=EDGE_CURVE('',#993,#990,#301,.T.);
#1220=EDGE_CURVE('',#993,#994,#712,.T.);
#1221=EDGE_CURVE('',#994,#995,#19,.T.);
#1222=EDGE_CURVE('',#995,#996,#713,.T.);
#1223=EDGE_CURVE('',#992,#996,#302,.T.);
#1224=EDGE_CURVE('',#991,#997,#714,.T.);
#1225=EDGE_CURVE('',#997,#997,#303,.T.);
#1226=EDGE_CURVE('',#990,#993,#715,.T.);
#1227=EDGE_CURVE('',#996,#992,#716,.T.);
#1228=EDGE_CURVE('',#998,#998,#304,.T.);
#1229=EDGE_CURVE('',#999,#999,#305,.T.);
#1230=EDGE_CURVE('',#1000,#1000,#306,.T.);
#1231=EDGE_CURVE('',#1001,#1001,#307,.T.);
#1232=EDGE_CURVE('',#1002,#1002,#308,.T.);
#1233=EDGE_CURVE('',#1003,#1003,#309,.T.);
#1234=EDGE_CURVE('',#1004,#1004,#310,.T.);
#1235=EDGE_CURVE('',#1005,#1005,#311,.T.);
#1236=EDGE_CURVE('',#1006,#1006,#312,.T.);
#1237=EDGE_CURVE('',#1007,#1007,#313,.T.);
#1238=EDGE_CURVE('',#1008,#1008,#314,.T.);
#1239=EDGE_CURVE('',#1009,#1009,#315,.T.);
#1240=EDGE_CURVE('',#1010,#1010,#316,.T.);
#1241=EDGE_CURVE('',#990,#1011,#717,.T.);
#1242=EDGE_CURVE('',#1012,#1011,#718,.T.);
#1243=EDGE_CURVE('',#994,#1012,#719,.T.);
#1244=EDGE_CURVE('',#1013,#1012,#720,.T.);
#1245=EDGE_CURVE('',#995,#1013,#721,.T.);
#1246=EDGE_CURVE('',#1014,#1013,#722,.T.);
#1247=EDGE_CURVE('',#992,#1014,#723,.T.);
#1248=EDGE_CURVE('',#1015,#1015,#317,.T.);
#1249=EDGE_CURVE('',#1015,#998,#724,.T.);
#1250=EDGE_CURVE('',#989,#987,#20,.T.);
#1251=EDGE_CURVE('',#988,#1016,#725,.T.);
#1252=EDGE_CURVE('',#1016,#1016,#318,.T.);
#1253=EDGE_CURVE('',#1017,#1017,#319,.T.);
#1254=EDGE_CURVE('',#1018,#1018,#320,.T.);
#1255=EDGE_CURVE('',#1019,#1019,#321,.T.);
#1256=EDGE_CURVE('',#1020,#1020,#322,.T.);
#1257=EDGE_CURVE('',#1021,#1021,#323,.T.);
#1258=EDGE_CURVE('',#1022,#1022,#324,.T.);
#1259=EDGE_CURVE('',#1023,#1023,#325,.T.);
#1260=EDGE_CURVE('',#1024,#1024,#326,.T.);
#1261=EDGE_CURVE('',#1025,#1025,#327,.T.);
#1262=EDGE_CURVE('',#1026,#1026,#328,.T.);
#1263=EDGE_CURVE('',#1027,#1027,#329,.T.);
#1264=EDGE_CURVE('',#1028,#1028,#330,.T.);
#1265=EDGE_CURVE('',#1011,#1014,#726,.T.);
#1266=EDGE_CURVE('',#1014,#1029,#727,.T.);
#1267=EDGE_CURVE('',#1030,#1029,#728,.T.);
#1268=EDGE_CURVE('',#1011,#1030,#729,.T.);
#1269=EDGE_CURVE('',#1012,#1031,#730,.T.);
#1270=EDGE_CURVE('',#1032,#1031,#731,.T.);
#1271=EDGE_CURVE('',#1013,#1032,#732,.T.);
#1272=EDGE_CURVE('',#1033,#975,#331,.T.);
#1273=EDGE_CURVE('',#1034,#1033,#733,.T.);
#1274=EDGE_CURVE('',#1031,#1034,#332,.T.);
#1275=EDGE_CURVE('',#1030,#1035,#333,.T.);
#1276=EDGE_CURVE('',#1035,#1036,#734,.T.);
#1277=EDGE_CURVE('',#1036,#972,#334,.T.);
#1278=EDGE_CURVE('',#1029,#1037,#335,.T.);
#1279=EDGE_CURVE('',#1035,#1037,#735,.T.);
#1280=EDGE_CURVE('',#1038,#1034,#736,.T.);
#1281=EDGE_CURVE('',#1032,#1038,#336,.T.);
#1282=EDGE_CURVE('',#1037,#1039,#737,.T.);
#1283=EDGE_CURVE('',#1036,#1039,#738,.T.);
#1284=EDGE_CURVE('',#1040,#1033,#739,.T.);
#1285=EDGE_CURVE('',#1038,#1040,#740,.T.);
#1286=EDGE_CURVE('',#1039,#973,#337,.T.);
#1287=EDGE_CURVE('',#1040,#974,#338,.T.);
#1288=EDGE_CURVE('',#1017,#999,#741,.T.);
#1289=EDGE_CURVE('',#1018,#1000,#742,.T.);
#1290=EDGE_CURVE('',#1019,#1001,#743,.T.);
#1291=EDGE_CURVE('',#1020,#1002,#744,.T.);
#1292=EDGE_CURVE('',#1021,#1003,#745,.T.);
#1293=EDGE_CURVE('',#1022,#1004,#746,.T.);
#1294=EDGE_CURVE('',#1023,#1005,#747,.T.);
#1295=EDGE_CURVE('',#1024,#1006,#748,.T.);
#1296=EDGE_CURVE('',#1025,#1007,#749,.T.);
#1297=EDGE_CURVE('',#1026,#1008,#750,.T.);
#1298=EDGE_CURVE('',#1027,#1009,#751,.T.);
#1299=EDGE_CURVE('',#1028,#1010,#752,.T.);
#1300=EDGE_CURVE('',#958,#955,#339,.T.);
#1301=ORIENTED_EDGE('',*,*,#1041,.F.);
#1302=ORIENTED_EDGE('',*,*,#1042,.F.);
#1303=ORIENTED_EDGE('',*,*,#1043,.F.);
#1304=ORIENTED_EDGE('',*,*,#1044,.F.);
#1305=ORIENTED_EDGE('',*,*,#1045,.F.);
#1306=ORIENTED_EDGE('',*,*,#1046,.F.);
#1307=ORIENTED_EDGE('',*,*,#1047,.F.);
#1308=ORIENTED_EDGE('',*,*,#1048,.F.);
#1309=ORIENTED_EDGE('',*,*,#1049,.F.);
#1310=ORIENTED_EDGE('',*,*,#1050,.F.);
#1311=ORIENTED_EDGE('',*,*,#1051,.F.);
#1312=ORIENTED_EDGE('',*,*,#1052,.F.);
#1313=ORIENTED_EDGE('',*,*,#1053,.F.);
#1314=ORIENTED_EDGE('',*,*,#1054,.F.);
#1315=ORIENTED_EDGE('',*,*,#1055,.F.);
#1316=ORIENTED_EDGE('',*,*,#1053,.T.);
#1317=ORIENTED_EDGE('',*,*,#1056,.F.);
#1318=ORIENTED_EDGE('',*,*,#1057,.F.);
#1319=ORIENTED_EDGE('',*,*,#1043,.T.);
#1320=ORIENTED_EDGE('',*,*,#1058,.F.);
#1321=ORIENTED_EDGE('',*,*,#1042,.T.);
#1322=ORIENTED_EDGE('',*,*,#1059,.T.);
#1323=ORIENTED_EDGE('',*,*,#1054,.T.);
#1324=ORIENTED_EDGE('',*,*,#1060,.F.);
#1325=ORIENTED_EDGE('',*,*,#1061,.T.);
#1326=ORIENTED_EDGE('',*,*,#1062,.T.);
#1327=ORIENTED_EDGE('',*,*,#1063,.T.);
#1328=ORIENTED_EDGE('',*,*,#1064,.T.);
#1329=ORIENTED_EDGE('',*,*,#1065,.T.);
#1330=ORIENTED_EDGE('',*,*,#1066,.T.);
#1331=ORIENTED_EDGE('',*,*,#1067,.T.);
#1332=ORIENTED_EDGE('',*,*,#1068,.T.);
#1333=ORIENTED_EDGE('',*,*,#1069,.T.);
#1334=ORIENTED_EDGE('',*,*,#1070,.T.);
#1335=ORIENTED_EDGE('',*,*,#1071,.T.);
#1336=ORIENTED_EDGE('',*,*,#1041,.T.);
#1337=ORIENTED_EDGE('',*,*,#1072,.F.);
#1338=ORIENTED_EDGE('',*,*,#1048,.T.);
#1339=ORIENTED_EDGE('',*,*,#1059,.F.);
#1340=ORIENTED_EDGE('',*,*,#1047,.T.);
#1341=ORIENTED_EDGE('',*,*,#1073,.F.);
#1342=ORIENTED_EDGE('',*,*,#1049,.T.);
#1343=ORIENTED_EDGE('',*,*,#1072,.T.);
#1344=ORIENTED_EDGE('',*,*,#1074,.T.);
#1345=ORIENTED_EDGE('',*,*,#1075,.T.);
#1346=ORIENTED_EDGE('',*,*,#1076,.T.);
#1347=ORIENTED_EDGE('',*,*,#1077,.T.);
#1348=ORIENTED_EDGE('',*,*,#1078,.T.);
#1349=ORIENTED_EDGE('',*,*,#1079,.T.);
#1350=ORIENTED_EDGE('',*,*,#1080,.T.);
#1351=ORIENTED_EDGE('',*,*,#1081,.T.);
#1352=ORIENTED_EDGE('',*,*,#1082,.T.);
#1353=ORIENTED_EDGE('',*,*,#1083,.T.);
#1354=ORIENTED_EDGE('',*,*,#1084,.T.);
#1355=ORIENTED_EDGE('',*,*,#1046,.T.);
#1356=ORIENTED_EDGE('',*,*,#1085,.T.);
#1357=ORIENTED_EDGE('',*,*,#1050,.T.);
#1358=ORIENTED_EDGE('',*,*,#1073,.T.);
#1359=ORIENTED_EDGE('',*,*,#1044,.T.);
#1360=ORIENTED_EDGE('',*,*,#1057,.T.);
#1361=ORIENTED_EDGE('',*,*,#1086,.T.);
#1362=ORIENTED_EDGE('',*,*,#1087,.T.);
#1363=ORIENTED_EDGE('',*,*,#1086,.F.);
#1364=ORIENTED_EDGE('',*,*,#1056,.T.);
#1365=ORIENTED_EDGE('',*,*,#1052,.T.);
#1366=ORIENTED_EDGE('',*,*,#1088,.F.);
#1367=ORIENTED_EDGE('',*,*,#1045,.T.);
#1368=ORIENTED_EDGE('',*,*,#1088,.T.);
#1369=ORIENTED_EDGE('',*,*,#1051,.T.);
#1370=ORIENTED_EDGE('',*,*,#1085,.F.);
#1371=ORIENTED_EDGE('',*,*,#1061,.F.);
#1372=ORIENTED_EDGE('',*,*,#1089,.T.);
#1373=ORIENTED_EDGE('',*,*,#1074,.F.);
#1374=ORIENTED_EDGE('',*,*,#1089,.F.);
#1375=ORIENTED_EDGE('',*,*,#1062,.F.);
#1376=ORIENTED_EDGE('',*,*,#1090,.T.);
#1377=ORIENTED_EDGE('',*,*,#1075,.F.);
#1378=ORIENTED_EDGE('',*,*,#1090,.F.);
#1379=ORIENTED_EDGE('',*,*,#1063,.F.);
#1380=ORIENTED_EDGE('',*,*,#1091,.T.);
#1381=ORIENTED_EDGE('',*,*,#1076,.F.);
#1382=ORIENTED_EDGE('',*,*,#1091,.F.);
#1383=ORIENTED_EDGE('',*,*,#1064,.F.);
#1384=ORIENTED_EDGE('',*,*,#1092,.T.);
#1385=ORIENTED_EDGE('',*,*,#1077,.F.);
#1386=ORIENTED_EDGE('',*,*,#1092,.F.);
#1387=ORIENTED_EDGE('',*,*,#1065,.F.);
#1388=ORIENTED_EDGE('',*,*,#1093,.T.);
#1389=ORIENTED_EDGE('',*,*,#1078,.F.);
#1390=ORIENTED_EDGE('',*,*,#1093,.F.);
#1391=ORIENTED_EDGE('',*,*,#1066,.F.);
#1392=ORIENTED_EDGE('',*,*,#1094,.T.);
#1393=ORIENTED_EDGE('',*,*,#1079,.F.);
#1394=ORIENTED_EDGE('',*,*,#1094,.F.);
#1395=ORIENTED_EDGE('',*,*,#1067,.F.);
#1396=ORIENTED_EDGE('',*,*,#1095,.T.);
#1397=ORIENTED_EDGE('',*,*,#1080,.F.);
#1398=ORIENTED_EDGE('',*,*,#1095,.F.);
#1399=ORIENTED_EDGE('',*,*,#1068,.F.);
#1400=ORIENTED_EDGE('',*,*,#1096,.T.);
#1401=ORIENTED_EDGE('',*,*,#1081,.F.);
#1402=ORIENTED_EDGE('',*,*,#1096,.F.);
#1403=ORIENTED_EDGE('',*,*,#1069,.F.);
#1404=ORIENTED_EDGE('',*,*,#1097,.T.);
#1405=ORIENTED_EDGE('',*,*,#1082,.F.);
#1406=ORIENTED_EDGE('',*,*,#1097,.F.);
#1407=ORIENTED_EDGE('',*,*,#1070,.F.);
#1408=ORIENTED_EDGE('',*,*,#1098,.T.);
#1409=ORIENTED_EDGE('',*,*,#1083,.F.);
#1410=ORIENTED_EDGE('',*,*,#1098,.F.);
#1411=ORIENTED_EDGE('',*,*,#1071,.F.);
#1412=ORIENTED_EDGE('',*,*,#1099,.T.);
#1413=ORIENTED_EDGE('',*,*,#1084,.F.);
#1414=ORIENTED_EDGE('',*,*,#1099,.F.);
#1415=ORIENTED_EDGE('',*,*,#1100,.F.);
#1416=ORIENTED_EDGE('',*,*,#1101,.T.);
#1417=ORIENTED_EDGE('',*,*,#1102,.F.);
#1418=ORIENTED_EDGE('',*,*,#1101,.F.);
#1419=ORIENTED_EDGE('',*,*,#1103,.F.);
#1420=ORIENTED_EDGE('',*,*,#1104,.T.);
#1421=ORIENTED_EDGE('',*,*,#1105,.F.);
#1422=ORIENTED_EDGE('',*,*,#1104,.F.);
#1423=ORIENTED_EDGE('',*,*,#1106,.F.);
#1424=ORIENTED_EDGE('',*,*,#1107,.T.);
#1425=ORIENTED_EDGE('',*,*,#1108,.F.);
#1426=ORIENTED_EDGE('',*,*,#1107,.F.);
#1427=ORIENTED_EDGE('',*,*,#1109,.F.);
#1428=ORIENTED_EDGE('',*,*,#1110,.T.);
#1429=ORIENTED_EDGE('',*,*,#1111,.F.);
#1430=ORIENTED_EDGE('',*,*,#1110,.F.);
#1431=ORIENTED_EDGE('',*,*,#1112,.F.);
#1432=ORIENTED_EDGE('',*,*,#1113,.T.);
#1433=ORIENTED_EDGE('',*,*,#1114,.F.);
#1434=ORIENTED_EDGE('',*,*,#1113,.F.);
#1435=ORIENTED_EDGE('',*,*,#1115,.F.);
#1436=ORIENTED_EDGE('',*,*,#1116,.T.);
#1437=ORIENTED_EDGE('',*,*,#1117,.F.);
#1438=ORIENTED_EDGE('',*,*,#1116,.F.);
#1439=ORIENTED_EDGE('',*,*,#1118,.F.);
#1440=ORIENTED_EDGE('',*,*,#1119,.T.);
#1441=ORIENTED_EDGE('',*,*,#1120,.F.);
#1442=ORIENTED_EDGE('',*,*,#1119,.F.);
#1443=ORIENTED_EDGE('',*,*,#1121,.F.);
#1444=ORIENTED_EDGE('',*,*,#1122,.T.);
#1445=ORIENTED_EDGE('',*,*,#1123,.F.);
#1446=ORIENTED_EDGE('',*,*,#1122,.F.);
#1447=ORIENTED_EDGE('',*,*,#1124,.F.);
#1448=ORIENTED_EDGE('',*,*,#1125,.T.);
#1449=ORIENTED_EDGE('',*,*,#1126,.F.);
#1450=ORIENTED_EDGE('',*,*,#1125,.F.);
#1451=ORIENTED_EDGE('',*,*,#1127,.F.);
#1452=ORIENTED_EDGE('',*,*,#1128,.T.);
#1453=ORIENTED_EDGE('',*,*,#1129,.F.);
#1454=ORIENTED_EDGE('',*,*,#1128,.F.);
#1455=ORIENTED_EDGE('',*,*,#1130,.F.);
#1456=ORIENTED_EDGE('',*,*,#1131,.T.);
#1457=ORIENTED_EDGE('',*,*,#1132,.F.);
#1458=ORIENTED_EDGE('',*,*,#1131,.F.);
#1459=ORIENTED_EDGE('',*,*,#1133,.F.);
#1460=ORIENTED_EDGE('',*,*,#1134,.T.);
#1461=ORIENTED_EDGE('',*,*,#1135,.F.);
#1462=ORIENTED_EDGE('',*,*,#1134,.F.);
#1463=ORIENTED_EDGE('',*,*,#1136,.F.);
#1464=ORIENTED_EDGE('',*,*,#1137,.T.);
#1465=ORIENTED_EDGE('',*,*,#1138,.F.);
#1466=ORIENTED_EDGE('',*,*,#1137,.F.);
#1467=ORIENTED_EDGE('',*,*,#1139,.F.);
#1468=ORIENTED_EDGE('',*,*,#1140,.T.);
#1469=ORIENTED_EDGE('',*,*,#1141,.F.);
#1470=ORIENTED_EDGE('',*,*,#1140,.F.);
#1471=ORIENTED_EDGE('',*,*,#1142,.F.);
#1472=ORIENTED_EDGE('',*,*,#1143,.T.);
#1473=ORIENTED_EDGE('',*,*,#1144,.F.);
#1474=ORIENTED_EDGE('',*,*,#1143,.F.);
#1475=ORIENTED_EDGE('',*,*,#1145,.F.);
#1476=ORIENTED_EDGE('',*,*,#1146,.T.);
#1477=ORIENTED_EDGE('',*,*,#1147,.F.);
#1478=ORIENTED_EDGE('',*,*,#1146,.F.);
#1479=ORIENTED_EDGE('',*,*,#1087,.F.);
#1480=ORIENTED_EDGE('',*,*,#1148,.T.);
#1481=ORIENTED_EDGE('',*,*,#1147,.T.);
#1482=ORIENTED_EDGE('',*,*,#1144,.T.);
#1483=ORIENTED_EDGE('',*,*,#1141,.T.);
#1484=ORIENTED_EDGE('',*,*,#1138,.T.);
#1485=ORIENTED_EDGE('',*,*,#1135,.T.);
#1486=ORIENTED_EDGE('',*,*,#1132,.T.);
#1487=ORIENTED_EDGE('',*,*,#1129,.T.);
#1488=ORIENTED_EDGE('',*,*,#1126,.T.);
#1489=ORIENTED_EDGE('',*,*,#1123,.T.);
#1490=ORIENTED_EDGE('',*,*,#1120,.T.);
#1491=ORIENTED_EDGE('',*,*,#1117,.T.);
#1492=ORIENTED_EDGE('',*,*,#1114,.T.);
#1493=ORIENTED_EDGE('',*,*,#1111,.T.);
#1494=ORIENTED_EDGE('',*,*,#1108,.T.);
#1495=ORIENTED_EDGE('',*,*,#1105,.T.);
#1496=ORIENTED_EDGE('',*,*,#1102,.T.);
#1497=ORIENTED_EDGE('',*,*,#1148,.F.);
#1498=ORIENTED_EDGE('',*,*,#1149,.T.);
#1499=ORIENTED_EDGE('',*,*,#1150,.F.);
#1500=ORIENTED_EDGE('',*,*,#1149,.F.);
#1501=ORIENTED_EDGE('',*,*,#1151,.F.);
#1502=ORIENTED_EDGE('',*,*,#1150,.T.);
#1503=ORIENTED_EDGE('',*,*,#1145,.T.);
#1504=ORIENTED_EDGE('',*,*,#1142,.T.);
#1505=ORIENTED_EDGE('',*,*,#1139,.T.);
#1506=ORIENTED_EDGE('',*,*,#1136,.T.);
#1507=ORIENTED_EDGE('',*,*,#1133,.T.);
#1508=ORIENTED_EDGE('',*,*,#1130,.T.);
#1509=ORIENTED_EDGE('',*,*,#1127,.T.);
#1510=ORIENTED_EDGE('',*,*,#1124,.T.);
#1511=ORIENTED_EDGE('',*,*,#1121,.T.);
#1512=ORIENTED_EDGE('',*,*,#1118,.T.);
#1513=ORIENTED_EDGE('',*,*,#1115,.T.);
#1514=ORIENTED_EDGE('',*,*,#1112,.T.);
#1515=ORIENTED_EDGE('',*,*,#1109,.T.);
#1516=ORIENTED_EDGE('',*,*,#1106,.T.);
#1517=ORIENTED_EDGE('',*,*,#1103,.T.);
#1518=ORIENTED_EDGE('',*,*,#1100,.T.);
#1519=ORIENTED_EDGE('',*,*,#1060,.T.);
#1520=ORIENTED_EDGE('',*,*,#1055,.T.);
#1521=ORIENTED_EDGE('',*,*,#1152,.T.);
#1522=ORIENTED_EDGE('',*,*,#1151,.T.);
#1523=ORIENTED_EDGE('',*,*,#1152,.F.);
#1524=ORIENTED_EDGE('',*,*,#1058,.T.);
#1525=ORIENTED_EDGE('',*,*,#1153,.F.);
#1526=ORIENTED_EDGE('',*,*,#1154,.F.);
#1527=ORIENTED_EDGE('',*,*,#1155,.F.);
#1528=ORIENTED_EDGE('',*,*,#1156,.T.);
#1529=ORIENTED_EDGE('',*,*,#1157,.F.);
#1530=ORIENTED_EDGE('',*,*,#1158,.F.);
#1531=ORIENTED_EDGE('',*,*,#1156,.F.);
#1532=ORIENTED_EDGE('',*,*,#1159,.F.);
#1533=ORIENTED_EDGE('',*,*,#1160,.F.);
#1534=ORIENTED_EDGE('',*,*,#1161,.F.);
#1535=ORIENTED_EDGE('',*,*,#1162,.F.);
#1536=ORIENTED_EDGE('',*,*,#1163,.F.);
#1537=ORIENTED_EDGE('',*,*,#1164,.F.);
#1538=ORIENTED_EDGE('',*,*,#1153,.T.);
#1539=ORIENTED_EDGE('',*,*,#1158,.T.);
#1540=ORIENTED_EDGE('',*,*,#1165,.F.);
#1541=ORIENTED_EDGE('',*,*,#1166,.T.);
#1542=ORIENTED_EDGE('',*,*,#1167,.T.);
#1543=ORIENTED_EDGE('',*,*,#1160,.T.);
#1544=ORIENTED_EDGE('',*,*,#1168,.F.);
#1545=ORIENTED_EDGE('',*,*,#1155,.T.);
#1546=ORIENTED_EDGE('',*,*,#1169,.F.);
#1547=ORIENTED_EDGE('',*,*,#1170,.F.);
#1548=ORIENTED_EDGE('',*,*,#1171,.F.);
#1549=ORIENTED_EDGE('',*,*,#1172,.F.);
#1550=ORIENTED_EDGE('',*,*,#1166,.F.);
#1551=ORIENTED_EDGE('',*,*,#1173,.F.);
#1552=ORIENTED_EDGE('',*,*,#1159,.T.);
#1553=ORIENTED_EDGE('',*,*,#1161,.T.);
#1554=ORIENTED_EDGE('',*,*,#1167,.F.);
#1555=ORIENTED_EDGE('',*,*,#1172,.T.);
#1556=ORIENTED_EDGE('',*,*,#1174,.T.);
#1557=ORIENTED_EDGE('',*,*,#1175,.T.);
#1558=ORIENTED_EDGE('',*,*,#1176,.T.);
#1559=ORIENTED_EDGE('',*,*,#1177,.T.);
#1560=ORIENTED_EDGE('',*,*,#1178,.T.);
#1561=ORIENTED_EDGE('',*,*,#1179,.T.);
#1562=ORIENTED_EDGE('',*,*,#1180,.T.);
#1563=ORIENTED_EDGE('',*,*,#1181,.T.);
#1564=ORIENTED_EDGE('',*,*,#1182,.T.);
#1565=ORIENTED_EDGE('',*,*,#1183,.T.);
#1566=ORIENTED_EDGE('',*,*,#1184,.T.);
#1567=ORIENTED_EDGE('',*,*,#1185,.T.);
#1568=ORIENTED_EDGE('',*,*,#1157,.T.);
#1569=ORIENTED_EDGE('',*,*,#1173,.T.);
#1570=ORIENTED_EDGE('',*,*,#1168,.T.);
#1571=ORIENTED_EDGE('',*,*,#1165,.T.);
#1572=ORIENTED_EDGE('',*,*,#1186,.T.);
#1573=ORIENTED_EDGE('',*,*,#1187,.F.);
#1574=ORIENTED_EDGE('',*,*,#1188,.T.);
#1575=ORIENTED_EDGE('',*,*,#1189,.F.);
#1576=ORIENTED_EDGE('',*,*,#1190,.F.);
#1577=ORIENTED_EDGE('',*,*,#1191,.T.);
#1578=ORIENTED_EDGE('',*,*,#1175,.F.);
#1579=ORIENTED_EDGE('',*,*,#1191,.F.);
#1580=ORIENTED_EDGE('',*,*,#1192,.F.);
#1581=ORIENTED_EDGE('',*,*,#1193,.T.);
#1582=ORIENTED_EDGE('',*,*,#1176,.F.);
#1583=ORIENTED_EDGE('',*,*,#1193,.F.);
#1584=ORIENTED_EDGE('',*,*,#1194,.F.);
#1585=ORIENTED_EDGE('',*,*,#1195,.T.);
#1586=ORIENTED_EDGE('',*,*,#1177,.F.);
#1587=ORIENTED_EDGE('',*,*,#1195,.F.);
#1588=ORIENTED_EDGE('',*,*,#1196,.F.);
#1589=ORIENTED_EDGE('',*,*,#1197,.T.);
#1590=ORIENTED_EDGE('',*,*,#1178,.F.);
#1591=ORIENTED_EDGE('',*,*,#1197,.F.);
#1592=ORIENTED_EDGE('',*,*,#1198,.F.);
#1593=ORIENTED_EDGE('',*,*,#1199,.T.);
#1594=ORIENTED_EDGE('',*,*,#1179,.F.);
#1595=ORIENTED_EDGE('',*,*,#1199,.F.);
#1596=ORIENTED_EDGE('',*,*,#1200,.F.);
#1597=ORIENTED_EDGE('',*,*,#1201,.T.);
#1598=ORIENTED_EDGE('',*,*,#1180,.F.);
#1599=ORIENTED_EDGE('',*,*,#1201,.F.);
#1600=ORIENTED_EDGE('',*,*,#1202,.F.);
#1601=ORIENTED_EDGE('',*,*,#1203,.T.);
#1602=ORIENTED_EDGE('',*,*,#1181,.F.);
#1603=ORIENTED_EDGE('',*,*,#1203,.F.);
#1604=ORIENTED_EDGE('',*,*,#1204,.F.);
#1605=ORIENTED_EDGE('',*,*,#1205,.T.);
#1606=ORIENTED_EDGE('',*,*,#1182,.F.);
#1607=ORIENTED_EDGE('',*,*,#1205,.F.);
#1608=ORIENTED_EDGE('',*,*,#1206,.F.);
#1609=ORIENTED_EDGE('',*,*,#1207,.T.);
#1610=ORIENTED_EDGE('',*,*,#1183,.F.);
#1611=ORIENTED_EDGE('',*,*,#1207,.F.);
#1612=ORIENTED_EDGE('',*,*,#1208,.F.);
#1613=ORIENTED_EDGE('',*,*,#1209,.T.);
#1614=ORIENTED_EDGE('',*,*,#1184,.F.);
#1615=ORIENTED_EDGE('',*,*,#1209,.F.);
#1616=ORIENTED_EDGE('',*,*,#1210,.F.);
#1617=ORIENTED_EDGE('',*,*,#1211,.T.);
#1618=ORIENTED_EDGE('',*,*,#1185,.F.);
#1619=ORIENTED_EDGE('',*,*,#1211,.F.);
#1620=ORIENTED_EDGE('',*,*,#1162,.T.);
#1621=ORIENTED_EDGE('',*,*,#1174,.F.);
#1622=ORIENTED_EDGE('',*,*,#1171,.T.);
#1623=ORIENTED_EDGE('',*,*,#1212,.F.);
#1624=ORIENTED_EDGE('',*,*,#1213,.T.);
#1625=ORIENTED_EDGE('',*,*,#1214,.T.);
#1626=ORIENTED_EDGE('',*,*,#1215,.T.);
#1627=ORIENTED_EDGE('',*,*,#1216,.T.);
#1628=ORIENTED_EDGE('',*,*,#1217,.T.);
#1629=ORIENTED_EDGE('',*,*,#1218,.T.);
#1630=ORIENTED_EDGE('',*,*,#1219,.F.);
#1631=ORIENTED_EDGE('',*,*,#1220,.T.);
#1632=ORIENTED_EDGE('',*,*,#1221,.T.);
#1633=ORIENTED_EDGE('',*,*,#1222,.T.);
#1634=ORIENTED_EDGE('',*,*,#1223,.F.);
#1635=ORIENTED_EDGE('',*,*,#1217,.F.);
#1636=ORIENTED_EDGE('',*,*,#1224,.T.);
#1637=ORIENTED_EDGE('',*,*,#1225,.T.);
#1638=ORIENTED_EDGE('',*,*,#1224,.F.);
#1639=ORIENTED_EDGE('',*,*,#1216,.F.);
#1640=ORIENTED_EDGE('',*,*,#1226,.T.);
#1641=ORIENTED_EDGE('',*,*,#1219,.T.);
#1642=ORIENTED_EDGE('',*,*,#1227,.T.);
#1643=ORIENTED_EDGE('',*,*,#1223,.T.);
#1644=ORIENTED_EDGE('',*,*,#1225,.F.);
#1645=ORIENTED_EDGE('',*,*,#1228,.T.);
#1646=ORIENTED_EDGE('',*,*,#1229,.T.);
#1647=ORIENTED_EDGE('',*,*,#1230,.T.);
#1648=ORIENTED_EDGE('',*,*,#1231,.T.);
#1649=ORIENTED_EDGE('',*,*,#1232,.T.);
#1650=ORIENTED_EDGE('',*,*,#1233,.T.);
#1651=ORIENTED_EDGE('',*,*,#1234,.T.);
#1652=ORIENTED_EDGE('',*,*,#1235,.T.);
#1653=ORIENTED_EDGE('',*,*,#1236,.T.);
#1654=ORIENTED_EDGE('',*,*,#1237,.T.);
#1655=ORIENTED_EDGE('',*,*,#1238,.T.);
#1656=ORIENTED_EDGE('',*,*,#1239,.T.);
#1657=ORIENTED_EDGE('',*,*,#1240,.T.);
#1658=ORIENTED_EDGE('',*,*,#1226,.F.);
#1659=ORIENTED_EDGE('',*,*,#1241,.T.);
#1660=ORIENTED_EDGE('',*,*,#1242,.F.);
#1661=ORIENTED_EDGE('',*,*,#1243,.F.);
#1662=ORIENTED_EDGE('',*,*,#1220,.F.);
#1663=ORIENTED_EDGE('',*,*,#1221,.F.);
#1664=ORIENTED_EDGE('',*,*,#1243,.T.);
#1665=ORIENTED_EDGE('',*,*,#1244,.F.);
#1666=ORIENTED_EDGE('',*,*,#1245,.F.);
#1667=ORIENTED_EDGE('',*,*,#1227,.F.);
#1668=ORIENTED_EDGE('',*,*,#1222,.F.);
#1669=ORIENTED_EDGE('',*,*,#1245,.T.);
#1670=ORIENTED_EDGE('',*,*,#1246,.F.);
#1671=ORIENTED_EDGE('',*,*,#1247,.F.);
#1672=ORIENTED_EDGE('',*,*,#1248,.F.);
#1673=ORIENTED_EDGE('',*,*,#1249,.T.);
#1674=ORIENTED_EDGE('',*,*,#1228,.F.);
#1675=ORIENTED_EDGE('',*,*,#1249,.F.);
#1676=ORIENTED_EDGE('',*,*,#1213,.F.);
#1677=ORIENTED_EDGE('',*,*,#1250,.F.);
#1678=ORIENTED_EDGE('',*,*,#1214,.F.);
#1679=ORIENTED_EDGE('',*,*,#1251,.T.);
#1680=ORIENTED_EDGE('',*,*,#1252,.T.);
#1681=ORIENTED_EDGE('',*,*,#1251,.F.);
#1682=ORIENTED_EDGE('',*,*,#1252,.F.);
#1683=ORIENTED_EDGE('',*,*,#1248,.T.);
#1684=ORIENTED_EDGE('',*,*,#1253,.T.);
#1685=ORIENTED_EDGE('',*,*,#1254,.T.);
#1686=ORIENTED_EDGE('',*,*,#1255,.T.);
#1687=ORIENTED_EDGE('',*,*,#1256,.T.);
#1688=ORIENTED_EDGE('',*,*,#1257,.T.);
#1689=ORIENTED_EDGE('',*,*,#1258,.T.);
#1690=ORIENTED_EDGE('',*,*,#1259,.T.);
#1691=ORIENTED_EDGE('',*,*,#1260,.T.);
#1692=ORIENTED_EDGE('',*,*,#1261,.T.);
#1693=ORIENTED_EDGE('',*,*,#1262,.T.);
#1694=ORIENTED_EDGE('',*,*,#1263,.T.);
#1695=ORIENTED_EDGE('',*,*,#1264,.T.);
#1696=ORIENTED_EDGE('',*,*,#1250,.T.);
#1697=ORIENTED_EDGE('',*,*,#1218,.F.);
#1698=ORIENTED_EDGE('',*,*,#1247,.T.);
#1699=ORIENTED_EDGE('',*,*,#1265,.F.);
#1700=ORIENTED_EDGE('',*,*,#1241,.F.);
#1701=ORIENTED_EDGE('',*,*,#1215,.F.);
#1702=ORIENTED_EDGE('',*,*,#1265,.T.);
#1703=ORIENTED_EDGE('',*,*,#1266,.T.);
#1704=ORIENTED_EDGE('',*,*,#1267,.F.);
#1705=ORIENTED_EDGE('',*,*,#1268,.F.);
#1706=ORIENTED_EDGE('',*,*,#1244,.T.);
#1707=ORIENTED_EDGE('',*,*,#1269,.T.);
#1708=ORIENTED_EDGE('',*,*,#1270,.F.);
#1709=ORIENTED_EDGE('',*,*,#1271,.F.);
#1710=ORIENTED_EDGE('',*,*,#1189,.T.);
#1711=ORIENTED_EDGE('',*,*,#1272,.F.);
#1712=ORIENTED_EDGE('',*,*,#1273,.F.);
#1713=ORIENTED_EDGE('',*,*,#1274,.F.);
#1714=ORIENTED_EDGE('',*,*,#1269,.F.);
#1715=ORIENTED_EDGE('',*,*,#1242,.T.);
#1716=ORIENTED_EDGE('',*,*,#1268,.T.);
#1717=ORIENTED_EDGE('',*,*,#1275,.T.);
#1718=ORIENTED_EDGE('',*,*,#1276,.T.);
#1719=ORIENTED_EDGE('',*,*,#1277,.T.);
#1720=ORIENTED_EDGE('',*,*,#1267,.T.);
#1721=ORIENTED_EDGE('',*,*,#1278,.T.);
#1722=ORIENTED_EDGE('',*,*,#1279,.F.);
#1723=ORIENTED_EDGE('',*,*,#1275,.F.);
#1724=ORIENTED_EDGE('',*,*,#1270,.T.);
#1725=ORIENTED_EDGE('',*,*,#1274,.T.);
#1726=ORIENTED_EDGE('',*,*,#1280,.F.);
#1727=ORIENTED_EDGE('',*,*,#1281,.F.);
#1728=ORIENTED_EDGE('',*,*,#1279,.T.);
#1729=ORIENTED_EDGE('',*,*,#1282,.T.);
#1730=ORIENTED_EDGE('',*,*,#1283,.F.);
#1731=ORIENTED_EDGE('',*,*,#1276,.F.);
#1732=ORIENTED_EDGE('',*,*,#1280,.T.);
#1733=ORIENTED_EDGE('',*,*,#1273,.T.);
#1734=ORIENTED_EDGE('',*,*,#1284,.F.);
#1735=ORIENTED_EDGE('',*,*,#1285,.F.);
#1736=ORIENTED_EDGE('',*,*,#1283,.T.);
#1737=ORIENTED_EDGE('',*,*,#1286,.T.);
#1738=ORIENTED_EDGE('',*,*,#1186,.F.);
#1739=ORIENTED_EDGE('',*,*,#1277,.F.);
#1740=ORIENTED_EDGE('',*,*,#1284,.T.);
#1741=ORIENTED_EDGE('',*,*,#1272,.T.);
#1742=ORIENTED_EDGE('',*,*,#1188,.F.);
#1743=ORIENTED_EDGE('',*,*,#1287,.F.);
#1744=ORIENTED_EDGE('',*,*,#1253,.F.);
#1745=ORIENTED_EDGE('',*,*,#1288,.T.);
#1746=ORIENTED_EDGE('',*,*,#1229,.F.);
#1747=ORIENTED_EDGE('',*,*,#1288,.F.);
#1748=ORIENTED_EDGE('',*,*,#1254,.F.);
#1749=ORIENTED_EDGE('',*,*,#1289,.T.);
#1750=ORIENTED_EDGE('',*,*,#1230,.F.);
#1751=ORIENTED_EDGE('',*,*,#1289,.F.);
#1752=ORIENTED_EDGE('',*,*,#1255,.F.);
#1753=ORIENTED_EDGE('',*,*,#1290,.T.);
#1754=ORIENTED_EDGE('',*,*,#1231,.F.);
#1755=ORIENTED_EDGE('',*,*,#1290,.F.);
#1756=ORIENTED_EDGE('',*,*,#1256,.F.);
#1757=ORIENTED_EDGE('',*,*,#1291,.T.);
#1758=ORIENTED_EDGE('',*,*,#1232,.F.);
#1759=ORIENTED_EDGE('',*,*,#1291,.F.);
#1760=ORIENTED_EDGE('',*,*,#1257,.F.);
#1761=ORIENTED_EDGE('',*,*,#1292,.T.);
#1762=ORIENTED_EDGE('',*,*,#1233,.F.);
#1763=ORIENTED_EDGE('',*,*,#1292,.F.);
#1764=ORIENTED_EDGE('',*,*,#1258,.F.);
#1765=ORIENTED_EDGE('',*,*,#1293,.T.);
#1766=ORIENTED_EDGE('',*,*,#1234,.F.);
#1767=ORIENTED_EDGE('',*,*,#1293,.F.);
#1768=ORIENTED_EDGE('',*,*,#1259,.F.);
#1769=ORIENTED_EDGE('',*,*,#1294,.T.);
#1770=ORIENTED_EDGE('',*,*,#1235,.F.);
#1771=ORIENTED_EDGE('',*,*,#1294,.F.);
#1772=ORIENTED_EDGE('',*,*,#1260,.F.);
#1773=ORIENTED_EDGE('',*,*,#1295,.T.);
#1774=ORIENTED_EDGE('',*,*,#1236,.F.);
#1775=ORIENTED_EDGE('',*,*,#1295,.F.);
#1776=ORIENTED_EDGE('',*,*,#1261,.F.);
#1777=ORIENTED_EDGE('',*,*,#1296,.T.);
#1778=ORIENTED_EDGE('',*,*,#1237,.F.);
#1779=ORIENTED_EDGE('',*,*,#1296,.F.);
#1780=ORIENTED_EDGE('',*,*,#1262,.F.);
#1781=ORIENTED_EDGE('',*,*,#1297,.T.);
#1782=ORIENTED_EDGE('',*,*,#1238,.F.);
#1783=ORIENTED_EDGE('',*,*,#1297,.F.);
#1784=ORIENTED_EDGE('',*,*,#1263,.F.);
#1785=ORIENTED_EDGE('',*,*,#1298,.T.);
#1786=ORIENTED_EDGE('',*,*,#1239,.F.);
#1787=ORIENTED_EDGE('',*,*,#1298,.F.);
#1788=ORIENTED_EDGE('',*,*,#1264,.F.);
#1789=ORIENTED_EDGE('',*,*,#1299,.T.);
#1790=ORIENTED_EDGE('',*,*,#1240,.F.);
#1791=ORIENTED_EDGE('',*,*,#1299,.F.);
#1792=ORIENTED_EDGE('',*,*,#1187,.T.);
#1793=ORIENTED_EDGE('',*,*,#1286,.F.);
#1794=ORIENTED_EDGE('',*,*,#1282,.F.);
#1795=ORIENTED_EDGE('',*,*,#1278,.F.);
#1796=ORIENTED_EDGE('',*,*,#1266,.F.);
#1797=ORIENTED_EDGE('',*,*,#1246,.T.);
#1798=ORIENTED_EDGE('',*,*,#1271,.T.);
#1799=ORIENTED_EDGE('',*,*,#1281,.T.);
#1800=ORIENTED_EDGE('',*,*,#1285,.T.);
#1801=ORIENTED_EDGE('',*,*,#1287,.T.);
#1802=ORIENTED_EDGE('',*,*,#1154,.T.);
#1803=ORIENTED_EDGE('',*,*,#1164,.T.);
#1804=ORIENTED_EDGE('',*,*,#1300,.F.);
#1805=ORIENTED_EDGE('',*,*,#1169,.T.);
#1806=ORIENTED_EDGE('',*,*,#1163,.T.);
#1807=ORIENTED_EDGE('',*,*,#1212,.T.);
#1808=ORIENTED_EDGE('',*,*,#1170,.T.);
#1809=ORIENTED_EDGE('',*,*,#1300,.T.);
#1810=ORIENTED_EDGE('',*,*,#1190,.T.);
#1811=ORIENTED_EDGE('',*,*,#1192,.T.);
#1812=ORIENTED_EDGE('',*,*,#1194,.T.);
#1813=ORIENTED_EDGE('',*,*,#1196,.T.);
#1814=ORIENTED_EDGE('',*,*,#1198,.T.);
#1815=ORIENTED_EDGE('',*,*,#1200,.T.);
#1816=ORIENTED_EDGE('',*,*,#1202,.T.);
#1817=ORIENTED_EDGE('',*,*,#1204,.T.);
#1818=ORIENTED_EDGE('',*,*,#1206,.T.);
#1819=ORIENTED_EDGE('',*,*,#1208,.T.);
#1820=ORIENTED_EDGE('',*,*,#1210,.T.);
#1821=PLANE('',#1972);
#1822=PLANE('',#1973);
#1823=PLANE('',#1974);
#1824=PLANE('',#1979);
#1825=PLANE('',#1995);
#1826=PLANE('',#2013);
#1827=PLANE('',#2073);
#1828=PLANE('',#2077);
#1829=PLANE('',#2081);
#1830=PLANE('',#2086);
#1831=PLANE('',#2090);
#1832=PLANE('',#2091);
#1833=PLANE('',#2104);
#1834=PLANE('',#2129);
#1835=PLANE('',#2139);
#1836=PLANE('',#2140);
#1837=PLANE('',#2141);
#1838=PLANE('',#2155);
#1839=PLANE('',#2156);
#1840=PLANE('',#2157);
#1841=PLANE('',#2163);
#1842=PLANE('',#2176);
#1843=PLANE('',#2177);
#1844=PLANE('',#2178);
#1845=PLANE('',#2179);
#1846=PLANE('',#2188);
#1847=PLANE('',#2189);
#1848=PLANE('',#2206);
#1849=PLANE('',#2209);
#1850=ADVANCED_FACE('',(#340),#1821,.F.);
#1851=ADVANCED_FACE('',(#341),#1822,.F.);
#1852=ADVANCED_FACE('',(#342),#1823,.F.);
#1853=ADVANCED_FACE('',(#343,#95,#96,#97,#98,#99,#100,#101,#102,#103,#104,
#105),#1824,.F.);
#1854=ADVANCED_FACE('',(#344),#29,.T.);
#1855=ADVANCED_FACE('',(#345,#106,#107,#108,#109,#110,#111,#112,#113,#114,
#115,#116),#1825,.F.);
#1856=ADVANCED_FACE('',(#346),#30,.F.);
#1857=ADVANCED_FACE('',(#347),#31,.F.);
#1858=ADVANCED_FACE('',(#348),#1826,.F.);
#1859=ADVANCED_FACE('',(#349),#32,.F.);
#1860=ADVANCED_FACE('',(#350),#33,.F.);
#1861=ADVANCED_FACE('',(#351),#34,.F.);
#1862=ADVANCED_FACE('',(#352),#35,.F.);
#1863=ADVANCED_FACE('',(#353),#36,.F.);
#1864=ADVANCED_FACE('',(#354),#37,.F.);
#1865=ADVANCED_FACE('',(#355),#38,.F.);
#1866=ADVANCED_FACE('',(#356),#39,.F.);
#1867=ADVANCED_FACE('',(#357),#40,.F.);
#1868=ADVANCED_FACE('',(#358),#41,.F.);
#1869=ADVANCED_FACE('',(#359),#42,.F.);
#1870=ADVANCED_FACE('',(#360),#43,.F.);
#1871=ADVANCED_FACE('',(#361),#44,.F.);
#1872=ADVANCED_FACE('',(#362),#45,.F.);
#1873=ADVANCED_FACE('',(#363),#46,.F.);
#1874=ADVANCED_FACE('',(#364),#47,.F.);
#1875=ADVANCED_FACE('',(#365),#48,.F.);
#1876=ADVANCED_FACE('',(#366),#49,.F.);
#1877=ADVANCED_FACE('',(#367),#50,.F.);
#1878=ADVANCED_FACE('',(#368),#51,.F.);
#1879=ADVANCED_FACE('',(#369),#52,.F.);
#1880=ADVANCED_FACE('',(#370),#53,.F.);
#1881=ADVANCED_FACE('',(#371),#54,.F.);
#1882=ADVANCED_FACE('',(#372),#55,.F.);
#1883=ADVANCED_FACE('',(#373),#56,.F.);
#1884=ADVANCED_FACE('',(#374),#57,.F.);
#1885=ADVANCED_FACE('',(#375),#58,.F.);
#1886=ADVANCED_FACE('',(#376,#117,#118,#119,#120,#121,#122,#123,#124,#125,
#126,#127,#128,#129,#130,#131,#132,#133),#1827,.F.);
#1887=ADVANCED_FACE('',(#377),#59,.F.);
#1888=ADVANCED_FACE('',(#378,#134,#135,#136,#137,#138,#139,#140,#141,#142,
#143,#144,#145,#146,#147,#148,#149,#150),#1828,.F.);
#1889=ADVANCED_FACE('',(#379),#60,.T.);
#1890=ADVANCED_FACE('',(#380),#1829,.F.);
#1891=ADVANCED_FACE('',(#381),#61,.T.);
#1892=ADVANCED_FACE('',(#382),#1830,.F.);
#1893=ADVANCED_FACE('',(#383),#62,.T.);
#1894=ADVANCED_FACE('',(#384),#1831,.F.);
#1895=ADVANCED_FACE('',(#385,#151,#152,#153,#154,#155,#156,#157,#158,#159,
#160,#161),#1832,.F.);
#1896=ADVANCED_FACE('',(#386,#162),#1833,.F.);
#1897=ADVANCED_FACE('',(#387),#63,.F.);
#1898=ADVANCED_FACE('',(#388),#64,.F.);
#1899=ADVANCED_FACE('',(#389),#65,.F.);
#1900=ADVANCED_FACE('',(#390),#66,.F.);
#1901=ADVANCED_FACE('',(#391),#67,.F.);
#1902=ADVANCED_FACE('',(#392),#68,.F.);
#1903=ADVANCED_FACE('',(#393),#69,.F.);
#1904=ADVANCED_FACE('',(#394),#70,.F.);
#1905=ADVANCED_FACE('',(#395),#71,.F.);
#1906=ADVANCED_FACE('',(#396),#72,.F.);
#1907=ADVANCED_FACE('',(#397),#73,.F.);
#1908=ADVANCED_FACE('',(#398),#74,.T.);
#1909=ADVANCED_FACE('',(#399),#1834,.T.);
#1910=ADVANCED_FACE('',(#400),#75,.T.);
#1911=ADVANCED_FACE('',(#401),#1835,.T.);
#1912=ADVANCED_FACE('',(#402),#1836,.T.);
#1913=ADVANCED_FACE('',(#403,#163,#164,#165,#166,#167,#168,#169,#170,#171,
#172,#173,#174,#175),#1837,.F.);
#1914=ADVANCED_FACE('',(#404),#1838,.T.);
#1915=ADVANCED_FACE('',(#405),#1839,.T.);
#1916=ADVANCED_FACE('',(#406),#1840,.T.);
#1917=ADVANCED_FACE('',(#407),#76,.F.);
#1918=ADVANCED_FACE('',(#408),#77,.F.);
#1919=ADVANCED_FACE('',(#409,#176,#177,#178,#179,#180,#181,#182,#183,#184,
#185,#186,#187,#188),#1841,.F.);
#1920=ADVANCED_FACE('',(#410),#1842,.T.);
#1921=ADVANCED_FACE('',(#411),#1843,.T.);
#1922=ADVANCED_FACE('',(#412),#1844,.T.);
#1923=ADVANCED_FACE('',(#413),#1845,.T.);
#1924=ADVANCED_FACE('',(#414),#78,.T.);
#1925=ADVANCED_FACE('',(#415),#79,.F.);
#1926=ADVANCED_FACE('',(#416),#1846,.T.);
#1927=ADVANCED_FACE('',(#417),#1847,.T.);
#1928=ADVANCED_FACE('',(#418),#80,.F.);
#1929=ADVANCED_FACE('',(#419),#81,.T.);
#1930=ADVANCED_FACE('',(#420),#82,.F.);
#1931=ADVANCED_FACE('',(#421),#83,.F.);
#1932=ADVANCED_FACE('',(#422),#84,.F.);
#1933=ADVANCED_FACE('',(#423),#85,.F.);
#1934=ADVANCED_FACE('',(#424),#86,.F.);
#1935=ADVANCED_FACE('',(#425),#87,.F.);
#1936=ADVANCED_FACE('',(#426),#88,.F.);
#1937=ADVANCED_FACE('',(#427),#89,.F.);
#1938=ADVANCED_FACE('',(#428),#90,.F.);
#1939=ADVANCED_FACE('',(#429),#91,.F.);
#1940=ADVANCED_FACE('',(#430),#92,.F.);
#1941=ADVANCED_FACE('',(#431),#93,.F.);
#1942=ADVANCED_FACE('',(#432),#1848,.T.);
#1943=ADVANCED_FACE('',(#433),#94,.F.);
#1944=ADVANCED_FACE('',(#434,#189,#190,#191,#192,#193,#194,#195,#196,#197,
#198,#199),#1849,.T.);
#1945=CLOSED_SHELL('',(#1850,#1851,#1852,#1853,#1854,#1855,#1856,#1857,
#1858,#1859,#1860,#1861,#1862,#1863,#1864,#1865,#1866,#1867,#1868,#1869,
#1870,#1871,#1872,#1873,#1874,#1875,#1876,#1877,#1878,#1879,#1880,#1881,
#1882,#1883,#1884,#1885,#1886,#1887,#1888,#1889));
#1946=CLOSED_SHELL('',(#1890,#1891,#1892,#1893,#1894,#1895,#1896,#1897,
#1898,#1899,#1900,#1901,#1902,#1903,#1904,#1905,#1906,#1907,#1908,#1909,
#1910,#1911,#1912,#1913,#1914,#1915,#1916,#1917,#1918,#1919,#1920,#1921,
#1922,#1923,#1924,#1925,#1926,#1927,#1928,#1929,#1930,#1931,#1932,#1933,
#1934,#1935,#1936,#1937,#1938,#1939,#1940,#1941,#1942,#1943,#1944));
#1947=DERIVED_UNIT_ELEMENT(#1951,1.);
#1948=DERIVED_UNIT_ELEMENT(#3353,-3.);
#1949=DERIVED_UNIT_ELEMENT(#1951,1.);
#1950=DERIVED_UNIT_ELEMENT(#3353,-3.);
#1951=(
MASS_UNIT()
NAMED_UNIT(*)
SI_UNIT(.KILO.,.GRAM.)
);
#1952=DERIVED_UNIT((#1947,#1948));
#1953=DERIVED_UNIT((#1949,#1950));
#1954=MEASURE_REPRESENTATION_ITEM('density measure',
POSITIVE_RATIO_MEASURE(7850.),#1952);
#1955=MEASURE_REPRESENTATION_ITEM('density measure',
POSITIVE_RATIO_MEASURE(7850.),#1953);
#1956=PROPERTY_DEFINITION_REPRESENTATION(#1966,#1960);
#1957=PROPERTY_DEFINITION_REPRESENTATION(#1967,#1961);
#1958=PROPERTY_DEFINITION_REPRESENTATION(#1968,#1962);
#1959=PROPERTY_DEFINITION_REPRESENTATION(#1969,#1963);
#1960=REPRESENTATION('material name',(#1964),#3349);
#1961=REPRESENTATION('density',(#1954),#3349);
#1962=REPRESENTATION('material name',(#1965),#3350);
#1963=REPRESENTATION('density',(#1955),#3350);
#1964=DESCRIPTIVE_REPRESENTATION_ITEM('Steel','Steel');
#1965=DESCRIPTIVE_REPRESENTATION_ITEM('Steel','Steel');
#1966=PROPERTY_DEFINITION('material property','material name',#3369);
#1967=PROPERTY_DEFINITION('material property','density of part',#3369);
#1968=PROPERTY_DEFINITION('material property','material name',#3370);
#1969=PROPERTY_DEFINITION('material property','density of part',#3370);
#1970=AXIS2_PLACEMENT_3D('',#2814,#2212,#2213);
#1971=AXIS2_PLACEMENT_3D('',#2815,#2214,#2215);
#1972=AXIS2_PLACEMENT_3D('',#2816,#2216,#2217);
#1973=AXIS2_PLACEMENT_3D('',#2831,#2225,#2226);
#1974=AXIS2_PLACEMENT_3D('',#2846,#2234,#2235);
#1975=AXIS2_PLACEMENT_3D('',#2848,#2236,#2237);
#1976=AXIS2_PLACEMENT_3D('',#2850,#2238,#2239);
#1977=AXIS2_PLACEMENT_3D('',#2851,#2240,#2241);
#1978=AXIS2_PLACEMENT_3D('',#2852,#2242,#2243);
#1979=AXIS2_PLACEMENT_3D('',#2853,#2244,#2245);
#1980=AXIS2_PLACEMENT_3D('',#2854,#2246,#2247);
#1981=AXIS2_PLACEMENT_3D('',#2855,#2248,#2249);
#1982=AXIS2_PLACEMENT_3D('',#2857,#2250,#2251);
#1983=AXIS2_PLACEMENT_3D('',#2859,#2252,#2253);
#1984=AXIS2_PLACEMENT_3D('',#2861,#2254,#2255);
#1985=AXIS2_PLACEMENT_3D('',#2863,#2256,#2257);
#1986=AXIS2_PLACEMENT_3D('',#2865,#2258,#2259);
#1987=AXIS2_PLACEMENT_3D('',#2867,#2260,#2261);
#1988=AXIS2_PLACEMENT_3D('',#2869,#2262,#2263);
#1989=AXIS2_PLACEMENT_3D('',#2871,#2264,#2265);
#1990=AXIS2_PLACEMENT_3D('',#2873,#2266,#2267);
#1991=AXIS2_PLACEMENT_3D('',#2875,#2268,#2269);
#1992=AXIS2_PLACEMENT_3D('',#2877,#2270,#2271);
#1993=AXIS2_PLACEMENT_3D('',#2878,#2272,#2273);
#1994=AXIS2_PLACEMENT_3D('',#2879,#2274,#2275);
#1995=AXIS2_PLACEMENT_3D('',#2880,#2276,#2277);
#1996=AXIS2_PLACEMENT_3D('',#2881,#2278,#2279);
#1997=AXIS2_PLACEMENT_3D('',#2883,#2280,#2281);
#1998=AXIS2_PLACEMENT_3D('',#2885,#2282,#2283);
#1999=AXIS2_PLACEMENT_3D('',#2887,#2284,#2285);
#2000=AXIS2_PLACEMENT_3D('',#2889,#2286,#2287);
#2001=AXIS2_PLACEMENT_3D('',#2891,#2288,#2289);
#2002=AXIS2_PLACEMENT_3D('',#2893,#2290,#2291);
#2003=AXIS2_PLACEMENT_3D('',#2895,#2292,#2293);
#2004=AXIS2_PLACEMENT_3D('',#2897,#2294,#2295);
#2005=AXIS2_PLACEMENT_3D('',#2899,#2296,#2297);
#2006=AXIS2_PLACEMENT_3D('',#2901,#2298,#2299);
#2007=AXIS2_PLACEMENT_3D('',#2903,#2300,#2301);
#2008=AXIS2_PLACEMENT_3D('',#2904,#2302,#2303);
#2009=AXIS2_PLACEMENT_3D('',#2905,#2304,#2305);
#2010=AXIS2_PLACEMENT_3D('',#2906,#2306,#2307);
#2011=AXIS2_PLACEMENT_3D('',#2909,#2309,#2310);
#2012=AXIS2_PLACEMENT_3D('',#2910,#2311,#2312);
#2013=AXIS2_PLACEMENT_3D('',#2911,#2313,#2314);
#2014=AXIS2_PLACEMENT_3D('',#2912,#2315,#2316);
#2015=AXIS2_PLACEMENT_3D('',#2914,#2318,#2319);
#2016=AXIS2_PLACEMENT_3D('',#2916,#2321,#2322);
#2017=AXIS2_PLACEMENT_3D('',#2918,#2324,#2325);
#2018=AXIS2_PLACEMENT_3D('',#2920,#2327,#2328);
#2019=AXIS2_PLACEMENT_3D('',#2922,#2330,#2331);
#2020=AXIS2_PLACEMENT_3D('',#2924,#2333,#2334);
#2021=AXIS2_PLACEMENT_3D('',#2926,#2336,#2337);
#2022=AXIS2_PLACEMENT_3D('',#2928,#2339,#2340);
#2023=AXIS2_PLACEMENT_3D('',#2930,#2342,#2343);
#2024=AXIS2_PLACEMENT_3D('',#2932,#2345,#2346);
#2025=AXIS2_PLACEMENT_3D('',#2934,#2348,#2349);
#2026=AXIS2_PLACEMENT_3D('',#2936,#2350,#2351);
#2027=AXIS2_PLACEMENT_3D('',#2939,#2353,#2354);
#2028=AXIS2_PLACEMENT_3D('',#2940,#2355,#2356);
#2029=AXIS2_PLACEMENT_3D('',#2942,#2357,#2358);
#2030=AXIS2_PLACEMENT_3D('',#2945,#2360,#2361);
#2031=AXIS2_PLACEMENT_3D('',#2946,#2362,#2363);
#2032=AXIS2_PLACEMENT_3D('',#2948,#2364,#2365);
#2033=AXIS2_PLACEMENT_3D('',#2951,#2367,#2368);
#2034=AXIS2_PLACEMENT_3D('',#2952,#2369,#2370);
#2035=AXIS2_PLACEMENT_3D('',#2954,#2371,#2372);
#2036=AXIS2_PLACEMENT_3D('',#2957,#2374,#2375);
#2037=AXIS2_PLACEMENT_3D('',#2958,#2376,#2377);
#2038=AXIS2_PLACEMENT_3D('',#2960,#2378,#2379);
#2039=AXIS2_PLACEMENT_3D('',#2963,#2381,#2382);
#2040=AXIS2_PLACEMENT_3D('',#2964,#2383,#2384);
#2041=AXIS2_PLACEMENT_3D('',#2966,#2385,#2386);
#2042=AXIS2_PLACEMENT_3D('',#2969,#2388,#2389);
#2043=AXIS2_PLACEMENT_3D('',#2970,#2390,#2391);
#2044=AXIS2_PLACEMENT_3D('',#2972,#2392,#2393);
#2045=AXIS2_PLACEMENT_3D('',#2975,#2395,#2396);
#2046=AXIS2_PLACEMENT_3D('',#2976,#2397,#2398);
#2047=AXIS2_PLACEMENT_3D('',#2978,#2399,#2400);
#2048=AXIS2_PLACEMENT_3D('',#2981,#2402,#2403);
#2049=AXIS2_PLACEMENT_3D('',#2982,#2404,#2405);
#2050=AXIS2_PLACEMENT_3D('',#2984,#2406,#2407);
#2051=AXIS2_PLACEMENT_3D('',#2987,#2409,#2410);
#2052=AXIS2_PLACEMENT_3D('',#2988,#2411,#2412);
#2053=AXIS2_PLACEMENT_3D('',#2990,#2413,#2414);
#2054=AXIS2_PLACEMENT_3D('',#2993,#2416,#2417);
#2055=AXIS2_PLACEMENT_3D('',#2994,#2418,#2419);
#2056=AXIS2_PLACEMENT_3D('',#2996,#2420,#2421);
#2057=AXIS2_PLACEMENT_3D('',#2999,#2423,#2424);
#2058=AXIS2_PLACEMENT_3D('',#3000,#2425,#2426);
#2059=AXIS2_PLACEMENT_3D('',#3002,#2427,#2428);
#2060=AXIS2_PLACEMENT_3D('',#3005,#2430,#2431);
#2061=AXIS2_PLACEMENT_3D('',#3006,#2432,#2433);
#2062=AXIS2_PLACEMENT_3D('',#3008,#2434,#2435);
#2063=AXIS2_PLACEMENT_3D('',#3011,#2437,#2438);
#2064=AXIS2_PLACEMENT_3D('',#3012,#2439,#2440);
#2065=AXIS2_PLACEMENT_3D('',#3014,#2441,#2442);
#2066=AXIS2_PLACEMENT_3D('',#3017,#2444,#2445);
#2067=AXIS2_PLACEMENT_3D('',#3018,#2446,#2447);
#2068=AXIS2_PLACEMENT_3D('',#3020,#2448,#2449);
#2069=AXIS2_PLACEMENT_3D('',#3023,#2451,#2452);
#2070=AXIS2_PLACEMENT_3D('',#3024,#2453,#2454);
#2071=AXIS2_PLACEMENT_3D('',#3026,#2455,#2456);
#2072=AXIS2_PLACEMENT_3D('',#3029,#2458,#2459);
#2073=AXIS2_PLACEMENT_3D('',#3030,#2460,#2461);
#2074=AXIS2_PLACEMENT_3D('',#3032,#2462,#2463);
#2075=AXIS2_PLACEMENT_3D('',#3033,#2464,#2465);
#2076=AXIS2_PLACEMENT_3D('',#3036,#2467,#2468);
#2077=AXIS2_PLACEMENT_3D('',#3037,#2469,#2470);
#2078=AXIS2_PLACEMENT_3D('',#3039,#2471,#2472);
#2079=AXIS2_PLACEMENT_3D('',#3040,#2473,#2474);
#2080=AXIS2_PLACEMENT_3D('',#3042,#2476,#2477);
#2081=AXIS2_PLACEMENT_3D('',#3043,#2478,#2479);
#2082=AXIS2_PLACEMENT_3D('',#3048,#2481,#2482);
#2083=AXIS2_PLACEMENT_3D('',#3051,#2484,#2485);
#2084=AXIS2_PLACEMENT_3D('',#3052,#2486,#2487);
#2085=AXIS2_PLACEMENT_3D('',#3055,#2488,#2489);
#2086=AXIS2_PLACEMENT_3D('',#3058,#2492,#2493);
#2087=AXIS2_PLACEMENT_3D('',#3070,#2500,#2501);
#2088=AXIS2_PLACEMENT_3D('',#3074,#2503,#2504);
#2089=AXIS2_PLACEMENT_3D('',#3075,#2505,#2506);
#2090=AXIS2_PLACEMENT_3D('',#3076,#2507,#2508);
#2091=AXIS2_PLACEMENT_3D('',#3085,#2514,#2515);
#2092=AXIS2_PLACEMENT_3D('',#3086,#2516,#2517);
#2093=AXIS2_PLACEMENT_3D('',#3088,#2518,#2519);
#2094=AXIS2_PLACEMENT_3D('',#3090,#2520,#2521);
#2095=AXIS2_PLACEMENT_3D('',#3092,#2522,#2523);
#2096=AXIS2_PLACEMENT_3D('',#3094,#2524,#2525);
#2097=AXIS2_PLACEMENT_3D('',#3096,#2526,#2527);
#2098=AXIS2_PLACEMENT_3D('',#3098,#2528,#2529);
#2099=AXIS2_PLACEMENT_3D('',#3100,#2530,#2531);
#2100=AXIS2_PLACEMENT_3D('',#3102,#2532,#2533);
#2101=AXIS2_PLACEMENT_3D('',#3104,#2534,#2535);
#2102=AXIS2_PLACEMENT_3D('',#3106,#2536,#2537);
#2103=AXIS2_PLACEMENT_3D('',#3108,#2538,#2539);
#2104=AXIS2_PLACEMENT_3D('',#3109,#2540,#2541);
#2105=AXIS2_PLACEMENT_3D('',#3118,#2546,#2547);
#2106=AXIS2_PLACEMENT_3D('',#3120,#2548,#2549);
#2107=AXIS2_PLACEMENT_3D('',#3122,#2551,#2552);
#2108=AXIS2_PLACEMENT_3D('',#3124,#2553,#2554);
#2109=AXIS2_PLACEMENT_3D('',#3126,#2556,#2557);
#2110=AXIS2_PLACEMENT_3D('',#3128,#2558,#2559);
#2111=AXIS2_PLACEMENT_3D('',#3130,#2561,#2562);
#2112=AXIS2_PLACEMENT_3D('',#3132,#2563,#2564);
#2113=AXIS2_PLACEMENT_3D('',#3134,#2566,#2567);
#2114=AXIS2_PLACEMENT_3D('',#3136,#2568,#2569);
#2115=AXIS2_PLACEMENT_3D('',#3138,#2571,#2572);
#2116=AXIS2_PLACEMENT_3D('',#3140,#2573,#2574);
#2117=AXIS2_PLACEMENT_3D('',#3142,#2576,#2577);
#2118=AXIS2_PLACEMENT_3D('',#3144,#2578,#2579);
#2119=AXIS2_PLACEMENT_3D('',#3146,#2581,#2582);
#2120=AXIS2_PLACEMENT_3D('',#3148,#2583,#2584);
#2121=AXIS2_PLACEMENT_3D('',#3150,#2586,#2587);
#2122=AXIS2_PLACEMENT_3D('',#3152,#2588,#2589);
#2123=AXIS2_PLACEMENT_3D('',#3154,#2591,#2592);
#2124=AXIS2_PLACEMENT_3D('',#3156,#2593,#2594);
#2125=AXIS2_PLACEMENT_3D('',#3158,#2596,#2597);
#2126=AXIS2_PLACEMENT_3D('',#3160,#2598,#2599);
#2127=AXIS2_PLACEMENT_3D('',#3162,#2601,#2602);
#2128=AXIS2_PLACEMENT_3D('',#3163,#2603,#2604);
#2129=AXIS2_PLACEMENT_3D('',#3164,#2605,#2606);
#2130=AXIS2_PLACEMENT_3D('',#3167,#2607,#2608);
#2131=AXIS2_PLACEMENT_3D('',#3169,#2609,#2610);
#2132=AXIS2_PLACEMENT_3D('',#3173,#2612,#2613);
#2133=AXIS2_PLACEMENT_3D('',#3175,#2614,#2615);
#2134=AXIS2_PLACEMENT_3D('',#3177,#2617,#2618);
#2135=AXIS2_PLACEMENT_3D('',#3179,#2619,#2620);
#2136=AXIS2_PLACEMENT_3D('',#3183,#2622,#2623);
#2137=AXIS2_PLACEMENT_3D('',#3186,#2625,#2626);
#2138=AXIS2_PLACEMENT_3D('',#3189,#2628,#2629);
#2139=AXIS2_PLACEMENT_3D('',#3190,#2630,#2631);
#2140=AXIS2_PLACEMENT_3D('',#3192,#2633,#2634);
#2141=AXIS2_PLACEMENT_3D('',#3194,#2636,#2637);
#2142=AXIS2_PLACEMENT_3D('',#3196,#2638,#2639);
#2143=AXIS2_PLACEMENT_3D('',#3198,#2640,#2641);
#2144=AXIS2_PLACEMENT_3D('',#3200,#2642,#2643);
#2145=AXIS2_PLACEMENT_3D('',#3202,#2644,#2645);
#2146=AXIS2_PLACEMENT_3D('',#3204,#2646,#2647);
#2147=AXIS2_PLACEMENT_3D('',#3206,#2648,#2649);
#2148=AXIS2_PLACEMENT_3D('',#3208,#2650,#2651);
#2149=AXIS2_PLACEMENT_3D('',#3210,#2652,#2653);
#2150=AXIS2_PLACEMENT_3D('',#3212,#2654,#2655);
#2151=AXIS2_PLACEMENT_3D('',#3214,#2656,#2657);
#2152=AXIS2_PLACEMENT_3D('',#3216,#2658,#2659);
#2153=AXIS2_PLACEMENT_3D('',#3218,#2660,#2661);
#2154=AXIS2_PLACEMENT_3D('',#3220,#2662,#2663);
#2155=AXIS2_PLACEMENT_3D('',#3221,#2664,#2665);
#2156=AXIS2_PLACEMENT_3D('',#3227,#2669,#2670);
#2157=AXIS2_PLACEMENT_3D('',#3231,#2673,#2674);
#2158=AXIS2_PLACEMENT_3D('',#3235,#2677,#2678);
#2159=AXIS2_PLACEMENT_3D('',#3237,#2679,#2680);
#2160=AXIS2_PLACEMENT_3D('',#3239,#2682,#2683);
#2161=AXIS2_PLACEMENT_3D('',#3240,#2684,#2685);
#2162=AXIS2_PLACEMENT_3D('',#3243,#2687,#2688);
#2163=AXIS2_PLACEMENT_3D('',#3244,#2689,#2690);
#2164=AXIS2_PLACEMENT_3D('',#3246,#2691,#2692);
#2165=AXIS2_PLACEMENT_3D('',#3248,#2693,#2694);
#2166=AXIS2_PLACEMENT_3D('',#3250,#2695,#2696);
#2167=AXIS2_PLACEMENT_3D('',#3252,#2697,#2698);
#2168=AXIS2_PLACEMENT_3D('',#3254,#2699,#2700);
#2169=AXIS2_PLACEMENT_3D('',#3256,#2701,#2702);
#2170=AXIS2_PLACEMENT_3D('',#3258,#2703,#2704);
#2171=AXIS2_PLACEMENT_3D('',#3260,#2705,#2706);
#2172=AXIS2_PLACEMENT_3D('',#3262,#2707,#2708);
#2173=AXIS2_PLACEMENT_3D('',#3264,#2709,#2710);
#2174=AXIS2_PLACEMENT_3D('',#3266,#2711,#2712);
#2175=AXIS2_PLACEMENT_3D('',#3268,#2713,#2714);
#2176=AXIS2_PLACEMENT_3D('',#3269,#2715,#2716);
#2177=AXIS2_PLACEMENT_3D('',#3271,#2718,#2719);
#2178=AXIS2_PLACEMENT_3D('',#3277,#2723,#2724);
#2179=AXIS2_PLACEMENT_3D('',#3283,#2728,#2729);
#2180=AXIS2_PLACEMENT_3D('',#3285,#2730,#2731);
#2181=AXIS2_PLACEMENT_3D('',#3288,#2733,#2734);
#2182=AXIS2_PLACEMENT_3D('',#3290,#2735,#2736);
#2183=AXIS2_PLACEMENT_3D('',#3293,#2738,#2739);
#2184=AXIS2_PLACEMENT_3D('',#3294,#2740,#2741);
#2185=AXIS2_PLACEMENT_3D('',#3296,#2742,#2743);
#2186=AXIS2_PLACEMENT_3D('',#3298,#2745,#2746);
#2187=AXIS2_PLACEMENT_3D('',#3301,#2748,#2749);
#2188=AXIS2_PLACEMENT_3D('',#3302,#2750,#2751);
#2189=AXIS2_PLACEMENT_3D('',#3306,#2754,#2755);
#2190=AXIS2_PLACEMENT_3D('',#3310,#2758,#2759);
#2191=AXIS2_PLACEMENT_3D('',#3311,#2760,#2761);
#2192=AXIS2_PLACEMENT_3D('',#3312,#2762,#2763);
#2193=AXIS2_PLACEMENT_3D('',#3313,#2764,#2765);
#2194=AXIS2_PLACEMENT_3D('',#3314,#2766,#2767);
#2195=AXIS2_PLACEMENT_3D('',#3316,#2769,#2770);
#2196=AXIS2_PLACEMENT_3D('',#3318,#2772,#2773);
#2197=AXIS2_PLACEMENT_3D('',#3320,#2775,#2776);
#2198=AXIS2_PLACEMENT_3D('',#3322,#2778,#2779);
#2199=AXIS2_PLACEMENT_3D('',#3324,#2781,#2782);
#2200=AXIS2_PLACEMENT_3D('',#3326,#2784,#2785);
#2201=AXIS2_PLACEMENT_3D('',#3328,#2787,#2788);
#2202=AXIS2_PLACEMENT_3D('',#3330,#2790,#2791);
#2203=AXIS2_PLACEMENT_3D('',#3332,#2793,#2794);
#2204=AXIS2_PLACEMENT_3D('',#3334,#2796,#2797);
#2205=AXIS2_PLACEMENT_3D('',#3336,#2799,#2800);
#2206=AXIS2_PLACEMENT_3D('',#3338,#2802,#2803);
#2207=AXIS2_PLACEMENT_3D('',#3339,#2804,#2805);
#2208=AXIS2_PLACEMENT_3D('',#3340,#2806,#2807);
#2209=AXIS2_PLACEMENT_3D('',#3341,#2808,#2809);
#2210=AXIS2_PLACEMENT_3D('',#3342,#2810,#2811);
#2211=AXIS2_PLACEMENT_3D('',#3343,#2812,#2813);
#2212=DIRECTION('axis',(0.,0.,1.));
#2213=DIRECTION('refdir',(1.,0.,0.));
#2214=DIRECTION('axis',(0.,0.,1.));
#2215=DIRECTION('refdir',(1.,0.,0.));
#2216=DIRECTION('center_axis',(3.49720252756925E-15,1.,-4.3752631512321E-17));
#2217=DIRECTION('ref_axis',(1.,-3.49720252756925E-15,1.35185485589058E-16));
#2218=DIRECTION('',(0.,1.9229634382461E-16,-1.));
#2219=DIRECTION('',(1.,-3.49720252756925E-15,-6.59679443203502E-16));
#2220=DIRECTION('',(1.,-3.49720252756925E-15,1.35185485589058E-16));
#2221=DIRECTION('',(9.15933995315754E-16,0.,1.));
#2222=DIRECTION('',(-1.,3.49720252756925E-15,9.15933995315754E-16));
#2223=DIRECTION('',(9.15933995315754E-16,0.,1.));
#2224=DIRECTION('',(-1.,3.49720252756925E-15,-7.26264989104654E-18));
#2225=DIRECTION('center_axis',(-3.49720252756925E-15,-1.,4.3752631512321E-17));
#2226=DIRECTION('ref_axis',(-1.,3.49720252756925E-15,-1.35185485589058E-16));
#2227=DIRECTION('',(0.,-1.9229634382461E-16,1.));
#2228=DIRECTION('',(1.,-3.49720252756925E-15,7.26264989104654E-18));
#2229=DIRECTION('',(-9.15933995315754E-16,0.,-1.));
#2230=DIRECTION('',(1.,-3.49720252756925E-15,-9.15933995315754E-16));
#2231=DIRECTION('',(-9.15933995315754E-16,0.,-1.));
#2232=DIRECTION('',(-1.,3.49720252756925E-15,-1.35185485589058E-16));
#2233=DIRECTION('',(-1.,3.49720252756925E-15,6.59679443203502E-16));
#2234=DIRECTION('center_axis',(-1.35185485589058E-16,4.24125018253965E-17,
1.));
#2235=DIRECTION('ref_axis',(-1.,3.49720252756925E-15,-1.35185485589058E-16));
#2236=DIRECTION('center_axis',(6.59679443203501E-16,-1.92296343824612E-16,
1.));
#2237=DIRECTION('ref_axis',(-1.,5.84579181840069E-33,0.));
#2238=DIRECTION('center_axis',(1.35185485589058E-16,-4.24125018253965E-17,
-1.));
#2239=DIRECTION('ref_axis',(-1.,0.,9.15933995315754E-16));
#2240=DIRECTION('center_axis',(1.35185485589058E-16,-4.24125018253965E-17,
-1.));
#2241=DIRECTION('ref_axis',(-1.,0.,9.15933995315754E-16));
#2242=DIRECTION('center_axis',(6.59679443203501E-16,-1.92296343824612E-16,
1.));
#2243=DIRECTION('ref_axis',(-1.,5.84579181840069E-33,0.));
#2244=DIRECTION('center_axis',(-6.59679443203501E-16,1.92296343824612E-16,
-1.));
#2245=DIRECTION('ref_axis',(1.,-3.83026943495679E-15,-6.59679443203502E-16));
#2246=DIRECTION('center_axis',(6.59679443203501E-16,-1.92296343824612E-16,
1.));
#2247=DIRECTION('ref_axis',(1.,-3.83026943495679E-15,-6.59679443203502E-16));
#2248=DIRECTION('center_axis',(6.59679443203501E-16,-1.92296343824612E-16,
1.));
#2249=DIRECTION('ref_axis',(-1.,5.84579181840069E-33,0.));
#2250=DIRECTION('center_axis',(-6.59679443203501E-16,1.92296343824612E-16,
-1.));
#2251=DIRECTION('ref_axis',(1.,-1.77635683940025E-15,-4.901167597563E-16));
#2252=DIRECTION('center_axis',(-6.59679443203501E-16,1.92296343824612E-16,
-1.));
#2253=DIRECTION('ref_axis',(1.,-1.77635683940025E-15,-4.901167597563E-16));
#2254=DIRECTION('center_axis',(-6.59679443203501E-16,1.92296343824612E-16,
-1.));
#2255=DIRECTION('ref_axis',(1.,-1.77635683940025E-15,-4.901167597563E-16));
#2256=DIRECTION('center_axis',(-6.59679443203501E-16,1.92296343824612E-16,
-1.));
#2257=DIRECTION('ref_axis',(1.,-1.77635683940025E-15,-4.901167597563E-16));
#2258=DIRECTION('center_axis',(-6.59679443203501E-16,1.92296343824612E-16,
-1.));
#2259=DIRECTION('ref_axis',(1.,-1.77635683940025E-15,-4.901167597563E-16));
#2260=DIRECTION('center_axis',(-6.59679443203501E-16,1.92296343824612E-16,
-1.));
#2261=DIRECTION('ref_axis',(1.,-1.77635683940025E-15,-4.901167597563E-16));
#2262=DIRECTION('center_axis',(-6.59679443203501E-16,1.92296343824612E-16,
-1.));
#2263=DIRECTION('ref_axis',(1.,-1.77635683940025E-15,-4.901167597563E-16));
#2264=DIRECTION('center_axis',(-6.59679443203501E-16,1.92296343824612E-16,
-1.));
#2265=DIRECTION('ref_axis',(1.,-1.77635683940025E-15,-4.901167597563E-16));
#2266=DIRECTION('center_axis',(-6.59679443203501E-16,1.92296343824612E-16,
-1.));
#2267=DIRECTION('ref_axis',(1.,-1.77635683940025E-15,-4.901167597563E-16));
#2268=DIRECTION('center_axis',(-6.59679443203501E-16,1.92296343824612E-16,
-1.));
#2269=DIRECTION('ref_axis',(1.,-1.77635683940025E-15,-4.901167597563E-16));
#2270=DIRECTION('center_axis',(-6.59679443203501E-16,1.92296343824612E-16,
-1.));
#2271=DIRECTION('ref_axis',(1.,-1.77635683940025E-15,-4.901167597563E-16));
#2272=DIRECTION('center_axis',(0.,-1.9229634382461E-16,1.));
#2273=DIRECTION('ref_axis',(-1.,-2.35807968958324E-14,-4.57071592240758E-30));
#2274=DIRECTION('center_axis',(-6.59679443203501E-16,1.92296343824612E-16,
-1.));
#2275=DIRECTION('ref_axis',(1.,-3.83026943495679E-15,-6.59679443203502E-16));
#2276=DIRECTION('center_axis',(-7.26264989104373E-18,8.04911692853279E-16,
1.));
#2277=DIRECTION('ref_axis',(1.,0.,7.26264989104373E-18));
#2278=DIRECTION('center_axis',(7.26264989104373E-18,-8.04911692853279E-16,
-1.));
#2279=DIRECTION('ref_axis',(1.,0.,-9.15933995315754E-16));
#2280=DIRECTION('center_axis',(-7.26264989104373E-18,8.04911692853279E-16,
1.));
#2281=DIRECTION('ref_axis',(1.,-1.77635683940025E-15,-4.901167597563E-16));
#2282=DIRECTION('center_axis',(-7.26264989104373E-18,8.04911692853279E-16,
1.));
#2283=DIRECTION('ref_axis',(1.,-1.77635683940025E-15,-4.901167597563E-16));
#2284=DIRECTION('center_axis',(-7.26264989104373E-18,8.04911692853279E-16,
1.));
#2285=DIRECTION('ref_axis',(1.,-1.77635683940025E-15,-4.901167597563E-16));
#2286=DIRECTION('center_axis',(-7.26264989104373E-18,8.04911692853279E-16,
1.));
#2287=DIRECTION('ref_axis',(1.,-1.77635683940025E-15,-4.901167597563E-16));
#2288=DIRECTION('center_axis',(-7.26264989104373E-18,8.04911692853279E-16,
1.));
#2289=DIRECTION('ref_axis',(1.,-1.77635683940025E-15,-4.901167597563E-16));
#2290=DIRECTION('center_axis',(-7.26264989104373E-18,8.04911692853279E-16,
1.));
#2291=DIRECTION('ref_axis',(1.,-1.77635683940025E-15,-4.901167597563E-16));
#2292=DIRECTION('center_axis',(-7.26264989104373E-18,8.04911692853279E-16,
1.));
#2293=DIRECTION('ref_axis',(1.,-1.77635683940025E-15,-4.901167597563E-16));
#2294=DIRECTION('center_axis',(-7.26264989104373E-18,8.04911692853279E-16,
1.));
#2295=DIRECTION('ref_axis',(1.,-1.77635683940025E-15,-4.901167597563E-16));
#2296=DIRECTION('center_axis',(-7.26264989104373E-18,8.04911692853279E-16,
1.));
#2297=DIRECTION('ref_axis',(1.,-1.77635683940025E-15,-4.901167597563E-16));
#2298=DIRECTION('center_axis',(-7.26264989104373E-18,8.04911692853279E-16,
1.));
#2299=DIRECTION('ref_axis',(1.,-1.77635683940025E-15,-4.901167597563E-16));
#2300=DIRECTION('center_axis',(-7.26264989104373E-18,8.04911692853279E-16,
1.));
#2301=DIRECTION('ref_axis',(1.,-1.77635683940025E-15,-4.901167597563E-16));
#2302=DIRECTION('center_axis',(-9.15933995315754E-16,0.,-1.));
#2303=DIRECTION('ref_axis',(-1.,2.78699993901511E-15,9.15933995315754E-16));
#2304=DIRECTION('center_axis',(9.15933995315754E-16,0.,1.));
#2305=DIRECTION('ref_axis',(1.,0.,-9.15933995315754E-16));
#2306=DIRECTION('center_axis',(9.15933995315754E-16,0.,1.));
#2307=DIRECTION('ref_axis',(-1.,0.,9.15933995315754E-16));
#2308=DIRECTION('',(9.15933995315754E-16,0.,1.));
#2309=DIRECTION('center_axis',(9.15933995315754E-16,0.,1.));
#2310=DIRECTION('ref_axis',(-1.,0.,9.15933995315754E-16));
#2311=DIRECTION('center_axis',(9.15933995315754E-16,0.,1.));
#2312=DIRECTION('ref_axis',(-1.,0.,9.15933995315754E-16));
#2313=DIRECTION('center_axis',(9.15933995315754E-16,0.,1.));
#2314=DIRECTION('ref_axis',(-1.,0.,9.15933995315754E-16));
#2315=DIRECTION('center_axis',(-4.901167597563E-16,3.0512643638369E-16,
-1.));
#2316=DIRECTION('ref_axis',(1.,-1.77635683940025E-15,-4.901167597563E-16));
#2317=DIRECTION('',(-4.901167597563E-16,3.0512643638369E-16,-1.));
#2318=DIRECTION('center_axis',(-4.901167597563E-16,3.0512643638369E-16,
-1.));
#2319=DIRECTION('ref_axis',(1.,-1.77635683940025E-15,-4.901167597563E-16));
#2320=DIRECTION('',(-4.901167597563E-16,3.0512643638369E-16,-1.));
#2321=DIRECTION('center_axis',(-4.901167597563E-16,3.0512643638369E-16,
-1.));
#2322=DIRECTION('ref_axis',(1.,-1.77635683940025E-15,-4.901167597563E-16));
#2323=DIRECTION('',(-4.901167597563E-16,3.0512643638369E-16,-1.));
#2324=DIRECTION('center_axis',(-4.901167597563E-16,3.0512643638369E-16,
-1.));
#2325=DIRECTION('ref_axis',(1.,-1.77635683940025E-15,-4.901167597563E-16));
#2326=DIRECTION('',(-4.901167597563E-16,3.0512643638369E-16,-1.));
#2327=DIRECTION('center_axis',(-4.901167597563E-16,3.0512643638369E-16,
-1.));
#2328=DIRECTION('ref_axis',(1.,-1.77635683940025E-15,-4.901167597563E-16));
#2329=DIRECTION('',(-4.901167597563E-16,3.0512643638369E-16,-1.));
#2330=DIRECTION('center_axis',(-4.901167597563E-16,3.0512643638369E-16,
-1.));
#2331=DIRECTION('ref_axis',(1.,-1.77635683940025E-15,-4.901167597563E-16));
#2332=DIRECTION('',(-4.901167597563E-16,3.0512643638369E-16,-1.));
#2333=DIRECTION('center_axis',(-4.901167597563E-16,3.0512643638369E-16,
-1.));
#2334=DIRECTION('ref_axis',(1.,-1.77635683940025E-15,-4.901167597563E-16));
#2335=DIRECTION('',(-4.901167597563E-16,3.0512643638369E-16,-1.));
#2336=DIRECTION('center_axis',(-4.901167597563E-16,3.0512643638369E-16,
-1.));
#2337=DIRECTION('ref_axis',(1.,-1.77635683940025E-15,-4.901167597563E-16));
#2338=DIRECTION('',(-4.901167597563E-16,3.0512643638369E-16,-1.));
#2339=DIRECTION('center_axis',(-4.901167597563E-16,3.0512643638369E-16,
-1.));
#2340=DIRECTION('ref_axis',(1.,-1.77635683940025E-15,-4.901167597563E-16));
#2341=DIRECTION('',(-4.901167597563E-16,3.0512643638369E-16,-1.));
#2342=DIRECTION('center_axis',(-4.901167597563E-16,3.0512643638369E-16,
-1.));
#2343=DIRECTION('ref_axis',(1.,-1.77635683940025E-15,-4.901167597563E-16));
#2344=DIRECTION('',(-4.901167597563E-16,3.0512643638369E-16,-1.));
#2345=DIRECTION('center_axis',(-4.901167597563E-16,3.0512643638369E-16,
-1.));
#2346=DIRECTION('ref_axis',(1.,-1.77635683940025E-15,-4.901167597563E-16));
#2347=DIRECTION('',(-4.901167597563E-16,3.0512643638369E-16,-1.));
#2348=DIRECTION('center_axis',(2.03319479667288E-31,0.,-1.));
#2349=DIRECTION('ref_axis',(1.,0.,2.03319479667288E-31));
#2350=DIRECTION('center_axis',(-9.15933995315754E-16,0.,-1.));
#2351=DIRECTION('ref_axis',(1.,0.,2.03319479667288E-31));
#2352=DIRECTION('',(2.03319479667288E-31,0.,-1.));
#2353=DIRECTION('center_axis',(9.15933995315754E-16,0.,1.));
#2354=DIRECTION('ref_axis',(1.,0.,2.03319479667288E-31));
#2355=DIRECTION('center_axis',(2.03319479667288E-31,0.,-1.));
#2356=DIRECTION('ref_axis',(1.,0.,2.03319479667288E-31));
#2357=DIRECTION('center_axis',(-9.15933995315754E-16,0.,-1.));
#2358=DIRECTION('ref_axis',(1.,0.,2.03319479667288E-31));
#2359=DIRECTION('',(2.03319479667288E-31,0.,-1.));
#2360=DIRECTION('center_axis',(9.15933995315754E-16,0.,1.));
#2361=DIRECTION('ref_axis',(1.,0.,2.03319479667288E-31));
#2362=DIRECTION('center_axis',(2.03319479667288E-31,0.,-1.));
#2363=DIRECTION('ref_axis',(1.,0.,2.03319479667288E-31));
#2364=DIRECTION('center_axis',(-9.15933995315754E-16,0.,-1.));
#2365=DIRECTION('ref_axis',(1.,0.,2.03319479667288E-31));
#2366=DIRECTION('',(2.03319479667288E-31,0.,-1.));
#2367=DIRECTION('center_axis',(9.15933995315754E-16,0.,1.));
#2368=DIRECTION('ref_axis',(1.,0.,2.03319479667288E-31));
#2369=DIRECTION('center_axis',(2.03319479667288E-31,0.,-1.));
#2370=DIRECTION('ref_axis',(1.,0.,2.03319479667288E-31));
#2371=DIRECTION('center_axis',(-9.15933995315754E-16,0.,-1.));
#2372=DIRECTION('ref_axis',(1.,0.,2.03319479667288E-31));
#2373=DIRECTION('',(2.03319479667288E-31,0.,-1.));
#2374=DIRECTION('center_axis',(9.15933995315754E-16,0.,1.));
#2375=DIRECTION('ref_axis',(1.,0.,2.03319479667288E-31));
#2376=DIRECTION('center_axis',(2.03319479667288E-31,0.,-1.));
#2377=DIRECTION('ref_axis',(1.,0.,2.03319479667288E-31));
#2378=DIRECTION('center_axis',(-9.15933995315754E-16,0.,-1.));
#2379=DIRECTION('ref_axis',(1.,0.,2.03319479667288E-31));
#2380=DIRECTION('',(2.03319479667288E-31,0.,-1.));
#2381=DIRECTION('center_axis',(9.15933995315754E-16,0.,1.));
#2382=DIRECTION('ref_axis',(1.,0.,2.03319479667288E-31));
#2383=DIRECTION('center_axis',(2.03319479667288E-31,0.,-1.));
#2384=DIRECTION('ref_axis',(1.,0.,2.03319479667288E-31));
#2385=DIRECTION('center_axis',(-9.15933995315754E-16,0.,-1.));
#2386=DIRECTION('ref_axis',(1.,0.,2.03319479667288E-31));
#2387=DIRECTION('',(2.03319479667288E-31,0.,-1.));
#2388=DIRECTION('center_axis',(9.15933995315754E-16,0.,1.));
#2389=DIRECTION('ref_axis',(1.,0.,2.03319479667288E-31));
#2390=DIRECTION('center_axis',(2.03319479667288E-31,0.,-1.));
#2391=DIRECTION('ref_axis',(1.,0.,2.03319479667288E-31));
#2392=DIRECTION('center_axis',(-9.15933995315754E-16,0.,-1.));
#2393=DIRECTION('ref_axis',(1.,0.,2.03319479667288E-31));
#2394=DIRECTION('',(2.03319479667288E-31,0.,-1.));
#2395=DIRECTION('center_axis',(9.15933995315754E-16,0.,1.));
#2396=DIRECTION('ref_axis',(1.,0.,2.03319479667288E-31));
#2397=DIRECTION('center_axis',(2.03319479667288E-31,0.,-1.));
#2398=DIRECTION('ref_axis',(1.,0.,2.03319479667288E-31));
#2399=DIRECTION('center_axis',(-9.15933995315754E-16,0.,-1.));
#2400=DIRECTION('ref_axis',(1.,0.,2.03319479667288E-31));
#2401=DIRECTION('',(2.03319479667288E-31,0.,-1.));
#2402=DIRECTION('center_axis',(9.15933995315754E-16,0.,1.));
#2403=DIRECTION('ref_axis',(1.,0.,2.03319479667288E-31));
#2404=DIRECTION('center_axis',(2.03319479667288E-31,0.,-1.));
#2405=DIRECTION('ref_axis',(1.,0.,2.03319479667288E-31));
#2406=DIRECTION('center_axis',(-9.15933995315754E-16,0.,-1.));
#2407=DIRECTION('ref_axis',(1.,0.,2.03319479667288E-31));
#2408=DIRECTION('',(2.03319479667288E-31,0.,-1.));
#2409=DIRECTION('center_axis',(9.15933995315754E-16,0.,1.));
#2410=DIRECTION('ref_axis',(1.,0.,2.03319479667288E-31));
#2411=DIRECTION('center_axis',(2.03319479667288E-31,0.,-1.));
#2412=DIRECTION('ref_axis',(1.,0.,2.03319479667288E-31));
#2413=DIRECTION('center_axis',(-9.15933995315754E-16,0.,-1.));
#2414=DIRECTION('ref_axis',(1.,0.,2.03319479667288E-31));
#2415=DIRECTION('',(2.03319479667288E-31,0.,-1.));
#2416=DIRECTION('center_axis',(9.15933995315754E-16,0.,1.));
#2417=DIRECTION('ref_axis',(1.,0.,2.03319479667288E-31));
#2418=DIRECTION('center_axis',(2.03319479667288E-31,0.,-1.));
#2419=DIRECTION('ref_axis',(1.,0.,2.03319479667288E-31));
#2420=DIRECTION('center_axis',(-9.15933995315754E-16,0.,-1.));
#2421=DIRECTION('ref_axis',(1.,0.,2.03319479667288E-31));
#2422=DIRECTION('',(2.03319479667288E-31,0.,-1.));
#2423=DIRECTION('center_axis',(9.15933995315754E-16,0.,1.));
#2424=DIRECTION('ref_axis',(1.,0.,2.03319479667288E-31));
#2425=DIRECTION('center_axis',(2.03319479667288E-31,0.,-1.));
#2426=DIRECTION('ref_axis',(1.,0.,2.03319479667288E-31));
#2427=DIRECTION('center_axis',(-9.15933995315754E-16,0.,-1.));
#2428=DIRECTION('ref_axis',(1.,0.,2.03319479667288E-31));
#2429=DIRECTION('',(2.03319479667288E-31,0.,-1.));
#2430=DIRECTION('center_axis',(9.15933995315754E-16,0.,1.));
#2431=DIRECTION('ref_axis',(1.,0.,2.03319479667288E-31));
#2432=DIRECTION('center_axis',(2.03319479667288E-31,0.,-1.));
#2433=DIRECTION('ref_axis',(1.,0.,2.03319479667288E-31));
#2434=DIRECTION('center_axis',(-9.15933995315754E-16,0.,-1.));
#2435=DIRECTION('ref_axis',(1.,0.,2.03319479667288E-31));
#2436=DIRECTION('',(2.03319479667288E-31,0.,-1.));
#2437=DIRECTION('center_axis',(9.15933995315754E-16,0.,1.));
#2438=DIRECTION('ref_axis',(1.,0.,2.03319479667288E-31));
#2439=DIRECTION('center_axis',(2.03319479667288E-31,0.,-1.));
#2440=DIRECTION('ref_axis',(1.,0.,2.03319479667288E-31));
#2441=DIRECTION('center_axis',(-9.15933995315754E-16,0.,-1.));
#2442=DIRECTION('ref_axis',(1.,0.,2.03319479667288E-31));
#2443=DIRECTION('',(2.03319479667288E-31,0.,-1.));
#2444=DIRECTION('center_axis',(9.15933995315754E-16,0.,1.));
#2445=DIRECTION('ref_axis',(1.,0.,2.03319479667288E-31));
#2446=DIRECTION('center_axis',(2.03319479667288E-31,0.,-1.));
#2447=DIRECTION('ref_axis',(1.,0.,2.03319479667288E-31));
#2448=DIRECTION('center_axis',(-9.15933995315754E-16,0.,-1.));
#2449=DIRECTION('ref_axis',(1.,0.,2.03319479667288E-31));
#2450=DIRECTION('',(2.03319479667288E-31,0.,-1.));
#2451=DIRECTION('center_axis',(9.15933995315754E-16,0.,1.));
#2452=DIRECTION('ref_axis',(1.,0.,2.03319479667288E-31));
#2453=DIRECTION('center_axis',(2.03319479667288E-31,0.,-1.));
#2454=DIRECTION('ref_axis',(1.,0.,2.03319479667288E-31));
#2455=DIRECTION('center_axis',(-9.15933995315754E-16,0.,-1.));
#2456=DIRECTION('ref_axis',(1.,0.,2.03319479667288E-31));
#2457=DIRECTION('',(2.03319479667288E-31,0.,-1.));
#2458=DIRECTION('center_axis',(9.15933995315754E-16,0.,1.));
#2459=DIRECTION('ref_axis',(1.,0.,2.03319479667288E-31));
#2460=DIRECTION('center_axis',(9.15933995315754E-16,0.,1.));
#2461=DIRECTION('ref_axis',(-1.,0.,9.15933995315754E-16));
#2462=DIRECTION('center_axis',(9.15933995315754E-16,0.,1.));
#2463=DIRECTION('ref_axis',(-1.,0.,9.15933995315754E-16));
#2464=DIRECTION('center_axis',(9.15933995315754E-16,0.,1.));
#2465=DIRECTION('ref_axis',(-1.,0.,9.15933995315754E-16));
#2466=DIRECTION('',(9.15933995315754E-16,0.,1.));
#2467=DIRECTION('center_axis',(-9.15933995315754E-16,0.,-1.));
#2468=DIRECTION('ref_axis',(-1.,0.,9.15933995315754E-16));
#2469=DIRECTION('center_axis',(-9.15933995315754E-16,0.,-1.));
#2470=DIRECTION('ref_axis',(1.,0.,-9.15933995315754E-16));
#2471=DIRECTION('center_axis',(-9.15933995315754E-16,0.,-1.));
#2472=DIRECTION('ref_axis',(-1.,5.84579181840069E-33,0.));
#2473=DIRECTION('center_axis',(0.,-8.04911692853279E-16,-1.));
#2474=DIRECTION('ref_axis',(-1.,5.84579181840069E-33,0.));
#2475=DIRECTION('',(0.,8.04911692853279E-16,1.));
#2476=DIRECTION('axis',(0.,0.,1.));
#2477=DIRECTION('refdir',(1.,0.,0.));
#2478=DIRECTION('center_axis',(-7.39156099974402E-16,7.1928416883089E-16,
-1.));
#2479=DIRECTION('ref_axis',(1.,-1.27675647831893E-15,-7.39156099974403E-16));
#2480=DIRECTION('',(1.,-1.27675647831893E-15,-7.39156099974403E-16));
#2481=DIRECTION('center_axis',(-7.39156099974402E-16,7.1928416883089E-16,
-1.));
#2482=DIRECTION('ref_axis',(1.,0.,-9.15933995315754E-16));
#2483=DIRECTION('',(-1.,1.27675647831893E-15,7.39156099974403E-16));
#2484=DIRECTION('center_axis',(7.39156099974403E-16,-7.1928416883089E-16,
1.));
#2485=DIRECTION('ref_axis',(1.,-1.27675647831893E-15,-7.39156099974403E-16));
#2486=DIRECTION('center_axis',(8.88178419700125E-16,-8.88178419700125E-16,
1.));
#2487=DIRECTION('ref_axis',(1.,-1.27675647831893E-15,-8.88178419700126E-16));
#2488=DIRECTION('center_axis',(-7.39156099974403E-16,7.1928416883089E-16,
-1.));
#2489=DIRECTION('ref_axis',(1.,-1.27675647831893E-15,-7.39156099974403E-16));
#2490=DIRECTION('',(-8.88178419700125E-16,8.88178419700125E-16,-1.));
#2491=DIRECTION('',(8.88178419700125E-16,-8.88178419700125E-16,1.));
#2492=DIRECTION('center_axis',(1.27675647831893E-15,1.,5.79567777440202E-16));
#2493=DIRECTION('ref_axis',(1.,-1.27675647831893E-15,-1.36881976808283E-15));
#2494=DIRECTION('',(0.,-8.04911692853279E-16,-1.));
#2495=DIRECTION('',(-1.,1.27675647831893E-15,0.));
#2496=DIRECTION('',(0.,0.,-1.));
#2497=DIRECTION('',(1.,-1.27675647831893E-15,7.26264989104476E-18));
#2498=DIRECTION('',(9.15933995315754E-16,0.,1.));
#2499=DIRECTION('',(-1.,1.27675647831893E-15,-7.26264989104476E-18));
#2500=DIRECTION('center_axis',(0.,-8.04911692853279E-16,-1.));
#2501=DIRECTION('ref_axis',(-1.,5.84579181840069E-33,0.));
#2502=DIRECTION('',(0.,8.04911692853279E-16,1.));
#2503=DIRECTION('center_axis',(0.,0.,-1.));
#2504=DIRECTION('ref_axis',(-1.,5.84579181840069E-33,0.));
#2505=DIRECTION('center_axis',(7.26264989104373E-18,-8.04911692853279E-16,
-1.));
#2506=DIRECTION('ref_axis',(-1.,0.,-7.26264989104373E-18));
#2507=DIRECTION('center_axis',(-1.27675647831893E-15,-1.,-5.79567777440202E-16));
#2508=DIRECTION('ref_axis',(-1.,1.27675647831893E-15,1.36881976808283E-15));
#2509=DIRECTION('',(-9.15933995315754E-16,0.,-1.));
#2510=DIRECTION('',(-1.,1.27675647831893E-15,-7.26264989104476E-18));
#2511=DIRECTION('',(0.,0.,1.));
#2512=DIRECTION('',(1.,-1.27675647831893E-15,0.));
#2513=DIRECTION('',(1.,-1.27675647831893E-15,7.26264989104476E-18));
#2514=DIRECTION('center_axis',(0.,0.,1.));
#2515=DIRECTION('ref_axis',(-1.,0.,0.));
#2516=DIRECTION('center_axis',(0.,0.,-1.));
#2517=DIRECTION('ref_axis',(-1.,0.,0.));
#2518=DIRECTION('center_axis',(0.,0.,1.));
#2519=DIRECTION('ref_axis',(1.,0.,0.));
#2520=DIRECTION('center_axis',(0.,0.,1.));
#2521=DIRECTION('ref_axis',(1.,0.,0.));
#2522=DIRECTION('center_axis',(0.,0.,1.));
#2523=DIRECTION('ref_axis',(1.,0.,0.));
#2524=DIRECTION('center_axis',(0.,0.,1.));
#2525=DIRECTION('ref_axis',(1.,0.,0.));
#2526=DIRECTION('center_axis',(0.,0.,1.));
#2527=DIRECTION('ref_axis',(1.,0.,0.));
#2528=DIRECTION('center_axis',(0.,0.,1.));
#2529=DIRECTION('ref_axis',(1.,0.,0.));
#2530=DIRECTION('center_axis',(0.,0.,1.));
#2531=DIRECTION('ref_axis',(1.,0.,0.));
#2532=DIRECTION('center_axis',(0.,0.,1.));
#2533=DIRECTION('ref_axis',(1.,0.,0.));
#2534=DIRECTION('center_axis',(0.,0.,1.));
#2535=DIRECTION('ref_axis',(1.,0.,0.));
#2536=DIRECTION('center_axis',(0.,0.,1.));
#2537=DIRECTION('ref_axis',(1.,0.,0.));
#2538=DIRECTION('center_axis',(0.,0.,1.));
#2539=DIRECTION('ref_axis',(1.,0.,0.));
#2540=DIRECTION('center_axis',(-7.26264989104373E-18,8.04911692853279E-16,
1.));
#2541=DIRECTION('ref_axis',(-1.,0.,-7.26264989104373E-18));
#2542=DIRECTION('',(0.,1.,0.));
#2543=DIRECTION('',(1.,0.,7.26264989104373E-18));
#2544=DIRECTION('',(0.,-1.,0.));
#2545=DIRECTION('',(-1.,0.,-7.26264989104373E-18));
#2546=DIRECTION('center_axis',(0.,0.,-1.));
#2547=DIRECTION('ref_axis',(1.,0.,0.));
#2548=DIRECTION('center_axis',(7.26264989104373E-18,-8.04911692853279E-16,
-1.));
#2549=DIRECTION('ref_axis',(1.,0.,0.));
#2550=DIRECTION('',(0.,0.,-1.));
#2551=DIRECTION('center_axis',(0.,0.,-1.));
#2552=DIRECTION('ref_axis',(1.,0.,0.));
#2553=DIRECTION('center_axis',(7.26264989104373E-18,-8.04911692853279E-16,
-1.));
#2554=DIRECTION('ref_axis',(1.,0.,0.));
#2555=DIRECTION('',(0.,0.,-1.));
#2556=DIRECTION('center_axis',(0.,0.,-1.));
#2557=DIRECTION('ref_axis',(1.,0.,0.));
#2558=DIRECTION('center_axis',(7.26264989104373E-18,-8.04911692853279E-16,
-1.));
#2559=DIRECTION('ref_axis',(1.,0.,0.));
#2560=DIRECTION('',(0.,0.,-1.));
#2561=DIRECTION('center_axis',(0.,0.,-1.));
#2562=DIRECTION('ref_axis',(1.,0.,0.));
#2563=DIRECTION('center_axis',(7.26264989104373E-18,-8.04911692853279E-16,
-1.));
#2564=DIRECTION('ref_axis',(1.,0.,0.));
#2565=DIRECTION('',(0.,0.,-1.));
#2566=DIRECTION('center_axis',(0.,0.,-1.));
#2567=DIRECTION('ref_axis',(1.,0.,0.));
#2568=DIRECTION('center_axis',(7.26264989104373E-18,-8.04911692853279E-16,
-1.));
#2569=DIRECTION('ref_axis',(1.,0.,0.));
#2570=DIRECTION('',(0.,0.,-1.));
#2571=DIRECTION('center_axis',(0.,0.,-1.));
#2572=DIRECTION('ref_axis',(1.,0.,0.));
#2573=DIRECTION('center_axis',(7.26264989104373E-18,-8.04911692853279E-16,
-1.));
#2574=DIRECTION('ref_axis',(1.,0.,0.));
#2575=DIRECTION('',(0.,0.,-1.));
#2576=DIRECTION('center_axis',(0.,0.,-1.));
#2577=DIRECTION('ref_axis',(1.,0.,0.));
#2578=DIRECTION('center_axis',(7.26264989104373E-18,-8.04911692853279E-16,
-1.));
#2579=DIRECTION('ref_axis',(1.,0.,0.));
#2580=DIRECTION('',(0.,0.,-1.));
#2581=DIRECTION('center_axis',(0.,0.,-1.));
#2582=DIRECTION('ref_axis',(1.,0.,0.));
#2583=DIRECTION('center_axis',(7.26264989104373E-18,-8.04911692853279E-16,
-1.));
#2584=DIRECTION('ref_axis',(1.,0.,0.));
#2585=DIRECTION('',(0.,0.,-1.));
#2586=DIRECTION('center_axis',(0.,0.,-1.));
#2587=DIRECTION('ref_axis',(1.,0.,0.));
#2588=DIRECTION('center_axis',(7.26264989104373E-18,-8.04911692853279E-16,
-1.));
#2589=DIRECTION('ref_axis',(1.,0.,0.));
#2590=DIRECTION('',(0.,0.,-1.));
#2591=DIRECTION('center_axis',(0.,0.,-1.));
#2592=DIRECTION('ref_axis',(1.,0.,0.));
#2593=DIRECTION('center_axis',(7.26264989104373E-18,-8.04911692853279E-16,
-1.));
#2594=DIRECTION('ref_axis',(1.,0.,0.));
#2595=DIRECTION('',(0.,0.,-1.));
#2596=DIRECTION('center_axis',(0.,0.,-1.));
#2597=DIRECTION('ref_axis',(1.,0.,0.));
#2598=DIRECTION('center_axis',(7.26264989104373E-18,-8.04911692853279E-16,
-1.));
#2599=DIRECTION('ref_axis',(1.,0.,0.));
#2600=DIRECTION('',(0.,0.,-1.));
#2601=DIRECTION('center_axis',(0.,0.,-1.));
#2602=DIRECTION('ref_axis',(-1.,0.,0.));
#2603=DIRECTION('center_axis',(0.,0.,1.));
#2604=DIRECTION('ref_axis',(-1.,0.,0.));
#2605=DIRECTION('center_axis',(1.,0.,0.));
#2606=DIRECTION('ref_axis',(0.,1.,0.));
#2607=DIRECTION('center_axis',(-1.,0.,0.));
#2608=DIRECTION('ref_axis',(0.,1.,0.));
#2609=DIRECTION('center_axis',(-1.,0.,0.));
#2610=DIRECTION('ref_axis',(0.,1.,0.));
#2611=DIRECTION('',(0.,-1.,0.));
#2612=DIRECTION('center_axis',(1.,0.,0.));
#2613=DIRECTION('ref_axis',(0.,1.,0.));
#2614=DIRECTION('center_axis',(1.,0.,0.));
#2615=DIRECTION('ref_axis',(0.,1.,0.));
#2616=DIRECTION('',(0.,-1.,0.));
#2617=DIRECTION('center_axis',(1.,0.,0.));
#2618=DIRECTION('ref_axis',(0.,1.,0.));
#2619=DIRECTION('center_axis',(1.,0.,0.));
#2620=DIRECTION('ref_axis',(0.,1.,0.));
#2621=DIRECTION('',(-1.,0.,0.));
#2622=DIRECTION('center_axis',(-0.997785157856609,0.,0.0665190105237739));
#2623=DIRECTION('ref_axis',(0.0665190105237739,0.,0.997785157856609));
#2624=DIRECTION('',(1.,0.,0.));
#2625=DIRECTION('center_axis',(1.,0.,0.));
#2626=DIRECTION('ref_axis',(0.,1.,0.));
#2627=DIRECTION('',(-1.,0.,0.));
#2628=DIRECTION('center_axis',(1.,0.,0.));
#2629=DIRECTION('ref_axis',(0.,1.,0.));
#2630=DIRECTION('center_axis',(1.,0.,0.));
#2631=DIRECTION('ref_axis',(0.,1.,0.));
#2632=DIRECTION('',(0.,0.404889387332376,0.914365673035473));
#2633=DIRECTION('center_axis',(1.,0.,0.));
#2634=DIRECTION('ref_axis',(0.,1.,0.));
#2635=DIRECTION('',(0.,0.404889387332376,-0.914365673035473));
#2636=DIRECTION('center_axis',(1.,0.,0.));
#2637=DIRECTION('ref_axis',(0.,1.,0.));
#2638=DIRECTION('center_axis',(1.,0.,0.));
#2639=DIRECTION('ref_axis',(0.,1.,0.));
#2640=DIRECTION('center_axis',(1.,0.,0.));
#2641=DIRECTION('ref_axis',(1.50167554114998E-32,1.,0.));
#2642=DIRECTION('center_axis',(1.,0.,0.));
#2643=DIRECTION('ref_axis',(1.50167554114998E-32,1.,0.));
#2644=DIRECTION('center_axis',(1.,0.,0.));
#2645=DIRECTION('ref_axis',(1.50167554114998E-32,1.,0.));
#2646=DIRECTION('center_axis',(1.,0.,0.));
#2647=DIRECTION('ref_axis',(1.50167554114998E-32,1.,0.));
#2648=DIRECTION('center_axis',(1.,0.,0.));
#2649=DIRECTION('ref_axis',(1.50167554114998E-32,1.,0.));
#2650=DIRECTION('center_axis',(1.,0.,0.));
#2651=DIRECTION('ref_axis',(1.50167554114998E-32,1.,0.));
#2652=DIRECTION('center_axis',(1.,0.,0.));
#2653=DIRECTION('ref_axis',(1.50167554114998E-32,1.,0.));
#2654=DIRECTION('center_axis',(1.,0.,0.));
#2655=DIRECTION('ref_axis',(1.50167554114998E-32,1.,0.));
#2656=DIRECTION('center_axis',(1.,0.,0.));
#2657=DIRECTION('ref_axis',(1.50167554114998E-32,1.,0.));
#2658=DIRECTION('center_axis',(1.,0.,0.));
#2659=DIRECTION('ref_axis',(1.50167554114998E-32,1.,0.));
#2660=DIRECTION('center_axis',(1.,0.,0.));
#2661=DIRECTION('ref_axis',(1.50167554114998E-32,1.,0.));
#2662=DIRECTION('center_axis',(1.,0.,0.));
#2663=DIRECTION('ref_axis',(1.50167554114998E-32,1.,0.));
#2664=DIRECTION('center_axis',(0.,-0.914365673035473,0.404889387332376));
#2665=DIRECTION('ref_axis',(0.,-0.404889387332376,-0.914365673035473));
#2666=DIRECTION('',(0.06084477155827,0.404139224684957,0.91267157337405));
#2667=DIRECTION('',(1.,0.,0.));
#2668=DIRECTION('',(0.06084477155827,0.404139224684957,0.91267157337405));
#2669=DIRECTION('center_axis',(-0.997785157856609,0.,0.0665190105237739));
#2670=DIRECTION('ref_axis',(0.0665190105237739,0.,0.997785157856609));
#2671=DIRECTION('',(0.,-1.,0.));
#2672=DIRECTION('',(0.06084477155827,-0.404139224684957,0.91267157337405));
#2673=DIRECTION('center_axis',(0.,0.914365673035473,0.404889387332376));
#2674=DIRECTION('ref_axis',(0.,-0.404889387332376,0.914365673035473));
#2675=DIRECTION('',(-1.,0.,0.));
#2676=DIRECTION('',(0.06084477155827,-0.404139224684957,0.91267157337405));
#2677=DIRECTION('center_axis',(-1.,0.,0.));
#2678=DIRECTION('ref_axis',(0.,1.,0.));
#2679=DIRECTION('center_axis',(-1.,0.,0.));
#2680=DIRECTION('ref_axis',(0.,1.,0.));
#2681=DIRECTION('',(-1.,0.,0.));
#2682=DIRECTION('center_axis',(-1.,0.,0.));
#2683=DIRECTION('ref_axis',(0.,1.,0.));
#2684=DIRECTION('center_axis',(-0.997785157856609,0.,0.0665190105237739));
#2685=DIRECTION('ref_axis',(0.0665190105237739,0.,0.997785157856609));
#2686=DIRECTION('',(-1.,0.,0.));
#2687=DIRECTION('center_axis',(-1.,0.,0.));
#2688=DIRECTION('ref_axis',(0.,1.,0.));
#2689=DIRECTION('center_axis',(-1.,0.,0.));
#2690=DIRECTION('ref_axis',(0.,1.,0.));
#2691=DIRECTION('center_axis',(-1.,0.,0.));
#2692=DIRECTION('ref_axis',(1.50167554114998E-32,1.,0.));
#2693=DIRECTION('center_axis',(-1.,0.,0.));
#2694=DIRECTION('ref_axis',(1.50167554114998E-32,1.,0.));
#2695=DIRECTION('center_axis',(-1.,0.,0.));
#2696=DIRECTION('ref_axis',(1.50167554114998E-32,1.,0.));
#2697=DIRECTION('center_axis',(-1.,0.,0.));
#2698=DIRECTION('ref_axis',(1.50167554114998E-32,1.,0.));
#2699=DIRECTION('center_axis',(-1.,0.,0.));
#2700=DIRECTION('ref_axis',(1.50167554114998E-32,1.,0.));
#2701=DIRECTION('center_axis',(-1.,0.,0.));
#2702=DIRECTION('ref_axis',(1.50167554114998E-32,1.,0.));
#2703=DIRECTION('center_axis',(-1.,0.,0.));
#2704=DIRECTION('ref_axis',(1.50167554114998E-32,1.,0.));
#2705=DIRECTION('center_axis',(-1.,0.,0.));
#2706=DIRECTION('ref_axis',(1.50167554114998E-32,1.,0.));
#2707=DIRECTION('center_axis',(-1.,0.,0.));
#2708=DIRECTION('ref_axis',(1.50167554114998E-32,1.,0.));
#2709=DIRECTION('center_axis',(-1.,0.,0.));
#2710=DIRECTION('ref_axis',(1.50167554114998E-32,1.,0.));
#2711=DIRECTION('center_axis',(-1.,0.,0.));
#2712=DIRECTION('ref_axis',(1.50167554114998E-32,1.,0.));
#2713=DIRECTION('center_axis',(-1.,0.,0.));
#2714=DIRECTION('ref_axis',(1.50167554114998E-32,1.,0.));
#2715=DIRECTION('center_axis',(0.997785157856609,0.,-0.0665190105237739));
#2716=DIRECTION('ref_axis',(-0.0665190105237739,0.,-0.997785157856609));
#2717=DIRECTION('',(0.,1.,0.));
#2718=DIRECTION('center_axis',(1.,0.,-7.105427357601E-17));
#2719=DIRECTION('ref_axis',(0.,1.,0.));
#2720=DIRECTION('',(7.105427357601E-17,0.,1.));
#2721=DIRECTION('',(0.,1.,0.));
#2722=DIRECTION('',(7.105427357601E-17,0.,1.));
#2723=DIRECTION('center_axis',(-1.,0.,7.105427357601E-17));
#2724=DIRECTION('ref_axis',(0.,-1.,0.));
#2725=DIRECTION('',(7.105427357601E-17,0.,1.));
#2726=DIRECTION('',(0.,-1.,0.));
#2727=DIRECTION('',(7.105427357601E-17,0.,1.));
#2728=DIRECTION('center_axis',(0.,-1.,0.));
#2729=DIRECTION('ref_axis',(1.,0.,0.));
#2730=DIRECTION('center_axis',(0.,1.,0.));
#2731=DIRECTION('ref_axis',(-0.985522514622172,0.,-0.169544605260063));
#2732=DIRECTION('',(-0.169544605260062,0.,0.985522514622172));
#2733=DIRECTION('center_axis',(0.,-1.,0.));
#2734=DIRECTION('ref_axis',(1.,0.,1.13686837721616E-15));
#2735=DIRECTION('center_axis',(0.,-1.,0.));
#2736=DIRECTION('ref_axis',(1.,0.,1.62409768173736E-15));
#2737=DIRECTION('',(-0.169544605260062,0.,0.985522514622172));
#2738=DIRECTION('center_axis',(0.,1.,0.));
#2739=DIRECTION('ref_axis',(-0.985522514622172,0.,-0.169544605260064));
#2740=DIRECTION('center_axis',(0.,-1.,0.));
#2741=DIRECTION('ref_axis',(1.,0.,2.368475785867E-16));
#2742=DIRECTION('center_axis',(0.,-1.,0.));
#2743=DIRECTION('ref_axis',(1.,0.,1.62409768173736E-15));
#2744=DIRECTION('',(0.,1.,0.));
#2745=DIRECTION('center_axis',(0.,-1.,0.));
#2746=DIRECTION('ref_axis',(1.,0.,2.368475785867E-16));
#2747=DIRECTION('',(0.,-1.,0.));
#2748=DIRECTION('center_axis',(0.,-1.,0.));
#2749=DIRECTION('ref_axis',(1.,0.,1.13686837721616E-15));
#2750=DIRECTION('center_axis',(0.985522514622172,0.,0.169544605260062));
#2751=DIRECTION('ref_axis',(0.,1.,0.));
#2752=DIRECTION('',(-0.169544605260062,0.,0.985522514622172));
#2753=DIRECTION('',(0.,1.,0.));
#2754=DIRECTION('center_axis',(-0.985522514622172,0.,-0.169544605260062));
#2755=DIRECTION('ref_axis',(0.,-1.,0.));
#2756=DIRECTION('',(0.,-1.,0.));
#2757=DIRECTION('',(-0.169544605260062,0.,0.985522514622172));
#2758=DIRECTION('center_axis',(0.,1.,0.));
#2759=DIRECTION('ref_axis',(-0.985522514622172,0.,-0.169544605260061));
#2760=DIRECTION('center_axis',(0.,1.,0.));
#2761=DIRECTION('ref_axis',(-0.985522514622172,0.,-0.169544605260064));
#2762=DIRECTION('center_axis',(0.,1.,0.));
#2763=DIRECTION('ref_axis',(-0.985522514622172,0.,-0.169544605260061));
#2764=DIRECTION('center_axis',(0.,1.,0.));
#2765=DIRECTION('ref_axis',(-0.985522514622172,0.,-0.169544605260063));
#2766=DIRECTION('center_axis',(-1.,1.50167554114998E-32,2.62761958037943E-33));
#2767=DIRECTION('ref_axis',(1.50167554114998E-32,1.,0.));
#2768=DIRECTION('',(-1.,1.50167554114998E-32,2.62761958037943E-33));
#2769=DIRECTION('center_axis',(-1.,1.50167554114998E-32,2.62761958037943E-33));
#2770=DIRECTION('ref_axis',(1.50167554114998E-32,1.,0.));
#2771=DIRECTION('',(-1.,1.50167554114998E-32,2.62761958037943E-33));
#2772=DIRECTION('center_axis',(-1.,1.50167554114998E-32,2.62761958037943E-33));
#2773=DIRECTION('ref_axis',(1.50167554114998E-32,1.,0.));
#2774=DIRECTION('',(-1.,1.50167554114998E-32,2.62761958037943E-33));
#2775=DIRECTION('center_axis',(-1.,1.50167554114998E-32,2.62761958037943E-33));
#2776=DIRECTION('ref_axis',(1.50167554114998E-32,1.,0.));
#2777=DIRECTION('',(-1.,1.50167554114998E-32,2.62761958037943E-33));
#2778=DIRECTION('center_axis',(-1.,1.50167554114998E-32,2.62761958037943E-33));
#2779=DIRECTION('ref_axis',(1.50167554114998E-32,1.,0.));
#2780=DIRECTION('',(-1.,1.50167554114998E-32,2.62761958037943E-33));
#2781=DIRECTION('center_axis',(-1.,1.50167554114998E-32,2.62761958037943E-33));
#2782=DIRECTION('ref_axis',(1.50167554114998E-32,1.,0.));
#2783=DIRECTION('',(-1.,1.50167554114998E-32,2.62761958037943E-33));
#2784=DIRECTION('center_axis',(-1.,1.50167554114998E-32,2.62761958037943E-33));
#2785=DIRECTION('ref_axis',(1.50167554114998E-32,1.,0.));
#2786=DIRECTION('',(-1.,1.50167554114998E-32,2.62761958037943E-33));
#2787=DIRECTION('center_axis',(-1.,1.50167554114998E-32,2.62761958037943E-33));
#2788=DIRECTION('ref_axis',(1.50167554114998E-32,1.,0.));
#2789=DIRECTION('',(-1.,1.50167554114998E-32,2.62761958037943E-33));
#2790=DIRECTION('center_axis',(-1.,1.50167554114998E-32,2.62761958037943E-33));
#2791=DIRECTION('ref_axis',(1.50167554114998E-32,1.,0.));
#2792=DIRECTION('',(-1.,1.50167554114998E-32,2.62761958037943E-33));
#2793=DIRECTION('center_axis',(-1.,1.50167554114998E-32,2.62761958037943E-33));
#2794=DIRECTION('ref_axis',(1.50167554114998E-32,1.,0.));
#2795=DIRECTION('',(-1.,1.50167554114998E-32,2.62761958037943E-33));
#2796=DIRECTION('center_axis',(-1.,1.50167554114998E-32,2.62761958037943E-33));
#2797=DIRECTION('ref_axis',(1.50167554114998E-32,1.,0.));
#2798=DIRECTION('',(-1.,1.50167554114998E-32,2.62761958037943E-33));
#2799=DIRECTION('center_axis',(-1.,1.50167554114998E-32,2.62761958037943E-33));
#2800=DIRECTION('ref_axis',(1.50167554114998E-32,1.,0.));
#2801=DIRECTION('',(-1.,1.50167554114998E-32,2.62761958037943E-33));
#2802=DIRECTION('center_axis',(0.,1.,0.));
#2803=DIRECTION('ref_axis',(-1.,0.,0.));
#2804=DIRECTION('center_axis',(-9.15933995315754E-16,0.,-1.));
#2805=DIRECTION('ref_axis',(-1.,-3.16527985792692E-14,9.15933995315754E-16));
#2806=DIRECTION('center_axis',(7.26264989104373E-18,-8.04911692853279E-16,
-1.));
#2807=DIRECTION('ref_axis',(1.,0.,-9.15933995315754E-16));
#2808=DIRECTION('center_axis',(-7.26264989104373E-18,8.04911692853279E-16,
1.));
#2809=DIRECTION('ref_axis',(1.,0.,7.26264989104373E-18));
#2810=DIRECTION('',(0.930846326985167,0.36303769718635,-0.0415781909166709));
#2811=DIRECTION('',(0.35655309050821,-0.927284473992946,-0.114076281235974));
#2812=DIRECTION('',(0.930846326985183,0.363037697186362,-0.041578190916671));
#2813=DIRECTION('',(0.356553090508208,-0.927284473992937,-0.11407628123597));
#2814=CARTESIAN_POINT('',(0.,0.,0.));
#2815=CARTESIAN_POINT('',(0.,0.,0.));
#2816=CARTESIAN_POINT('Origin',(2.81433525258175E-7,40.0000000000001,1052.99999999999));
#2817=CARTESIAN_POINT('',(115.785361769094,39.9999999999997,1052.99999999999));
#2818=CARTESIAN_POINT('',(115.785361769094,39.9999999999997,1045.));
#2819=CARTESIAN_POINT('',(115.785361769094,39.9999999999997,1045.));
#2820=CARTESIAN_POINT('',(83.4041365880615,39.9999999999998,1053.));
#2821=CARTESIAN_POINT('',(1.40717152317369E-7,40.0000000000001,1053.));
#2822=CARTESIAN_POINT('',(69.2820323027552,39.9999999999998,1052.99999999999));
#2823=CARTESIAN_POINT('',(2.81433525258175E-7,40.0000000000001,1052.99999999999));
#2824=CARTESIAN_POINT('',(69.2820323027552,39.9999999999998,1050.));
#2825=CARTESIAN_POINT('',(69.2820323027552,39.9999999999998,1060.5));
#2826=CARTESIAN_POINT('',(75.0000000000001,39.9999999999998,1050.));
#2827=CARTESIAN_POINT('',(1.40716808596905E-7,40.0000000000001,1050.));
#2828=CARTESIAN_POINT('',(75.0000000000001,39.9999999999998,1045.));
#2829=CARTESIAN_POINT('',(75.,39.9999999999998,950.));
#2830=CARTESIAN_POINT('',(4.37500014071683,40.,1045.));
#2831=CARTESIAN_POINT('Origin',(150.000000281433,-40.0000000000005,1052.99999999999));
#2832=CARTESIAN_POINT('',(115.785361769096,-40.0000000000004,1045.));
#2833=CARTESIAN_POINT('',(115.785361769096,-40.0000000000004,1052.99999999999));
#2834=CARTESIAN_POINT('',(115.785361769096,-40.0000000000004,1045.));
#2835=CARTESIAN_POINT('',(74.9999999999998,-40.0000000000002,1045.));
#2836=CARTESIAN_POINT('',(79.3750001407165,-40.0000000000002,1045.));
#2837=CARTESIAN_POINT('',(74.9999999999998,-40.0000000000002,1050.));
#2838=CARTESIAN_POINT('',(74.9999999999997,-40.0000000000002,950.));
#2839=CARTESIAN_POINT('',(69.2820323027549,-40.0000000000002,1050.));
#2840=CARTESIAN_POINT('',(75.0000001407165,-40.0000000000002,1050.));
#2841=CARTESIAN_POINT('',(69.2820323027549,-40.0000000000002,1052.99999999999));
#2842=CARTESIAN_POINT('',(69.2820323027549,-40.0000000000002,1060.5));
#2843=CARTESIAN_POINT('',(83.4041365880613,-40.0000000000002,1053.));
#2844=CARTESIAN_POINT('',(150.000000281433,-40.0000000000005,1052.99999999999));
#2845=CARTESIAN_POINT('',(75.0000001407169,-40.0000000000002,1053.));
#2846=CARTESIAN_POINT('Origin',(75.0000002814334,-2.05638236589441E-13,
1052.99999999999));
#2847=CARTESIAN_POINT('',(92.5,-4.91588324562192E-14,1053.));
#2848=CARTESIAN_POINT('Origin',(1.38777878078145E-16,-3.78308495641061E-14,
1053.));
#2849=CARTESIAN_POINT('',(80.,9.79717439317883E-15,1052.99999999999));
#2850=CARTESIAN_POINT('Origin',(-4.57703088809603E-14,0.,1052.99999999999));
#2851=CARTESIAN_POINT('Origin',(-4.57703088809603E-14,0.,1052.99999999999));
#2852=CARTESIAN_POINT('Origin',(1.38777878078145E-16,-3.78308495641061E-14,
1053.));
#2853=CARTESIAN_POINT('Origin',(6.3948846218409E-13,-3.11682417784879E-12,
1053.));
#2854=CARTESIAN_POINT('Origin',(6.3948846218409E-13,-3.11682417784879E-12,
1053.));
#2855=CARTESIAN_POINT('Origin',(1.38777878078145E-16,-3.78308495641061E-14,
1053.));
#2856=CARTESIAN_POINT('',(50.,95.2627944162879,1053.));
#2857=CARTESIAN_POINT('Origin',(55.,95.2627944162879,1053.));
#2858=CARTESIAN_POINT('',(-60.,95.2627944162881,1053.));
#2859=CARTESIAN_POINT('Origin',(-55.,95.2627944162881,1053.));
#2860=CARTESIAN_POINT('',(-100.262794416288,54.9999999999999,1053.));
#2861=CARTESIAN_POINT('Origin',(-95.2627944162883,54.9999999999999,1053.));
#2862=CARTESIAN_POINT('',(49.9999999999996,-95.2627944162886,1053.));
#2863=CARTESIAN_POINT('Origin',(54.9999999999996,-95.2627944162886,1053.));
#2864=CARTESIAN_POINT('',(-115.,-4.92043124457754E-14,1053.));
#2865=CARTESIAN_POINT('Origin',(-110.,-5.86984200423503E-14,1053.));
#2866=CARTESIAN_POINT('',(-60.0000000000004,-95.2627944162884,1053.));
#2867=CARTESIAN_POINT('Origin',(-55.0000000000004,-95.2627944162884,1053.));
#2868=CARTESIAN_POINT('',(-5.0000000000004,-110.,1053.));
#2869=CARTESIAN_POINT('Origin',(-3.96309154068149E-13,-110.,1053.));
#2870=CARTESIAN_POINT('',(90.262794416288,-55.0000000000005,1053.));
#2871=CARTESIAN_POINT('Origin',(95.262794416288,-55.0000000000005,1053.));
#2872=CARTESIAN_POINT('',(-100.262794416289,-55.0000000000001,1053.));
#2873=CARTESIAN_POINT('Origin',(-95.2627944162886,-55.0000000000001,1053.));
#2874=CARTESIAN_POINT('',(90.2627944162883,54.9999999999995,1053.));
#2875=CARTESIAN_POINT('Origin',(95.2627944162883,54.9999999999995,1053.));
#2876=CARTESIAN_POINT('',(-4.99999999999999,110.,1053.));
#2877=CARTESIAN_POINT('Origin',(1.2252918993909E-14,110.,1053.));
#2878=CARTESIAN_POINT('Origin',(6.3948846218409E-13,-3.11528580709819E-12,
1045.));
#2879=CARTESIAN_POINT('Origin',(6.3948846218409E-13,-3.11528580709819E-12,
1045.));
#2880=CARTESIAN_POINT('Origin',(8.75,4.64836502622769E-13,1045.));
#2881=CARTESIAN_POINT('Origin',(-4.97843347858388E-14,0.,1045.));
#2882=CARTESIAN_POINT('',(50.,95.2627944162879,1045.));
#2883=CARTESIAN_POINT('Origin',(55.,95.2627944162879,1045.));
#2884=CARTESIAN_POINT('',(-60.,95.2627944162881,1045.));
#2885=CARTESIAN_POINT('Origin',(-55.,95.2627944162881,1045.));
#2886=CARTESIAN_POINT('',(-100.262794416288,54.9999999999999,1045.));
#2887=CARTESIAN_POINT('Origin',(-95.2627944162884,54.9999999999999,1045.));
#2888=CARTESIAN_POINT('',(49.9999999999996,-95.2627944162886,1045.));
#2889=CARTESIAN_POINT('Origin',(54.9999999999996,-95.2627944162886,1045.));
#2890=CARTESIAN_POINT('',(-115.,-4.7987947753854E-14,1045.));
#2891=CARTESIAN_POINT('Origin',(-110.,-5.62574085512815E-14,1045.));
#2892=CARTESIAN_POINT('',(-60.0000000000004,-95.2627944162884,1045.));
#2893=CARTESIAN_POINT('Origin',(-55.0000000000004,-95.2627944162884,1045.));
#2894=CARTESIAN_POINT('',(-5.0000000000004,-110.,1045.));
#2895=CARTESIAN_POINT('Origin',(-4.00230088146198E-13,-110.,1045.));
#2896=CARTESIAN_POINT('',(90.262794416288,-55.0000000000005,1045.));
#2897=CARTESIAN_POINT('Origin',(95.262794416288,-55.0000000000005,1045.));
#2898=CARTESIAN_POINT('',(-100.262794416289,-55.0000000000001,1045.));
#2899=CARTESIAN_POINT('Origin',(-95.2627944162886,-55.0000000000001,1045.));
#2900=CARTESIAN_POINT('',(90.2627944162882,54.9999999999995,1045.));
#2901=CARTESIAN_POINT('Origin',(95.2627944162882,54.9999999999995,1045.));
#2902=CARTESIAN_POINT('',(-4.99999999999999,110.,1045.));
#2903=CARTESIAN_POINT('Origin',(8.33198491585977E-15,110.,1045.));
#2904=CARTESIAN_POINT('Origin',(-1.36798064340835E-13,0.,950.));
#2905=CARTESIAN_POINT('Origin',(-4.520466480926E-14,0.,1050.));
#2906=CARTESIAN_POINT('Origin',(-3.89008039160858E-14,0.,1060.5));
#2907=CARTESIAN_POINT('',(80.,9.79717439317883E-15,1071.));
#2908=CARTESIAN_POINT('',(80.,9.79717439317883E-15,1060.5));
#2909=CARTESIAN_POINT('Origin',(-2.92834969652704E-14,0.,1071.));
#2910=CARTESIAN_POINT('Origin',(-4.85181108669012E-14,0.,1050.));
#2911=CARTESIAN_POINT('Origin',(-4.520466480926E-14,0.,1050.));
#2912=CARTESIAN_POINT('Origin',(55.,95.2627944162879,1027.99999999999));
#2913=CARTESIAN_POINT('',(50.,95.2627944162879,1027.99999999999));
#2914=CARTESIAN_POINT('Origin',(-55.,95.2627944162881,1028.));
#2915=CARTESIAN_POINT('',(-60.,95.2627944162881,1028.));
#2916=CARTESIAN_POINT('Origin',(-95.2627944162884,54.9999999999999,1028.));
#2917=CARTESIAN_POINT('',(-100.262794416288,54.9999999999999,1028.));
#2918=CARTESIAN_POINT('Origin',(54.9999999999996,-95.2627944162886,1027.99999999999));
#2919=CARTESIAN_POINT('',(49.9999999999996,-95.2627944162886,1027.99999999999));
#2920=CARTESIAN_POINT('Origin',(-110.,-5.10702591327572E-14,1028.));
#2921=CARTESIAN_POINT('',(-115.,-4.15761515361823E-14,1028.));
#2922=CARTESIAN_POINT('Origin',(-55.0000000000004,-95.2627944162884,1027.99999999999));
#2923=CARTESIAN_POINT('',(-60.0000000000004,-95.2627944162884,1027.99999999999));
#2924=CARTESIAN_POINT('Origin',(-4.08562073062058E-13,-110.,1027.99999999999));
#2925=CARTESIAN_POINT('',(-5.00000000000041,-110.,1027.99999999999));
#2926=CARTESIAN_POINT('Origin',(95.262794416288,-55.0000000000005,1027.99999999999));
#2927=CARTESIAN_POINT('',(90.262794416288,-55.0000000000005,1027.99999999999));
#2928=CARTESIAN_POINT('Origin',(-95.2627944162886,-55.0000000000001,1027.99999999999));
#2929=CARTESIAN_POINT('',(-100.262794416289,-55.,1027.99999999999));
#2930=CARTESIAN_POINT('Origin',(95.2627944162882,54.9999999999995,1027.99999999999));
#2931=CARTESIAN_POINT('',(90.2627944162882,54.9999999999995,1027.99999999999));
#2932=CARTESIAN_POINT('Origin',(0.,110.,1027.99999999999));
#2933=CARTESIAN_POINT('',(-5.,110.,1027.99999999999));
#2934=CARTESIAN_POINT('Origin',(25.8311316846436,62.3618684445119,1060.));
#2935=CARTESIAN_POINT('',(23.0811316846436,62.3618684445119,1085.));
#2936=CARTESIAN_POINT('Origin',(25.8311316846436,62.3618684445119,1085.));
#2937=CARTESIAN_POINT('',(23.0811316846436,62.3618684445119,1071.));
#2938=CARTESIAN_POINT('',(23.0811316846436,62.3618684445119,1060.));
#2939=CARTESIAN_POINT('Origin',(25.8311316846436,62.3618684445119,1071.));
#2940=CARTESIAN_POINT('Origin',(-25.8311316846435,62.3618684445119,1060.));
#2941=CARTESIAN_POINT('',(-28.5811316846435,62.3618684445119,1085.));
#2942=CARTESIAN_POINT('Origin',(-25.8311316846435,62.3618684445119,1085.));
#2943=CARTESIAN_POINT('',(-28.5811316846435,62.3618684445119,1071.));
#2944=CARTESIAN_POINT('',(-28.5811316846435,62.3618684445119,1060.));
#2945=CARTESIAN_POINT('Origin',(-25.8311316846435,62.3618684445119,1071.));
#2946=CARTESIAN_POINT('Origin',(47.729707730092,47.729707730092,1060.));
#2947=CARTESIAN_POINT('',(44.979707730092,47.729707730092,1085.));
#2948=CARTESIAN_POINT('Origin',(47.729707730092,47.729707730092,1085.));
#2949=CARTESIAN_POINT('',(44.979707730092,47.729707730092,1071.));
#2950=CARTESIAN_POINT('',(44.979707730092,47.729707730092,1060.));
#2951=CARTESIAN_POINT('Origin',(47.729707730092,47.729707730092,1071.));
#2952=CARTESIAN_POINT('Origin',(67.5,-3.3436619320373E-15,1060.));
#2953=CARTESIAN_POINT('',(64.75,-3.00688406227177E-15,1085.));
#2954=CARTESIAN_POINT('Origin',(67.5,-3.3436619320373E-15,1085.));
#2955=CARTESIAN_POINT('',(64.75,-3.68043980180282E-15,1071.));
#2956=CARTESIAN_POINT('',(64.75,-3.00688406227177E-15,1060.));
#2957=CARTESIAN_POINT('Origin',(67.5,-3.3436619320373E-15,1071.));
#2958=CARTESIAN_POINT('Origin',(62.3618684445119,25.8311316846436,1060.));
#2959=CARTESIAN_POINT('',(59.6118684445119,25.8311316846436,1085.));
#2960=CARTESIAN_POINT('Origin',(62.3618684445119,25.8311316846436,1085.));
#2961=CARTESIAN_POINT('',(59.6118684445119,25.8311316846436,1071.));
#2962=CARTESIAN_POINT('',(59.6118684445119,25.8311316846436,1060.));
#2963=CARTESIAN_POINT('Origin',(62.3618684445119,25.8311316846436,1071.));
#2964=CARTESIAN_POINT('Origin',(-47.729707730092,47.729707730092,1060.));
#2965=CARTESIAN_POINT('',(-50.479707730092,47.729707730092,1085.));
#2966=CARTESIAN_POINT('Origin',(-47.729707730092,47.729707730092,1085.));
#2967=CARTESIAN_POINT('',(-50.479707730092,47.729707730092,1071.));
#2968=CARTESIAN_POINT('',(-50.479707730092,47.729707730092,1060.));
#2969=CARTESIAN_POINT('Origin',(-47.729707730092,47.729707730092,1071.));
#2970=CARTESIAN_POINT('Origin',(62.3618684445119,-25.8311316846436,1060.));
#2971=CARTESIAN_POINT('',(59.6118684445119,-25.8311316846436,1085.));
#2972=CARTESIAN_POINT('Origin',(62.3618684445119,-25.8311316846436,1085.));
#2973=CARTESIAN_POINT('',(59.6118684445119,-25.8311316846436,1071.));
#2974=CARTESIAN_POINT('',(59.6118684445119,-25.8311316846436,1060.));
#2975=CARTESIAN_POINT('Origin',(62.3618684445119,-25.8311316846436,1071.));
#2976=CARTESIAN_POINT('Origin',(-47.729707730092,-47.729707730092,1060.));
#2977=CARTESIAN_POINT('',(-50.479707730092,-47.729707730092,1085.));
#2978=CARTESIAN_POINT('Origin',(-47.729707730092,-47.729707730092,1085.));
#2979=CARTESIAN_POINT('',(-50.479707730092,-47.729707730092,1071.));
#2980=CARTESIAN_POINT('',(-50.479707730092,-47.729707730092,1060.));
#2981=CARTESIAN_POINT('Origin',(-47.729707730092,-47.729707730092,1071.));
#2982=CARTESIAN_POINT('Origin',(6.10408826569251E-14,67.5,1060.));
#2983=CARTESIAN_POINT('',(-2.74999999999994,67.5,1085.));
#2984=CARTESIAN_POINT('Origin',(6.10408826569251E-14,67.5,1085.));
#2985=CARTESIAN_POINT('',(-2.74999999999994,67.5,1071.));
#2986=CARTESIAN_POINT('',(-2.74999999999994,67.5,1060.));
#2987=CARTESIAN_POINT('Origin',(6.10408826569251E-14,67.5,1071.));
#2988=CARTESIAN_POINT('Origin',(-62.3618684445119,-25.8311316846436,1060.));
#2989=CARTESIAN_POINT('',(-65.1118684445119,-25.8311316846436,1085.));
#2990=CARTESIAN_POINT('Origin',(-62.3618684445119,-25.8311316846436,1085.));
#2991=CARTESIAN_POINT('',(-65.1118684445119,-25.8311316846436,1071.));
#2992=CARTESIAN_POINT('',(-65.1118684445119,-25.8311316846436,1060.));
#2993=CARTESIAN_POINT('Origin',(-62.3618684445119,-25.8311316846436,1071.));
#2994=CARTESIAN_POINT('Origin',(47.729707730092,-47.729707730092,1060.));
#2995=CARTESIAN_POINT('',(44.979707730092,-47.729707730092,1085.));
#2996=CARTESIAN_POINT('Origin',(47.729707730092,-47.729707730092,1085.));
#2997=CARTESIAN_POINT('',(44.979707730092,-47.729707730092,1071.));
#2998=CARTESIAN_POINT('',(44.979707730092,-47.729707730092,1060.));
#2999=CARTESIAN_POINT('Origin',(47.729707730092,-47.729707730092,1071.));
#3000=CARTESIAN_POINT('Origin',(-67.5,1.22254461290385E-14,1060.));
#3001=CARTESIAN_POINT('',(-70.25,1.25622239988041E-14,1085.));
#3002=CARTESIAN_POINT('Origin',(-67.5,1.22254461290385E-14,1085.));
#3003=CARTESIAN_POINT('',(-70.25,1.1888668259273E-14,1071.));
#3004=CARTESIAN_POINT('',(-70.25,1.25622239988041E-14,1060.));
#3005=CARTESIAN_POINT('Origin',(-67.5,1.22254461290385E-14,1071.));
#3006=CARTESIAN_POINT('Origin',(-62.3618684445119,25.8311316846436,1060.));
#3007=CARTESIAN_POINT('',(-65.1118684445119,25.8311316846436,1085.));
#3008=CARTESIAN_POINT('Origin',(-62.3618684445119,25.8311316846436,1085.));
#3009=CARTESIAN_POINT('',(-65.1118684445119,25.8311316846436,1071.));
#3010=CARTESIAN_POINT('',(-65.1118684445119,25.8311316846436,1060.));
#3011=CARTESIAN_POINT('Origin',(-62.3618684445119,25.8311316846436,1071.));
#3012=CARTESIAN_POINT('Origin',(25.8311316846435,-62.3618684445119,1060.));
#3013=CARTESIAN_POINT('',(23.0811316846435,-62.3618684445119,1085.));
#3014=CARTESIAN_POINT('Origin',(25.8311316846435,-62.3618684445119,1085.));
#3015=CARTESIAN_POINT('',(23.0811316846435,-62.3618684445119,1071.));
#3016=CARTESIAN_POINT('',(23.0811316846435,-62.3618684445119,1060.));
#3017=CARTESIAN_POINT('Origin',(25.8311316846435,-62.3618684445119,1071.));
#3018=CARTESIAN_POINT('Origin',(-25.8311316846437,-62.3618684445119,1060.));
#3019=CARTESIAN_POINT('',(-28.5811316846437,-62.3618684445119,1085.));
#3020=CARTESIAN_POINT('Origin',(-25.8311316846437,-62.3618684445119,1085.));
#3021=CARTESIAN_POINT('',(-28.5811316846437,-62.3618684445119,1071.));
#3022=CARTESIAN_POINT('',(-28.5811316846437,-62.3618684445119,1060.));
#3023=CARTESIAN_POINT('Origin',(-25.8311316846437,-62.3618684445119,1071.));
#3024=CARTESIAN_POINT('Origin',(-5.32563286263872E-14,-67.5,1060.));
#3025=CARTESIAN_POINT('',(-2.75000000000005,-67.5,1085.));
#3026=CARTESIAN_POINT('Origin',(-5.32563286263872E-14,-67.5,1085.));
#3027=CARTESIAN_POINT('',(-2.75000000000005,-67.5,1071.));
#3028=CARTESIAN_POINT('',(-2.75000000000005,-67.5,1060.));
#3029=CARTESIAN_POINT('Origin',(-5.32563286263872E-14,-67.5,1071.));
#3030=CARTESIAN_POINT('Origin',(-2.92834969652704E-14,0.,1071.));
#3031=CARTESIAN_POINT('',(57.5,7.04171909509728E-15,1071.));
#3032=CARTESIAN_POINT('Origin',(-2.92834969652705E-14,0.,1071.));
#3033=CARTESIAN_POINT('Origin',(-3.08863814570729E-14,0.,1069.25));
#3034=CARTESIAN_POINT('',(57.5,-7.04171909509728E-15,1085.));
#3035=CARTESIAN_POINT('',(57.5,7.04171909509728E-15,1069.25));
#3036=CARTESIAN_POINT('Origin',(-1.64604210308499E-14,0.,1085.));
#3037=CARTESIAN_POINT('Origin',(-1.1392797648575E-14,0.,1085.));
#3038=CARTESIAN_POINT('',(92.5,-2.34016582849122E-14,1085.));
#3039=CARTESIAN_POINT('Origin',(1.38777878078145E-16,-1.20736753927992E-14,
1085.));
#3040=CARTESIAN_POINT('Origin',(1.38777878078145E-16,0.,1100.));
#3041=CARTESIAN_POINT('',(92.5,-1.1327982892113E-14,1100.));
#3042=CARTESIAN_POINT('',(0.,0.,0.));
#3043=CARTESIAN_POINT('Origin',(-1.24999999999914,-1.69197988952874E-12,
859.999999999997));
#3044=CARTESIAN_POINT('',(74.9999999999985,40.0000000000024,859.999999999997));
#3045=CARTESIAN_POINT('',(80.6225774829846,40.0000000000012,859.999999999997));
#3046=CARTESIAN_POINT('',(-0.624999859282828,40.0000000000025,859.999999999997));
#3047=CARTESIAN_POINT('',(75.0000000000011,-39.9999999999976,859.999999999997));
#3048=CARTESIAN_POINT('Origin',(-2.19232123919256E-13,0.,859.999999999997));
#3049=CARTESIAN_POINT('',(80.6225774829875,-39.9999999999987,859.999999999997));
#3050=CARTESIAN_POINT('',(74.3750001407171,-39.9999999999976,859.999999999997));
#3051=CARTESIAN_POINT('Origin',(9.05941988094128E-13,-1.70086167372574E-12,
859.999999999997));
#3052=CARTESIAN_POINT('Origin',(8.97060203897126E-13,-1.69197988952874E-12,
849.999999999997));
#3053=CARTESIAN_POINT('',(80.6225774829846,40.0000000000012,849.999999999997));
#3054=CARTESIAN_POINT('',(80.6225774829875,-39.9999999999987,849.999999999997));
#3055=CARTESIAN_POINT('Origin',(8.97060203897126E-13,-1.69197988952874E-12,
849.999999999997));
#3056=CARTESIAN_POINT('',(80.6225774829839,40.0000000000024,849.999999999997));
#3057=CARTESIAN_POINT('',(80.622577482988,-39.9999999999976,849.999999999997));
#3058=CARTESIAN_POINT('Origin',(2.81433574829633E-7,40.0000000000024,1053.));
#3059=CARTESIAN_POINT('',(83.4041365880603,40.0000000000023,1037.));
#3060=CARTESIAN_POINT('',(83.4041365880601,40.0000000000024,850.));
#3061=CARTESIAN_POINT('',(83.4041365880603,40.0000000000023,1100.));
#3062=CARTESIAN_POINT('',(115.785361769093,40.0000000000023,1037.));
#3063=CARTESIAN_POINT('',(1.40716795186378E-7,40.0000000000024,1037.));
#3064=CARTESIAN_POINT('',(115.785361769093,40.0000000000023,1045.));
#3065=CARTESIAN_POINT('',(115.785361769093,40.0000000000023,1045.));
#3066=CARTESIAN_POINT('',(74.9999999999987,40.0000000000023,1045.));
#3067=CARTESIAN_POINT('',(4.37500014071682,40.0000000000024,1045.));
#3068=CARTESIAN_POINT('',(74.9999999999986,40.0000000000024,950.));
#3069=CARTESIAN_POINT('',(1.40716813756494E-7,40.0000000000025,850.));
#3070=CARTESIAN_POINT('Origin',(1.38777878078145E-16,0.,1100.));
#3071=CARTESIAN_POINT('',(83.4041365880626,-39.9999999999976,850.));
#3072=CARTESIAN_POINT('',(83.4041365880625,-39.9999999999977,1037.));
#3073=CARTESIAN_POINT('',(83.4041365880625,-39.9999999999977,1100.));
#3074=CARTESIAN_POINT('Origin',(1.38777878078145E-16,-5.07094366497567E-14,
1037.));
#3075=CARTESIAN_POINT('Origin',(1.38777878078145E-16,-2.0122792321332E-13,
850.));
#3076=CARTESIAN_POINT('Origin',(150.000000281433,-39.9999999999978,1053.));
#3077=CARTESIAN_POINT('',(75.0000000000012,-39.9999999999977,1045.));
#3078=CARTESIAN_POINT('',(75.0000000000011,-39.9999999999976,950.));
#3079=CARTESIAN_POINT('',(115.785361769095,-39.9999999999977,1045.));
#3080=CARTESIAN_POINT('',(79.3750001407167,-39.9999999999977,1045.));
#3081=CARTESIAN_POINT('',(115.785361769095,-39.9999999999977,1037.));
#3082=CARTESIAN_POINT('',(115.785361769095,-39.9999999999977,1045.));
#3083=CARTESIAN_POINT('',(75.0000001407167,-39.9999999999977,1037.));
#3084=CARTESIAN_POINT('',(75.0000001407167,-39.9999999999976,850.));
#3085=CARTESIAN_POINT('Origin',(-3.5527136788005E-14,-8.34887714518118E-13,
1037.));
#3086=CARTESIAN_POINT('Origin',(-4.21948656496981E-14,-8.41132719031677E-13,
1037.));
#3087=CARTESIAN_POINT('',(-5.00000000000003,109.999999999998,1037.));
#3088=CARTESIAN_POINT('Origin',(-3.46053965135574E-14,109.999999999998,
1037.));
#3089=CARTESIAN_POINT('',(-115.,-1.64214913095363E-12,1037.));
#3090=CARTESIAN_POINT('Origin',(-110.,-1.64153680755406E-12,1037.));
#3091=CARTESIAN_POINT('',(-60.,95.2627944162866,1037.));
#3092=CARTESIAN_POINT('Origin',(-55.,95.2627944162866,1037.));
#3093=CARTESIAN_POINT('',(49.9999999999999,-95.26279441629,1037.));
#3094=CARTESIAN_POINT('Origin',(54.9999999999999,-95.26279441629,1037.));
#3095=CARTESIAN_POINT('',(-5.00000000000012,-110.000000000002,1037.));
#3096=CARTESIAN_POINT('Origin',(-1.16062657532144E-13,-110.000000000002,
1037.));
#3097=CARTESIAN_POINT('',(90.2627944162881,-55.0000000000018,1037.));
#3098=CARTESIAN_POINT('Origin',(95.2627944162881,-55.0000000000018,1037.));
#3099=CARTESIAN_POINT('',(-100.262794416288,54.9999999999984,1037.));
#3100=CARTESIAN_POINT('Origin',(-95.2627944162883,54.9999999999984,1037.));
#3101=CARTESIAN_POINT('',(-100.262794416288,-55.0000000000016,1037.));
#3102=CARTESIAN_POINT('Origin',(-95.2627944162884,-55.0000000000016,1037.));
#3103=CARTESIAN_POINT('',(-60.0000000000001,-95.2627944162899,1037.));
#3104=CARTESIAN_POINT('Origin',(-55.0000000000001,-95.2627944162899,1037.));
#3105=CARTESIAN_POINT('',(90.2627944162882,54.9999999999982,1037.));
#3106=CARTESIAN_POINT('Origin',(95.2627944162882,54.9999999999982,1037.));
#3107=CARTESIAN_POINT('',(50.,95.2627944162865,1037.));
#3108=CARTESIAN_POINT('Origin',(55.,95.2627944162865,1037.));
#3109=CARTESIAN_POINT('Origin',(1.38777878078145E-16,-2.0122792321332E-13,
850.));
#3110=CARTESIAN_POINT('',(50.,-75.,850.));
#3111=CARTESIAN_POINT('',(50.,75.,850.));
#3112=CARTESIAN_POINT('',(50.,75.,850.));
#3113=CARTESIAN_POINT('',(-50.,75.,850.));
#3114=CARTESIAN_POINT('',(55.,75.,850.));
#3115=CARTESIAN_POINT('',(-50.,-75.,850.));
#3116=CARTESIAN_POINT('',(-50.,-75.,850.));
#3117=CARTESIAN_POINT('',(5.,-75.,850.));
#3118=CARTESIAN_POINT('Origin',(-3.46053965135574E-14,109.999999999998,
1020.));
#3119=CARTESIAN_POINT('',(-5.00000000000003,109.999999999998,1045.));
#3120=CARTESIAN_POINT('Origin',(-3.46053965135574E-14,109.999999999998,
1045.));
#3121=CARTESIAN_POINT('',(-5.00000000000003,109.999999999998,1020.));
#3122=CARTESIAN_POINT('Origin',(-110.,-1.64153680755406E-12,1020.));
#3123=CARTESIAN_POINT('',(-115.,-1.64092448415449E-12,1045.));
#3124=CARTESIAN_POINT('Origin',(-110.,-1.64153680755406E-12,1045.));
#3125=CARTESIAN_POINT('',(-115.,-1.64092448415449E-12,1020.));
#3126=CARTESIAN_POINT('Origin',(-55.,95.2627944162866,1020.));
#3127=CARTESIAN_POINT('',(-60.,95.2627944162866,1045.));
#3128=CARTESIAN_POINT('Origin',(-55.,95.2627944162866,1045.));
#3129=CARTESIAN_POINT('',(-60.,95.2627944162866,1020.));
#3130=CARTESIAN_POINT('Origin',(54.9999999999999,-95.26279441629,1020.));
#3131=CARTESIAN_POINT('',(49.9999999999999,-95.26279441629,1045.));
#3132=CARTESIAN_POINT('Origin',(54.9999999999999,-95.26279441629,1045.));
#3133=CARTESIAN_POINT('',(49.9999999999999,-95.26279441629,1020.));
#3134=CARTESIAN_POINT('Origin',(-1.16062657532144E-13,-110.000000000002,
1020.));
#3135=CARTESIAN_POINT('',(-5.00000000000012,-110.000000000002,1045.));
#3136=CARTESIAN_POINT('Origin',(-1.16062657532144E-13,-110.000000000002,
1045.));
#3137=CARTESIAN_POINT('',(-5.00000000000012,-110.000000000002,1020.));
#3138=CARTESIAN_POINT('Origin',(95.2627944162881,-55.0000000000018,1020.));
#3139=CARTESIAN_POINT('',(90.2627944162881,-55.0000000000018,1045.));
#3140=CARTESIAN_POINT('Origin',(95.2627944162881,-55.0000000000018,1045.));
#3141=CARTESIAN_POINT('',(90.2627944162881,-55.0000000000018,1020.));
#3142=CARTESIAN_POINT('Origin',(-95.2627944162883,54.9999999999984,1020.));
#3143=CARTESIAN_POINT('',(-100.262794416288,54.9999999999984,1045.));
#3144=CARTESIAN_POINT('Origin',(-95.2627944162883,54.9999999999984,1045.));
#3145=CARTESIAN_POINT('',(-100.262794416288,54.9999999999984,1020.));
#3146=CARTESIAN_POINT('Origin',(-95.2627944162884,-55.0000000000016,1020.));
#3147=CARTESIAN_POINT('',(-100.262794416288,-55.0000000000016,1045.));
#3148=CARTESIAN_POINT('Origin',(-95.2627944162884,-55.0000000000016,1045.));
#3149=CARTESIAN_POINT('',(-100.262794416288,-55.0000000000016,1020.));
#3150=CARTESIAN_POINT('Origin',(-55.0000000000001,-95.2627944162899,1020.));
#3151=CARTESIAN_POINT('',(-60.0000000000001,-95.2627944162899,1045.));
#3152=CARTESIAN_POINT('Origin',(-55.0000000000001,-95.2627944162899,1045.));
#3153=CARTESIAN_POINT('',(-60.0000000000001,-95.2627944162899,1020.));
#3154=CARTESIAN_POINT('Origin',(95.2627944162882,54.9999999999982,1020.));
#3155=CARTESIAN_POINT('',(90.2627944162882,54.9999999999982,1045.));
#3156=CARTESIAN_POINT('Origin',(95.2627944162882,54.9999999999982,1045.));
#3157=CARTESIAN_POINT('',(90.2627944162882,54.9999999999982,1020.));
#3158=CARTESIAN_POINT('Origin',(55.,95.2627944162865,1020.));
#3159=CARTESIAN_POINT('',(50.,95.2627944162865,1045.));
#3160=CARTESIAN_POINT('Origin',(55.,95.2627944162865,1045.));
#3161=CARTESIAN_POINT('',(50.,95.2627944162865,1020.));
#3162=CARTESIAN_POINT('Origin',(-4.21948656496981E-14,-8.41132719031677E-13,
1045.));
#3163=CARTESIAN_POINT('Origin',(-4.21948656496981E-14,-8.41132719031677E-13,
1045.));
#3164=CARTESIAN_POINT('Origin',(100.,0.,0.));
#3165=CARTESIAN_POINT('',(100.,114.564392373896,50.));
#3166=CARTESIAN_POINT('',(100.,-125.,1.53080849893419E-14));
#3167=CARTESIAN_POINT('Origin',(100.,0.,0.));
#3168=CARTESIAN_POINT('',(100.,-114.564392373896,50.));
#3169=CARTESIAN_POINT('Origin',(100.,0.,0.));
#3170=CARTESIAN_POINT('',(100.,-141.42135623731,50.));
#3171=CARTESIAN_POINT('',(100.,0.,50.));
#3172=CARTESIAN_POINT('',(100.,-150.,-1.83697019872103E-14));
#3173=CARTESIAN_POINT('Origin',(100.,0.,0.));
#3174=CARTESIAN_POINT('',(100.,141.42135623731,50.));
#3175=CARTESIAN_POINT('Origin',(100.,0.,0.));
#3176=CARTESIAN_POINT('',(100.,0.,50.));
#3177=CARTESIAN_POINT('Origin',(0.,0.,0.));
#3178=CARTESIAN_POINT('',(100.,-132.075114227768,71.1067099627182));
#3179=CARTESIAN_POINT('Origin',(100.,0.,0.));
#3180=CARTESIAN_POINT('',(1.40711399751454,-132.075114227768,71.106709962718));
#3181=CARTESIAN_POINT('',(0.,-132.075114227768,71.1067099627182));
#3182=CARTESIAN_POINT('',(1.40711399751454,132.075114227768,71.106709962718));
#3183=CARTESIAN_POINT('Origin',(-3.33333333333333,0.,0.));
#3184=CARTESIAN_POINT('',(100.,132.075114227768,71.1067099627182));
#3185=CARTESIAN_POINT('',(0.,132.075114227768,71.1067099627182));
#3186=CARTESIAN_POINT('Origin',(100.,0.,0.));
#3187=CARTESIAN_POINT('',(0.,-150.,-1.83697019872103E-14));
#3188=CARTESIAN_POINT('',(0.,-150.,-1.83697019872103E-14));
#3189=CARTESIAN_POINT('Origin',(0.,0.,0.));
#3190=CARTESIAN_POINT('Origin',(100.,0.,0.));
#3191=CARTESIAN_POINT('',(100.,-139.084795734924,55.2766774906795));
#3192=CARTESIAN_POINT('Origin',(100.,0.,0.));
#3193=CARTESIAN_POINT('',(100.,139.084795734924,55.2766774906795));
#3194=CARTESIAN_POINT('Origin',(0.,0.,0.));
#3195=CARTESIAN_POINT('',(0.,-50.,6.12323399573677E-15));
#3196=CARTESIAN_POINT('Origin',(0.,0.,0.));
#3197=CARTESIAN_POINT('',(-7.5083777057499E-32,-36.25,54.1265877365271));
#3198=CARTESIAN_POINT('Origin',(0.,-31.25,54.1265877365271));
#3199=CARTESIAN_POINT('',(-7.5083777057499E-32,-67.5,-5.96489837397627E-13));
#3200=CARTESIAN_POINT('Origin',(0.,-62.5,-5.95877513998053E-13));
#3201=CARTESIAN_POINT('',(-7.5083777057499E-32,-36.25,-54.1265877365277));
#3202=CARTESIAN_POINT('Origin',(0.,-31.25,-54.1265877365277));
#3203=CARTESIAN_POINT('',(-7.5083777057499E-32,26.25,-54.1265877365271));
#3204=CARTESIAN_POINT('Origin',(0.,31.25,-54.1265877365271));
#3205=CARTESIAN_POINT('',(-7.5083777057499E-32,57.5,5.67509614982851E-13));
#3206=CARTESIAN_POINT('Origin',(0.,62.5,5.68121938382424E-13));
#3207=CARTESIAN_POINT('',(-7.5083777057499E-32,26.25,54.1265877365277));
#3208=CARTESIAN_POINT('Origin',(0.,31.25,54.1265877365277));
#3209=CARTESIAN_POINT('',(-7.5083777057499E-32,-5.,62.5));
#3210=CARTESIAN_POINT('Origin',(0.,-8.67361737988424E-16,62.5));
#3211=CARTESIAN_POINT('',(-7.5083777057499E-32,49.1265877365274,31.2500000000005));
#3212=CARTESIAN_POINT('Origin',(0.,54.1265877365274,31.2500000000005));
#3213=CARTESIAN_POINT('',(-7.5083777057499E-32,49.1265877365274,-31.2499999999995));
#3214=CARTESIAN_POINT('Origin',(0.,54.1265877365274,-31.2499999999995));
#3215=CARTESIAN_POINT('',(-7.5083777057499E-32,-5.00000000000001,-62.5));
#3216=CARTESIAN_POINT('Origin',(0.,-6.78668075668253E-15,-62.5));
#3217=CARTESIAN_POINT('',(-7.5083777057499E-32,-59.1265877365274,-31.2500000000005));
#3218=CARTESIAN_POINT('Origin',(0.,-54.1265877365274,-31.2500000000005));
#3219=CARTESIAN_POINT('',(-7.5083777057499E-32,-59.1265877365274,31.2499999999995));
#3220=CARTESIAN_POINT('Origin',(0.,-54.1265877365274,31.2499999999995));
#3221=CARTESIAN_POINT('Origin',(0.,-141.42135623731,50.));
#3222=CARTESIAN_POINT('',(110.,-75.,200.));
#3223=CARTESIAN_POINT('',(100.,-141.42135623731,50.));
#3224=CARTESIAN_POINT('',(10.,-75.,200.));
#3225=CARTESIAN_POINT('',(110.,-75.,200.));
#3226=CARTESIAN_POINT('',(0.,-141.42135623731,50.));
#3227=CARTESIAN_POINT('Origin',(0.,141.42135623731,50.));
#3228=CARTESIAN_POINT('',(10.,75.,200.));
#3229=CARTESIAN_POINT('',(10.,-75.,200.));
#3230=CARTESIAN_POINT('',(0.,141.42135623731,50.));
#3231=CARTESIAN_POINT('Origin',(100.,141.42135623731,50.));
#3232=CARTESIAN_POINT('',(110.,75.,200.));
#3233=CARTESIAN_POINT('',(10.,75.,200.));
#3234=CARTESIAN_POINT('',(100.,141.42135623731,50.));
#3235=CARTESIAN_POINT('Origin',(50.,0.,0.));
#3236=CARTESIAN_POINT('',(15.,-50.,6.12323399573677E-15));
#3237=CARTESIAN_POINT('Origin',(15.,0.,0.));
#3238=CARTESIAN_POINT('',(50.,-50.,6.12323399573677E-15));
#3239=CARTESIAN_POINT('Origin',(57.5,0.,0.));
#3240=CARTESIAN_POINT('Origin',(96.6666666666667,0.,0.));
#3241=CARTESIAN_POINT('',(15.,-125.,1.53080849893419E-14));
#3242=CARTESIAN_POINT('',(57.5,-125.,1.53080849893419E-14));
#3243=CARTESIAN_POINT('Origin',(15.,0.,0.));
#3244=CARTESIAN_POINT('Origin',(15.,0.,0.));
#3245=CARTESIAN_POINT('',(15.,-36.25,54.1265877365271));
#3246=CARTESIAN_POINT('Origin',(15.,-31.25,54.1265877365271));
#3247=CARTESIAN_POINT('',(15.,-67.5,-5.9526519059848E-13));
#3248=CARTESIAN_POINT('Origin',(15.,-62.5,-5.95877513998053E-13));
#3249=CARTESIAN_POINT('',(15.,-36.25,-54.1265877365277));
#3250=CARTESIAN_POINT('Origin',(15.,-31.25,-54.1265877365277));
#3251=CARTESIAN_POINT('',(15.,26.25,-54.1265877365271));
#3252=CARTESIAN_POINT('Origin',(15.,31.25,-54.1265877365271));
#3253=CARTESIAN_POINT('',(15.,57.5,5.68734261781998E-13));
#3254=CARTESIAN_POINT('Origin',(15.,62.5,5.68121938382424E-13));
#3255=CARTESIAN_POINT('',(15.,26.25,54.1265877365277));
#3256=CARTESIAN_POINT('Origin',(15.,31.25,54.1265877365277));
#3257=CARTESIAN_POINT('',(15.,-5.,62.5));
#3258=CARTESIAN_POINT('Origin',(15.,-8.67361737988424E-16,62.5));
#3259=CARTESIAN_POINT('',(15.,49.1265877365274,31.2500000000005));
#3260=CARTESIAN_POINT('Origin',(15.,54.1265877365274,31.2500000000005));
#3261=CARTESIAN_POINT('',(15.,49.1265877365274,-31.2499999999995));
#3262=CARTESIAN_POINT('Origin',(15.,54.1265877365274,-31.2499999999995));
#3263=CARTESIAN_POINT('',(15.,-5.00000000000001,-62.5));
#3264=CARTESIAN_POINT('Origin',(15.,-6.78668075668253E-15,-62.5));
#3265=CARTESIAN_POINT('',(15.,-59.1265877365274,-31.2500000000005));
#3266=CARTESIAN_POINT('Origin',(15.,-54.1265877365274,-31.2500000000005));
#3267=CARTESIAN_POINT('',(15.,-59.1265877365274,31.2499999999995));
#3268=CARTESIAN_POINT('Origin',(15.,-54.1265877365274,31.2499999999995));
#3269=CARTESIAN_POINT('Origin',(100.,-141.42135623731,50.));
#3270=CARTESIAN_POINT('',(110.,75.,200.));
#3271=CARTESIAN_POINT('Origin',(110.,-75.,200.));
#3272=CARTESIAN_POINT('',(110.,75.,450.));
#3273=CARTESIAN_POINT('',(110.,75.,200.));
#3274=CARTESIAN_POINT('',(110.,-75.,450.));
#3275=CARTESIAN_POINT('',(110.,75.,450.));
#3276=CARTESIAN_POINT('',(110.,-75.,200.));
#3277=CARTESIAN_POINT('Origin',(10.,75.,200.));
#3278=CARTESIAN_POINT('',(10.,-75.,450.));
#3279=CARTESIAN_POINT('',(10.,-75.,200.));
#3280=CARTESIAN_POINT('',(10.,75.,450.));
#3281=CARTESIAN_POINT('',(10.,-75.,450.));
#3282=CARTESIAN_POINT('',(10.,75.,200.));
#3283=CARTESIAN_POINT('Origin',(10.,-75.,200.));
#3284=CARTESIAN_POINT('',(-44.9328801177626,-75.,790.659388159006));
#3285=CARTESIAN_POINT('Origin',(299.999999999841,-75.,850.000000000001));
#3286=CARTESIAN_POINT('',(6.38062865554311,-75.,492.386151315015));
#3287=CARTESIAN_POINT('',(6.38062865554311,-75.,492.386151315015));
#3288=CARTESIAN_POINT('Origin',(-240.000000000001,-75.,450.));
#3289=CARTESIAN_POINT('',(104.93288011776,-75.,509.340611841022));
#3290=CARTESIAN_POINT('Origin',(-240.000000000003,-75.,449.999999999999));
#3291=CARTESIAN_POINT('',(53.6193713444546,-75.,807.613848685012));
#3292=CARTESIAN_POINT('',(104.93288011776,-75.,509.340611841022));
#3293=CARTESIAN_POINT('Origin',(299.999999999842,-75.,850.000000000001));
#3294=CARTESIAN_POINT('Origin',(-240.,0.,450.));
#3295=CARTESIAN_POINT('',(104.93288011776,75.,509.340611841022));
#3296=CARTESIAN_POINT('Origin',(-240.000000000003,75.,449.999999999999));
#3297=CARTESIAN_POINT('',(104.93288011776,75.,509.340611841022));
#3298=CARTESIAN_POINT('Origin',(-240.,0.,450.));
#3299=CARTESIAN_POINT('',(6.38062865554311,75.,492.386151315015));
#3300=CARTESIAN_POINT('',(6.38062865554311,-75.,492.386151315015));
#3301=CARTESIAN_POINT('Origin',(-240.000000000001,75.,450.));
#3302=CARTESIAN_POINT('Origin',(104.93288011776,-75.,509.340611841022));
#3303=CARTESIAN_POINT('',(53.6193713444546,75.,807.613848685012));
#3304=CARTESIAN_POINT('',(104.93288011776,75.,509.340611841022));
#3305=CARTESIAN_POINT('',(53.6193713444546,75.,807.613848685012));
#3306=CARTESIAN_POINT('Origin',(6.38062865554311,75.,492.386151315015));
#3307=CARTESIAN_POINT('',(-44.9328801177626,75.,790.659388159006));
#3308=CARTESIAN_POINT('',(-44.9328801177626,-75.,790.659388159006));
#3309=CARTESIAN_POINT('',(6.38062865554311,75.,492.386151315015));
#3310=CARTESIAN_POINT('Origin',(299.99999999984,0.,850.));
#3311=CARTESIAN_POINT('Origin',(299.999999999842,75.,850.000000000001));
#3312=CARTESIAN_POINT('Origin',(299.99999999984,0.,850.));
#3313=CARTESIAN_POINT('Origin',(299.999999999841,75.,850.000000000001));
#3314=CARTESIAN_POINT('Origin',(-20.7499999999999,-31.25,54.1265877365271));
#3315=CARTESIAN_POINT('',(-20.7499999999999,-36.25,54.1265877365271));
#3316=CARTESIAN_POINT('Origin',(-20.7500000000002,-62.5,-5.95877513998053E-13));
#3317=CARTESIAN_POINT('',(-20.7500000000002,-67.5,-5.9526519059848E-13));
#3318=CARTESIAN_POINT('Origin',(-20.7500000000005,-31.25,-54.1265877365277));
#3319=CARTESIAN_POINT('',(-20.7500000000005,-36.25,-54.1265877365277));
#3320=CARTESIAN_POINT('Origin',(-20.7500000000004,31.25,-54.1265877365271));
#3321=CARTESIAN_POINT('',(-20.7500000000004,26.25,-54.1265877365271));
#3322=CARTESIAN_POINT('Origin',(-20.75,62.5,5.68121938382424E-13));
#3323=CARTESIAN_POINT('',(-20.75,57.5,5.68734261781998E-13));
#3324=CARTESIAN_POINT('Origin',(-20.7499999999998,31.25,54.1265877365277));
#3325=CARTESIAN_POINT('',(-20.7499999999998,26.25,54.1265877365277));
#3326=CARTESIAN_POINT('Origin',(-20.7499999999998,-8.67361737988423E-16,
62.5));
#3327=CARTESIAN_POINT('',(-20.7499999999998,-5.,62.5));
#3328=CARTESIAN_POINT('Origin',(-20.7499999999999,54.1265877365274,31.2500000000005));
#3329=CARTESIAN_POINT('',(-20.7499999999999,49.1265877365274,31.2500000000005));
#3330=CARTESIAN_POINT('Origin',(-20.7500000000002,54.1265877365274,-31.2499999999995));
#3331=CARTESIAN_POINT('',(-20.7500000000002,49.1265877365274,-31.2499999999995));
#3332=CARTESIAN_POINT('Origin',(-20.7500000000005,-6.78668075668253E-15,
-62.5));
#3333=CARTESIAN_POINT('',(-20.7500000000005,-5.00000000000001,-62.5));
#3334=CARTESIAN_POINT('Origin',(-20.7500000000004,-54.1265877365274,-31.2500000000005));
#3335=CARTESIAN_POINT('',(-20.7500000000004,-59.1265877365274,-31.2500000000005));
#3336=CARTESIAN_POINT('Origin',(-20.75,-54.1265877365274,31.2499999999995));
#3337=CARTESIAN_POINT('',(-20.75,-59.1265877365274,31.2499999999995));
#3338=CARTESIAN_POINT('Origin',(110.,75.,200.));
#3339=CARTESIAN_POINT('Origin',(-1.36798064340835E-13,0.,950.));
#3340=CARTESIAN_POINT('Origin',(-4.97843347858388E-14,0.,1045.));
#3341=CARTESIAN_POINT('Origin',(8.75,4.64836502622769E-13,1045.));
#3342=CARTESIAN_POINT('',(597.76962866499,231.816363035866,6.6592257048876));
#3343=CARTESIAN_POINT('',(597.769628664969,231.816363035859,6.6592257048913));
#3344=UNCERTAINTY_MEASURE_WITH_UNIT(LENGTH_MEASURE(0.01),#3352,
'DISTANCE_ACCURACY_VALUE',
'Maximum model space distance between geometric entities at asserted c
onnectivities');
#3345=UNCERTAINTY_MEASURE_WITH_UNIT(LENGTH_MEASURE(0.01),#3352,
'DISTANCE_ACCURACY_VALUE',
'Maximum model space distance between geometric entities at asserted c
onnectivities');
#3346=UNCERTAINTY_MEASURE_WITH_UNIT(LENGTH_MEASURE(0.01),#3352,
'DISTANCE_ACCURACY_VALUE',
'Maximum model space distance between geometric entities at asserted c
onnectivities');
#3347=UNCERTAINTY_MEASURE_WITH_UNIT(LENGTH_MEASURE(0.01),#3352,
'DISTANCE_ACCURACY_VALUE',
'Maximum model space distance between geometric entities at asserted c
onnectivities');
#3348=(
GEOMETRIC_REPRESENTATION_CONTEXT(3)
GLOBAL_UNCERTAINTY_ASSIGNED_CONTEXT((#3344))
GLOBAL_UNIT_ASSIGNED_CONTEXT((#3352,#3354,#3355))
REPRESENTATION_CONTEXT('','3D')
);
#3349=(
GEOMETRIC_REPRESENTATION_CONTEXT(3)
GLOBAL_UNCERTAINTY_ASSIGNED_CONTEXT((#3345))
GLOBAL_UNIT_ASSIGNED_CONTEXT((#3352,#3354,#3355))
REPRESENTATION_CONTEXT('','3D')
);
#3350=(
GEOMETRIC_REPRESENTATION_CONTEXT(3)
GLOBAL_UNCERTAINTY_ASSIGNED_CONTEXT((#3346))
GLOBAL_UNIT_ASSIGNED_CONTEXT((#3352,#3354,#3355))
REPRESENTATION_CONTEXT('','3D')
);
#3351=(
GEOMETRIC_REPRESENTATION_CONTEXT(3)
GLOBAL_UNCERTAINTY_ASSIGNED_CONTEXT((#3347))
GLOBAL_UNIT_ASSIGNED_CONTEXT((#3352,#3354,#3355))
REPRESENTATION_CONTEXT('','3D')
);
#3352=(
LENGTH_UNIT()
NAMED_UNIT(*)
SI_UNIT(.MILLI.,.METRE.)
);
#3353=(
LENGTH_UNIT()
NAMED_UNIT(*)
SI_UNIT($,.METRE.)
);
#3354=(
NAMED_UNIT(*)
PLANE_ANGLE_UNIT()
SI_UNIT($,.RADIAN.)
);
#3355=(
NAMED_UNIT(*)
SI_UNIT($,.STERADIAN.)
SOLID_ANGLE_UNIT()
);
#3356=SHAPE_DEFINITION_REPRESENTATION(#3359,#3364);
#3357=SHAPE_DEFINITION_REPRESENTATION(#3360,#3365);
#3358=SHAPE_DEFINITION_REPRESENTATION(#3361,#3366);
#3359=PRODUCT_DEFINITION_SHAPE('',$,#3368);
#3360=PRODUCT_DEFINITION_SHAPE('',$,#3369);
#3361=PRODUCT_DEFINITION_SHAPE('',$,#3370);
#3362=PRODUCT_DEFINITION_SHAPE($,$,#17);
#3363=PRODUCT_DEFINITION_SHAPE($,$,#18);
#3364=SHAPE_REPRESENTATION('',(#1970,#2210,#2211),#3348);
#3365=SHAPE_REPRESENTATION('',(#1971),#3349);
#3366=SHAPE_REPRESENTATION('',(#2080),#3350);
#3367=PRODUCT_DEFINITION_CONTEXT('part definition',#3378,'design');
#3368=PRODUCT_DEFINITION('link3','link3 v14',#3371,#3367);
#3369=PRODUCT_DEFINITION('Component2','Component2',#3372,#3367);
#3370=PRODUCT_DEFINITION('Component3','Component3',#3373,#3367);
#3371=PRODUCT_DEFINITION_FORMATION('',$,#3380);
#3372=PRODUCT_DEFINITION_FORMATION('',$,#3381);
#3373=PRODUCT_DEFINITION_FORMATION('',$,#3382);
#3374=PRODUCT_RELATED_PRODUCT_CATEGORY('link3 v14','link3 v14',(#3380));
#3375=PRODUCT_RELATED_PRODUCT_CATEGORY('Component2','Component2',(#3381));
#3376=PRODUCT_RELATED_PRODUCT_CATEGORY('Component3','Component3',(#3382));
#3377=APPLICATION_PROTOCOL_DEFINITION('international standard',
'automotive_design',2009,#3378);
#3378=APPLICATION_CONTEXT(
'Core Data for Automotive Mechanical Design Process');
#3379=PRODUCT_CONTEXT('part definition',#3378,'mechanical');
#3380=PRODUCT('link3','link3 v14',$,(#3379));
#3381=PRODUCT('Component2','Component2',$,(#3379));
#3382=PRODUCT('Component3','Component3',$,(#3379));
#3383=PRESENTATION_STYLE_ASSIGNMENT((#3384));
#3384=SURFACE_STYLE_USAGE(.BOTH.,#3385);
#3385=SURFACE_SIDE_STYLE('',(#3386));
#3386=SURFACE_STYLE_FILL_AREA(#3387);
#3387=FILL_AREA_STYLE('Steel - Satin',(#3388));
#3388=FILL_AREA_STYLE_COLOUR('Steel - Satin',#3389);
#3389=COLOUR_RGB('Steel - Satin',0.627450980392157,0.627450980392157,0.627450980392157);
ENDSEC;
END-ISO-10303-21;
