ISO-10303-21;
HEADER;
/* Generated by software containing ST-Developer
 * from STEP Tools, Inc. (www.steptools.com) 
 */

FILE_DESCRIPTION(
/* description */ (''),
/* implementation_level */ '2;1');

FILE_NAME(
/* name */ 'windshield v2.step',
/* time_stamp */ '2026-05-21T11:45:41+02:00',
/* author */ (''),
/* organization */ (''),
/* preprocessor_version */ 'ST-DEVELOPER v20.1',
/* originating_system */ 'Autodesk Translation Framework v15.8.0.0',
/* authorisation */ '');

FILE_SCHEMA (('AUTOMOTIVE_DESIGN { 1 0 10303 214 3 1 1 }'));
ENDSEC;

DATA;
#10=MECHANICAL_DESIGN_GEOMETRIC_PRESENTATION_REPRESENTATION('',(#13),#1596);
#11=SHAPE_REPRESENTATION_RELATIONSHIP('SRR','None',#1603,#12);
#12=ADVANCED_BREP_SHAPE_REPRESENTATION('',(#14),#1595);
#13=STYLED_ITEM('',(#1612),#14);
#14=MANIFOLD_SOLID_BREP('Body6',#153);
#15=LINE('',#1191,#21);
#16=LINE('',#1192,#22);
#17=LINE('',#1281,#23);
#18=LINE('',#1282,#24);
#19=LINE('',#1443,#25);
#20=LINE('',#1508,#26);
#21=VECTOR('',#169,10.);
#22=VECTOR('',#170,10.);
#23=VECTOR('',#171,10.);
#24=VECTOR('',#172,10.);
#25=VECTOR('',#173,10.);
#26=VECTOR('',#174,10.);
#27=(
BOUNDED_CURVE()
B_SPLINE_CURVE(5,(#896,#897,#898,#899,#900,#901,#902,#903,#904,#905,#906,
#907,#908,#909,#910),.UNSPECIFIED.,.F.,.F.)
B_SPLINE_CURVE_WITH_KNOTS((6,1,1,1,1,1,1,1,1,1,6),(0.,0.1,0.2,0.3,0.4,0.5,
0.6,0.7,0.8,0.9,1.),.UNSPECIFIED.)
CURVE()
GEOMETRIC_REPRESENTATION_ITEM()
RATIONAL_B_SPLINE_CURVE((1.,1.,1.,1.,1.,1.,1.,1.,1.,1.,1.,1.,1.,1.,1.))
REPRESENTATION_ITEM('')
);
#28=FACE_OUTER_BOUND('',#38,.T.);
#29=FACE_OUTER_BOUND('',#39,.T.);
#30=FACE_OUTER_BOUND('',#40,.T.);
#31=FACE_OUTER_BOUND('',#41,.T.);
#32=FACE_OUTER_BOUND('',#42,.T.);
#33=FACE_OUTER_BOUND('',#43,.T.);
#34=FACE_OUTER_BOUND('',#44,.T.);
#35=FACE_OUTER_BOUND('',#45,.T.);
#36=FACE_OUTER_BOUND('',#46,.T.);
#37=FACE_OUTER_BOUND('',#47,.T.);
#38=EDGE_LOOP('',(#93,#94,#95,#96));
#39=EDGE_LOOP('',(#97,#98,#99,#100));
#40=EDGE_LOOP('',(#101,#102,#103,#104));
#41=EDGE_LOOP('',(#105,#106,#107,#108));
#42=EDGE_LOOP('',(#109,#110,#111,#112));
#43=EDGE_LOOP('',(#113,#114,#115,#116));
#44=EDGE_LOOP('',(#117,#118,#119,#120));
#45=EDGE_LOOP('',(#121,#122,#123,#124));
#46=EDGE_LOOP('',(#125,#126,#127,#128));
#47=EDGE_LOOP('',(#129,#130,#131,#132));
#48=B_SPLINE_CURVE_WITH_KNOTS('',3,(#298,#299,#300,#301,#302,#303,#304,
#305,#306,#307,#308,#309,#310,#311,#312,#313,#314,#315,#316,#317,#318,#319),
 .UNSPECIFIED.,.F.,.F.,(4,1,1,1,1,1,1,1,1,1,1,1,1,1,1,1,1,1,1,4),(-54.8269653684959,
-50.9107535564605,-48.9526476504428,-46.9945417444251,-45.0364358384074,
-43.0783299323897,-41.120224026372,-40.1411710733631,-39.1621181203542,
-37.2040122143365,-31.3296944962834,-29.3715885902657,-28.3925356372568,
-27.413482684248,-23.4972708722125,-21.5391649661948,-19.5810590601771,
-17.6229531541594,-15.6648472481417,0.),.UNSPECIFIED.);
#49=B_SPLINE_CURVE_WITH_KNOTS('',3,(#321,#322,#323,#324,#325,#326,#327,
#328,#329,#330,#331,#332,#333,#334,#335,#336,#337,#338,#339,#340,#341,#342,
#343,#344,#345,#346,#347,#348,#349,#350,#351,#352,#353,#354,#355,#356,#357,
#358,#359,#360,#361,#362,#363,#364,#365,#366,#367,#368,#369,#370,#371,#372,
#373,#374,#375,#376,#377,#378,#379,#380,#381,#382,#383,#384,#385,#386,#387,
#388,#389,#390,#391,#392,#393,#394,#395,#396,#397,#398,#399,#400,#401,#402,
#403,#404,#405,#406,#407,#408,#409,#410,#411,#412,#413,#414,#415,#416,#417,
#418,#419,#420,#421,#422,#423,#424,#425,#426,#427,#428,#429,#430,#431,#432,
#433,#434,#435,#436,#437,#438,#439,#440,#441,#442,#443,#444,#445,#446,#447,
#448,#449,#450,#451,#452,#453,#454,#455,#456,#457,#458,#459,#460,#461,#462,
#463,#464,#465,#466,#467,#468),.UNSPECIFIED.,.F.,.F.,(4,3,3,3,3,3,3,3,3,
3,3,3,3,3,3,3,3,3,3,3,3,3,3,3,3,3,3,3,3,3,3,3,3,3,3,3,3,3,3,3,3,3,3,3,3,
3,3,3,3,4),(-0.0751484883465218,0.,1.5548376808135,3.11786558893607,4.68969522927287,
6.31655696456744,7.91351903103133,9.5210931402815,11.1400694448158,12.7811993615192,
14.4317842192199,16.103809091326,17.7045891116295,19.2722326148354,20.8341354128766,
22.3909634508883,23.9432999160722,25.4899777188937,27.0337503876745,28.5738651675639,
29.0135933569347,30.3239450777222,31.6445491390928,32.9755254493751,34.3549447989769,
35.7119796594013,37.1025912535917,38.4932028477822,40.208112482477,40.4351360712015,
42.2314552080452,44.0609254514744,45.9274969974452,47.8583722257615,49.8328614230041,
51.8803081592686,52.3777024099349,54.4344067538596,56.5533968919907,58.793652823052,
61.120949065201,63.6267910222033,64.8988284299095,66.9903855489034,69.1208656858139,
71.2951726577495,73.5446617352903,75.9512316795971,78.3578016239039,78.4826898940792),
 .UNSPECIFIED.);
#50=B_SPLINE_CURVE_WITH_KNOTS('',3,(#470,#471,#472,#473,#474,#475,#476,
#477,#478,#479,#480,#481,#482,#483,#484,#485,#486,#487,#488,#489,#490,#491),
 .UNSPECIFIED.,.F.,.F.,(4,1,1,1,1,1,1,1,1,1,1,1,1,1,1,1,1,1,1,4),(-66.8619945140167,
-62.0861377630155,-59.6982093875149,-57.3102810120143,-52.5344242610131,
-47.7585675100119,-46.1666152596782,-44.5746630093444,-41.390758508677,
-38.2068540080095,-36.6149017576758,-35.0229495073421,-28.6551405060071,
-23.879283755006,-22.6853195672557,-21.4913553795054,-19.1034270040048,
-14.3275702530036,-9.55171350200238,0.),.UNSPECIFIED.);
#51=B_SPLINE_CURVE_WITH_KNOTS('',3,(#492,#493,#494,#495,#496,#497,#498,
#499,#500,#501,#502,#503,#504,#505,#506,#507,#508),.UNSPECIFIED.,.F.,.F.,
(4,1,1,1,1,1,1,1,1,1,1,1,1,1,4),(0.,10.5162986431906,15.7744479647859,21.0325972863812,
24.5380301674447,27.1671048282424,29.7961794890401,31.5488959295718,35.0543288106354,
38.5597616916989,42.0651945727624,52.581493215953,57.8396425375483,63.0977918591436,
73.6140905023342),.UNSPECIFIED.);
#52=B_SPLINE_CURVE_WITH_KNOTS('',3,(#630,#631,#632,#633,#634,#635,#636,
#637,#638,#639,#640,#641,#642,#643,#644,#645,#646,#647,#648,#649,#650,#651,
#652),.UNSPECIFIED.,.F.,.F.,(4,1,1,1,1,1,1,1,1,1,1,1,1,1,1,1,1,1,1,1,4),
(-57.3410158691489,-49.1494421735562,-45.0536553257599,-40.9578684779635,
-36.8620816301672,-34.814188206269,-32.7662947823708,-30.7184013584726,
-28.6705079345745,-26.6226145106763,-25.5986677987272,-24.5747210867781,
-20.4789342389818,-18.4310408150836,-16.3831473911854,-12.2873605433891,
-8.1915736955927,-6.14368027169453,-4.09578684779635,-2.04789342389818,
0.),.UNSPECIFIED.);
#53=B_SPLINE_CURVE_WITH_KNOTS('',3,(#654,#655,#656,#657,#658,#659,#660,
#661,#662,#663,#664,#665,#666,#667,#668,#669),.UNSPECIFIED.,.F.,.F.,(4,
1,1,1,1,1,1,1,1,1,1,1,1,4),(-1.28158068225873E-14,10.5162986431906,15.7744479647859,
21.0325972863812,28.0434630485083,29.79617948904,31.5488959295718,35.0543288106354,
38.5597616916989,42.0651945727624,52.581493215953,57.8396425375483,63.0977918591437,
73.6140905023343),.UNSPECIFIED.);
#54=B_SPLINE_CURVE_WITH_KNOTS('',3,(#670,#671,#672,#673,#674,#675,#676,
#677,#678,#679,#680,#681,#682,#683,#684,#685,#686,#687,#688,#689,#690),
 .UNSPECIFIED.,.F.,.F.,(4,1,1,1,1,1,1,1,1,1,1,1,1,1,1,1,1,1,4),(-71.7476266670169,
-62.014534679969,-57.1479886864451,-54.7147156896831,-53.4980791913021,
-52.2814426929211,-47.4148966993972,-42.5483507058732,-37.6818047123493,
-32.8152587188253,-30.3819857220634,-29.1653492236824,-27.9487127253014,
-23.0821667317774,-18.2156207382535,-15.7823477414915,-13.3490747447296,
-8.48252875120562,-3.61598275768167),.UNSPECIFIED.);
#55=B_SPLINE_CURVE_WITH_KNOTS('',3,(#833,#834,#835,#836,#837,#838,#839,
#840,#841,#842,#843,#844,#845,#846,#847,#848,#849,#850,#851,#852,#853,#854),
 .UNSPECIFIED.,.F.,.F.,(4,1,1,1,1,1,1,1,1,1,1,1,1,1,1,1,1,1,1,4),(-54.8269653684959,
-50.9107535564605,-48.9526476504428,-46.9945417444251,-45.0364358384074,
-43.0783299323897,-41.120224026372,-40.1411710733631,-39.1621181203542,
-37.2040122143365,-31.3296944962834,-29.3715885902657,-28.3925356372568,
-27.413482684248,-23.4972708722125,-21.5391649661948,-19.5810590601771,
-17.6229531541594,-15.6648472481417,0.),.UNSPECIFIED.);
#56=B_SPLINE_CURVE_WITH_KNOTS('',3,(#856,#857,#858,#859,#860,#861,#862,
#863,#864,#865,#866,#867,#868,#869,#870,#871,#872),.UNSPECIFIED.,.F.,.F.,
(4,1,1,1,1,1,1,1,1,1,1,1,1,1,4),(0.,10.5162986431906,15.7744479647859,21.0325972863812,
24.5380301674447,27.1671048282424,29.7961794890401,31.5488959295718,35.0543288106354,
38.5597616916989,42.0651945727624,52.581493215953,57.8396425375483,63.0977918591436,
73.6140905023342),.UNSPECIFIED.);
#57=B_SPLINE_CURVE_WITH_KNOTS('',3,(#874,#875,#876,#877,#878,#879,#880,
#881,#882,#883,#884,#885,#886,#887,#888,#889,#890,#891,#892,#893,#894,#895),
 .UNSPECIFIED.,.F.,.F.,(4,1,1,1,1,1,1,1,1,1,1,1,1,1,1,1,1,1,1,4),(-66.8619945140167,
-62.0861377630155,-59.6982093875149,-57.3102810120143,-52.5344242610131,
-47.7585675100119,-46.1666152596782,-44.5746630093444,-41.390758508677,
-38.2068540080095,-36.6149017576758,-35.0229495073421,-28.6551405060071,
-23.879283755006,-22.6853195672557,-21.4913553795054,-19.1034270040048,
-14.3275702530036,-9.55171350200238,0.),.UNSPECIFIED.);
#58=B_SPLINE_CURVE_WITH_KNOTS('',3,(#1042,#1043,#1044,#1045,#1046,#1047,
#1048,#1049,#1050,#1051,#1052,#1053,#1054,#1055,#1056,#1057,#1058,#1059,
#1060,#1061,#1062,#1063,#1064),.UNSPECIFIED.,.F.,.F.,(4,1,1,1,1,1,1,1,1,
1,1,1,1,1,1,1,1,1,1,1,4),(-57.3410158691489,-49.1494421735562,-45.0536553257599,
-40.9578684779635,-36.8620816301672,-34.814188206269,-32.7662947823708,
-30.7184013584726,-28.6705079345745,-26.6226145106763,-25.5986677987272,
-24.5747210867781,-20.4789342389818,-18.4310408150836,-16.3831473911854,
-12.2873605433891,-8.1915736955927,-6.14368027169453,-4.09578684779635,
-2.04789342389818,0.),.UNSPECIFIED.);
#59=B_SPLINE_CURVE_WITH_KNOTS('',3,(#1066,#1067,#1068,#1069,#1070,#1071,
#1072,#1073,#1074,#1075,#1076,#1077,#1078,#1079,#1080,#1081,#1082,#1083,
#1084,#1085,#1086),.UNSPECIFIED.,.F.,.F.,(4,1,1,1,1,1,1,1,1,1,1,1,1,1,1,
1,1,1,4),(-71.7476266670169,-62.014534679969,-57.1479886864451,-54.7147156896831,
-53.4980791913021,-52.2814426929211,-47.4148966993972,-42.5483507058732,
-37.6818047123493,-32.8152587188253,-30.3819857220634,-29.1653492236824,
-27.9487127253014,-23.0821667317774,-18.2156207382535,-15.7823477414915,
-13.3490747447296,-8.48252875120562,-3.61598275768167),.UNSPECIFIED.);
#60=B_SPLINE_CURVE_WITH_KNOTS('',3,(#1087,#1088,#1089,#1090,#1091,#1092,
#1093,#1094,#1095,#1096,#1097,#1098,#1099,#1100,#1101,#1102),
 .UNSPECIFIED.,.F.,.F.,(4,1,1,1,1,1,1,1,1,1,1,1,1,4),(-1.28158068225873E-14,
10.5162986431906,15.7744479647859,21.0325972863812,28.0434630485083,29.79617948904,
31.5488959295718,35.0543288106354,38.5597616916989,42.0651945727624,52.581493215953,
57.8396425375483,63.0977918591437,73.6140905023343),.UNSPECIFIED.);
#61=VERTEX_POINT('',#296);
#62=VERTEX_POINT('',#297);
#63=VERTEX_POINT('',#320);
#64=VERTEX_POINT('',#469);
#65=VERTEX_POINT('',#629);
#66=VERTEX_POINT('',#653);
#67=VERTEX_POINT('',#831);
#68=VERTEX_POINT('',#832);
#69=VERTEX_POINT('',#855);
#70=VERTEX_POINT('',#873);
#71=VERTEX_POINT('',#1041);
#72=VERTEX_POINT('',#1065);
#73=EDGE_CURVE('',#61,#62,#48,.T.);
#74=EDGE_CURVE('',#63,#61,#49,.F.);
#75=EDGE_CURVE('',#64,#63,#50,.T.);
#76=EDGE_CURVE('',#64,#62,#51,.T.);
#77=EDGE_CURVE('',#65,#61,#52,.T.);
#78=EDGE_CURVE('',#66,#65,#53,.T.);
#79=EDGE_CURVE('',#63,#66,#54,.T.);
#80=EDGE_CURVE('',#67,#68,#55,.T.);
#81=EDGE_CURVE('',#69,#68,#56,.T.);
#82=EDGE_CURVE('',#69,#70,#57,.T.);
#83=EDGE_CURVE('',#70,#67,#27,.T.);
#84=EDGE_CURVE('',#71,#67,#58,.T.);
#85=EDGE_CURVE('',#70,#72,#59,.T.);
#86=EDGE_CURVE('',#72,#71,#60,.T.);
#87=EDGE_CURVE('',#67,#61,#15,.T.);
#88=EDGE_CURVE('',#68,#62,#16,.T.);
#89=EDGE_CURVE('',#69,#64,#17,.T.);
#90=EDGE_CURVE('',#70,#63,#18,.T.);
#91=EDGE_CURVE('',#71,#65,#19,.T.);
#92=EDGE_CURVE('',#72,#66,#20,.T.);
#93=ORIENTED_EDGE('',*,*,#73,.F.);
#94=ORIENTED_EDGE('',*,*,#74,.F.);
#95=ORIENTED_EDGE('',*,*,#75,.F.);
#96=ORIENTED_EDGE('',*,*,#76,.T.);
#97=ORIENTED_EDGE('',*,*,#77,.F.);
#98=ORIENTED_EDGE('',*,*,#78,.F.);
#99=ORIENTED_EDGE('',*,*,#79,.F.);
#100=ORIENTED_EDGE('',*,*,#74,.T.);
#101=ORIENTED_EDGE('',*,*,#80,.T.);
#102=ORIENTED_EDGE('',*,*,#81,.F.);
#103=ORIENTED_EDGE('',*,*,#82,.T.);
#104=ORIENTED_EDGE('',*,*,#83,.T.);
#105=ORIENTED_EDGE('',*,*,#84,.T.);
#106=ORIENTED_EDGE('',*,*,#83,.F.);
#107=ORIENTED_EDGE('',*,*,#85,.T.);
#108=ORIENTED_EDGE('',*,*,#86,.T.);
#109=ORIENTED_EDGE('',*,*,#80,.F.);
#110=ORIENTED_EDGE('',*,*,#87,.T.);
#111=ORIENTED_EDGE('',*,*,#73,.T.);
#112=ORIENTED_EDGE('',*,*,#88,.F.);
#113=ORIENTED_EDGE('',*,*,#82,.F.);
#114=ORIENTED_EDGE('',*,*,#89,.T.);
#115=ORIENTED_EDGE('',*,*,#75,.T.);
#116=ORIENTED_EDGE('',*,*,#90,.F.);
#117=ORIENTED_EDGE('',*,*,#81,.T.);
#118=ORIENTED_EDGE('',*,*,#88,.T.);
#119=ORIENTED_EDGE('',*,*,#76,.F.);
#120=ORIENTED_EDGE('',*,*,#89,.F.);
#121=ORIENTED_EDGE('',*,*,#84,.F.);
#122=ORIENTED_EDGE('',*,*,#91,.T.);
#123=ORIENTED_EDGE('',*,*,#77,.T.);
#124=ORIENTED_EDGE('',*,*,#87,.F.);
#125=ORIENTED_EDGE('',*,*,#86,.F.);
#126=ORIENTED_EDGE('',*,*,#92,.T.);
#127=ORIENTED_EDGE('',*,*,#78,.T.);
#128=ORIENTED_EDGE('',*,*,#91,.F.);
#129=ORIENTED_EDGE('',*,*,#85,.F.);
#130=ORIENTED_EDGE('',*,*,#90,.T.);
#131=ORIENTED_EDGE('',*,*,#79,.T.);
#132=ORIENTED_EDGE('',*,*,#92,.F.);
#133=B_SPLINE_SURFACE_WITH_KNOTS('',3,3,((#176,#177,#178,#179,#180,#181,
#182,#183,#184,#185,#186,#187,#188,#189,#190),(#191,#192,#193,#194,#195,
#196,#197,#198,#199,#200,#201,#202,#203,#204,#205),(#206,#207,#208,#209,
#210,#211,#212,#213,#214,#215,#216,#217,#218,#219,#220),(#221,#222,#223,
#224,#225,#226,#227,#228,#229,#230,#231,#232,#233,#234,#235),(#236,#237,
#238,#239,#240,#241,#242,#243,#244,#245,#246,#247,#248,#249,#250),(#251,
#252,#253,#254,#255,#256,#257,#258,#259,#260,#261,#262,#263,#264,#265),
(#266,#267,#268,#269,#270,#271,#272,#273,#274,#275,#276,#277,#278,#279,
#280),(#281,#282,#283,#284,#285,#286,#287,#288,#289,#290,#291,#292,#293,
#294,#295)),.UNSPECIFIED.,.F.,.F.,.F.,(4,1,1,1,1,4),(4,1,1,1,1,1,1,1,1,
1,1,1,4),(0.,0.142857142857143,0.285714285714286,0.428571428571429,0.571428571428571,
1.),(0.0355620559304448,0.207786456523359,0.311121096879107,0.448900617353438,
0.517790377590604,0.586680137827769,0.724459658302101,0.767515758450329,
0.793349418539266,0.862239178776432,0.931128939013597,0.948351379072889,
1.00001869925076),.UNSPECIFIED.);
#134=B_SPLINE_SURFACE_WITH_KNOTS('',3,3,((#509,#510,#511,#512,#513,#514,
#515,#516,#517,#518,#519,#520,#521,#522,#523),(#524,#525,#526,#527,#528,
#529,#530,#531,#532,#533,#534,#535,#536,#537,#538),(#539,#540,#541,#542,
#543,#544,#545,#546,#547,#548,#549,#550,#551,#552,#553),(#554,#555,#556,
#557,#558,#559,#560,#561,#562,#563,#564,#565,#566,#567,#568),(#569,#570,
#571,#572,#573,#574,#575,#576,#577,#578,#579,#580,#581,#582,#583),(#584,
#585,#586,#587,#588,#589,#590,#591,#592,#593,#594,#595,#596,#597,#598),
(#599,#600,#601,#602,#603,#604,#605,#606,#607,#608,#609,#610,#611,#612,
#613),(#614,#615,#616,#617,#618,#619,#620,#621,#622,#623,#624,#625,#626,
#627,#628)),.UNSPECIFIED.,.F.,.F.,.F.,(4,1,1,1,1,4),(4,1,1,1,1,1,1,1,1,
1,1,1,4),(0.,0.142857142857143,0.285714285714286,0.428571428571429,0.571428571428571,
1.),(0.0355620559305218,0.207786456523429,0.311121096879174,0.4489006173535,
0.517790377590663,0.586680137827826,0.724459658302152,0.767515758450379,
0.793349418539315,0.862239178776478,0.931128939013641,0.982796259191513,
1.0000186992508),.UNSPECIFIED.);
#135=B_SPLINE_SURFACE_WITH_KNOTS('',3,3,((#691,#692,#693,#694,#695,#696,
#697,#698,#699,#700,#701,#702,#703,#704),(#705,#706,#707,#708,#709,#710,
#711,#712,#713,#714,#715,#716,#717,#718),(#719,#720,#721,#722,#723,#724,
#725,#726,#727,#728,#729,#730,#731,#732),(#733,#734,#735,#736,#737,#738,
#739,#740,#741,#742,#743,#744,#745,#746),(#747,#748,#749,#750,#751,#752,
#753,#754,#755,#756,#757,#758,#759,#760),(#761,#762,#763,#764,#765,#766,
#767,#768,#769,#770,#771,#772,#773,#774),(#775,#776,#777,#778,#779,#780,
#781,#782,#783,#784,#785,#786,#787,#788),(#789,#790,#791,#792,#793,#794,
#795,#796,#797,#798,#799,#800,#801,#802),(#803,#804,#805,#806,#807,#808,
#809,#810,#811,#812,#813,#814,#815,#816),(#817,#818,#819,#820,#821,#822,
#823,#824,#825,#826,#827,#828,#829,#830)),.UNSPECIFIED.,.F.,.F.,.F.,(4,
1,1,1,1,1,1,4),(4,1,1,1,1,1,1,1,1,1,1,4),(0.,0.142857142857143,0.285714285714286,
0.428571428571429,0.571428571428571,0.785714285714286,0.857142857142857,
1.),(0.0355620559304448,0.173338905083238,0.311115754236032,0.448892603388826,
0.540743836157355,0.563706644349487,0.586669452541619,0.724446301694413,
0.793334726270809,0.862223150847206,0.931111575423603,1.),.UNSPECIFIED.);
#136=B_SPLINE_SURFACE_WITH_KNOTS('',3,3,((#911,#912,#913,#914,#915,#916,
#917,#918,#919,#920,#921,#922,#923),(#924,#925,#926,#927,#928,#929,#930,
#931,#932,#933,#934,#935,#936),(#937,#938,#939,#940,#941,#942,#943,#944,
#945,#946,#947,#948,#949),(#950,#951,#952,#953,#954,#955,#956,#957,#958,
#959,#960,#961,#962),(#963,#964,#965,#966,#967,#968,#969,#970,#971,#972,
#973,#974,#975),(#976,#977,#978,#979,#980,#981,#982,#983,#984,#985,#986,
#987,#988),(#989,#990,#991,#992,#993,#994,#995,#996,#997,#998,#999,#1000,
#1001),(#1002,#1003,#1004,#1005,#1006,#1007,#1008,#1009,#1010,#1011,#1012,
#1013,#1014),(#1015,#1016,#1017,#1018,#1019,#1020,#1021,#1022,#1023,#1024,
#1025,#1026,#1027),(#1028,#1029,#1030,#1031,#1032,#1033,#1034,#1035,#1036,
#1037,#1038,#1039,#1040)),.UNSPECIFIED.,.F.,.F.,.F.,(4,1,1,1,1,1,1,4),(4,
1,1,1,1,1,1,1,1,1,4),(0.,0.142857142857143,0.285714285714286,0.428571428571429,
0.571428571428571,0.785714285714286,0.857142857142857,1.),(0.0355620559305218,
0.173338905083304,0.311115754236087,0.44889260338887,0.540743836157391,
0.586669452541652,0.655557877118044,0.724446301694435,0.862223150847217,
0.931111575423609,1.),.UNSPECIFIED.);
#137=B_SPLINE_SURFACE_WITH_KNOTS('',3,3,((#1103,#1104,#1105,#1106),(#1107,
#1108,#1109,#1110),(#1111,#1112,#1113,#1114),(#1115,#1116,#1117,#1118),
(#1119,#1120,#1121,#1122),(#1123,#1124,#1125,#1126),(#1127,#1128,#1129,
#1130),(#1131,#1132,#1133,#1134),(#1135,#1136,#1137,#1138),(#1139,#1140,
#1141,#1142),(#1143,#1144,#1145,#1146),(#1147,#1148,#1149,#1150),(#1151,
#1152,#1153,#1154),(#1155,#1156,#1157,#1158),(#1159,#1160,#1161,#1162),
(#1163,#1164,#1165,#1166),(#1167,#1168,#1169,#1170),(#1171,#1172,#1173,
#1174),(#1175,#1176,#1177,#1178),(#1179,#1180,#1181,#1182),(#1183,#1184,
#1185,#1186),(#1187,#1188,#1189,#1190)),.UNSPECIFIED.,.F.,.F.,.F.,(4,1,
1,1,1,1,1,1,1,1,1,1,1,1,1,1,1,1,1,4),(4,4),(-54.8269653684959,-50.9107535564605,
-48.9526476504428,-46.9945417444251,-45.0364358384074,-43.0783299323897,
-41.120224026372,-40.1411710733631,-39.1621181203542,-37.2040122143365,
-31.3296944962834,-29.3715885902657,-28.3925356372568,-27.413482684248,
-23.4972708722125,-21.5391649661948,-19.5810590601771,-17.6229531541594,
-15.6648472481417,0.),(0.,1.00000000000009),.UNSPECIFIED.);
#138=B_SPLINE_SURFACE_WITH_KNOTS('',3,3,((#1193,#1194,#1195,#1196),(#1197,
#1198,#1199,#1200),(#1201,#1202,#1203,#1204),(#1205,#1206,#1207,#1208),
(#1209,#1210,#1211,#1212),(#1213,#1214,#1215,#1216),(#1217,#1218,#1219,
#1220),(#1221,#1222,#1223,#1224),(#1225,#1226,#1227,#1228),(#1229,#1230,
#1231,#1232),(#1233,#1234,#1235,#1236),(#1237,#1238,#1239,#1240),(#1241,
#1242,#1243,#1244),(#1245,#1246,#1247,#1248),(#1249,#1250,#1251,#1252),
(#1253,#1254,#1255,#1256),(#1257,#1258,#1259,#1260),(#1261,#1262,#1263,
#1264),(#1265,#1266,#1267,#1268),(#1269,#1270,#1271,#1272),(#1273,#1274,
#1275,#1276),(#1277,#1278,#1279,#1280)),.UNSPECIFIED.,.F.,.F.,.F.,(4,1,
1,1,1,1,1,1,1,1,1,1,1,1,1,1,1,1,1,4),(4,4),(-66.8619945140167,-62.0861377630155,
-59.6982093875149,-57.3102810120143,-52.5344242610131,-47.7585675100119,
-46.1666152596782,-44.5746630093444,-41.390758508677,-38.2068540080095,
-36.6149017576758,-35.0229495073421,-28.6551405060071,-23.879283755006,
-22.6853195672557,-21.4913553795054,-19.1034270040048,-14.3275702530036,
-9.55171350200238,0.),(0.,1.00000000000003),.UNSPECIFIED.);
#139=B_SPLINE_SURFACE_WITH_KNOTS('',3,3,((#1283,#1284,#1285,#1286),(#1287,
#1288,#1289,#1290),(#1291,#1292,#1293,#1294),(#1295,#1296,#1297,#1298),
(#1299,#1300,#1301,#1302),(#1303,#1304,#1305,#1306),(#1307,#1308,#1309,
#1310),(#1311,#1312,#1313,#1314),(#1315,#1316,#1317,#1318),(#1319,#1320,
#1321,#1322),(#1323,#1324,#1325,#1326),(#1327,#1328,#1329,#1330),(#1331,
#1332,#1333,#1334),(#1335,#1336,#1337,#1338),(#1339,#1340,#1341,#1342),
(#1343,#1344,#1345,#1346),(#1347,#1348,#1349,#1350)),.UNSPECIFIED.,.F.,
 .F.,.F.,(4,1,1,1,1,1,1,1,1,1,1,1,1,1,4),(4,4),(0.,10.5162986431906,15.7744479647859,
21.0325972863812,24.5380301674447,27.1671048282424,29.7961794890401,31.5488959295718,
35.0543288106354,38.5597616916989,42.0651945727624,52.581493215953,57.8396425375483,
63.0977918591436,73.6140905023342),(0.,1.),.UNSPECIFIED.);
#140=B_SPLINE_SURFACE_WITH_KNOTS('',3,3,((#1351,#1352,#1353,#1354),(#1355,
#1356,#1357,#1358),(#1359,#1360,#1361,#1362),(#1363,#1364,#1365,#1366),
(#1367,#1368,#1369,#1370),(#1371,#1372,#1373,#1374),(#1375,#1376,#1377,
#1378),(#1379,#1380,#1381,#1382),(#1383,#1384,#1385,#1386),(#1387,#1388,
#1389,#1390),(#1391,#1392,#1393,#1394),(#1395,#1396,#1397,#1398),(#1399,
#1400,#1401,#1402),(#1403,#1404,#1405,#1406),(#1407,#1408,#1409,#1410),
(#1411,#1412,#1413,#1414),(#1415,#1416,#1417,#1418),(#1419,#1420,#1421,
#1422),(#1423,#1424,#1425,#1426),(#1427,#1428,#1429,#1430),(#1431,#1432,
#1433,#1434),(#1435,#1436,#1437,#1438),(#1439,#1440,#1441,#1442)),
 .UNSPECIFIED.,.F.,.F.,.F.,(4,1,1,1,1,1,1,1,1,1,1,1,1,1,1,1,1,1,1,1,4),
(4,4),(-57.3410158691489,-49.1494421735562,-45.0536553257599,-40.9578684779635,
-36.8620816301672,-34.814188206269,-32.7662947823708,-30.7184013584726,
-28.6705079345745,-26.6226145106763,-25.5986677987272,-24.5747210867781,
-20.4789342389818,-18.4310408150836,-16.3831473911854,-12.2873605433891,
-8.1915736955927,-6.14368027169453,-4.09578684779635,-2.04789342389818,
0.),(0.,1.00000000000006),.UNSPECIFIED.);
#141=B_SPLINE_SURFACE_WITH_KNOTS('',3,3,((#1444,#1445,#1446,#1447),(#1448,
#1449,#1450,#1451),(#1452,#1453,#1454,#1455),(#1456,#1457,#1458,#1459),
(#1460,#1461,#1462,#1463),(#1464,#1465,#1466,#1467),(#1468,#1469,#1470,
#1471),(#1472,#1473,#1474,#1475),(#1476,#1477,#1478,#1479),(#1480,#1481,
#1482,#1483),(#1484,#1485,#1486,#1487),(#1488,#1489,#1490,#1491),(#1492,
#1493,#1494,#1495),(#1496,#1497,#1498,#1499),(#1500,#1501,#1502,#1503),
(#1504,#1505,#1506,#1507)),.UNSPECIFIED.,.F.,.F.,.F.,(4,1,1,1,1,1,1,1,1,
1,1,1,1,4),(4,4),(-1.28158068225873E-14,10.5162986431906,15.7744479647859,
21.0325972863812,28.0434630485083,29.79617948904,31.5488959295718,35.0543288106354,
38.5597616916989,42.0651945727624,52.581493215953,57.8396425375483,63.0977918591437,
73.6140905023343),(0.,1.),.UNSPECIFIED.);
#142=B_SPLINE_SURFACE_WITH_KNOTS('',3,3,((#1509,#1510,#1511,#1512),(#1513,
#1514,#1515,#1516),(#1517,#1518,#1519,#1520),(#1521,#1522,#1523,#1524),
(#1525,#1526,#1527,#1528),(#1529,#1530,#1531,#1532),(#1533,#1534,#1535,
#1536),(#1537,#1538,#1539,#1540),(#1541,#1542,#1543,#1544),(#1545,#1546,
#1547,#1548),(#1549,#1550,#1551,#1552),(#1553,#1554,#1555,#1556),(#1557,
#1558,#1559,#1560),(#1561,#1562,#1563,#1564),(#1565,#1566,#1567,#1568),
(#1569,#1570,#1571,#1572),(#1573,#1574,#1575,#1576),(#1577,#1578,#1579,
#1580),(#1581,#1582,#1583,#1584),(#1585,#1586,#1587,#1588),(#1589,#1590,
#1591,#1592)),.UNSPECIFIED.,.F.,.F.,.F.,(4,1,1,1,1,1,1,1,1,1,1,1,1,1,1,
1,1,1,4),(4,4),(-71.7476266670169,-62.014534679969,-57.1479886864451,-54.7147156896831,
-53.4980791913021,-52.2814426929211,-47.4148966993972,-42.5483507058732,
-37.6818047123493,-32.8152587188253,-30.3819857220634,-29.1653492236824,
-27.9487127253014,-23.0821667317774,-18.2156207382535,-15.7823477414915,
-13.3490747447296,-8.48252875120562,-3.61598275768167),(0.,1.00000000000002),
 .UNSPECIFIED.);
#143=ADVANCED_FACE('',(#28),#133,.T.);
#144=ADVANCED_FACE('',(#29),#134,.F.);
#145=ADVANCED_FACE('',(#30),#135,.F.);
#146=ADVANCED_FACE('',(#31),#136,.T.);
#147=ADVANCED_FACE('',(#32),#137,.F.);
#148=ADVANCED_FACE('',(#33),#138,.F.);
#149=ADVANCED_FACE('',(#34),#139,.T.);
#150=ADVANCED_FACE('',(#35),#140,.F.);
#151=ADVANCED_FACE('',(#36),#141,.F.);
#152=ADVANCED_FACE('',(#37),#142,.F.);
#153=CLOSED_SHELL('',(#143,#144,#145,#146,#147,#148,#149,#150,#151,#152));
#154=DERIVED_UNIT_ELEMENT(#156,1.);
#155=DERIVED_UNIT_ELEMENT(#1598,-3.);
#156=(
MASS_UNIT()
NAMED_UNIT(*)
SI_UNIT(.KILO.,.GRAM.)
);
#157=DERIVED_UNIT((#154,#155));
#158=MEASURE_REPRESENTATION_ITEM('density measure',
POSITIVE_RATIO_MEASURE(7850.),#157);
#159=PROPERTY_DEFINITION_REPRESENTATION(#164,#161);
#160=PROPERTY_DEFINITION_REPRESENTATION(#165,#162);
#161=REPRESENTATION('material name',(#163),#1595);
#162=REPRESENTATION('density',(#158),#1595);
#163=DESCRIPTIVE_REPRESENTATION_ITEM('Steel','Steel');
#164=PROPERTY_DEFINITION('material property','material name',#1605);
#165=PROPERTY_DEFINITION('material property','density of part',#1605);
#166=AXIS2_PLACEMENT_3D('',#175,#167,#168);
#167=DIRECTION('axis',(0.,0.,1.));
#168=DIRECTION('refdir',(1.,0.,0.));
#169=DIRECTION('',(0.,-0.11498635425738,-0.9933670712957));
#170=DIRECTION('',(0.0476436595846854,-0.0638296208653811,-0.996822883566364));
#171=DIRECTION('',(0.213522851353708,0.167378540269144,-0.962492813587277));
#172=DIRECTION('',(0.,0.142405075519188,-0.98980846352533));
#173=DIRECTION('',(-0.0476436595846853,-0.0638296208653816,-0.996822883566364));
#174=DIRECTION('',(-0.213522851353709,0.167378540269144,-0.962492813587277));
#175=CARTESIAN_POINT('',(0.,0.,0.));
#176=CARTESIAN_POINT('Ctrl Pts',(-723.831057670068,-498.158723827524,-83.3335328226996));
#177=CARTESIAN_POINT('Ctrl Pts',(-685.678647990994,-498.272081352209,-73.5918142154691));
#178=CARTESIAN_POINT('Ctrl Pts',(-625.013776566708,-498.404907613148,-59.4538842710849));
#179=CARTESIAN_POINT('Ctrl Pts',(-534.485292681724,-498.513888805816,-42.0527147719965));
#180=CARTESIAN_POINT('Ctrl Pts',(-466.412422752714,-498.548560198444,-31.6835518086515));
#181=CARTESIAN_POINT('Ctrl Pts',(-404.420480685449,-498.560115438278,-24.548880594093));
#182=CARTESIAN_POINT('Ctrl Pts',(-340.610709211118,-498.564458365303,-18.7215228796338));
#183=CARTESIAN_POINT('Ctrl Pts',(-279.128824976012,-498.564609199352,-15.0847331991116));
#184=CARTESIAN_POINT('Ctrl Pts',(-223.572334259504,-498.565957933761,-13.0127877634625));
#185=CARTESIAN_POINT('Ctrl Pts',(-185.192732598463,-498.56698894661,-11.8520815332192));
#186=CARTESIAN_POINT('Ctrl Pts',(-137.273865388947,-498.568755180158,-10.8149444007281));
#187=CARTESIAN_POINT('Ctrl Pts',(-88.166002329937,-498.571015825361,-10.2496576287656));
#188=CARTESIAN_POINT('Ctrl Pts',(-42.261912813692,-498.573438825532,-9.95911836883856));
#189=CARTESIAN_POINT('Ctrl Pts',(-18.4010423204346,-498.574804267925,-9.89801898274625));
#190=CARTESIAN_POINT('Ctrl Pts',(0.0200169461668702,-498.57595048698,-9.89808481396622));
#191=CARTESIAN_POINT('Ctrl Pts',(-723.382694964639,-451.670582604014,-74.2289800211369));
#192=CARTESIAN_POINT('Ctrl Pts',(-684.308812814167,-451.778285984722,-64.8627670751584));
#193=CARTESIAN_POINT('Ctrl Pts',(-622.562901536878,-451.906263401207,-51.2291037279841));
#194=CARTESIAN_POINT('Ctrl Pts',(-531.200184228907,-452.007811093087,-34.3906088202051));
#195=CARTESIAN_POINT('Ctrl Pts',(-462.95685597419,-452.033232822954,-24.3317192427888));
#196=CARTESIAN_POINT('Ctrl Pts',(-401.097445053467,-452.032629572821,-17.4033662837176));
#197=CARTESIAN_POINT('Ctrl Pts',(-337.588296531954,-452.022846043597,-11.7412092665983));
#198=CARTESIAN_POINT('Ctrl Pts',(-276.578249042236,-452.008551186054,-8.20531292391733));
#199=CARTESIAN_POINT('Ctrl Pts',(-221.514173608977,-451.998322324587,-6.19190808833542));
#200=CARTESIAN_POINT('Ctrl Pts',(-183.485391369004,-451.99174815584,-5.06473525560738));
#201=CARTESIAN_POINT('Ctrl Pts',(-136.016642819179,-451.984784827959,-4.0592572200875));
#202=CARTESIAN_POINT('Ctrl Pts',(-87.3694146464929,-451.979259313235,-3.51573990862703));
#203=CARTESIAN_POINT('Ctrl Pts',(-41.8871494803349,-451.975034028018,-3.24165523753034));
#204=CARTESIAN_POINT('Ctrl Pts',(-18.2414792763217,-451.973171832022,-3.18779254243706));
#205=CARTESIAN_POINT('Ctrl Pts',(0.0168838790047309,-451.971942775935,-3.19300971420358));
#206=CARTESIAN_POINT('Ctrl Pts',(-722.464538201427,-360.666846523769,-57.2024879630303));
#207=CARTESIAN_POINT('Ctrl Pts',(-681.530474681658,-360.76381381114,-48.5929301125043));
#208=CARTESIAN_POINT('Ctrl Pts',(-617.488692409749,-360.88209449794,-35.9959943375435));
#209=CARTESIAN_POINT('Ctrl Pts',(-524.192221989351,-360.970746098084,-20.3271875422641));
#210=CARTESIAN_POINT('Ctrl Pts',(-455.452801556066,-360.980955349546,-10.9050726159334));
#211=CARTESIAN_POINT('Ctrl Pts',(-393.827370237695,-360.959721063534,-4.38083793770951));
#212=CARTESIAN_POINT('Ctrl Pts',(-330.968428463665,-360.92551565117,0.972977410113257));
#213=CARTESIAN_POINT('Ctrl Pts',(-271.050882929547,-360.885697440266,4.34157442925228));
#214=CARTESIAN_POINT('Ctrl Pts',(-217.111011239573,-360.85490510929,6.26606627031147));
#215=CARTESIAN_POINT('Ctrl Pts',(-179.873464584882,-360.834830327224,7.34399053041256));
#216=CARTESIAN_POINT('Ctrl Pts',(-133.402251864913,-360.812392749193,8.30497517187072));
#217=CARTESIAN_POINT('Ctrl Pts',(-85.73712076155,-360.793169356827,8.81739246775852));
#218=CARTESIAN_POINT('Ctrl Pts',(-41.1300838199481,-360.777324846821,9.06624140774053));
#219=CARTESIAN_POINT('Ctrl Pts',(-17.9215488576456,-360.769854706041,9.10818280309391));
#220=CARTESIAN_POINT('Ctrl Pts',(0.0112491924452281,-360.764517418919,9.09396425744083));
#221=CARTESIAN_POINT('Ctrl Pts',(-721.029434913468,-230.408428662027,-35.3872719178254));
#222=CARTESIAN_POINT('Ctrl Pts',(-677.266538275991,-230.494398210727,-27.9180107288496));
#223=CARTESIAN_POINT('Ctrl Pts',(-609.495714994643,-230.602229311473,-16.9291795940692));
#224=CARTESIAN_POINT('Ctrl Pts',(-512.736739531577,-230.679500340624,-3.10262387917027));
#225=CARTESIAN_POINT('Ctrl Pts',(-442.92470074608,-230.677341057754,5.3347403388366));
#226=CARTESIAN_POINT('Ctrl Pts',(-381.584529572444,-230.637067680754,11.2763809119435));
#227=CARTESIAN_POINT('Ctrl Pts',(-319.805623210235,-230.578508602977,16.2204923052577));
#228=CARTESIAN_POINT('Ctrl Pts',(-261.84531639054,-230.510877684246,19.4172557420779));
#229=CARTESIAN_POINT('Ctrl Pts',(-209.890408875694,-230.457215469472,21.2732765380959));
#230=CARTESIAN_POINT('Ctrl Pts',(-174.031705551979,-230.422162815528,22.318601743245));
#231=CARTESIAN_POINT('Ctrl Pts',(-129.265386173947,-230.382630588902,23.2569512763001));
#232=CARTESIAN_POINT('Ctrl Pts',(-83.2038685153845,-230.348619373747,23.7530895397447));
#233=CARTESIAN_POINT('Ctrl Pts',(-39.9774620231693,-230.320454979987,23.9839297672804));
#234=CARTESIAN_POINT('Ctrl Pts',(-17.4391101378992,-230.307137254357,24.0152017892912));
#235=CARTESIAN_POINT('Ctrl Pts',(0.00493783079275052,-230.297567540786,
23.9916044478374));
#236=CARTESIAN_POINT('Ctrl Pts',(-719.545654031185,-107.298582742094,-17.8439944046165));
#237=CARTESIAN_POINT('Ctrl Pts',(-672.930100848366,-107.379835444469,-11.5109120210856));
#238=CARTESIAN_POINT('Ctrl Pts',(-601.260367118217,-107.483699166695,-2.15085259961943));
#239=CARTESIAN_POINT('Ctrl Pts',(-500.708009851713,-107.559375025613,9.79639095928627));
#240=CARTESIAN_POINT('Ctrl Pts',(-429.631150329889,-107.555675295581,17.2430787217518));
#241=CARTESIAN_POINT('Ctrl Pts',(-368.538169294569,-107.509048870188,22.6275674281113));
#242=CARTESIAN_POINT('Ctrl Pts',(-307.901351998719,-107.43975262491,27.2052654537853));
#243=CARTESIAN_POINT('Ctrl Pts',(-252.087635300384,-107.356445818253,30.2880233668984));
#244=CARTESIAN_POINT('Ctrl Pts',(-202.296987338091,-107.28893302299,32.1226229829628));
#245=CARTESIAN_POINT('Ctrl Pts',(-167.932539421239,-107.244796071732,33.1654780867483));
#246=CARTESIAN_POINT('Ctrl Pts',(-124.996895704056,-107.194864334358,34.1139127820301));
#247=CARTESIAN_POINT('Ctrl Pts',(-80.6178585769499,-107.152156082111,34.6178373019937));
#248=CARTESIAN_POINT('Ctrl Pts',(-38.8131881516552,-107.116941277972,34.8476889750508));
#249=CARTESIAN_POINT('Ctrl Pts',(-16.9538723263053,-107.100368095345,34.8751451480643));
#250=CARTESIAN_POINT('Ctrl Pts',(0.00108367541463625,-107.088484715025,
34.8465101414621));
#251=CARTESIAN_POINT('Ctrl Pts',(-717.008261960265,84.1070978563859,3.19842359426567));
#252=CARTESIAN_POINT('Ctrl Pts',(-665.628432128594,84.0203748559801,7.65857062714463));
#253=CARTESIAN_POINT('Ctrl Pts',(-587.373203629831,83.9064642765678,14.3232577908005));
#254=CARTESIAN_POINT('Ctrl Pts',(-480.32830309336,83.8100357927237,23.1644432593514));
#255=CARTESIAN_POINT('Ctrl Pts',(-407.045258530963,83.7948268654745,28.9925077876351));
#256=CARTESIAN_POINT('Ctrl Pts',(-346.345325733128,83.8282254815747,33.4953353947723));
#257=CARTESIAN_POINT('Ctrl Pts',(-287.645195475852,83.8898232285519,37.5193948999642));
#258=CARTESIAN_POINT('Ctrl Pts',(-235.51176291161,83.9761293170794,40.4735415543227));
#259=CARTESIAN_POINT('Ctrl Pts',(-189.427874371534,84.0495804404197,42.32191270039));
#260=CARTESIAN_POINT('Ctrl Pts',(-157.618198219504,84.0977562775236,43.3927784282816));
#261=CARTESIAN_POINT('Ctrl Pts',(-117.80437948933,84.1525821968165,44.3941296141122));
#262=CARTESIAN_POINT('Ctrl Pts',(-76.2741432409931,84.1988886567099,44.9409011583959));
#263=CARTESIAN_POINT('Ctrl Pts',(-36.8625560498038,84.2367044625131,45.1928836278238));
#264=CARTESIAN_POINT('Ctrl Pts',(-16.1401707250978,84.2543200247894,45.224809164535));
#265=CARTESIAN_POINT('Ctrl Pts',(-0.000746396925897631,84.2668832328769,
45.1953599632285));
#266=CARTESIAN_POINT('Ctrl Pts',(-714.90649486494,213.271611637631,5.70653130905059));
#267=CARTESIAN_POINT('Ctrl Pts',(-659.748888615323,213.163907409978,8.71931129945028));
#268=CARTESIAN_POINT('Ctrl Pts',(-576.39959494278,213.020482931631,13.3385146262771));
#269=CARTESIAN_POINT('Ctrl Pts',(-464.494993847427,212.876135874232,19.8725202924848));
#270=CARTESIAN_POINT('Ctrl Pts',(-389.643519007389,212.816724195905,24.5237258077396));
#271=CARTESIAN_POINT('Ctrl Pts',(-329.299382958375,212.804476908633,28.4024265194345));
#272=CARTESIAN_POINT('Ctrl Pts',(-272.08926808055,212.819091482989,32.0503159196063));
#273=CARTESIAN_POINT('Ctrl Pts',(-222.721030580123,212.866527999611,34.9439012226693));
#274=CARTESIAN_POINT('Ctrl Pts',(-179.442701559832,212.913817180196,36.8353004288095));
#275=CARTESIAN_POINT('Ctrl Pts',(-149.574951356899,212.945426278331,37.9504564041391));
#276=CARTESIAN_POINT('Ctrl Pts',(-112.149829093456,212.982359138614,39.0216791588747));
#277=CARTESIAN_POINT('Ctrl Pts',(-72.8316955488518,213.013236814536,39.6336975862018));
#278=CARTESIAN_POINT('Ctrl Pts',(-35.3004706698903,213.038144886714,39.9338450312522));
#279=CARTESIAN_POINT('Ctrl Pts',(-15.4807480212742,213.049573554375,39.9856667525419));
#280=CARTESIAN_POINT('Ctrl Pts',(0.00592974303907744,213.057658089971,39.9682347961736));
#281=CARTESIAN_POINT('Ctrl Pts',(-713.333160818777,299.473028207789,1.23514656227441));
#282=CARTESIAN_POINT('Ctrl Pts',(-655.456606890162,299.342562718217,3.21530430350176));
#283=CARTESIAN_POINT('Ctrl Pts',(-568.927805266909,299.169821131596,6.47835831765462));
#284=CARTESIAN_POINT('Ctrl Pts',(-454.590076911026,298.984091086438,11.5685664780271));
#285=CARTESIAN_POINT('Ctrl Pts',(-379.25862664045,298.88855617091,15.4778916914316));
#286=CARTESIAN_POINT('Ctrl Pts',(-319.321656343154,298.835324702038,18.9095492061154));
#287=CARTESIAN_POINT('Ctrl Pts',(-263.011973498196,298.803135095385,22.235876178782));
#288=CARTESIAN_POINT('Ctrl Pts',(-215.049283544095,298.802115043175,24.9856827001925));
#289=CARTESIAN_POINT('Ctrl Pts',(-173.244803001175,298.811786243733,26.8317869357903));
#290=CARTESIAN_POINT('Ctrl Pts',(-144.428180565335,298.819360466196,27.9330951407575));
#291=CARTESIAN_POINT('Ctrl Pts',(-108.353782160433,298.829755596372,29.0120487966277));
#292=CARTESIAN_POINT('Ctrl Pts',(-70.4191862435397,298.838608255138,29.6560236943472));
#293=CARTESIAN_POINT('Ctrl Pts',(-34.1550428983127,298.845382323776,29.9933202137237));
#294=CARTESIAN_POINT('Ctrl Pts',(-14.9817255061834,298.848266811566,30.0667248892262));
#295=CARTESIAN_POINT('Ctrl Pts',(0.0163074408441163,298.850138485928,30.0663290522357));
#296=CARTESIAN_POINT('',(0.,298.850136457426,30.066329287043));
#297=CARTESIAN_POINT('',(-557.249840134338,263.839781855867,9.71957860828273));
#298=CARTESIAN_POINT('Ctrl Pts',(-4.44089209850063E-15,298.850136457426,
30.0663292870421));
#299=CARTESIAN_POINT('Ctrl Pts',(-13.6975218969411,298.848429849371,30.0665268339953));
#300=CARTESIAN_POINT('Ctrl Pts',(-34.3115034465183,298.836912024075,29.9991230685664));
#301=CARTESIAN_POINT('Ctrl Pts',(-61.7881949445995,298.794650406138,29.7408662178493));
#302=CARTESIAN_POINT('Ctrl Pts',(-82.3791831802239,298.744337040206,29.4546256516714));
#303=CARTESIAN_POINT('Ctrl Pts',(-102.836672958302,298.669149885311,29.0704631324202));
#304=CARTESIAN_POINT('Ctrl Pts',(-123.200029465114,298.559643995022,28.5829119676731));
#305=CARTESIAN_POINT('Ctrl Pts',(-140.195016200398,298.429077638537,28.0846436660929));
#306=CARTESIAN_POINT('Ctrl Pts',(-153.827751998964,298.292272705257,27.6293799642768));
#307=CARTESIAN_POINT('Ctrl Pts',(-167.249878394828,298.133822215197,27.1453710803075));
#308=CARTESIAN_POINT('Ctrl Pts',(-196.990606015807,297.692100111216,25.9598437111154));
#309=CARTESIAN_POINT('Ctrl Pts',(-229.069206202094,296.900360811784,24.3861425438037));
#310=CARTESIAN_POINT('Ctrl Pts',(-258.417897071863,295.716538266482,22.8525544439815));
#311=CARTESIAN_POINT('Ctrl Pts',(-271.61598698458,295.096715782624,22.1585199327634));
#312=CARTESIAN_POINT('Ctrl Pts',(-291.261279943742,294.085528613672,21.1250025634642));
#313=CARTESIAN_POINT('Ctrl Pts',(-313.941746530387,292.656061619846,19.9467157786313));
#314=CARTESIAN_POINT('Ctrl Pts',(-340.039467888363,290.640948605589,18.6542113408675));
#315=CARTESIAN_POINT('Ctrl Pts',(-359.836987402333,288.928389544487,17.7087173636013));
#316=CARTESIAN_POINT('Ctrl Pts',(-379.555602392796,287.042844797854,16.8042553139021));
#317=CARTESIAN_POINT('Ctrl Pts',(-445.127534776379,280.232191154674,13.9076196391566));
#318=CARTESIAN_POINT('Ctrl Pts',(-505.692379882854,271.788343492778,11.6748230571156));
#319=CARTESIAN_POINT('Ctrl Pts',(-557.249840134338,263.839781855867,9.71957860828184));
#320=CARTESIAN_POINT('',(0.,-498.575949244808,-9.89808463525328));
#321=CARTESIAN_POINT('Ctrl Pts',(2.35812151405355E-5,298.850136453644,30.0663294602267));
#322=CARTESIAN_POINT('Ctrl Pts',(2.34507441524523E-5,298.601129961297,30.0950690792725));
#323=CARTESIAN_POINT('Ctrl Pts',(2.33212896095678E-5,298.352119987026,30.123748209338));
#324=CARTESIAN_POINT('Ctrl Pts',(2.31941613096712E-5,298.103106817246,30.1523668983828));
#325=CARTESIAN_POINT('Ctrl Pts',(2.05638506664409E-5,292.950973116206,30.7444934611587));
#326=CARTESIAN_POINT('Ctrl Pts',(1.87330275730961E-5,287.788945550636,31.3117234548972));
#327=CARTESIAN_POINT('Ctrl Pts',(1.74415129545486E-5,282.618059960775,31.8544132681052));
#328=CARTESIAN_POINT('Ctrl Pts',(1.61431951832159E-5,277.419936332569,32.3999617417273));
#329=CARTESIAN_POINT('Ctrl Pts',(1.53898658684264E-5,272.212861141547,32.9207108346933));
#330=CARTESIAN_POINT('Ctrl Pts',(1.49601819128993E-5,266.997932654391,33.4170484836704));
#331=CARTESIAN_POINT('Ctrl Pts',(1.45280783184817E-5,261.753637830383,33.9161811122198));
#332=CARTESIAN_POINT('Ctrl Pts',(1.44232582238666E-5,256.501401044282,34.3906266075572));
#333=CARTESIAN_POINT('Ctrl Pts',(1.44642198984541E-5,251.242385155516,34.8408053680608));
#334=CARTESIAN_POINT('Ctrl Pts',(1.45066157022294E-5,245.79924329384,35.3067455569408));
#335=CARTESIAN_POINT('Ctrl Pts',(1.4704933043053E-5,240.348839127504,35.74668992309));
#336=CARTESIAN_POINT('Ctrl Pts',(1.49068420045462E-5,234.892512666299,36.161133137357));
#337=CARTESIAN_POINT('Ctrl Pts',(1.51050401337348E-5,229.536466610419,36.5679594075489));
#338=CARTESIAN_POINT('Ctrl Pts',(1.53068736318539E-5,224.17471418344,36.9502134025174));
#339=CARTESIAN_POINT('Ctrl Pts',(1.54144487120415E-5,218.808569892811,37.3083895174943));
#340=CARTESIAN_POINT('Ctrl Pts',(1.55227386441206E-5,213.406766801009,37.6689457643083));
#341=CARTESIAN_POINT('Ctrl Pts',(1.55354947985941E-5,208.000513323283,38.0051030885041));
#342=CARTESIAN_POINT('Ctrl Pts',(1.53992205047951E-5,202.591196673534,38.3173919167566));
#343=CARTESIAN_POINT('Ctrl Pts',(1.5261979645224E-5,197.143512844045,38.6318957459749));
#344=CARTESIAN_POINT('Ctrl Pts',(1.49735670186505E-5,191.692722279756,38.9221913142042));
#345=CARTESIAN_POINT('Ctrl Pts',(1.45264984781129E-5,186.240288115409,39.1888464563801));
#346=CARTESIAN_POINT('Ctrl Pts',(1.40733123785768E-5,180.71324438975,39.4591504318256));
#347=CARTESIAN_POINT('Ctrl Pts',(1.34570284622904E-5,175.184511777381,39.7051625776655));
#348=CARTESIAN_POINT('Ctrl Pts',(1.27188955056723E-5,169.655661322205,39.9275008744886));
#349=CARTESIAN_POINT('Ctrl Pts',(1.19765099889845E-5,164.094957840463,40.151120115286));
#350=CARTESIAN_POINT('Ctrl Pts',(1.11108640130304E-5,158.534135225913,40.3507919798175));
#351=CARTESIAN_POINT('Ctrl Pts',(1.02136606434143E-5,152.97483842275,40.5271714717602));
#352=CARTESIAN_POINT('Ctrl Pts',(9.3048031906535E-6,147.343330001392,40.7058420175863));
#353=CARTESIAN_POINT('Ctrl Pts',(8.36350270485997E-6,141.713387313589,40.8606111697246));
#354=CARTESIAN_POINT('Ctrl Pts',(7.53654635857193E-6,136.08676725014,40.9921863152998));
#355=CARTESIAN_POINT('Ctrl Pts',(6.74482655889355E-6,130.699897036861,41.1181550539945));
#356=CARTESIAN_POINT('Ctrl Pts',(6.05828482998397E-6,125.316072730372,41.2228644917848));
#357=CARTESIAN_POINT('Ctrl Pts',(5.64957017472681E-6,119.936875046775,41.3069573890897));
#358=CARTESIAN_POINT('Ctrl Pts',(5.24931599739716E-6,114.669028000838,41.3893095439477));
#359=CARTESIAN_POINT('Ctrl Pts',(5.5029628002739E-6,109.403378369702,41.4519287228748));
#360=CARTESIAN_POINT('Ctrl Pts',(6.12413536190109E-6,104.139810869939,41.4953905119962));
#361=CARTESIAN_POINT('Ctrl Pts',(6.74303319172515E-6,98.8955185364163,41.538693144194));
#362=CARTESIAN_POINT('Ctrl Pts',(7.7269514010769E-6,93.653293136849,41.5629784534534));
#363=CARTESIAN_POINT('Ctrl Pts',(8.84860248952842E-6,88.4129754657206,41.5687909038629));
#364=CARTESIAN_POINT('Ctrl Pts',(9.96660923460731E-6,83.1896840491663,41.5745844691081));
#365=CARTESIAN_POINT('Ctrl Pts',(1.12216229056251E-5,77.9682880052055,41.5620250335356));
#366=CARTESIAN_POINT('Ctrl Pts',(1.24416602540801E-5,72.7485843623481,41.5316268517767));
#367=CARTESIAN_POINT('Ctrl Pts',(1.36581776976585E-5,67.5439399800376,41.5013163711921));
#368=CARTESIAN_POINT('Ctrl Pts',(1.48400754636679E-5,62.340978265327,41.45326993973));
#369=CARTESIAN_POINT('Ctrl Pts',(1.58673216605366E-5,57.1394525815612,41.3879723722952));
#370=CARTESIAN_POINT('Ctrl Pts',(1.6890823283003E-5,51.9568877856404,41.3229128311489));
#371=CARTESIAN_POINT('Ctrl Pts',(1.77609511769571E-5,46.7757485773817,41.2407276996891));
#372=CARTESIAN_POINT('Ctrl Pts',(1.84068445316811E-5,41.5957456796826,41.1418715353351));
#373=CARTESIAN_POINT('Ctrl Pts',(1.90515247011069E-5,36.4254724119827,41.0432010530978));
#374=CARTESIAN_POINT('Ctrl Pts',(1.94729429697328E-5,31.2563312063237,40.9279221159739));
#375=CARTESIAN_POINT('Ctrl Pts',(1.96463054477272E-5,26.0879889795415,40.796461671207));
#376=CARTESIAN_POINT('Ctrl Pts',(1.98192571523641E-5,20.9318928703386,40.6653127151135));
#377=CARTESIAN_POINT('Ctrl Pts',(1.97454552104779E-5,15.7765919669354,40.5180588490351));
#378=CARTESIAN_POINT('Ctrl Pts',(1.94438343360263E-5,10.6217101078961,40.3550989159134));
#379=CARTESIAN_POINT('Ctrl Pts',(1.93577165980947E-5,9.1499062554207,40.308571165341));
#380=CARTESIAN_POINT('Ctrl Pts',(1.92532931516098E-5,7.67813627876178,40.2607629042027));
#381=CARTESIAN_POINT('Ctrl Pts',(1.91316357813779E-5,6.20639073917516,40.2116830382444));
#382=CARTESIAN_POINT('Ctrl Pts',(1.87691074111723E-5,1.82071716405502,40.0654293106713));
#383=CARTESIAN_POINT('Ctrl Pts',(1.82517998766378E-5,-2.56473578571077,
39.9078859310676));
#384=CARTESIAN_POINT('Ctrl Pts',(1.75893574733408E-5,-6.94986256572616,
39.7394936552531));
#385=CARTESIAN_POINT('Ctrl Pts',(1.69217320454959E-5,-11.3692990753624,
39.5697838591609));
#386=CARTESIAN_POINT('Ctrl Pts',(1.61067176976527E-5,-15.7884043411573,
39.3890547075121));
#387=CARTESIAN_POINT('Ctrl Pts',(1.51777258443704E-5,-20.2071168266472,
39.1977311725868));
#388=CARTESIAN_POINT('Ctrl Pts',(1.42414375310657E-5,-24.6605346315507,
39.0049049500771));
#389=CARTESIAN_POINT('Ctrl Pts',(1.31894006260404E-5,-29.1135535117689,
38.8013172413778));
#390=CARTESIAN_POINT('Ctrl Pts',(1.20792427700564E-5,-33.5661567695775,
38.5873770332082));
#391=CARTESIAN_POINT('Ctrl Pts',(1.09286789201769E-5,-38.1808197372592,
38.3656501245269));
#392=CARTESIAN_POINT('Ctrl Pts',(9.71559803378858E-6,-42.7950361010327,
38.1328035082753));
#393=CARTESIAN_POINT('Ctrl Pts',(8.52984603444092E-6,-47.408838089613,37.8892638712431));
#394=CARTESIAN_POINT('Ctrl Pts',(7.36333579272415E-6,-51.9477697345886,
37.6496762669056));
#395=CARTESIAN_POINT('Ctrl Pts',(6.22339940863236E-6,-56.48630058889,37.3997397282229));
#396=CARTESIAN_POINT('Ctrl Pts',(5.2193828863744E-6,-61.0245084421494,37.1398340111696));
#397=CARTESIAN_POINT('Ctrl Pts',(4.1905242642945E-6,-65.67500390224,36.8734975196976));
#398=CARTESIAN_POINT('Ctrl Pts',(3.30435512343586E-6,-70.3251601000169,
36.5966924609401));
#399=CARTESIAN_POINT('Ctrl Pts',(2.70332642129001E-6,-74.9751098119684,
36.3097999044885));
#400=CARTESIAN_POINT('Ctrl Pts',(2.10229771914416E-6,-79.6250595239199,
36.022907348037));
#401=CARTESIAN_POINT('Ctrl Pts',(1.78646899270399E-6,-84.2748028670669,
35.7259272267664));
#402=CARTESIAN_POINT('Ctrl Pts',(1.92246918702459E-6,-88.9245205056177,
35.4192137164141));
#403=CARTESIAN_POINT('Ctrl Pts',(2.09018534594199E-6,-94.6585770964542,
35.0409729796105));
#404=CARTESIAN_POINT('Ctrl Pts',(2.29933793974032E-6,-100.415150331207,
34.6464370929122));
#405=CARTESIAN_POINT('Ctrl Pts',(2.5617955737E-6,-106.192329554596,34.2360588232274));
#406=CARTESIAN_POINT('Ctrl Pts',(2.59654030470167E-6,-106.957125514374,
34.1817320262735));
#407=CARTESIAN_POINT('Ctrl Pts',(2.63220974399719E-6,-107.722282529817,
34.1271276265598));
#408=CARTESIAN_POINT('Ctrl Pts',(2.66882256738749E-6,-108.487796108615,
34.0722467071839));
#409=CARTESIAN_POINT('Ctrl Pts',(2.9585207295909E-6,-114.544905410936,33.6380026434885));
#410=CARTESIAN_POINT('Ctrl Pts',(3.30786002662941E-6,-120.624342033608,
33.1864442688367));
#411=CARTESIAN_POINT('Ctrl Pts',(3.72075507480566E-6,-126.723602058735,
32.7182322203629));
#412=CARTESIAN_POINT('Ctrl Pts',(4.14127010958114E-6,-132.935424052967,
32.2413793089126));
#413=CARTESIAN_POINT('Ctrl Pts',(4.62764760317464E-6,-139.167807764479,
31.7472524234099));
#414=CARTESIAN_POINT('Ctrl Pts',(5.1773339801494E-6,-145.418060308275,31.2365763094198));
#415=CARTESIAN_POINT('Ctrl Pts',(5.7381678904871E-6,-151.79506676426,30.7155437826519));
#416=CARTESIAN_POINT('Ctrl Pts',(6.36483618576548E-6,-158.190674020991,
30.1772840573264));
#417=CARTESIAN_POINT('Ctrl Pts',(7.0487150761662E-6,-164.601974663747,29.6225936170411));
#418=CARTESIAN_POINT('Ctrl Pts',(7.7561537015399E-6,-171.234145618622,29.0487940041397));
#419=CARTESIAN_POINT('Ctrl Pts',(8.52474122195017E-6,-177.883109799359,
28.4574121201552));
#420=CARTESIAN_POINT('Ctrl Pts',(9.33973308397734E-6,-184.545600047287,
27.8493573456025));
#421=CARTESIAN_POINT('Ctrl Pts',(1.01731337117416E-5,-191.358580414091,
27.2275680315757));
#422=CARTESIAN_POINT('Ctrl Pts',(1.10549614483533E-5,-198.185704592001,
26.5883442185182));
#423=CARTESIAN_POINT('Ctrl Pts',(1.1965421180159E-5,-205.023431016794,25.9326857470916));
#424=CARTESIAN_POINT('Ctrl Pts',(1.29095224743007E-5,-212.113811998095,
25.2528006409583));
#425=CARTESIAN_POINT('Ctrl Pts',(1.38842983449969E-5,-219.215593057764,
24.5552439835908));
#426=CARTESIAN_POINT('Ctrl Pts',(1.48650009879567E-5,-226.324776931429,
23.8411585325649));
#427=CARTESIAN_POINT('Ctrl Pts',(1.51032469201129E-5,-228.051838799783,
23.6676829585567));
#428=CARTESIAN_POINT('Ctrl Pts',(1.53418355748298E-5,-229.779337348889,
23.4932320286399));
#429=CARTESIAN_POINT('Ctrl Pts',(1.55804007633265E-5,-231.50721487679,23.3178223550157));
#430=CARTESIAN_POINT('Ctrl Pts',(1.65668578049027E-5,-238.651915911519,
22.5925107189725));
#431=CARTESIAN_POINT('Ctrl Pts',(1.75528168088565E-5,-245.803100447439,
21.850804510234));
#432=CARTESIAN_POINT('Ctrl Pts',(1.84986940840719E-5,-252.956840204354,
21.0938198384793));
#433=CARTESIAN_POINT('Ctrl Pts',(1.9473216564167E-5,-260.327225763386,20.3139104368665));
#434=CARTESIAN_POINT('Ctrl Pts',(2.04050315704365E-5,-267.700323458259,
19.5177832744837));
#435=CARTESIAN_POINT('Ctrl Pts',(2.12535519014609E-5,-275.071788237153,
18.706686189307));
#436=CARTESIAN_POINT('Ctrl Pts',(2.21506314442095E-5,-282.865107986197,
17.8491715538986));
#437=CARTESIAN_POINT('Ctrl Pts',(2.29543742011846E-5,-290.656602501571,
16.9749246089567));
#438=CARTESIAN_POINT('Ctrl Pts',(2.36229379769115E-5,-298.441085128594,
16.0854488900299));
#439=CARTESIAN_POINT('Ctrl Pts',(2.4317477355789E-5,-306.528017033896,15.1614145109934));
#440=CARTESIAN_POINT('Ctrl Pts',(2.48658514003304E-5,-314.607381263748,
14.2209451967639));
#441=CARTESIAN_POINT('Ctrl Pts',(2.52315958713272E-5,-322.673311537559,
13.265755116199));
#442=CARTESIAN_POINT('Ctrl Pts',(2.56253995583556E-5,-331.358044549333,
12.23728468023));
#443=CARTESIAN_POINT('Ctrl Pts',(2.58069869711749E-5,-340.027203047583,
11.1917482710829));
#444=CARTESIAN_POINT('Ctrl Pts',(2.57489419068873E-5,-348.673410148321,
10.1313157119277));
#445=CARTESIAN_POINT('Ctrl Pts',(2.57194765637517E-5,-353.062473407549,
9.59300966280695));
#446=CARTESIAN_POINT('Ctrl Pts',(2.56285876858645E-5,-357.445621582033,
9.05086551918762));
#447=CARTESIAN_POINT('Ctrl Pts',(2.547490707627E-5,-361.821885350842,8.5051695281262));
#448=CARTESIAN_POINT('Ctrl Pts',(2.52222165686792E-5,-369.017590119268,
7.6079047716053));
#449=CARTESIAN_POINT('Ctrl Pts',(2.47993750638524E-5,-376.194685626052,
6.70103533508378));
#450=CARTESIAN_POINT('Ctrl Pts',(2.4257735876658E-5,-383.349235321156,5.78560700106818));
#451=CARTESIAN_POINT('Ctrl Pts',(2.3706017006917E-5,-390.636928244068,4.85314292218928));
#452=CARTESIAN_POINT('Ctrl Pts',(2.30309104336984E-5,-397.901228288393,
3.91179848383085));
#453=CARTESIAN_POINT('Ctrl Pts',(2.22972078233264E-5,-405.137927956833,
2.96270682612174));
#454=CARTESIAN_POINT('Ctrl Pts',(2.15484119658007E-5,-412.523496247421,
1.9940910795533));
#455=CARTESIAN_POINT('Ctrl Pts',(2.07384442899902E-5,-419.880316791125,
1.01740615842475));
#456=CARTESIAN_POINT('Ctrl Pts',(1.99490974452533E-5,-427.203870454866,
0.0338844335506501));
#457=CARTESIAN_POINT('Ctrl Pts',(1.91324569577115E-5,-434.780654316578,
-0.983645016607358));
#458=CARTESIAN_POINT('Ctrl Pts',(1.83376935123141E-5,-442.321830877647,
-2.00849221976792));
#459=CARTESIAN_POINT('Ctrl Pts',(1.76717137730532E-5,-449.822347951638,
-3.03926358082714));
#460=CARTESIAN_POINT('Ctrl Pts',(1.69592289514888E-5,-457.8466229469,-4.14201326818695));
#461=CARTESIAN_POINT('Ctrl Pts',(1.63937665429843E-5,-465.824361862538,
-5.25154347945379));
#462=CARTESIAN_POINT('Ctrl Pts',(1.61292629989886E-5,-473.749323724795,
-6.36611430483649));
#463=CARTESIAN_POINT('Ctrl Pts',(1.58647594549929E-5,-481.674285587052,
-7.48068513021918));
#464=CARTESIAN_POINT('Ctrl Pts',(1.59010935384989E-5,-489.546469892139,
-8.60029629359292));
#465=CARTESIAN_POINT('Ctrl Pts',(1.64179160045192E-5,-497.359586446442,
-9.72317729320364));
#466=CARTESIAN_POINT('Ctrl Pts',(1.6444736437553E-5,-497.76504593182,-9.78144888675772));
#467=CARTESIAN_POINT('Ctrl Pts',(1.64743962489721E-5,-498.170500274175,
-9.83975140375376));
#468=CARTESIAN_POINT('Ctrl Pts',(1.65019993616511E-5,-498.575949242522,
-9.89808476052274));
#469=CARTESIAN_POINT('',(-687.864771486463,-429.741470365902,-62.2048662815665));
#470=CARTESIAN_POINT('Ctrl Pts',(-687.864771486463,-429.741470365902,-62.2048662815667));
#471=CARTESIAN_POINT('Ctrl Pts',(-671.82837091756,-432.774389935174,-59.1747217615323));
#472=CARTESIAN_POINT('Ctrl Pts',(-647.654554461699,-437.260452441432,-54.7183566058907));
#473=CARTESIAN_POINT('Ctrl Pts',(-615.642789597379,-442.994260734496,-49.1119792503283));
#474=CARTESIAN_POINT('Ctrl Pts',(-583.862011608094,-448.533608866736,-43.763810461713));
#475=CARTESIAN_POINT('Ctrl Pts',(-543.811865701396,-455.189671432822,-37.4823932283955));
#476=CARTESIAN_POINT('Ctrl Pts',(-506.171763445293,-460.902455203216,-32.274723295017));
#477=CARTESIAN_POINT('Ctrl Pts',(-479.116379940197,-464.673485210351,-28.9086929050734));
#478=CARTESIAN_POINT('Ctrl Pts',(-457.424267953193,-467.554348848898,-26.3646591557658));
#479=CARTESIAN_POINT('Ctrl Pts',(-430.63350505221,-470.836634885319,-23.5130766784984));
#480=CARTESIAN_POINT('Ctrl Pts',(-403.838162417078,-473.756323931758,-21.0432691657897));
#481=CARTESIAN_POINT('Ctrl Pts',(-382.18674418763,-475.914299992099,-19.2776046882276));
#482=CARTESIAN_POINT('Ctrl Pts',(-349.463433016279,-478.986616595576,-16.8339940353464));
#483=CARTESIAN_POINT('Ctrl Pts',(-305.616383651358,-482.524916151228,-14.300320433989));
#484=CARTESIAN_POINT('Ctrl Pts',(-263.186964888273,-485.414865537837,-12.6597151811943));
#485=CARTESIAN_POINT('Ctrl Pts',(-238.672782469679,-486.95968595638,-11.9097024153792));
#486=CARTESIAN_POINT('Ctrl Pts',(-222.389501006306,-487.954819278105,-11.4612479084573));
#487=CARTESIAN_POINT('Ctrl Pts',(-193.385897000889,-489.649615970822,-10.7869306881184));
#488=CARTESIAN_POINT('Ctrl Pts',(-150.938840648326,-491.924126177372,-10.1278739272515));
#489=CARTESIAN_POINT('Ctrl Pts',(-82.326948212141,-495.237159095851,-9.62102095588856));
#490=CARTESIAN_POINT('Ctrl Pts',(-31.7861308674327,-497.343481757917,-9.72076787952423));
#491=CARTESIAN_POINT('Ctrl Pts',(-2.74718409951011E-15,-498.575949244808,
-9.89808463525352));
#492=CARTESIAN_POINT('Ctrl Pts',(-687.864771486463,-429.741470365902,-62.2048662815665));
#493=CARTESIAN_POINT('Ctrl Pts',(-697.734357457381,-396.296262623808,-58.5782128007273));
#494=CARTESIAN_POINT('Ctrl Pts',(-709.362812110296,-345.260896011486,-52.2212311571406));
#495=CARTESIAN_POINT('Ctrl Pts',(-717.678862087447,-276.277804060918,-42.4656863680555));
#496=CARTESIAN_POINT('Ctrl Pts',(-719.824337734739,-230.303616736985,-35.6383479717034));
#497=CARTESIAN_POINT('Ctrl Pts',(-719.203661029911,-192.982583685449,-29.9970137391173));
#498=CARTESIAN_POINT('Ctrl Pts',(-717.428003834762,-164.252986233178,-25.6561489323257));
#499=CARTESIAN_POINT('Ctrl Pts',(-715.104118430688,-141.243700526345,-22.205833859155));
#500=CARTESIAN_POINT('Ctrl Pts',(-711.673448905358,-115.564468856661,-18.4091531830622));
#501=CARTESIAN_POINT('Ctrl Pts',(-706.794619857837,-87.2733597128231,-14.3169185680669));
#502=CARTESIAN_POINT('Ctrl Pts',(-699.280996546987,-53.5486615142037,-9.66927738889116));
#503=CARTESIAN_POINT('Ctrl Pts',(-684.091304259311,2.33448994718918,-2.46148865035326));
#504=CARTESIAN_POINT('Ctrl Pts',(-662.179660134329,62.2871217273654,3.87990477319149));
#505=CARTESIAN_POINT('Ctrl Pts',(-633.405064844576,126.082574164865,8.26665451149261));
#506=CARTESIAN_POINT('Ctrl Pts',(-601.906876768617,188.571139423912,10.8663597339241));
#507=CARTESIAN_POINT('Ctrl Pts',(-575.663283913381,234.073184326911,10.7455450105422));
#508=CARTESIAN_POINT('Ctrl Pts',(-557.249840134338,263.839781855867,9.71957860828312));
#509=CARTESIAN_POINT('Ctrl Pts',(723.831057670017,-498.158723827524,-83.3335328226865));
#510=CARTESIAN_POINT('Ctrl Pts',(685.678647670575,-498.272081359956,-73.5918141383535));
#511=CARTESIAN_POINT('Ctrl Pts',(625.013777025333,-498.404907602058,-59.4538843814645));
#512=CARTESIAN_POINT('Ctrl Pts',(534.485292056446,-498.513888820934,-42.0527146215117));
#513=CARTESIAN_POINT('Ctrl Pts',(466.41242367283,-498.548560176197,-31.6835520301037));
#514=CARTESIAN_POINT('Ctrl Pts',(404.420479451818,-498.560115468103,-24.5488802971944));
#515=CARTESIAN_POINT('Ctrl Pts',(340.610713175595,-498.564458269445,-18.7215238338157));
#516=CARTESIAN_POINT('Ctrl Pts',(279.12881741984,-498.564609382086,-15.0847313802769));
#517=CARTESIAN_POINT('Ctrl Pts',(223.572343909213,-498.565957700292,-13.0127900869155));
#518=CARTESIAN_POINT('Ctrl Pts',(185.19270495489,-498.566989617241,-11.852074865649));
#519=CARTESIAN_POINT('Ctrl Pts',(137.273935278788,-498.568753450323,-10.8149614784263));
#520=CARTESIAN_POINT('Ctrl Pts',(77.253022201298,-498.571521320717,-10.124007822245));
#521=CARTESIAN_POINT('Ctrl Pts',(30.4483138506236,-498.57409993808,-9.91834701084917));
#522=CARTESIAN_POINT('Ctrl Pts',(6.11997286865809,-498.575567191427,-9.89803246800821));
#523=CARTESIAN_POINT('Ctrl Pts',(-0.0200169462108431,-498.57595048698,-9.89808481396622));
#524=CARTESIAN_POINT('Ctrl Pts',(723.382694964587,-451.670582604014,-74.2289800211243));
#525=CARTESIAN_POINT('Ctrl Pts',(684.308812493474,-451.778285994333,-64.8627669977442));
#526=CARTESIAN_POINT('Ctrl Pts',(622.562901995896,-451.906263387445,-51.229103838792));
#527=CARTESIAN_POINT('Ctrl Pts',(531.20018360309,-452.007811111846,-34.3906086691373));
#528=CARTESIAN_POINT('Ctrl Pts',(462.956856895102,-452.033232795346,-24.3317194650999));
#529=CARTESIAN_POINT('Ctrl Pts',(401.097443818769,-452.032629609835,-17.4033659856678));
#530=CARTESIAN_POINT('Ctrl Pts',(337.588300499861,-452.022845924637,-11.7412102244808));
#531=CARTESIAN_POINT('Ctrl Pts',(276.57824147953,-452.008551412827,-8.20531109802833));
#532=CARTESIAN_POINT('Ctrl Pts',(221.514183267035,-451.998322034854,-6.19191042080161));
#533=CARTESIAN_POINT('Ctrl Pts',(183.485363701455,-451.99174898804,-5.06472856214462));
#534=CARTESIAN_POINT('Ctrl Pts',(136.016712770795,-451.984782682266,-4.05927436462417));
#535=CARTESIAN_POINT('Ctrl Pts',(76.5587977142106,-451.978035300398,-3.39492763887582));
#536=CARTESIAN_POINT('Ctrl Pts',(30.1808625276265,-451.974072332019,-3.20456337750577));
#537=CARTESIAN_POINT('Ctrl Pts',(6.0688738832504,-451.972351244531,-3.19124031135234));
#538=CARTESIAN_POINT('Ctrl Pts',(-0.0168838790483024,-451.971942775935,
-3.19300971420361));
#539=CARTESIAN_POINT('Ctrl Pts',(722.464538201373,-360.66684652377,-57.2024879630187));
#540=CARTESIAN_POINT('Ctrl Pts',(681.53047439658,-360.763813823741,-48.5929300368776));
#541=CARTESIAN_POINT('Ctrl Pts',(617.48869281777,-360.882094479899,-35.9959944457943));
#542=CARTESIAN_POINT('Ctrl Pts',(524.192221433045,-360.970746122677,-20.3271873946832));
#543=CARTESIAN_POINT('Ctrl Pts',(455.452802374674,-360.980955313352,-10.9050728331134));
#544=CARTESIAN_POINT('Ctrl Pts',(393.827369140149,-360.959721112057,-4.38083764653933));
#545=CARTESIAN_POINT('Ctrl Pts',(330.968431990774,-360.925515495222,0.972976474339385));
#546=CARTESIAN_POINT('Ctrl Pts',(271.050876207199,-360.885697737545,4.34157621300768));
#547=CARTESIAN_POINT('Ctrl Pts',(217.111019823742,-360.854904729478,6.26606399163906));
#548=CARTESIAN_POINT('Ctrl Pts',(179.873440005666,-360.834831418088,7.34399707001256));
#549=CARTESIAN_POINT('Ctrl Pts',(133.402313782089,-360.812389937866,8.30495841183856));
#550=CARTESIAN_POINT('Ctrl Pts',(75.1447623853372,-360.788902570638,8.93129296792303));
#551=CARTESIAN_POINT('Ctrl Pts',(29.6429137916094,-360.773539187822,9.09738766927363));
#552=CARTESIAN_POINT('Ctrl Pts',(5.96596005213951,-360.766295381781,9.09873049655028));
#553=CARTESIAN_POINT('Ctrl Pts',(-0.0112491924880047,-360.764517418919,
9.09396425744082));
#554=CARTESIAN_POINT('Ctrl Pts',(721.029434913408,-230.408428662026,-35.3872719178154));
#555=CARTESIAN_POINT('Ctrl Pts',(677.266538125169,-230.494398224534,-27.9180106614651));
#556=CARTESIAN_POINT('Ctrl Pts',(609.495715210443,-230.602229291706,-16.9291796905227));
#557=CARTESIAN_POINT('Ctrl Pts',(512.736739237298,-230.679500367569,-3.10262374767331));
#558=CARTESIAN_POINT('Ctrl Pts',(442.924701179062,-230.677341018099,5.33474014532559));
#559=CARTESIAN_POINT('Ctrl Pts',(381.584528991888,-230.637067733917,11.2763811713814));
#560=CARTESIAN_POINT('Ctrl Pts',(319.805625075739,-230.578508432115,16.2204914714629));
#561=CARTESIAN_POINT('Ctrl Pts',(261.845312835938,-230.510878009954,19.4172573314752));
#562=CARTESIAN_POINT('Ctrl Pts',(209.890413411845,-230.457215053343,21.2732745076073));
#563=CARTESIAN_POINT('Ctrl Pts',(174.031692613736,-230.422164010647,22.3186075723263));
#564=CARTESIAN_POINT('Ctrl Pts',(129.265417815729,-230.382627509828,23.2569363042499));
#565=CARTESIAN_POINT('Ctrl Pts',(72.9679242830864,-230.341066886383,23.8633693889371));
#566=CARTESIAN_POINT('Ctrl Pts',(28.8286227423818,-230.313711914518,24.0100519595842));
#567=CARTESIAN_POINT('Ctrl Pts',(5.80925669392226,-230.300756707595,23.9994840675087));
#568=CARTESIAN_POINT('Ctrl Pts',(-0.00493783083435597,-230.297567540786,
23.9916044478373));
#569=CARTESIAN_POINT('Ctrl Pts',(719.545654031125,-107.298582742094,-17.843994404608));
#570=CARTESIAN_POINT('Ctrl Pts',(672.930100885076,-107.379835455514,-11.5109119670934));
#571=CARTESIAN_POINT('Ctrl Pts',(601.260367065521,-107.483699150883,-2.15085267690218));
#572=CARTESIAN_POINT('Ctrl Pts',(500.708009923427,-107.559375047169,9.79639106464849));
#573=CARTESIAN_POINT('Ctrl Pts',(429.631150224234,-107.555675263858,17.2430785667017));
#574=CARTESIAN_POINT('Ctrl Pts',(368.538169436132,-107.509048912717,22.6275676359864));
#575=CARTESIAN_POINT('Ctrl Pts',(307.901351543351,-107.439752488225,27.2052647857018));
#576=CARTESIAN_POINT('Ctrl Pts',(252.087636170369,-107.356446078811,30.2880246404617));
#577=CARTESIAN_POINT('Ctrl Pts',(202.296986220154,-107.288932690099,32.1226213558118));
#578=CARTESIAN_POINT('Ctrl Pts',(167.932542741925,-107.244797027764,33.1654827604974));
#579=CARTESIAN_POINT('Ctrl Pts',(124.996885072456,-107.194861871698,34.1139007291572));
#580=CARTESIAN_POINT('Ctrl Pts',(70.755876500515,-107.142669807371,34.7298423489324));
#581=CARTESIAN_POINT('Ctrl Pts',(28.0085637228526,-107.108539905125,34.8723915071444));
#582=CARTESIAN_POINT('Ctrl Pts',(5.64994681104954,-107.092445823445,34.8560518579882));
#583=CARTESIAN_POINT('Ctrl Pts',(-0.00108367545508293,-107.088484715025,
34.8465101414621));
#584=CARTESIAN_POINT('Ctrl Pts',(717.008261960193,84.107097856386,3.19842359427165));
#585=CARTESIAN_POINT('Ctrl Pts',(665.628432515696,84.020374855803,7.65857065396571));
#586=CARTESIAN_POINT('Ctrl Pts',(587.373203075465,83.9064642768216,14.3232577524134));
#587=CARTESIAN_POINT('Ctrl Pts',(480.328303848914,83.8100357923777,23.1644433116893));
#588=CARTESIAN_POINT('Ctrl Pts',(407.045257418895,83.7948268659838,28.9925077106183));
#589=CARTESIAN_POINT('Ctrl Pts',(346.345327223934,83.8282254808919,33.495335498032));
#590=CARTESIAN_POINT('Ctrl Pts',(287.645190684042,83.8898232307477,37.5193945680934));
#591=CARTESIAN_POINT('Ctrl Pts',(235.511772048704,83.9761293128942,40.4735421870759));
#592=CARTESIAN_POINT('Ctrl Pts',(189.427862689307,84.0495804457654,42.3219118916287));
#593=CARTESIAN_POINT('Ctrl Pts',(157.618231917807,84.0977562622032,43.3927807571322));
#594=CARTESIAN_POINT('Ctrl Pts',(117.804289896678,84.1525822359111,44.3941234988821));
#595=CARTESIAN_POINT('Ctrl Pts',(67.0453728889997,84.2091789043594,45.0624173880518));
#596=CARTESIAN_POINT('Ctrl Pts',(26.6350460785281,84.2456573101077,45.2207532665764));
#597=CARTESIAN_POINT('Ctrl Pts',(5.37968992687699,84.2626938837829,45.2051424484507));
#598=CARTESIAN_POINT('Ctrl Pts',(0.000746396887368368,84.2668832328768,
45.1953599632283));
#599=CARTESIAN_POINT('Ctrl Pts',(714.906494864869,213.27161163763,5.70653130905463));
#600=CARTESIAN_POINT('Ctrl Pts',(659.748889256253,213.163907425163,8.7193112995269));
#601=CARTESIAN_POINT('Ctrl Pts',(576.399594024997,213.020482909889,13.3385146261764));
#602=CARTESIAN_POINT('Ctrl Pts',(464.494995098367,212.876135903869,19.87252029263));
#603=CARTESIAN_POINT('Ctrl Pts',(389.643517166253,212.816724152289,24.5237258075329));
#604=CARTESIAN_POINT('Ctrl Pts',(329.299385426602,212.804476967107,28.4024265197189));
#605=CARTESIAN_POINT('Ctrl Pts',(272.089260147332,212.819091295058,32.0503159186811));
#606=CARTESIAN_POINT('Ctrl Pts',(222.721045706054,212.866528357859,34.9439012246199));
#607=CARTESIAN_POINT('Ctrl Pts',(179.442682224758,212.913816722495,36.8353004257559));
#608=CARTESIAN_POINT('Ctrl Pts',(149.575007059009,212.94542759283,37.9504564227182));
#609=CARTESIAN_POINT('Ctrl Pts',(112.14968234301,212.982355752654,39.0216789257837));
#610=CARTESIAN_POINT('Ctrl Pts',(64.0946083073075,213.020104620116,39.7697027367313));
#611=CARTESIAN_POINT('Ctrl Pts',(25.5299559150152,213.043978647925,39.9723069169753));
#612=CARTESIAN_POINT('Ctrl Pts',(5.15526550437063,213.05496009708,39.9739920176945));
#613=CARTESIAN_POINT('Ctrl Pts',(-0.00592974307606579,213.057658089971,
39.9682347961737));
#614=CARTESIAN_POINT('Ctrl Pts',(713.333160818699,299.473028207789,1.23514656227706));
#615=CARTESIAN_POINT('Ctrl Pts',(655.456607538742,299.342562732656,3.21530430090615));
#616=CARTESIAN_POINT('Ctrl Pts',(568.927804338168,299.169821110923,6.4783583213771));
#617=CARTESIAN_POINT('Ctrl Pts',(454.590078176898,298.984091114619,11.5685664729588));
#618=CARTESIAN_POINT('Ctrl Pts',(379.258624777339,298.888556129436,15.4778916988963));
#619=CARTESIAN_POINT('Ctrl Pts',(319.321658840843,298.83532475764,18.9095491961145));
#620=CARTESIAN_POINT('Ctrl Pts',(263.011965470294,298.803134916682,22.2358762109122));
#621=CARTESIAN_POINT('Ctrl Pts',(215.049298850522,298.80211538383,24.9856826391306));
#622=CARTESIAN_POINT('Ctrl Pts',(173.244783435495,298.811785808511,26.8317870132413));
#623=CARTESIAN_POINT('Ctrl Pts',(144.428236929827,298.81936171609,27.9330949281424));
#624=CARTESIAN_POINT('Ctrl Pts',(108.353633702103,298.829752377588,29.0120491588689));
#625=CARTESIAN_POINT('Ctrl Pts',(61.9895548929073,298.840581311005,29.7991292101262));
#626=CARTESIAN_POINT('Ctrl Pts',(24.7068826907679,298.846899568451,30.0423831184252));
#627=CARTESIAN_POINT('Ctrl Pts',(4.98200481275575,298.849512298055,30.0664078961352));
#628=CARTESIAN_POINT('Ctrl Pts',(-0.0163074408799402,298.850138485928,30.0663290522357));
#629=CARTESIAN_POINT('',(557.249840134338,263.839781855867,9.71957860828272));
#630=CARTESIAN_POINT('Ctrl Pts',(557.249840134337,263.839781855867,9.71957860828219));
#631=CARTESIAN_POINT('Ctrl Pts',(531.308699719255,267.839101304794,10.703360015388));
#632=CARTESIAN_POINT('Ctrl Pts',(491.714714948341,273.641804725888,12.1843491249922));
#633=CARTESIAN_POINT('Ctrl Pts',(438.922196326776,280.475590399679,14.2635686044469));
#634=CARTESIAN_POINT('Ctrl Pts',(399.685202892391,285.025662913804,15.9001981263578));
#635=CARTESIAN_POINT('Ctrl Pts',(366.915232754699,288.311048277045,17.3717099417252));
#636=CARTESIAN_POINT('Ctrl Pts',(340.586999955737,290.596646214901,18.6273997185288));
#637=CARTESIAN_POINT('Ctrl Pts',(320.668565826411,292.13885262024,19.6133961818231));
#638=CARTESIAN_POINT('Ctrl Pts',(300.82016914951,293.483949829207,20.627959985146));
#639=CARTESIAN_POINT('Ctrl Pts',(281.118552062879,294.631136797661,21.6575368407237));
#640=CARTESIAN_POINT('Ctrl Pts',(264.633939856758,295.438909058143,22.5265137293622));
#641=CARTESIAN_POINT('Ctrl Pts',(251.363886456544,296.001340727968,23.2210834458772));
#642=CARTESIAN_POINT('Ctrl Pts',(231.570692917886,296.757031730727,24.2467454194185));
#643=CARTESIAN_POINT('Ctrl Pts',(208.656883465245,297.403928343439,25.3870899635681));
#644=CARTESIAN_POINT('Ctrl Pts',(182.198181080921,297.916208881061,26.5533151492115));
#645=CARTESIAN_POINT('Ctrl Pts',(155.403015145736,298.301714868074,27.610019657785));
#646=CARTESIAN_POINT('Ctrl Pts',(122.368754829814,298.586080864426,28.6567885442081));
#647=CARTESIAN_POINT('Ctrl Pts',(88.8544073126256,298.728740482596,29.3658172986043));
#648=CARTESIAN_POINT('Ctrl Pts',(61.4737389584563,298.795235270754,29.7444164555886));
#649=CARTESIAN_POINT('Ctrl Pts',(40.9878655934059,298.826584189346,29.9357471484651));
#650=CARTESIAN_POINT('Ctrl Pts',(20.461537500555,298.844540891433,30.0443870952228));
#651=CARTESIAN_POINT('Ctrl Pts',(6.81528143885689,298.849287324694,30.0664275776744));
#652=CARTESIAN_POINT('Ctrl Pts',(8.88178419700125E-15,298.850136457426,
30.0663292870424));
#653=CARTESIAN_POINT('',(687.864771486463,-429.741470365902,-62.2048662815665));
#654=CARTESIAN_POINT('Ctrl Pts',(687.864771486463,-429.741470365902,-62.2048662815665));
#655=CARTESIAN_POINT('Ctrl Pts',(697.734357457381,-396.296262623807,-58.5782128007272));
#656=CARTESIAN_POINT('Ctrl Pts',(709.363144258589,-345.26471410824,-52.2214669540658));
#657=CARTESIAN_POINT('Ctrl Pts',(717.678458110395,-276.273306638191,-42.4654015167758));
#658=CARTESIAN_POINT('Ctrl Pts',(720.361627315935,-218.818811693824,-33.9322070438254));
#659=CARTESIAN_POINT('Ctrl Pts',(718.430962061725,-172.875951344985,-26.9405447145764));
#660=CARTESIAN_POINT('Ctrl Pts',(714.721679786218,-138.382228099386,-21.7829077080313));
#661=CARTESIAN_POINT('Ctrl Pts',(711.674370807104,-115.57122392689,-18.4099499861354));
#662=CARTESIAN_POINT('Ctrl Pts',(706.794025056761,-87.2683886439868,-14.3165960405909));
#663=CARTESIAN_POINT('Ctrl Pts',(699.281295504426,-53.5506263862069,-9.66935219093177));
#664=CARTESIAN_POINT('Ctrl Pts',(684.090891312267,2.33691129683376,-2.46150229083784));
#665=CARTESIAN_POINT('Ctrl Pts',(662.180214103478,62.2859567867255,3.87976822330853));
#666=CARTESIAN_POINT('Ctrl Pts',(633.404438101578,126.082259327817,8.26687735699172));
#667=CARTESIAN_POINT('Ctrl Pts',(601.907216014654,188.571476715448,10.8663408821827));
#668=CARTESIAN_POINT('Ctrl Pts',(575.663283913381,234.073184326911,10.7455450105422));
#669=CARTESIAN_POINT('Ctrl Pts',(557.249840134338,263.839781855867,9.71957860828312));
#670=CARTESIAN_POINT('Ctrl Pts',(-8.88174671661827E-15,-498.575949244808,
-9.89808463525349));
#671=CARTESIAN_POINT('Ctrl Pts',(32.2069476717038,-497.327165112416,-9.71842038178057));
#672=CARTESIAN_POINT('Ctrl Pts',(82.6798960311256,-495.219360662021,-9.62465435169528));
#673=CARTESIAN_POINT('Ctrl Pts',(141.739483969807,-492.368173740725,-10.0601220109688));
#674=CARTESIAN_POINT('Ctrl Pts',(170.847746883333,-490.850746803891,-10.4471782236194));
#675=CARTESIAN_POINT('Ctrl Pts',(187.314565974631,-489.957243510972,-10.7208046343546));
#676=CARTESIAN_POINT('Ctrl Pts',(211.731924834444,-488.596259561382,-11.1836976888452));
#677=CARTESIAN_POINT('Ctrl Pts',(248.834750441336,-486.384065830993,-12.1168470719636));
#678=CARTESIAN_POINT('Ctrl Pts',(298.706843330774,-483.005094071761,-14.019615487239));
#679=CARTESIAN_POINT('Ctrl Pts',(348.397274246772,-479.09674773342,-16.7346941234821));
#680=CARTESIAN_POINT('Ctrl Pts',(389.066747650581,-475.3114817375,-19.7435385553643));
#681=CARTESIAN_POINT('Ctrl Pts',(417.500262637004,-472.272121943639,-22.2978313026989));
#682=CARTESIAN_POINT('Ctrl Pts',(433.784146985617,-470.407742144539,-23.8932798097338));
#683=CARTESIAN_POINT('Ctrl Pts',(458.373984979638,-467.46604742495,-26.4373019012318));
#684=CARTESIAN_POINT('Ctrl Pts',(494.834563508617,-462.617038511418,-30.7139718579967));
#685=CARTESIAN_POINT('Ctrl Pts',(534.849235330493,-456.553270661049,-36.2382733598448));
#686=CARTESIAN_POINT('Ctrl Pts',(566.823589895781,-451.364866510997,-41.0917930797769));
#687=CARTESIAN_POINT('Ctrl Pts',(599.007403271956,-445.937907032739,-46.250401230481));
#688=CARTESIAN_POINT('Ctrl Pts',(639.622504942419,-438.752438613349,-53.2354052193188));
#689=CARTESIAN_POINT('Ctrl Pts',(671.902716510447,-432.760329161212,-59.1887696702202));
#690=CARTESIAN_POINT('Ctrl Pts',(687.864771486463,-429.741470365902,-62.2048662815667));
#691=CARTESIAN_POINT('Ctrl Pts',(-726.269092606039,-500.,-73.8116796570782));
#692=CARTESIAN_POINT('Ctrl Pts',(-695.65293260905,-500.,-65.9725262507388));
#693=CARTESIAN_POINT('Ctrl Pts',(-634.666844556121,-500.,-51.4713746030189));
#694=CARTESIAN_POINT('Ctrl Pts',(-543.76318218894,-500.,-33.4641514573806));
#695=CARTESIAN_POINT('Ctrl Pts',(-462.685602750742,-500.,-21.1061635206329));
#696=CARTESIAN_POINT('Ctrl Pts',(-405.409348935172,-499.999999999999,-14.7434346761308));
#697=CARTESIAN_POINT('Ctrl Pts',(-373.310591429384,-499.999999999999,-11.8108806926324));
#698=CARTESIAN_POINT('Ctrl Pts',(-329.983933721659,-499.999999999999,-8.17909472212559));
#699=CARTESIAN_POINT('Ctrl Pts',(-273.236143377695,-499.999999999999,-4.82177585004641));
#700=CARTESIAN_POINT('Ctrl Pts',(-198.086475224413,-500.,-2.23205101489733));
#701=CARTESIAN_POINT('Ctrl Pts',(-137.445951194114,-500.,-0.919247787534417));
#702=CARTESIAN_POINT('Ctrl Pts',(-71.8839369486035,-500.,-0.163992685656416));
#703=CARTESIAN_POINT('Ctrl Pts',(-24.5809471860501,-500.,2.44249065417534E-14));
#704=CARTESIAN_POINT('Ctrl Pts',(0.,-500.,2.44249065417534E-14));
#705=CARTESIAN_POINT('Ctrl Pts',(-725.67917515448,-453.4652916592,-64.6620438139368));
#706=CARTESIAN_POINT('Ctrl Pts',(-694.341937312133,-453.459141773428,-57.1292837406645));
#707=CARTESIAN_POINT('Ctrl Pts',(-632.22586262837,-453.446831526478,-43.1613318001233));
#708=CARTESIAN_POINT('Ctrl Pts',(-540.437572269554,-453.428382885845,-25.7475119694407));
#709=CARTESIAN_POINT('Ctrl Pts',(-459.181831709542,-453.41197693281,-13.7623392714126));
#710=CARTESIAN_POINT('Ctrl Pts',(-402.067279925979,-453.400707218032,-7.58380570269315));
#711=CARTESIAN_POINT('Ctrl Pts',(-370.12254825373,-453.394559911451,-4.73505530199997));
#712=CARTESIAN_POINT('Ctrl Pts',(-327.034807372232,-453.3863633274,-1.20651858582638));
#713=CARTESIAN_POINT('Ctrl Pts',(-270.725626207203,-453.376107821045,2.05712214065024));
#714=CARTESIAN_POINT('Ctrl Pts',(-196.255154595908,-453.363812549654,4.57284391026081));
#715=CARTESIAN_POINT('Ctrl Pts',(-136.184691332603,-453.35458445885,5.84529319770898));
#716=CARTESIAN_POINT('Ctrl Pts',(-71.2376318114633,-453.34535810451,6.57129860671896));
#717=CARTESIAN_POINT('Ctrl Pts',(-24.3640282346566,-453.339203585373,6.72049180164281));
#718=CARTESIAN_POINT('Ctrl Pts',(0.,-453.3361282665,6.71359401652232));
#719=CARTESIAN_POINT('Ctrl Pts',(-724.490881326314,-362.36297943654,-47.5527006849361));
#720=CARTESIAN_POINT('Ctrl Pts',(-691.690064626871,-362.34622914852,-40.6340245220832));
#721=CARTESIAN_POINT('Ctrl Pts',(-627.19196368227,-362.312549258576,-27.7525942010659));
#722=CARTESIAN_POINT('Ctrl Pts',(-533.357691001542,-362.261629323485,-11.5719127155516));
#723=CARTESIAN_POINT('Ctrl Pts',(-451.567288247809,-362.216170338807,-0.35218923500373));
#724=CARTESIAN_POINT('Ctrl Pts',(-394.762981162298,-362.184880904731,5.46783434784338));
#725=CARTESIAN_POINT('Ctrl Pts',(-363.152886340613,-362.167820815566,8.15991682384892));
#726=CARTESIAN_POINT('Ctrl Pts',(-320.594518999457,-362.145079772764,11.4991472490914));
#727=CARTESIAN_POINT('Ctrl Pts',(-265.30092640045,-362.116692538933,14.6074454248748));
#728=CARTESIAN_POINT('Ctrl Pts',(-192.375043468295,-362.082755747082,17.0129560760196));
#729=CARTESIAN_POINT('Ctrl Pts',(-133.565393931443,-362.057394586741,18.228621490515));
#730=CARTESIAN_POINT('Ctrl Pts',(-69.9280789146431,-362.032140772155,18.9128141733048));
#731=CARTESIAN_POINT('Ctrl Pts',(-23.9301903318695,-362.015392865636,19.0380509432986));
#732=CARTESIAN_POINT('Ctrl Pts',(0.,-362.007042745597,19.0191084060894));
#733=CARTESIAN_POINT('Ctrl Pts',(-722.690314316109,-231.917424141158,-25.6421378342906));
#734=CARTESIAN_POINT('Ctrl Pts',(-687.648222545915,-231.889936923879,-19.6438718430121));
#735=CARTESIAN_POINT('Ctrl Pts',(-619.31554006898,-231.83411799258,-8.42864823390145));
#736=CARTESIAN_POINT('Ctrl Pts',(-521.81930889401,-231.748623615055,5.81254601328221));
#737=CARTESIAN_POINT('Ctrl Pts',(-438.844755813781,-231.671714464881,15.849761566143));
#738=CARTESIAN_POINT('Ctrl Pts',(-382.477617133997,-231.618702021352,21.158760108837));
#739=CARTESIAN_POINT('Ctrl Pts',(-351.42644583849,-231.589816776985,23.6423282046591));
#740=CARTESIAN_POINT('Ctrl Pts',(-309.772581424747,-231.551328656794,26.7385093028553));
#741=CARTESIAN_POINT('Ctrl Pts',(-256.298879263674,-231.503366928005,29.6875095947707));
#742=CARTESIAN_POINT('Ctrl Pts',(-186.0888699113,-231.446426562706,32.0150539846193));
#743=CARTESIAN_POINT('Ctrl Pts',(-129.429067090836,-231.404116559031,33.2016949250767));
#744=CARTESIAN_POINT('Ctrl Pts',(-67.9274439496843,-231.362298730853,33.8639748784799));
#745=CARTESIAN_POINT('Ctrl Pts',(-23.2794334776889,-231.334808647534,33.9688531810815));
#746=CARTESIAN_POINT('Ctrl Pts',(0.,-231.321177468864,33.9373787985343));
#747=CARTESIAN_POINT('Ctrl Pts',(-720.878871545129,-108.541299337008,-8.00473499505611));
#748=CARTESIAN_POINT('Ctrl Pts',(-683.567960633121,-108.508358848636,-2.92136186691193));
#749=CARTESIAN_POINT('Ctrl Pts',(-611.243771339208,-108.441039487108,6.61630143931739));
#750=CARTESIAN_POINT('Ctrl Pts',(-509.72979066317,-108.337024451369,18.8806530855343));
#751=CARTESIAN_POINT('Ctrl Pts',(-425.341793034896,-108.243006585728,27.7297987718839));
#752=CARTESIAN_POINT('Ctrl Pts',(-369.394903576028,-108.17812721338,32.5542313566329));
#753=CARTESIAN_POINT('Ctrl Pts',(-338.936836756898,-108.142791055984,34.8508455607198));
#754=CARTESIAN_POINT('Ctrl Pts',(-298.25374084071,-108.095720036406,37.7360698443041));
#755=CARTESIAN_POINT('Ctrl Pts',(-246.77783367091,-108.037142508218,40.5793533768213));
#756=CARTESIAN_POINT('Ctrl Pts',(-179.52309223496,-107.967892063738,42.8923351054856));
#757=CARTESIAN_POINT('Ctrl Pts',(-125.168311806909,-107.916635864689,44.0917109926048));
#758=CARTESIAN_POINT('Ctrl Pts',(-65.9050256128887,-107.866221137954,44.764431972413));
#759=CARTESIAN_POINT('Ctrl Pts',(-22.6286766235083,-107.833279111569,44.8633768698422));
#760=CARTESIAN_POINT('Ctrl Pts',(0.,-107.81700165075,44.8251887530904));
#761=CARTESIAN_POINT('Ctrl Pts',(-718.76129218313,25.8508148083857,6.80256261048978));
#762=CARTESIAN_POINT('Ctrl Pts',(-678.79271402248,25.883778282989,10.830704106829));
#763=CARTESIAN_POINT('Ctrl Pts',(-601.750740275841,25.951159120667,18.4278630206315));
#764=CARTESIAN_POINT('Ctrl Pts',(-495.41102201257,26.0553041314037,28.4052339205096));
#765=CARTESIAN_POINT('Ctrl Pts',(-409.284835769863,26.1494548902202,35.8973958160263));
#766=CARTESIAN_POINT('Ctrl Pts',(-353.82165738575,26.2144296808816,40.1884654370918));
#767=CARTESIAN_POINT('Ctrl Pts',(-324.068838380804,26.2498172435349,42.287134545524));
#768=CARTESIAN_POINT('Ctrl Pts',(-284.544075655705,26.2969562665874,44.9544011095458));
#769=CARTESIAN_POINT('Ctrl Pts',(-235.468114413135,26.3556144686268,47.714586222017));
#770=CARTESIAN_POINT('Ctrl Pts',(-171.754283343929,26.4249509696097,50.0577419740065));
#771=CARTESIAN_POINT('Ctrl Pts',(-120.149041803259,26.4762628594199,51.3045857881981));
#772=CARTESIAN_POINT('Ctrl Pts',(-63.5370662420236,26.5267236375018,52.0178142199062));
#773=CARTESIAN_POINT('Ctrl Pts',(-21.8694602936309,26.5596880672465,52.1254443425354));
#774=CARTESIAN_POINT('Ctrl Pts',(0.,26.5759747124117,52.0865412985951));
#775=CARTESIAN_POINT('Ctrl Pts',(-716.950755725549,129.921238017328,12.7737313117962));
#776=CARTESIAN_POINT('Ctrl Pts',(-674.715653762339,129.947412608943,15.9163956613703));
#777=CARTESIAN_POINT('Ctrl Pts',(-593.695250305776,130.000479576603,21.8995205985303));
#778=CARTESIAN_POINT('Ctrl Pts',(-483.367431792006,130.081576055881,30.0028523423299));
#779=CARTESIAN_POINT('Ctrl Pts',(-395.84690885305,130.15443826189,36.3990737996423));
#780=CARTESIAN_POINT('Ctrl Pts',(-340.80538962192,130.204646387222,40.2668256168502));
#781=CARTESIAN_POINT('Ctrl Pts',(-311.642826680835,130.232006673288,42.2112536836803));
#782=CARTESIAN_POINT('Ctrl Pts',(-273.083310322445,130.268465411116,44.7108174648119));
#783=CARTESIAN_POINT('Ctrl Pts',(-225.990318691703,130.313914178247,47.4177629023178));
#784=CARTESIAN_POINT('Ctrl Pts',(-165.211806010868,130.367930593776,49.8073376769879));
#785=CARTESIAN_POINT('Ctrl Pts',(-115.898655556276,130.408108429873,51.1118399646228));
#786=CARTESIAN_POINT('Ctrl Pts',(-61.5164631862144,130.44786850155,51.8795787521254));
#787=CARTESIAN_POINT('Ctrl Pts',(-21.2187034394503,130.474046121416,52.0099699149621));
#788=CARTESIAN_POINT('Ctrl Pts',(0.,130.487038084854,51.9784337860513));
#789=CARTESIAN_POINT('Ctrl Pts',(-715.154720282333,225.93546515774,13.8811854928345));
#790=CARTESIAN_POINT('Ctrl Pts',(-670.689819944649,225.949603714099,16.160103381468));
#791=CARTESIAN_POINT('Ctrl Pts',(-585.900220491021,225.978020007318,20.6022256643794));
#792=CARTESIAN_POINT('Ctrl Pts',(-472.058689735853,226.020956450368,26.9679150786978));
#793=CARTESIAN_POINT('Ctrl Pts',(-383.449555729379,226.059275103107,32.3523129435925));
#794=CARTESIAN_POINT('Ctrl Pts',(-328.852254564314,226.085647832572,35.814251152356));
#795=CARTESIAN_POINT('Ctrl Pts',(-300.234373086824,226.100027600167,37.6044867906114));
#796=CARTESIAN_POINT('Ctrl Pts',(-262.551749001622,226.119196147706,39.931956546393));
#797=CARTESIAN_POINT('Ctrl Pts',(-217.204520911589,226.143126070273,42.5621671859732));
#798=CARTESIAN_POINT('Ctrl Pts',(-159.042134170267,226.171742852161,44.9713952286907));
#799=CARTESIAN_POINT('Ctrl Pts',(-111.814173900386,226.19313403564,46.3212367630016));
#800=CARTESIAN_POINT('Ctrl Pts',(-59.5249046261877,226.214441734923,47.1438331702283));
#801=CARTESIAN_POINT('Ctrl Pts',(-20.5679465852697,226.22857827,47.3067979390823));
#802=CARTESIAN_POINT('Ctrl Pts',(0.,226.23562805844,47.2894367355184));
#803=CARTESIAN_POINT('Ctrl Pts',(-714.263499911209,271.102725477241,12.7211366527117));
#804=CARTESIAN_POINT('Ctrl Pts',(-668.700915430702,271.108894836003,14.5771039928217));
#805=CARTESIAN_POINT('Ctrl Pts',(-582.124796281446,271.121248328993,18.2801911039882));
#806=CARTESIAN_POINT('Ctrl Pts',(-466.748778784844,271.139754971255,23.8360237408605));
#807=CARTESIAN_POINT('Ctrl Pts',(-377.738648133079,271.15621542097,28.7492259809255));
#808=CARTESIAN_POINT('Ctrl Pts',(-323.374030491553,271.167518752657,32.0130914277361));
#809=CARTESIAN_POINT('Ctrl Pts',(-295.007126651986,271.173684473492,33.7244282905055));
#810=CARTESIAN_POINT('Ctrl Pts',(-257.72153272204,271.181905681833,35.9613701597672));
#811=CARTESIAN_POINT('Ctrl Pts',(-213.135996056525,271.192195981629,38.5393099568096));
#812=CARTESIAN_POINT('Ctrl Pts',(-156.132050824558,271.204528351729,40.9424938583767));
#813=CARTESIAN_POINT('Ctrl Pts',(-109.849700849515,271.213786991099,42.3069446800995));
#814=CARTESIAN_POINT('Ctrl Pts',(-58.5427399535726,271.223043181204,43.1550229452492));
#815=CARTESIAN_POINT('Ctrl Pts',(-20.2425681581794,271.229219075284,43.3376476770927));
#816=CARTESIAN_POINT('Ctrl Pts',(0.,271.232304284993,43.3299799703846));
#817=CARTESIAN_POINT('Ctrl Pts',(-713.673582459649,300.,11.2154478521474));
#818=CARTESIAN_POINT('Ctrl Pts',(-667.389920133786,300.,12.7941537265424));
#819=CARTESIAN_POINT('Ctrl Pts',(-579.683814353695,300.,16.0222925549075));
#820=CARTESIAN_POINT('Ctrl Pts',(-463.423168865458,300.,21.0721186736513));
#821=CARTESIAN_POINT('Ctrl Pts',(-374.234877091879,300.,25.6901833008414));
#822=CARTESIAN_POINT('Ctrl Pts',(-320.031961482361,300.,28.8232678602546));
#823=CARTESIAN_POINT('Ctrl Pts',(-291.819083476332,299.999999999999,30.4799360385463));
#824=CARTESIAN_POINT('Ctrl Pts',(-254.772406372613,300.,32.6524749785979));
#825=CARTESIAN_POINT('Ctrl Pts',(-210.625478886032,300.,35.18528304769));
#826=CARTESIAN_POINT('Ctrl Pts',(-154.300730196052,300.,37.5727329068436));
#827=CARTESIAN_POINT('Ctrl Pts',(-108.588440988004,300.,38.9405237561215));
#828=CARTESIAN_POINT('Ctrl Pts',(-57.8964348164323,300.,39.8030483365028));
#829=CARTESIAN_POINT('Ctrl Pts',(-20.0256492067859,300.,40.));
#830=CARTESIAN_POINT('Ctrl Pts',(0.,300.,40.));
#831=CARTESIAN_POINT('',(0.,300.,40.));
#832=CARTESIAN_POINT('',(-557.726276730185,264.478078064521,19.6878074439464));
#833=CARTESIAN_POINT('Ctrl Pts',(-4.44089209850063E-15,300.,40.));
#834=CARTESIAN_POINT('Ctrl Pts',(-13.719690212897,300.,40.));
#835=CARTESIAN_POINT('Ctrl Pts',(-34.3707489488199,299.991466877423,39.9321416561889));
#836=CARTESIAN_POINT('Ctrl Pts',(-61.9054656615202,299.954126364266,39.6727627466676));
#837=CARTESIAN_POINT('Ctrl Pts',(-82.5443021835517,299.907954970366,39.3853638853686));
#838=CARTESIAN_POINT('Ctrl Pts',(-103.053461771889,299.837270659161,38.99968542693));
#839=CARTESIAN_POINT('Ctrl Pts',(-123.471692862121,299.732478604759,38.5102338814098));
#840=CARTESIAN_POINT('Ctrl Pts',(-140.514280985085,299.60581633317,38.010066149764));
#841=CARTESIAN_POINT('Ctrl Pts',(-154.185303648005,299.471900829682,37.5531344018248));
#842=CARTESIAN_POINT('Ctrl Pts',(-167.644653561684,299.316032824068,37.0674246207722));
#843=CARTESIAN_POINT('Ctrl Pts',(-197.465540249889,298.878849835159,35.8780064961446));
#844=CARTESIAN_POINT('Ctrl Pts',(-229.611574834086,298.086133352959,34.300804910295));
#845=CARTESIAN_POINT('Ctrl Pts',(-258.988956119888,296.889833111092,32.7670551500594));
#846=CARTESIAN_POINT('Ctrl Pts',(-272.195200312762,296.262288620464,32.0734570872231));
#847=CARTESIAN_POINT('Ctrl Pts',(-291.848014606313,295.237480304066,31.0410935222389));
#848=CARTESIAN_POINT('Ctrl Pts',(-314.52564123995,293.786176436383,29.8655049027873));
#849=CARTESIAN_POINT('Ctrl Pts',(-340.612393083503,291.738316749605,28.5773046395568));
#850=CARTESIAN_POINT('Ctrl Pts',(-360.399082181898,289.997327995845,27.6355414506266));
#851=CARTESIAN_POINT('Ctrl Pts',(-380.106313425908,288.080157726983,26.7350628744453));
#852=CARTESIAN_POINT('Ctrl Pts',(-445.637264339756,281.154347268048,23.8525790374815));
#853=CARTESIAN_POINT('Ctrl Pts',(-506.177070305816,272.566333402325,21.633712381571));
#854=CARTESIAN_POINT('Ctrl Pts',(-557.726276730185,264.478078064521,19.6878074439464));
#855=CARTESIAN_POINT('',(-690.,-431.415255768594,-52.5799381456937));
#856=CARTESIAN_POINT('Ctrl Pts',(-690.,-431.415255768594,-52.5799381456937));
#857=CARTESIAN_POINT('Ctrl Pts',(-699.81146186901,-397.959589096354,-48.938571386758));
#858=CARTESIAN_POINT('Ctrl Pts',(-711.324724778779,-346.897473109158,-42.5522841337441));
#859=CARTESIAN_POINT('Ctrl Pts',(-719.463842337413,-277.838870263833,-32.7504957752976));
#860=CARTESIAN_POINT('Ctrl Pts',(-721.48619610528,-231.794627886363,-25.8904213855085));
#861=CARTESIAN_POINT('Ctrl Pts',(-720.764432116239,-194.401665766928,-20.2218441617922));
#862=CARTESIAN_POINT('Ctrl Pts',(-718.910732039696,-165.608092527741,-15.8598120283263));
#863=CARTESIAN_POINT('Ctrl Pts',(-716.524478869317,-142.541317722811,-12.3925204236235));
#864=CARTESIAN_POINT('Ctrl Pts',(-713.024449667629,-116.791853521064,-8.57697229251659));
#865=CARTESIAN_POINT('Ctrl Pts',(-708.069705199833,-88.4152646002392,-4.46413663647439));
#866=CARTESIAN_POINT('Ctrl Pts',(-700.466677303597,-54.575091882254,0.207364700622952));
#867=CARTESIAN_POINT('Ctrl Pts',(-685.131278115708,1.52154850393395,7.45288802262817));
#868=CARTESIAN_POINT('Ctrl Pts',(-663.069586564353,61.7516035793981,13.8287310678879));
#869=CARTESIAN_POINT('Ctrl Pts',(-634.147596601254,125.883738344914,18.2383992498833));
#870=CARTESIAN_POINT('Ctrl Pts',(-602.51515367714,188.727137855016,20.8497885929491));
#871=CARTESIAN_POINT('Ctrl Pts',(-576.187228927125,234.511828030001,20.7242875182112));
#872=CARTESIAN_POINT('Ctrl Pts',(-557.726276730185,264.478078064521,19.6878074439467));
#873=CARTESIAN_POINT('',(0.,-500.,2.44249065417534E-14));
#874=CARTESIAN_POINT('Ctrl Pts',(-690.,-431.415255768594,-52.5799381456937));
#875=CARTESIAN_POINT('Ctrl Pts',(-673.925685139346,-434.410358036624,-49.5348061139014));
#876=CARTESIAN_POINT('Ctrl Pts',(-649.688565135873,-438.845569972477,-45.0562698958041));
#877=CARTESIAN_POINT('Ctrl Pts',(-617.578646453147,-444.524835594781,-39.4211375905079));
#878=CARTESIAN_POINT('Ctrl Pts',(-585.690626687367,-450.018318271519,-34.0448466217131));
#879=CARTESIAN_POINT('Ctrl Pts',(-545.486180966592,-456.632047933841,-27.7288937312441));
#880=CARTESIAN_POINT('Ctrl Pts',(-507.677722792821,-462.322643303333,-22.4908604979782));
#881=CARTESIAN_POINT('Ctrl Pts',(-480.493486766616,-466.084284181365,-19.1048510148506));
#882=CARTESIAN_POINT('Ctrl Pts',(-458.695870728157,-468.959921452502,-16.5456765105048));
#883=CARTESIAN_POINT('Ctrl Pts',(-431.772339022731,-472.239379035053,-13.6772285791386));
#884=CARTESIAN_POINT('Ctrl Pts',(-404.845784399984,-475.159403522909,-11.1933573922015));
#885=CARTESIAN_POINT('Ctrl Pts',(-383.092309689815,-477.318748099793,-9.41812248525071));
#886=CARTESIAN_POINT('Ctrl Pts',(-350.219741713105,-480.393948163995,-6.96179159618684));
#887=CARTESIAN_POINT('Ctrl Pts',(-306.194527127632,-483.937499977236,-4.41678648000142));
#888=CARTESIAN_POINT('Ctrl Pts',(-263.629902034689,-486.831467877249,-2.77034208691044));
#889=CARTESIAN_POINT('Ctrl Pts',(-239.047950669131,-488.378204108333,-2.01791645395095));
#890=CARTESIAN_POINT('Ctrl Pts',(-222.722321559441,-489.374491462089,-1.56809272954861));
#891=CARTESIAN_POINT('Ctrl Pts',(-193.650058817445,-491.071052153877,-0.891872477896606));
#892=CARTESIAN_POINT('Ctrl Pts',(-151.120784189124,-493.347318652572,-0.231209604371145));
#893=CARTESIAN_POINT('Ctrl Pts',(-82.4068758860143,-496.661772541156,0.276839963917444));
#894=CARTESIAN_POINT('Ctrl Pts',(-31.8147051672571,-498.767967923668,0.177254112626294));
#895=CARTESIAN_POINT('Ctrl Pts',(-2.7515934467012E-15,-500.,2.44249065417534E-14));
#896=CARTESIAN_POINT('Ctrl Pts',(0.,-500.,2.44249065417534E-14));
#897=CARTESIAN_POINT('Ctrl Pts',(0.,-480.40117387193,2.81970948693939));
#898=CARTESIAN_POINT('Ctrl Pts',(0.,-441.499894460101,8.29280004591742));
#899=CARTESIAN_POINT('Ctrl Pts',(0.,-384.037040710473,16.0034804764873));
#900=CARTESIAN_POINT('Ctrl Pts',(0.,-309.227744823559,25.2698022915178));
#901=CARTESIAN_POINT('Ctrl Pts',(0.,-218.949837713265,35.0379015985037));
#902=CARTESIAN_POINT('Ctrl Pts',(0.,-132.246648771037,42.7998211290012));
#903=CARTESIAN_POINT('Ctrl Pts',(0.,-49.5060762020389,48.3378672082584));
#904=CARTESIAN_POINT('Ctrl Pts',(0.,28.9260265013739,51.4579422182023));
#905=CARTESIAN_POINT('Ctrl Pts',(0.,102.951181648303,52.1047791580609));
#906=CARTESIAN_POINT('Ctrl Pts',(0.,172.780728315745,50.3969843521166));
#907=CARTESIAN_POINT('Ctrl Pts',(0.,225.506738676002,47.2698701711492));
#908=CARTESIAN_POINT('Ctrl Pts',(0.,263.389316981467,43.9918374317541));
#909=CARTESIAN_POINT('Ctrl Pts',(0.,287.917567799697,41.3985915875616));
#910=CARTESIAN_POINT('Ctrl Pts',(0.,300.,40.));
#911=CARTESIAN_POINT('Ctrl Pts',(726.269092605988,-500.,-73.8116796570651));
#912=CARTESIAN_POINT('Ctrl Pts',(695.652932609001,-500.,-65.9725262507269));
#913=CARTESIAN_POINT('Ctrl Pts',(634.664690876836,-500.,-51.471921293868));
#914=CARTESIAN_POINT('Ctrl Pts',(543.773603622846,-500.,-33.4656127555063));
#915=CARTESIAN_POINT('Ctrl Pts',(462.678433731694,-500.,-21.1042066374292));
#916=CARTESIAN_POINT('Ctrl Pts',(400.203950384777,-500.,-14.1651003629741));
#917=CARTESIAN_POINT('Ctrl Pts',(351.7969160719,-500.,-9.92736392191864));
#918=CARTESIAN_POINT('Ctrl Pts',(307.280620573413,-500.,-6.83550816508147));
#919=CARTESIAN_POINT('Ctrl Pts',(236.847730305569,-500.,-3.28876496333243));
#920=CARTESIAN_POINT('Ctrl Pts',(159.305613655667,-500.,-1.17193210129437));
#921=CARTESIAN_POINT('Ctrl Pts',(71.8803821878304,-500.,-0.16337108727421));
#922=CARTESIAN_POINT('Ctrl Pts',(24.5809471860482,-500.,2.44249065417534E-14));
#923=CARTESIAN_POINT('Ctrl Pts',(0.,-500.,2.44249065417534E-14));
#924=CARTESIAN_POINT('Ctrl Pts',(725.679175154427,-453.4652916592,-64.6620438139242));
#925=CARTESIAN_POINT('Ctrl Pts',(694.341937312084,-453.459141773428,-57.1292837406532));
#926=CARTESIAN_POINT('Ctrl Pts',(632.223708949085,-453.446827928208,-43.161880732709));
#927=CARTESIAN_POINT('Ctrl Pts',(540.447993703459,-453.42838168388,-25.7489740163958));
#928=CARTESIAN_POINT('Ctrl Pts',(459.174662690494,-453.411982367304,-13.7603790024977));
#929=CARTESIAN_POINT('Ctrl Pts',(396.876581560313,-453.399681775665,-7.02221698954162));
#930=CARTESIAN_POINT('Ctrl Pts',(348.720333415294,-453.390461853744,-2.90518527035661));
#931=CARTESIAN_POINT('Ctrl Pts',(304.50693789556,-453.382263640064,0.0995982799597754));
#932=CARTESIAN_POINT('Ctrl Pts',(234.651333818193,-453.369964664706,3.5467336774737));
#933=CARTESIAN_POINT('Ctrl Pts',(157.839368886032,-453.357657919005,5.60235754098855));
#934=CARTESIAN_POINT('Ctrl Pts',(71.2340770506903,-453.34535825093,6.57192029632124));
#935=CARTESIAN_POINT('Ctrl Pts',(24.3640282346546,-453.339203585373,6.72049180164281));
#936=CARTESIAN_POINT('Ctrl Pts',(0.,-453.3361282665,6.71359401652232));
#937=CARTESIAN_POINT('Ctrl Pts',(724.490881326259,-362.362979445604,-47.5527006904131));
#938=CARTESIAN_POINT('Ctrl Pts',(691.69006462682,-362.346229157584,-40.6340245275614));
#939=CARTESIAN_POINT('Ctrl Pts',(627.189804205149,-362.312551282109,-27.7531307564178));
#940=CARTESIAN_POINT('Ctrl Pts',(533.368306853196,-362.261630005479,-11.5732752305585));
#941=CARTESIAN_POINT('Ctrl Pts',(451.559869170057,-362.216167305463,-0.350337224386397));
#942=CARTESIAN_POINT('Ctrl Pts',(389.600755847655,-362.182036936476,5.99685021974627));
#943=CARTESIAN_POINT('Ctrl Pts',(341.995677725647,-362.156448252295,9.89051212668466));
#944=CARTESIAN_POINT('Ctrl Pts',(298.472186773537,-362.133723480237,12.7430619006003));
#945=CARTESIAN_POINT('Ctrl Pts',(229.945521684213,-362.099699271877,16.0293863103303));
#946=CARTESIAN_POINT('Ctrl Pts',(154.783802305781,-362.065813648876,17.999690161128));
#947=CARTESIAN_POINT('Ctrl Pts',(69.9243326862395,-362.032140699321,18.9133929270192));
#948=CARTESIAN_POINT('Ctrl Pts',(23.9301903318676,-362.015392874779,19.0380509381676));
#949=CARTESIAN_POINT('Ctrl Pts',(0.,-362.00704275474,19.0191084009584));
#950=CARTESIAN_POINT('Ctrl Pts',(722.69031431605,-231.917424143095,-25.6421378354536));
#951=CARTESIAN_POINT('Ctrl Pts',(687.64822254586,-231.889936925816,-19.643871844176));
#952=CARTESIAN_POINT('Ctrl Pts',(619.313359471177,-231.834116517323,-8.42913800030984));
#953=CARTESIAN_POINT('Ctrl Pts',(521.830632981748,-231.748623123579,5.81154666277842));
#954=CARTESIAN_POINT('Ctrl Pts',(438.836425807893,-231.671716697933,15.8512166988129));
#955=CARTESIAN_POINT('Ctrl Pts',(377.356114284959,-231.613882331455,21.6413887378142));
#956=CARTESIAN_POINT('Ctrl Pts',(330.68407195596,-231.57056410453,25.2432269775005));
#957=CARTESIAN_POINT('Ctrl Pts',(288.37566201982,-231.532144999883,27.9184661597471));
#958=CARTESIAN_POINT('Ctrl Pts',(222.216048142039,-231.474797077109,31.0520906205705));
#959=CARTESIAN_POINT('Ctrl Pts',(149.936715919016,-231.418055019644,32.9803119571401));
#960=CARTESIAN_POINT('Ctrl Pts',(67.9230002320551,-231.362298793021,33.8643971774322));
#961=CARTESIAN_POINT('Ctrl Pts',(23.279433477687,-231.334808649599,33.9688531799227));
#962=CARTESIAN_POINT('Ctrl Pts',(0.,-231.321177470928,33.9373787973755));
#963=CARTESIAN_POINT('Ctrl Pts',(720.878871545067,-108.541299344792,-8.00473499976133));
#964=CARTESIAN_POINT('Ctrl Pts',(683.567960633063,-108.50835885642,-2.92136187161792));
#965=CARTESIAN_POINT('Ctrl Pts',(611.241562166364,-108.441039582204,6.6158684470732));
#966=CARTESIAN_POINT('Ctrl Pts',(509.742072952668,-108.337024488346,18.8801428883723));
#967=CARTESIAN_POINT('Ctrl Pts',(425.332230596823,-108.243006461735,27.7307267891293));
#968=CARTESIAN_POINT('Ctrl Pts',(364.31293092604,-108.172229118861,32.9929009901022));
#969=CARTESIAN_POINT('Ctrl Pts',(318.637692845143,-108.11924063356,36.337354382368));
#970=CARTESIAN_POINT('Ctrl Pts',(277.652498423696,-108.07228897198,38.8734216782228));
#971=CARTESIAN_POINT('Ctrl Pts',(214.084121395144,-108.002343374469,41.9186092326634));
#972=CARTESIAN_POINT('Ctrl Pts',(144.931387622418,-107.933440829798,43.8671743437448));
#973=CARTESIAN_POINT('Ctrl Pts',(65.8996382333659,-107.8662211423,44.7646428538616));
#974=CARTESIAN_POINT('Ctrl Pts',(22.6286766235065,-107.833279119473,44.8633768654062));
#975=CARTESIAN_POINT('Ctrl Pts',(0.,-107.817001658654,44.8251887486543));
#976=CARTESIAN_POINT('Ctrl Pts',(718.761292183063,25.850814802348,6.80256260684022));
#977=CARTESIAN_POINT('Ctrl Pts',(678.792714022418,25.8837782769513,10.8307041031789));
#978=CARTESIAN_POINT('Ctrl Pts',(601.748494866533,25.951158559631,18.4274992242662));
#979=CARTESIAN_POINT('Ctrl Pts',(495.424519412996,26.0553039399451,28.4053430946721));
#980=CARTESIAN_POINT('Ctrl Pts',(409.27371046489,26.149455722302,35.8976596327862));
#981=CARTESIAN_POINT('Ctrl Pts',(348.785339642102,26.2203363315882,40.578764058048));
#982=CARTESIAN_POINT('Ctrl Pts',(304.297838694306,26.2734018747396,43.6539912339042));
#983=CARTESIAN_POINT('Ctrl Pts',(264.898448011724,26.3204199292075,46.0581118763185));
#984=CARTESIAN_POINT('Ctrl Pts',(204.440363944152,26.390459252161,49.0481380570669));
#985=CARTESIAN_POINT('Ctrl Pts',(139.030299422562,26.4594422867817,51.0669593520921));
#986=CARTESIAN_POINT('Ctrl Pts',(63.5304821898099,26.5267236539254,52.017757118777));
#987=CARTESIAN_POINT('Ctrl Pts',(21.8694602936291,26.5596880610795,52.1254443390743));
#988=CARTESIAN_POINT('Ctrl Pts',(0.,26.5759747062447,52.0865412951341));
#989=CARTESIAN_POINT('Ctrl Pts',(716.950755725478,129.921238029053,12.7737313189013));
#990=CARTESIAN_POINT('Ctrl Pts',(674.715653762274,129.947412620667,15.9163956684749));
#991=CARTESIAN_POINT('Ctrl Pts',(593.692976942623,130.000481304985,21.8992266140723));
#992=CARTESIAN_POINT('Ctrl Pts',(483.38186656372,130.081576640986,30.0034448126906));
#993=CARTESIAN_POINT('Ctrl Pts',(395.834577907896,130.154435680761,36.3988004398065));
#994=CARTESIAN_POINT('Ctrl Pts',(335.808701432869,130.209211214126,40.6187349167145));
#995=CARTESIAN_POINT('Ctrl Pts',(292.312690695251,130.250243331676,43.4854371002622));
#996=CARTESIAN_POINT('Ctrl Pts',(254.227504319134,130.28664372956,45.7929110094795));
#997=CARTESIAN_POINT('Ctrl Pts',(196.341974964316,130.341006376603,48.7567723724173));
#998=CARTESIAN_POINT('Ctrl Pts',(134.038157951783,130.394856034196,50.8563708734262));
#999=CARTESIAN_POINT('Ctrl Pts',(61.508955986496,130.447868443207,51.8793142625301));
#1000=CARTESIAN_POINT('Ctrl Pts',(21.2187034394486,130.474046132915,52.0099699214152));
#1001=CARTESIAN_POINT('Ctrl Pts',(0.,130.487038096353,51.9784337925044));
#1002=CARTESIAN_POINT('Ctrl Pts',(715.154720282258,225.935465160898,13.8811854947509));
#1003=CARTESIAN_POINT('Ctrl Pts',(670.68981994458,225.949603717258,16.1601033833842));
#1004=CARTESIAN_POINT('Ctrl Pts',(585.897929113168,225.978018312311,20.6019563902998));
#1005=CARTESIAN_POINT('Ctrl Pts',(472.073728591285,226.020955886235,26.9688122245893));
#1006=CARTESIAN_POINT('Ctrl Pts',(383.436447816108,226.059277670895,32.3517240019061));
#1007=CARTESIAN_POINT('Ctrl Pts',(323.8967856186,226.088044920983,36.1293237487274));
#1008=CARTESIAN_POINT('Ctrl Pts',(281.307240484368,226.10961348176,38.7847876393557));
#1009=CARTESIAN_POINT('Ctrl Pts',(244.392079083088,226.128769306788,40.9831632339526));
#1010=CARTESIAN_POINT('Ctrl Pts',(188.780190257444,226.157453990716,43.8928242982891));
#1011=CARTESIAN_POINT('Ctrl Pts',(129.257005694115,226.186030532476,46.0476816032066));
#1012=CARTESIAN_POINT('Ctrl Pts',(59.5168025091888,226.214441807032,47.1434358437949));
#1013=CARTESIAN_POINT('Ctrl Pts',(20.567946585268,226.228578272999,47.3067979407657));
#1014=CARTESIAN_POINT('Ctrl Pts',(0.,226.23562806144,47.2894367372018));
#1015=CARTESIAN_POINT('Ctrl Pts',(714.263499911132,271.102725477241,12.7211366527148));
#1016=CARTESIAN_POINT('Ctrl Pts',(668.700915430632,271.108894836003,14.5771039928247));
#1017=CARTESIAN_POINT('Ctrl Pts',(582.122500555217,271.121253404321,18.279942150555));
#1018=CARTESIAN_POINT('Ctrl Pts',(466.763963453587,271.139756666617,23.8369992242101));
#1019=CARTESIAN_POINT('Ctrl Pts',(377.72535267578,271.156207755665,28.7485391806647));
#1020=CARTESIAN_POINT('Ctrl Pts',(318.439916334106,271.168547629925,32.3101744735633));
#1021=CARTESIAN_POINT('Ctrl Pts',(276.263748717133,271.17779474716,34.8560045035778));
#1022=CARTESIAN_POINT('Ctrl Pts',(239.866015741571,271.186018254077,36.9916119031115));
#1023=CARTESIAN_POINT('Ctrl Pts',(185.250831156959,271.198355848587,39.8575798305326));
#1024=CARTESIAN_POINT('Ctrl Pts',(126.965330758927,271.210704403098,42.0249517408677));
#1025=CARTESIAN_POINT('Ctrl Pts',(58.5344942358506,271.22304297468,43.1545929700127));
#1026=CARTESIAN_POINT('Ctrl Pts',(20.2425681581778,271.229219075284,43.3376476770927));
#1027=CARTESIAN_POINT('Ctrl Pts',(0.,271.232304284993,43.3299799703846));
#1028=CARTESIAN_POINT('Ctrl Pts',(713.673582459571,300.,11.21544785215));
#1029=CARTESIAN_POINT('Ctrl Pts',(667.389920133715,300.,12.7941537265449));
#1030=CARTESIAN_POINT('Ctrl Pts',(579.681518627465,300.,16.0220371311777));
#1031=CARTESIAN_POINT('Ctrl Pts',(463.4383535342,300.,21.0730919956643));
#1032=CARTESIAN_POINT('Ctrl Pts',(374.22158163458,300.,25.6895062727179));
#1033=CARTESIAN_POINT('Ctrl Pts',(315.112547509642,300.,29.1084600750754));
#1034=CARTESIAN_POINT('Ctrl Pts',(273.187166060526,300.,31.5772889504717));
#1035=CARTESIAN_POINT('Ctrl Pts',(237.092333063718,300.,33.6646685535262));
#1036=CARTESIAN_POINT('Ctrl Pts',(183.054434669583,300.,36.4892933470662));
#1037=CARTESIAN_POINT('Ctrl Pts',(125.499085989292,300.,38.6537117977991));
#1038=CARTESIAN_POINT('Ctrl Pts',(57.8881890987105,300.,39.8026186245537));
#1039=CARTESIAN_POINT('Ctrl Pts',(20.0256492067843,300.,40.));
#1040=CARTESIAN_POINT('Ctrl Pts',(0.,300.,40.));
#1041=CARTESIAN_POINT('',(557.726276730185,264.478078064521,19.6878074439464));
#1042=CARTESIAN_POINT('Ctrl Pts',(557.726276730185,264.478078064521,19.6878074439464));
#1043=CARTESIAN_POINT('Ctrl Pts',(531.789289228902,268.547684410675,20.6668896752102));
#1044=CARTESIAN_POINT('Ctrl Pts',(492.206205451479,274.45092805257,22.139777415169));
#1045=CARTESIAN_POINT('Ctrl Pts',(439.438193932585,281.401584208546,24.2073449744428));
#1046=CARTESIAN_POINT('Ctrl Pts',(400.223363003592,286.028956807319,25.8352742372061));
#1047=CARTESIAN_POINT('Ctrl Pts',(367.473528413334,289.369732896847,27.2998662110139));
#1048=CARTESIAN_POINT('Ctrl Pts',(341.159619492666,291.693284977031,28.550593061607));
#1049=CARTESIAN_POINT('Ctrl Pts',(321.249698066874,293.260571594221,29.5332866780111));
#1050=CARTESIAN_POINT('Ctrl Pts',(301.405730153444,294.626718996289,30.5451831596973));
#1051=CARTESIAN_POINT('Ctrl Pts',(281.702449571449,295.790669882137,31.5729098560296));
#1052=CARTESIAN_POINT('Ctrl Pts',(265.209694366962,296.608919962569,32.4411313374312));
#1053=CARTESIAN_POINT('Ctrl Pts',(251.928013120144,297.177636030921,33.1356249689889));
#1054=CARTESIAN_POINT('Ctrl Pts',(232.112386925025,297.940664449741,34.161678825405));
#1055=CARTESIAN_POINT('Ctrl Pts',(209.156654417112,298.590354502003,35.3039561817917));
#1056=CARTESIAN_POINT('Ctrl Pts',(182.633318722255,299.100765472813,36.473414750736));
#1057=CARTESIAN_POINT('Ctrl Pts',(155.765717908472,299.482001100321,37.5336195961093));
#1058=CARTESIAN_POINT('Ctrl Pts',(122.636926561326,299.758700177328,38.5843878957509));
#1059=CARTESIAN_POINT('Ctrl Pts',(89.0345028540267,299.893654030597,39.2961958178356));
#1060=CARTESIAN_POINT('Ctrl Pts',(61.5903200682823,299.954651913252,39.6763276942384));
#1061=CARTESIAN_POINT('Ctrl Pts',(41.061242628519,299.982338682297,39.8684913707797));
#1062=CARTESIAN_POINT('Ctrl Pts',(20.4958667905504,299.997089210039,39.977710584777));
#1063=CARTESIAN_POINT('Ctrl Pts',(6.82631141299393,300.,40.));
#1064=CARTESIAN_POINT('Ctrl Pts',(8.88178419700125E-15,300.,40.));
#1065=CARTESIAN_POINT('',(690.,-431.415255768594,-52.5799381456938));
#1066=CARTESIAN_POINT('Ctrl Pts',(-8.88178419700125E-15,-500.,2.86229373536173E-14));
#1067=CARTESIAN_POINT('Ctrl Pts',(32.2359002668793,-498.75165704257,0.179600781037451));
#1068=CARTESIAN_POINT('Ctrl Pts',(82.7603871509098,-496.64396367665,0.273198251594636));
#1069=CARTESIAN_POINT('Ctrl Pts',(141.907763707851,-493.791556445421,-0.163296549641939));
#1070=CARTESIAN_POINT('Ctrl Pts',(171.068817831113,-492.273089490602,-0.551294578324241));
#1071=CARTESIAN_POINT('Ctrl Pts',(187.568532360984,-491.378860098267,-0.825617687062447));
#1072=CARTESIAN_POINT('Ctrl Pts',(212.03785987079,-490.016654231683,-1.28973588952543));
#1073=CARTESIAN_POINT('Ctrl Pts',(249.232481022912,-487.802026728565,-2.22556025954299));
#1074=CARTESIAN_POINT('Ctrl Pts',(299.262414502839,-484.418326877852,-4.13505685245151));
#1075=CARTESIAN_POINT('Ctrl Pts',(349.147447282476,-480.504286571266,-6.86195719362555));
#1076=CARTESIAN_POINT('Ctrl Pts',(390.003030666973,-476.715060864406,-9.88634825235713));
#1077=CARTESIAN_POINT('Ctrl Pts',(418.574749110688,-473.674997200736,-12.4550548192346));
#1078=CARTESIAN_POINT('Ctrl Pts',(434.938789347736,-471.811184550086,-14.0597469015568));
#1079=CARTESIAN_POINT('Ctrl Pts',(459.650092258305,-468.871523506995,-16.6186942031104));
#1080=CARTESIAN_POINT('Ctrl Pts',(496.289623605434,-464.03069223517,-20.920992827198));
#1081=CARTESIAN_POINT('Ctrl Pts',(536.483582245512,-457.990276371998,-26.4775290649341));
#1082=CARTESIAN_POINT('Ctrl Pts',(568.586563079698,-452.831557459785,-31.3581402592846));
#1083=CARTESIAN_POINT('Ctrl Pts',(600.889717418513,-447.442393559988,-36.5447158865935));
#1084=CARTESIAN_POINT('Ctrl Pts',(641.635601060815,-440.320556285212,-43.5659504579007));
#1085=CARTESIAN_POINT('Ctrl Pts',(674.000206504875,-434.396472585651,-49.5489235054788));
#1086=CARTESIAN_POINT('Ctrl Pts',(690.,-431.415255768594,-52.5799381456937));
#1087=CARTESIAN_POINT('Ctrl Pts',(690.,-431.415255768593,-52.5799381456937));
#1088=CARTESIAN_POINT('Ctrl Pts',(699.81146186901,-397.959589096354,-48.9385713867579));
#1089=CARTESIAN_POINT('Ctrl Pts',(711.325076410274,-346.901290216162,-42.5525250752696));
#1090=CARTESIAN_POINT('Ctrl Pts',(719.463415797096,-277.834374054417,-32.750204862456));
#1091=CARTESIAN_POINT('Ctrl Pts',(721.992744822434,-220.292308180288,-24.1761080795281));
#1092=CARTESIAN_POINT('Ctrl Pts',(719.937032932898,-174.253534229677,-17.1505633896709));
#1093=CARTESIAN_POINT('Ctrl Pts',(716.134307994454,-139.672022353037,-11.9674906974289));
#1094=CARTESIAN_POINT('Ctrl Pts',(713.025392292914,-116.79862860866,-8.5777741650683));
#1095=CARTESIAN_POINT('Ctrl Pts',(708.069094680805,-88.4102675321869,-4.463812227023));
#1096=CARTESIAN_POINT('Ctrl Pts',(700.466982450682,-54.5770701980101,0.207289722393548));
#1097=CARTESIAN_POINT('Ctrl Pts',(685.130857353606,1.52399261953596,7.45287356848483));
#1098=CARTESIAN_POINT('Ctrl Pts',(663.070143570533,61.7504211402943,13.8285953453392));
#1099=CARTESIAN_POINT('Ctrl Pts',(634.146971595804,125.883442253486,18.2386196804194));
#1100=CARTESIAN_POINT('Ctrl Pts',(602.515492804569,188.727443470894,20.8497747614788));
#1101=CARTESIAN_POINT('Ctrl Pts',(576.187228927125,234.511828030001,20.7242875182112));
#1102=CARTESIAN_POINT('Ctrl Pts',(557.726276730185,264.478078064521,19.6878074439467));
#1103=CARTESIAN_POINT('Ctrl Pts',(-4.44089209850063E-15,300.,40.));
#1104=CARTESIAN_POINT('Ctrl Pts',(-4.44089209850063E-15,299.616712152475,
36.688776429014));
#1105=CARTESIAN_POINT('Ctrl Pts',(-4.44089209850063E-15,299.233424304951,
33.377552858028));
#1106=CARTESIAN_POINT('Ctrl Pts',(-4.44089209850063E-15,298.850136457426,
30.0663292870421));
#1107=CARTESIAN_POINT('Ctrl Pts',(-13.719690212897,300.,40.));
#1108=CARTESIAN_POINT('Ctrl Pts',(-13.7123072508089,299.616144203935,36.6888424468377));
#1109=CARTESIAN_POINT('Ctrl Pts',(-13.7049048590292,299.232285645436,33.3776843871576));
#1110=CARTESIAN_POINT('Ctrl Pts',(-13.6975218969411,298.848429849371,30.0665268339953));
#1111=CARTESIAN_POINT('Ctrl Pts',(-34.3707489488199,299.991466877423,39.9321416561889));
#1112=CARTESIAN_POINT('Ctrl Pts',(-34.3509962692595,299.606614745159,36.6211354252879));
#1113=CARTESIAN_POINT('Ctrl Pts',(-34.3312561260787,299.221764156338,33.3101292994674));
#1114=CARTESIAN_POINT('Ctrl Pts',(-34.3115034465183,298.836912024075,29.9991230685664));
#1115=CARTESIAN_POINT('Ctrl Pts',(-61.9054656615202,299.954126364266,39.6727627466676));
#1116=CARTESIAN_POINT('Ctrl Pts',(-61.8663776374518,299.567634601758,36.3621305442642));
#1117=CARTESIAN_POINT('Ctrl Pts',(-61.8272829686679,299.181142168647,33.0514984202527));
#1118=CARTESIAN_POINT('Ctrl Pts',(-61.7881949445995,298.794650406138,29.7408662178493));
#1119=CARTESIAN_POINT('Ctrl Pts',(-82.5443021835517,299.907954970366,39.3853638853686));
#1120=CARTESIAN_POINT('Ctrl Pts',(-82.4892603967441,299.520082162458,36.0751178829353));
#1121=CARTESIAN_POINT('Ctrl Pts',(-82.4342249670315,299.132209848114,32.7648716541048));
#1122=CARTESIAN_POINT('Ctrl Pts',(-82.3791831802239,298.744337040206,29.4546256516714));
#1123=CARTESIAN_POINT('Ctrl Pts',(-103.053461771889,299.837270659161,38.99968542693));
#1124=CARTESIAN_POINT('Ctrl Pts',(-102.981201526294,299.447897236268,35.6899445157317));
#1125=CARTESIAN_POINT('Ctrl Pts',(-102.908933203898,299.058523308204,32.3802040436185));
#1126=CARTESIAN_POINT('Ctrl Pts',(-102.836672958302,298.669149885311,29.0704631324202));
#1127=CARTESIAN_POINT('Ctrl Pts',(-123.471692862121,299.732478604759,38.5102338814098));
#1128=CARTESIAN_POINT('Ctrl Pts',(-123.381133327803,299.341533391117,35.2011268834428));
#1129=CARTESIAN_POINT('Ctrl Pts',(-123.290588999432,298.950589208664,31.8920189656401));
#1130=CARTESIAN_POINT('Ctrl Pts',(-123.200029465114,298.559643995022,28.5829119676731));
#1131=CARTESIAN_POINT('Ctrl Pts',(-140.514280985085,299.60581633317,38.010066149764));
#1132=CARTESIAN_POINT('Ctrl Pts',(-140.407866061343,299.21357049191,34.7015915826112));
#1133=CARTESIAN_POINT('Ctrl Pts',(-140.30143112414,298.821323479797,31.3931182332457));
#1134=CARTESIAN_POINT('Ctrl Pts',(-140.195016200398,298.429077638537,28.0846436660929));
#1135=CARTESIAN_POINT('Ctrl Pts',(-154.185303648005,299.471900829682,37.5531344018248));
#1136=CARTESIAN_POINT('Ctrl Pts',(-154.06611136138,299.078691081061,34.2452167663701));
#1137=CARTESIAN_POINT('Ctrl Pts',(-153.946944285589,298.685482453878,30.9372975997315));
#1138=CARTESIAN_POINT('Ctrl Pts',(-153.827751998964,298.292272705257,27.6293799642768));
#1139=CARTESIAN_POINT('Ctrl Pts',(-167.644653561684,299.316032824068,37.0674246207722));
#1140=CARTESIAN_POINT('Ctrl Pts',(-167.513075163344,298.921963082948,33.7600726293021));
#1141=CARTESIAN_POINT('Ctrl Pts',(-167.381456793168,298.527891956316,30.4527230717777));
#1142=CARTESIAN_POINT('Ctrl Pts',(-167.249878394828,298.133822215197,27.1453710803075));
#1143=CARTESIAN_POINT('Ctrl Pts',(-197.465540249889,298.878849835159,35.8780064961446));
#1144=CARTESIAN_POINT('Ctrl Pts',(-197.307205197995,298.483265826165,32.5719537211491));
#1145=CARTESIAN_POINT('Ctrl Pts',(-197.148941067701,298.08768412021,29.2658964861109));
#1146=CARTESIAN_POINT('Ctrl Pts',(-196.990606015807,297.692100111216,25.9598437111154));
#1147=CARTESIAN_POINT('Ctrl Pts',(-229.611574834086,298.086133352959,34.300804910295));
#1148=CARTESIAN_POINT('Ctrl Pts',(-229.43080519396,297.690876324449,30.9959160325382));
#1149=CARTESIAN_POINT('Ctrl Pts',(-229.24997584222,297.295617840294,27.6910314215605));
#1150=CARTESIAN_POINT('Ctrl Pts',(-229.069206202094,296.900360811784,24.3861425438037));
#1151=CARTESIAN_POINT('Ctrl Pts',(-258.988956119888,296.889833111092,32.7670551500594));
#1152=CARTESIAN_POINT('Ctrl Pts',(-258.798606652911,296.498735321666,29.4622214794687));
#1153=CARTESIAN_POINT('Ctrl Pts',(-258.60824653884,296.107636055908,26.1573881145722));
#1154=CARTESIAN_POINT('Ctrl Pts',(-258.417897071863,295.716538266482,22.8525544439815));
#1155=CARTESIAN_POINT('Ctrl Pts',(-272.195200312762,296.262288620464,32.0734570872231));
#1156=CARTESIAN_POINT('Ctrl Pts',(-272.002126166151,295.87376378503,28.768478109121));
#1157=CARTESIAN_POINT('Ctrl Pts',(-271.80906113119,295.485240618058,25.4634989108656));
#1158=CARTESIAN_POINT('Ctrl Pts',(-271.61598698458,295.096715782624,22.1585199327634));
#1159=CARTESIAN_POINT('Ctrl Pts',(-291.848014606313,295.237480304066,31.0410935222389));
#1160=CARTESIAN_POINT('Ctrl Pts',(-291.652436631958,294.853497484966,27.7357300705883));
#1161=CARTESIAN_POINT('Ctrl Pts',(-291.456857918097,294.469511432772,24.4303660151149));
#1162=CARTESIAN_POINT('Ctrl Pts',(-291.261279943742,294.085528613672,21.1250025634642));
#1163=CARTESIAN_POINT('Ctrl Pts',(-314.52564123995,293.786176436383,29.8655049027873));
#1164=CARTESIAN_POINT('Ctrl Pts',(-314.331013420488,293.409469639364,26.5592415647628));
#1165=CARTESIAN_POINT('Ctrl Pts',(-314.136374349849,293.032768416865,23.2529791166558));
#1166=CARTESIAN_POINT('Ctrl Pts',(-313.941746530387,292.656061619846,19.9467157786313));
#1167=CARTESIAN_POINT('Ctrl Pts',(-340.612393083503,291.738316749605,28.5773046395568));
#1168=CARTESIAN_POINT('Ctrl Pts',(-340.421411829071,291.372530057244,25.2696071160337));
#1169=CARTESIAN_POINT('Ctrl Pts',(-340.230449142794,291.006735297951,21.9619088643906));
#1170=CARTESIAN_POINT('Ctrl Pts',(-340.039467888363,290.640948605589,18.6542113408675));
#1171=CARTESIAN_POINT('Ctrl Pts',(-360.399082181898,289.997327995845,27.6355414506266));
#1172=CARTESIAN_POINT('Ctrl Pts',(-360.211723330229,289.641012117078,24.3266000100944));
#1173=CARTESIAN_POINT('Ctrl Pts',(-360.024346254003,289.284705423254,21.0176588041336));
#1174=CARTESIAN_POINT('Ctrl Pts',(-359.836987402333,288.928389544487,17.7087173636013));
#1175=CARTESIAN_POINT('Ctrl Pts',(-380.106313425908,288.080157726983,26.7350628744453));
#1176=CARTESIAN_POINT('Ctrl Pts',(-379.922757213141,287.734387962023,23.4247917813281));
#1177=CARTESIAN_POINT('Ctrl Pts',(-379.739158605562,287.388614562814,20.1145264070193));
#1178=CARTESIAN_POINT('Ctrl Pts',(-379.555602392796,287.042844797854,16.8042553139021));
#1179=CARTESIAN_POINT('Ctrl Pts',(-445.637264339756,281.154347268048,23.8525790374815));
#1180=CARTESIAN_POINT('Ctrl Pts',(-445.467201665497,280.846963221982,20.5376093774671));
#1181=CARTESIAN_POINT('Ctrl Pts',(-445.297597450638,280.53957520074,17.222589299171));
#1182=CARTESIAN_POINT('Ctrl Pts',(-445.127534776379,280.232191154674,13.9076196391566));
#1183=CARTESIAN_POINT('Ctrl Pts',(-506.177070305816,272.566333402325,21.633712381571));
#1184=CARTESIAN_POINT('Ctrl Pts',(-506.015829646082,272.306994808195,18.3140488031147));
#1185=CARTESIAN_POINT('Ctrl Pts',(-505.853620542588,272.047682086908,14.9944866355718));
#1186=CARTESIAN_POINT('Ctrl Pts',(-505.692379882854,271.788343492778,11.6748230571156));
#1187=CARTESIAN_POINT('Ctrl Pts',(-557.726276730185,264.478078064521,19.6878074439464));
#1188=CARTESIAN_POINT('Ctrl Pts',(-557.567464531569,264.265312661636,16.3650644987249));
#1189=CARTESIAN_POINT('Ctrl Pts',(-557.408652332953,264.052547258751,13.0423215535034));
#1190=CARTESIAN_POINT('Ctrl Pts',(-557.249840134338,263.839781855867,9.71957860828184));
#1191=CARTESIAN_POINT('',(0.,300.,40.));
#1192=CARTESIAN_POINT('',(-557.726276730185,264.478078064521,19.6878074439464));
#1193=CARTESIAN_POINT('Ctrl Pts',(-690.,-431.415255768594,-52.5799381456937));
#1194=CARTESIAN_POINT('Ctrl Pts',(-689.288257162154,-430.85732730103,-55.7882475243181));
#1195=CARTESIAN_POINT('Ctrl Pts',(-688.576514324309,-430.299398833466,-58.9965569029424));
#1196=CARTESIAN_POINT('Ctrl Pts',(-687.864771486463,-429.741470365902,-62.2048662815667));
#1197=CARTESIAN_POINT('Ctrl Pts',(-673.925685139346,-434.410358036624,-49.5348061139014));
#1198=CARTESIAN_POINT('Ctrl Pts',(-673.226567622656,-433.865036458223,-52.7481082515662));
#1199=CARTESIAN_POINT('Ctrl Pts',(-672.527488434249,-433.319711513574,-55.9614196238674));
#1200=CARTESIAN_POINT('Ctrl Pts',(-671.82837091756,-432.774389935174,-59.1747217615323));
#1201=CARTESIAN_POINT('Ctrl Pts',(-649.688565135873,-438.845569972477,-45.0562698958041));
#1202=CARTESIAN_POINT('Ctrl Pts',(-649.010568276456,-438.317198067255,-48.2769669960456));
#1203=CARTESIAN_POINT('Ctrl Pts',(-648.332551321117,-437.788824346653,-51.4976595056491));
#1204=CARTESIAN_POINT('Ctrl Pts',(-647.654554461699,-437.260452441432,-54.7183566058907));
#1205=CARTESIAN_POINT('Ctrl Pts',(-617.578646453147,-444.524835594781,-39.4211375905079));
#1206=CARTESIAN_POINT('Ctrl Pts',(-616.933358803416,-444.014643404271,-42.6514177306189));
#1207=CARTESIAN_POINT('Ctrl Pts',(-616.288077247111,-443.504452925006,-45.8816991102174));
#1208=CARTESIAN_POINT('Ctrl Pts',(-615.642789597379,-442.994260734496,-49.1119792503283));
#1209=CARTESIAN_POINT('Ctrl Pts',(-585.690626687367,-450.018318271519,-34.0448466217131));
#1210=CARTESIAN_POINT('Ctrl Pts',(-585.081089756401,-449.523415521993,-37.2845014876879));
#1211=CARTESIAN_POINT('Ctrl Pts',(-584.47154853906,-449.028511616262,-40.5241555957382));
#1212=CARTESIAN_POINT('Ctrl Pts',(-583.862011608094,-448.533608866736,-43.763810461713));
#1213=CARTESIAN_POINT('Ctrl Pts',(-545.486180966592,-456.632047933841,-27.7288937312441));
#1214=CARTESIAN_POINT('Ctrl Pts',(-544.928075729654,-456.151256317327,-30.9800602110633));
#1215=CARTESIAN_POINT('Ctrl Pts',(-544.369970938334,-455.670463049337,-34.2312267485764));
#1216=CARTESIAN_POINT('Ctrl Pts',(-543.811865701396,-455.189671432822,-37.4823932283955));
#1217=CARTESIAN_POINT('Ctrl Pts',(-507.677722792821,-462.322643303333,-22.4908604979782));
#1218=CARTESIAN_POINT('Ctrl Pts',(-507.17573266906,-461.849246140641,-25.7521476161737));
#1219=CARTESIAN_POINT('Ctrl Pts',(-506.673753569054,-461.375852365908,-29.0134361768216));
#1220=CARTESIAN_POINT('Ctrl Pts',(-506.171763445293,-460.902455203216,-32.274723295017));
#1221=CARTESIAN_POINT('Ctrl Pts',(-480.493486766616,-466.084284181365,-19.1048510148506));
#1222=CARTESIAN_POINT('Ctrl Pts',(-480.034456696762,-465.614018703073,-22.3727990798621));
#1223=CARTESIAN_POINT('Ctrl Pts',(-479.575410010051,-465.143750688642,-25.6407448400618));
#1224=CARTESIAN_POINT('Ctrl Pts',(-479.116379940197,-464.673485210351,-28.9086929050734));
#1225=CARTESIAN_POINT('Ctrl Pts',(-458.695870728157,-468.959921452502,-16.5456765105048));
#1226=CARTESIAN_POINT('Ctrl Pts',(-458.271996483849,-468.491395923148,-19.818669738268));
#1227=CARTESIAN_POINT('Ctrl Pts',(-457.848142197501,-468.022874378252,-23.0916659280025));
#1228=CARTESIAN_POINT('Ctrl Pts',(-457.424267953193,-467.554348848898,-26.3646591557658));
#1229=CARTESIAN_POINT('Ctrl Pts',(-431.772339022731,-472.239379035053,-13.6772285791386));
#1230=CARTESIAN_POINT('Ctrl Pts',(-431.392732252142,-471.771799734974,-16.9558454150054));
#1231=CARTESIAN_POINT('Ctrl Pts',(-431.013111822799,-471.304214185398,-20.2344598426317));
#1232=CARTESIAN_POINT('Ctrl Pts',(-430.63350505221,-470.836634885319,-23.5130766784984));
#1233=CARTESIAN_POINT('Ctrl Pts',(-404.845784399984,-475.159403522909,-11.1933573922015));
#1234=CARTESIAN_POINT('Ctrl Pts',(-404.509914001017,-474.691708465208,-14.476661528766));
#1235=CARTESIAN_POINT('Ctrl Pts',(-404.174032816045,-474.224018989459,-17.7599650292251));
#1236=CARTESIAN_POINT('Ctrl Pts',(-403.838162417078,-473.756323931758,-21.0432691657897));
#1237=CARTESIAN_POINT('Ctrl Pts',(-383.092309689815,-477.318748099793,-9.41812248525071));
#1238=CARTESIAN_POINT('Ctrl Pts',(-382.790449013259,-476.850600359073,-12.7046161299734));
#1239=CARTESIAN_POINT('Ctrl Pts',(-382.488604864186,-476.382447732818,-15.9911110435049));
#1240=CARTESIAN_POINT('Ctrl Pts',(-382.18674418763,-475.914299992099,-19.2776046882276));
#1241=CARTESIAN_POINT('Ctrl Pts',(-350.219741713105,-480.393948163995,-6.96179159618684));
#1242=CARTESIAN_POINT('Ctrl Pts',(-349.967649971255,-479.924834709428,-10.2525264872124));
#1243=CARTESIAN_POINT('Ctrl Pts',(-349.715524758129,-479.455730050143,-13.5432591443209));
#1244=CARTESIAN_POINT('Ctrl Pts',(-349.463433016279,-478.986616595576,-16.8339940353464));
#1245=CARTESIAN_POINT('Ctrl Pts',(-306.194527127632,-483.937499977236,-4.41678648000142));
#1246=CARTESIAN_POINT('Ctrl Pts',(-306.001805435128,-483.466640364592,-7.71129770277725));
#1247=CARTESIAN_POINT('Ctrl Pts',(-305.809105343861,-482.995775763873,-11.0058092112132));
#1248=CARTESIAN_POINT('Ctrl Pts',(-305.616383651358,-482.524916151228,-14.300320433989));
#1249=CARTESIAN_POINT('Ctrl Pts',(-263.629902034689,-486.831467877249,-2.77034208691044));
#1250=CARTESIAN_POINT('Ctrl Pts',(-263.482257770005,-486.359267081279,-6.06679940885435));
#1251=CARTESIAN_POINT('Ctrl Pts',(-263.334609152957,-485.887066333807,-9.36325785925041));
#1252=CARTESIAN_POINT('Ctrl Pts',(-263.186964888273,-485.414865537837,-12.6597151811943));
#1253=CARTESIAN_POINT('Ctrl Pts',(-239.047950669131,-488.378204108333,-2.01791645395095));
#1254=CARTESIAN_POINT('Ctrl Pts',(-238.922894375368,-487.905364428867,-5.31517868360917));
#1255=CARTESIAN_POINT('Ctrl Pts',(-238.797838763442,-487.432525635846,-8.61244018572102));
#1256=CARTESIAN_POINT('Ctrl Pts',(-238.672782469679,-486.95968595638,-11.9097024153792));
#1257=CARTESIAN_POINT('Ctrl Pts',(-222.722321559441,-489.374491462089,-1.56809272954861));
#1258=CARTESIAN_POINT('Ctrl Pts',(-222.611381007746,-488.901267693886,-4.86581092889249));
#1259=CARTESIAN_POINT('Ctrl Pts',(-222.500441558,-488.428043046307,-8.16352970911343));
#1260=CARTESIAN_POINT('Ctrl Pts',(-222.389501006306,-487.954819278105,-11.4612479084573));
#1261=CARTESIAN_POINT('Ctrl Pts',(-193.650058817445,-491.071052153877,-0.891872477896606));
#1262=CARTESIAN_POINT('Ctrl Pts',(-193.562009542399,-490.597239663489,-4.19022581524876));
#1263=CARTESIAN_POINT('Ctrl Pts',(-193.473946275935,-490.12342846121,-7.48857735076628));
#1264=CARTESIAN_POINT('Ctrl Pts',(-193.385897000889,-489.649615970822,-10.7869306881184));
#1265=CARTESIAN_POINT('Ctrl Pts',(-151.120784189124,-493.347318652572,-0.231209604371145));
#1266=CARTESIAN_POINT('Ctrl Pts',(-151.060126463637,-492.872921751241,-3.53009640797728));
#1267=CARTESIAN_POINT('Ctrl Pts',(-150.999498373813,-492.398523078704,-6.82898712364532));
#1268=CARTESIAN_POINT('Ctrl Pts',(-150.938840648326,-491.924126177372,-10.1278739272515));
#1269=CARTESIAN_POINT('Ctrl Pts',(-82.4068758860143,-496.661772541156,0.276839963917444));
#1270=CARTESIAN_POINT('Ctrl Pts',(-82.3802581680834,-496.186900039807,-3.02245025148187));
#1271=CARTESIAN_POINT('Ctrl Pts',(-82.3535659300719,-495.712031597201,-6.32173074048925));
#1272=CARTESIAN_POINT('Ctrl Pts',(-82.326948212141,-495.237159095851,-9.62102095588856));
#1273=CARTESIAN_POINT('Ctrl Pts',(-31.8147051672571,-498.767967923668,0.177254112626294));
#1274=CARTESIAN_POINT('Ctrl Pts',(-31.805137354623,-498.29314138015,-3.12208113779347));
#1275=CARTESIAN_POINT('Ctrl Pts',(-31.7956986800668,-497.818308301434,-6.42143262910447));
#1276=CARTESIAN_POINT('Ctrl Pts',(-31.7861308674327,-497.343481757917,-9.72076787952423));
#1277=CARTESIAN_POINT('Ctrl Pts',(-2.7515934467012E-15,-500.,2.44249065417534E-14));
#1278=CARTESIAN_POINT('Ctrl Pts',(-2.75012366430417E-15,-499.525316414936,
-3.29936154508449));
#1279=CARTESIAN_POINT('Ctrl Pts',(-2.74865388190714E-15,-499.050632829872,
-6.59872309016901));
#1280=CARTESIAN_POINT('Ctrl Pts',(-2.74718409951011E-15,-498.575949244808,
-9.89808463525352));
#1281=CARTESIAN_POINT('',(-690.,-431.415255768594,-52.5799381456937));
#1282=CARTESIAN_POINT('',(0.,-500.,2.44249065417534E-14));
#1283=CARTESIAN_POINT('Ctrl Pts',(-690.,-431.415255768594,-52.5799381456937));
#1284=CARTESIAN_POINT('Ctrl Pts',(-689.288257162154,-430.85732730103,-55.788247524318));
#1285=CARTESIAN_POINT('Ctrl Pts',(-688.576514324309,-430.299398833466,-58.9965569029423));
#1286=CARTESIAN_POINT('Ctrl Pts',(-687.864771486463,-429.741470365902,-62.2048662815665));
#1287=CARTESIAN_POINT('Ctrl Pts',(-699.81146186901,-397.959589096354,-48.938571386758));
#1288=CARTESIAN_POINT('Ctrl Pts',(-699.119152957647,-397.405119269546,-52.1517968480774));
#1289=CARTESIAN_POINT('Ctrl Pts',(-698.426666368745,-396.850732450616,-55.3649873394078));
#1290=CARTESIAN_POINT('Ctrl Pts',(-697.734357457381,-396.296262623808,-58.5782128007273));
#1291=CARTESIAN_POINT('Ctrl Pts',(-711.324724778779,-346.897473109158,-42.5522841337441));
#1292=CARTESIAN_POINT('Ctrl Pts',(-710.670718399903,-346.351964104777,-45.7752594916956));
#1293=CARTESIAN_POINT('Ctrl Pts',(-710.016818489172,-345.806405015867,-48.998255799189));
#1294=CARTESIAN_POINT('Ctrl Pts',(-709.362812110296,-345.260896011486,-52.2212311571406));
#1295=CARTESIAN_POINT('Ctrl Pts',(-719.463842337413,-277.838870263833,-32.7504957752976));
#1296=CARTESIAN_POINT('Ctrl Pts',(-718.868862749014,-277.318508026433,-35.9888953404408));
#1297=CARTESIAN_POINT('Ctrl Pts',(-718.273841675847,-276.798166298317,-39.2272868029123));
#1298=CARTESIAN_POINT('Ctrl Pts',(-717.678862087447,-276.277804060918,-42.4656863680555));
#1299=CARTESIAN_POINT('Ctrl Pts',(-721.48619610528,-231.794627886363,-25.8904213855085));
#1300=CARTESIAN_POINT('Ctrl Pts',(-720.932235897811,-231.29762894388,-29.139728851353));
#1301=CARTESIAN_POINT('Ctrl Pts',(-720.378297942208,-230.800615679468,-32.3890405058589));
#1302=CARTESIAN_POINT('Ctrl Pts',(-719.824337734739,-230.303616736985,-35.6383479717034));
#1303=CARTESIAN_POINT('Ctrl Pts',(-720.764432116239,-194.401665766928,-20.2218441617922));
#1304=CARTESIAN_POINT('Ctrl Pts',(-720.244177188239,-193.928635984084,-23.480234401418));
#1305=CARTESIAN_POINT('Ctrl Pts',(-719.723915957911,-193.455613468294,-26.7386234994914));
#1306=CARTESIAN_POINT('Ctrl Pts',(-719.203661029911,-192.982583685449,-29.9970137391173));
#1307=CARTESIAN_POINT('Ctrl Pts',(-718.910732039696,-165.608092527741,-15.8598120283263));
#1308=CARTESIAN_POINT('Ctrl Pts',(-718.416488519548,-165.156392061133,-19.1252574213041));
#1309=CARTESIAN_POINT('Ctrl Pts',(-717.92224735491,-164.704686699786,-22.3907035393478));
#1310=CARTESIAN_POINT('Ctrl Pts',(-717.428003834762,-164.252986233178,-25.6561489323257));
#1311=CARTESIAN_POINT('Ctrl Pts',(-716.524478869317,-142.541317722811,-12.3925204236235));
#1312=CARTESIAN_POINT('Ctrl Pts',(-716.051025128693,-142.108776605407,-15.6636250671448));
#1313=CARTESIAN_POINT('Ctrl Pts',(-715.577572171312,-141.676241643749,-18.9347292156337));
#1314=CARTESIAN_POINT('Ctrl Pts',(-715.104118430688,-141.243700526345,-22.205833859155));
#1315=CARTESIAN_POINT('Ctrl Pts',(-713.024449667629,-116.791853521064,-8.57697229251659));
#1316=CARTESIAN_POINT('Ctrl Pts',(-712.574118021491,-116.382729021981,-11.8543660144048));
#1317=CARTESIAN_POINT('Ctrl Pts',(-712.123780551496,-115.973593355744,-15.131759461174));
#1318=CARTESIAN_POINT('Ctrl Pts',(-711.673448905358,-115.564468856661,-18.4091531830622));
#1319=CARTESIAN_POINT('Ctrl Pts',(-708.069705199833,-88.4152646002392,-4.46413663647439));
#1320=CARTESIAN_POINT('Ctrl Pts',(-707.644673595035,-88.0346253097792,-7.74839695171833));
#1321=CARTESIAN_POINT('Ctrl Pts',(-707.219651462635,-87.6539990032831,-11.032658252823));
#1322=CARTESIAN_POINT('Ctrl Pts',(-706.794619857837,-87.2733597128231,-14.3169185680669));
#1323=CARTESIAN_POINT('Ctrl Pts',(-700.466677303597,-54.575091882254,0.207364700622952));
#1324=CARTESIAN_POINT('Ctrl Pts',(-700.071451997058,-54.2329487401988,-3.08484979674771));
#1325=CARTESIAN_POINT('Ctrl Pts',(-699.676221853527,-53.8908046562589,-6.3770628915205));
#1326=CARTESIAN_POINT('Ctrl Pts',(-699.280996546987,-53.5486615142037,-9.66927738889116));
#1327=CARTESIAN_POINT('Ctrl Pts',(-685.131278115708,1.52154850393395,7.45288802262817));
#1328=CARTESIAN_POINT('Ctrl Pts',(-684.784618722465,1.79252294337654,4.1480972292088));
#1329=CARTESIAN_POINT('Ctrl Pts',(-684.437963652554,2.06351550774659,0.843302143066112));
#1330=CARTESIAN_POINT('Ctrl Pts',(-684.091304259311,2.33448994718918,-2.46148865035326));
#1331=CARTESIAN_POINT('Ctrl Pts',(-663.069586564353,61.7516035793981,13.8287310678879));
#1332=CARTESIAN_POINT('Ctrl Pts',(-662.772943727812,61.9301319283612,10.5124521986836));
#1333=CARTESIAN_POINT('Ctrl Pts',(-662.476302970871,62.1085933784023,7.19618364239578));
#1334=CARTESIAN_POINT('Ctrl Pts',(-662.179660134329,62.2871217273654,3.87990477319149));
#1335=CARTESIAN_POINT('Ctrl Pts',(-634.147596601254,125.883738344914,18.2383992498833));
#1336=CARTESIAN_POINT('Ctrl Pts',(-633.900088678402,125.94997977888,14.9144896364263));
#1337=CARTESIAN_POINT('Ctrl Pts',(-633.652572767428,126.016332730899,11.5905641249496));
#1338=CARTESIAN_POINT('Ctrl Pts',(-633.405064844576,126.082574164865,8.26665451149261));
#1339=CARTESIAN_POINT('Ctrl Pts',(-602.51515367714,188.727137855016,20.8497885929491));
#1340=CARTESIAN_POINT('Ctrl Pts',(-602.312387430202,188.675231364154,17.5219661612579));
#1341=CARTESIAN_POINT('Ctrl Pts',(-602.109643015555,188.623045914774,14.1941821656153));
#1342=CARTESIAN_POINT('Ctrl Pts',(-601.906876768617,188.571139423912,10.8663597339241));
#1343=CARTESIAN_POINT('Ctrl Pts',(-576.187228927125,234.511828030001,20.7242875182112));
#1344=CARTESIAN_POINT('Ctrl Pts',(-576.012592156404,234.365467513301,17.3980598655853));
#1345=CARTESIAN_POINT('Ctrl Pts',(-575.837920684103,234.219544843611,14.0717726631682));
#1346=CARTESIAN_POINT('Ctrl Pts',(-575.663283913381,234.073184326911,10.7455450105422));
#1347=CARTESIAN_POINT('Ctrl Pts',(-557.726276730185,264.478078064521,19.6878074439467));
#1348=CARTESIAN_POINT('Ctrl Pts',(-557.567464531569,264.265312661636,16.3650644987255));
#1349=CARTESIAN_POINT('Ctrl Pts',(-557.408652332953,264.052547258751,13.0423215535043));
#1350=CARTESIAN_POINT('Ctrl Pts',(-557.249840134338,263.839781855867,9.71957860828312));
#1351=CARTESIAN_POINT('Ctrl Pts',(557.726276730185,264.478078064521,19.6878074439464));
#1352=CARTESIAN_POINT('Ctrl Pts',(557.567464531569,264.265312661636,16.365064498725));
#1353=CARTESIAN_POINT('Ctrl Pts',(557.408652332953,264.052547258752,13.0423215535036));
#1354=CARTESIAN_POINT('Ctrl Pts',(557.249840134337,263.839781855867,9.71957860828219));
#1355=CARTESIAN_POINT('Ctrl Pts',(531.789289228902,268.547684410675,20.6668896752102));
#1356=CARTESIAN_POINT('Ctrl Pts',(531.629109697272,268.311489704309,17.34571029127));
#1357=CARTESIAN_POINT('Ctrl Pts',(531.468879250885,268.075296011161,14.0245393993282));
#1358=CARTESIAN_POINT('Ctrl Pts',(531.308699719255,267.839101304794,10.703360015388));
#1359=CARTESIAN_POINT('Ctrl Pts',(492.206205451479,274.45092805257,22.139777415169));
#1360=CARTESIAN_POINT('Ctrl Pts',(492.042364995567,274.181220062885,18.8213029940938));
#1361=CARTESIAN_POINT('Ctrl Pts',(491.878555404252,273.911512715573,15.5028235460674));
#1362=CARTESIAN_POINT('Ctrl Pts',(491.714714948341,273.641804725888,12.1843491249922));
#1363=CARTESIAN_POINT('Ctrl Pts',(439.438193932585,281.401584208546,24.2073449744428));
#1364=CARTESIAN_POINT('Ctrl Pts',(439.2661988567,281.092920111997,20.8927522075503));
#1365=CARTESIAN_POINT('Ctrl Pts',(439.094191402661,280.784254496228,17.5781613713395));
#1366=CARTESIAN_POINT('Ctrl Pts',(438.922196326776,280.475590399679,14.2635686044469));
#1367=CARTESIAN_POINT('Ctrl Pts',(400.223363003592,286.028956807319,25.8352742372061));
#1368=CARTESIAN_POINT('Ctrl Pts',(400.043972277422,285.694524721219,22.5235827418484));
#1369=CARTESIAN_POINT('Ctrl Pts',(399.864593618561,285.360094999904,19.2118896217155));
#1370=CARTESIAN_POINT('Ctrl Pts',(399.685202892391,285.025662913804,15.9001981263578));
#1371=CARTESIAN_POINT('Ctrl Pts',(367.473528413334,289.369732896847,27.2998662110139));
#1372=CARTESIAN_POINT('Ctrl Pts',(367.28743270528,289.016838335216,23.9904804934559));
#1373=CARTESIAN_POINT('Ctrl Pts',(367.101328462754,288.663942838676,20.6810956592832));
#1374=CARTESIAN_POINT('Ctrl Pts',(366.915232754699,288.311048277045,17.3717099417252));
#1375=CARTESIAN_POINT('Ctrl Pts',(341.159619492666,291.693284977031,28.550593061607));
#1376=CARTESIAN_POINT('Ctrl Pts',(340.968744437033,291.327738520687,25.2428621261806));
#1377=CARTESIAN_POINT('Ctrl Pts',(340.77787501137,290.962192671245,21.9351306539552));
#1378=CARTESIAN_POINT('Ctrl Pts',(340.586999955737,290.596646214901,18.6273997185288));
#1379=CARTESIAN_POINT('Ctrl Pts',(321.249698066874,293.260571594221,29.5332866780111));
#1380=CARTESIAN_POINT('Ctrl Pts',(321.055989064023,292.886665787128,26.2266563161522));
#1381=CARTESIAN_POINT('Ctrl Pts',(320.862274829262,292.512758427333,22.920026543682));
#1382=CARTESIAN_POINT('Ctrl Pts',(320.668565826411,292.13885262024,19.6133961818231));
#1383=CARTESIAN_POINT('Ctrl Pts',(301.405730153444,294.626718996289,30.5451831596973));
#1384=CARTESIAN_POINT('Ctrl Pts',(301.210541201531,294.245794978651,27.2394423609297));
#1385=CARTESIAN_POINT('Ctrl Pts',(301.015358101422,293.864873846845,23.9337007839136));
#1386=CARTESIAN_POINT('Ctrl Pts',(300.82016914951,293.483949829207,20.627959985146));
#1387=CARTESIAN_POINT('Ctrl Pts',(281.702449571449,295.790669882137,31.5729098560296));
#1388=CARTESIAN_POINT('Ctrl Pts',(281.507819662599,295.404160129767,28.2677851603202));
#1389=CARTESIAN_POINT('Ctrl Pts',(281.31318197173,295.01764655003,24.9626615364331));
#1390=CARTESIAN_POINT('Ctrl Pts',(281.118552062879,294.631136797661,21.6575368407237));
#1391=CARTESIAN_POINT('Ctrl Pts',(265.209694366962,296.608919962569,32.4411313374312));
#1392=CARTESIAN_POINT('Ctrl Pts',(265.017772355942,296.21891520767,29.1362592379659));
#1393=CARTESIAN_POINT('Ctrl Pts',(264.825861867777,295.828913813041,25.8313858288276));
#1394=CARTESIAN_POINT('Ctrl Pts',(264.633939856758,295.438909058143,22.5265137293622));
#1395=CARTESIAN_POINT('Ctrl Pts',(251.928013120144,297.177636030921,33.1356249689889));
#1396=CARTESIAN_POINT('Ctrl Pts',(251.739978117248,296.78553886268,29.8307771083447));
#1397=CARTESIAN_POINT('Ctrl Pts',(251.55192145944,296.393437896209,26.5259313065214));
#1398=CARTESIAN_POINT('Ctrl Pts',(251.363886456544,296.001340727968,23.2210834458772));
#1399=CARTESIAN_POINT('Ctrl Pts',(232.112386925025,297.940664449741,34.161678825405));
#1400=CARTESIAN_POINT('Ctrl Pts',(231.931809573163,297.546117893674,30.8567022717912));
#1401=CARTESIAN_POINT('Ctrl Pts',(231.751270269749,297.151578286794,27.5517219730323));
#1402=CARTESIAN_POINT('Ctrl Pts',(231.570692917886,296.757031730727,24.2467454194185));
#1403=CARTESIAN_POINT('Ctrl Pts',(209.156654417112,298.590354502003,35.3039561817917));
#1404=CARTESIAN_POINT('Ctrl Pts',(208.990067746464,298.194880252821,31.9983336217015));
#1405=CARTESIAN_POINT('Ctrl Pts',(208.823470135894,297.799402592621,28.6927125236583));
#1406=CARTESIAN_POINT('Ctrl Pts',(208.656883465245,297.403928343439,25.3870899635681));
#1407=CARTESIAN_POINT('Ctrl Pts',(182.633318722255,299.100765472813,36.473414750736));
#1408=CARTESIAN_POINT('Ctrl Pts',(182.488270655575,298.705912411729,33.1667152324454));
#1409=CARTESIAN_POINT('Ctrl Pts',(182.3432291476,298.311061942144,29.8600146675021));
#1410=CARTESIAN_POINT('Ctrl Pts',(182.198181080921,297.916208881061,26.5533151492115));
#1411=CARTESIAN_POINT('Ctrl Pts',(155.765717908472,299.482001100321,37.5336195961093));
#1412=CARTESIAN_POINT('Ctrl Pts',(155.644818873388,299.088573263158,34.2257526040944));
#1413=CARTESIAN_POINT('Ctrl Pts',(155.523914180821,298.695142705237,30.9178866498));
#1414=CARTESIAN_POINT('Ctrl Pts',(155.403015145736,298.301714868074,27.610019657785));
#1415=CARTESIAN_POINT('Ctrl Pts',(122.636926561326,299.758700177328,38.5843878957509));
#1416=CARTESIAN_POINT('Ctrl Pts',(122.547536248926,299.367826932286,35.2751881504943));
#1417=CARTESIAN_POINT('Ctrl Pts',(122.458145142215,298.976954109467,31.9659882894647));
#1418=CARTESIAN_POINT('Ctrl Pts',(122.368754829814,298.586080864426,28.6567885442081));
#1419=CARTESIAN_POINT('Ctrl Pts',(89.0345028540267,299.893654030597,39.2961958178356));
#1420=CARTESIAN_POINT('Ctrl Pts',(88.9744693515389,299.505349233021,35.9860697788739));
#1421=CARTESIAN_POINT('Ctrl Pts',(88.9144408151133,299.117045280171,32.675943337566));
#1422=CARTESIAN_POINT('Ctrl Pts',(88.8544073126256,298.728740482596,29.3658172986043));
#1423=CARTESIAN_POINT('Ctrl Pts',(61.5903200682823,299.954651913252,39.6763276942384));
#1424=CARTESIAN_POINT('Ctrl Pts',(61.5514619423238,299.568180005416,36.3656904685685));
#1425=CARTESIAN_POINT('Ctrl Pts',(61.5125970844148,299.18170717859,33.0550536812586));
#1426=CARTESIAN_POINT('Ctrl Pts',(61.4737389584563,298.795235270754,29.7444164555886));
#1427=CARTESIAN_POINT('Ctrl Pts',(41.061242628519,299.982338682297,39.8684913707797));
#1428=CARTESIAN_POINT('Ctrl Pts',(41.0367807758014,299.597086841893,36.5575767847242));
#1429=CARTESIAN_POINT('Ctrl Pts',(41.0123274461235,299.21183602975,33.2466617345205));
#1430=CARTESIAN_POINT('Ctrl Pts',(40.9878655934059,298.826584189346,29.9357471484651));
#1431=CARTESIAN_POINT('Ctrl Pts',(20.4958667905504,299.997089210039,39.977710584777));
#1432=CARTESIAN_POINT('Ctrl Pts',(20.4844271734161,299.612906819092,36.6666025877173));
#1433=CARTESIAN_POINT('Ctrl Pts',(20.4729771176893,299.228723282379,33.3554950922825));
#1434=CARTESIAN_POINT('Ctrl Pts',(20.461537500555,298.844540891433,30.0443870952228));
#1435=CARTESIAN_POINT('Ctrl Pts',(6.82631141299393,300.,40.));
#1436=CARTESIAN_POINT('Ctrl Pts',(6.82263055749231,299.616428707171,36.6888093678779));
#1437=CARTESIAN_POINT('Ctrl Pts',(6.81896229435851,299.232858617523,33.3776182097965));
#1438=CARTESIAN_POINT('Ctrl Pts',(6.81528143885689,298.849287324694,30.0664275776744));
#1439=CARTESIAN_POINT('Ctrl Pts',(8.88178419700125E-15,300.,40.));
#1440=CARTESIAN_POINT('Ctrl Pts',(8.88178419700125E-15,299.616712152475,
36.6887764290141));
#1441=CARTESIAN_POINT('Ctrl Pts',(8.88178419700125E-15,299.233424304951,
33.3775528580283));
#1442=CARTESIAN_POINT('Ctrl Pts',(8.88178419700125E-15,298.850136457426,
30.0663292870424));
#1443=CARTESIAN_POINT('',(557.726276730185,264.478078064521,19.6878074439464));
#1444=CARTESIAN_POINT('Ctrl Pts',(690.,-431.415255768593,-52.5799381456937));
#1445=CARTESIAN_POINT('Ctrl Pts',(689.288257162154,-430.85732730103,-55.788247524318));
#1446=CARTESIAN_POINT('Ctrl Pts',(688.576514324309,-430.299398833466,-58.9965569029423));
#1447=CARTESIAN_POINT('Ctrl Pts',(687.864771486463,-429.741470365902,-62.2048662815665));
#1448=CARTESIAN_POINT('Ctrl Pts',(699.81146186901,-397.959589096354,-48.9385713867579));
#1449=CARTESIAN_POINT('Ctrl Pts',(699.119151337303,-397.405121878146,-52.1517967612956));
#1450=CARTESIAN_POINT('Ctrl Pts',(698.426667989088,-396.850729842015,-55.3649874261896));
#1451=CARTESIAN_POINT('Ctrl Pts',(697.734357457381,-396.296262623807,-58.5782128007272));
#1452=CARTESIAN_POINT('Ctrl Pts',(711.325076410274,-346.901290216162,-42.5525250752696));
#1453=CARTESIAN_POINT('Ctrl Pts',(710.671067691971,-346.355778441321,-45.7754995018201));
#1454=CARTESIAN_POINT('Ctrl Pts',(710.017152976891,-345.810225883081,-48.9984925275153));
#1455=CARTESIAN_POINT('Ctrl Pts',(709.363144258589,-345.26471410824,-52.2214669540658));
#1456=CARTESIAN_POINT('Ctrl Pts',(719.463415797096,-277.834374054417,-32.750204862456));
#1457=CARTESIAN_POINT('Ctrl Pts',(718.86843975194,-277.314013991603,-35.988605600893));
#1458=CARTESIAN_POINT('Ctrl Pts',(718.273434155551,-276.793666701005,-39.2270007783388));
#1459=CARTESIAN_POINT('Ctrl Pts',(717.678458110395,-276.273306638191,-42.4654015167758));
#1460=CARTESIAN_POINT('Ctrl Pts',(721.992744822434,-220.292308180288,-24.1761080795281));
#1461=CARTESIAN_POINT('Ctrl Pts',(721.449032158546,-219.801145919106,-27.4281400468164));
#1462=CARTESIAN_POINT('Ctrl Pts',(720.905339979822,-219.309973955005,-30.6801750765371));
#1463=CARTESIAN_POINT('Ctrl Pts',(720.361627315935,-218.818811693824,-33.9322070438254));
#1464=CARTESIAN_POINT('Ctrl Pts',(719.937032932898,-174.253534229677,-17.1505633896709));
#1465=CARTESIAN_POINT('Ctrl Pts',(719.435010565149,-173.794338583897,-20.4138899906364));
#1466=CARTESIAN_POINT('Ctrl Pts',(718.932984429474,-173.335146990765,-23.6772181136109));
#1467=CARTESIAN_POINT('Ctrl Pts',(718.430962061725,-172.875951344985,-26.9405447145764));
#1468=CARTESIAN_POINT('Ctrl Pts',(716.134307994454,-139.672022353037,-11.9674906974289));
#1469=CARTESIAN_POINT('Ctrl Pts',(715.663431756708,-139.242090595346,-15.2392967977607));
#1470=CARTESIAN_POINT('Ctrl Pts',(715.192556023964,-138.812159857078,-18.5111016076994));
#1471=CARTESIAN_POINT('Ctrl Pts',(714.721679786218,-138.382228099386,-21.7829077080313));
#1472=CARTESIAN_POINT('Ctrl Pts',(713.025392292914,-116.79862860866,-8.5777741650683));
#1473=CARTESIAN_POINT('Ctrl Pts',(712.575053544043,-116.389496877494,-11.8551658704857));
#1474=CARTESIAN_POINT('Ctrl Pts',(712.124709555975,-115.980355658056,-15.132558280718));
#1475=CARTESIAN_POINT('Ctrl Pts',(711.674370807104,-115.57122392689,-18.4099499861354));
#1476=CARTESIAN_POINT('Ctrl Pts',(708.069094680805,-88.4102675321869,-4.463812227023));
#1477=CARTESIAN_POINT('Ctrl Pts',(707.644069199832,-88.0296376061281,-7.74807354679026));
#1478=CARTESIAN_POINT('Ctrl Pts',(707.219050537734,-87.6490185700457,-11.0323347208236));
#1479=CARTESIAN_POINT('Ctrl Pts',(706.794025056761,-87.2683886439868,-14.3165960405909));
#1480=CARTESIAN_POINT('Ctrl Pts',(700.466982450682,-54.5770701980101,0.207289722393548));
#1481=CARTESIAN_POINT('Ctrl Pts',(700.071755621378,-54.2349247203711,-3.08492451276382));
#1482=CARTESIAN_POINT('Ctrl Pts',(699.676522333729,-53.8927718638458,-6.3771379557744));
#1483=CARTESIAN_POINT('Ctrl Pts',(699.281295504426,-53.5506263862069,-9.66935219093177));
#1484=CARTESIAN_POINT('Ctrl Pts',(685.130857353606,1.52399261953596,7.45287356848483));
#1485=CARTESIAN_POINT('Ctrl Pts',(684.784199053772,1.79496511398572,4.14808264002888));
#1486=CARTESIAN_POINT('Ctrl Pts',(684.437549612101,2.06593880238399,0.8432886376181));
#1487=CARTESIAN_POINT('Ctrl Pts',(684.090891312267,2.33691129683376,-2.46150229083784));
#1488=CARTESIAN_POINT('Ctrl Pts',(663.070143570533,61.7504211402943,13.8285953453392));
#1489=CARTESIAN_POINT('Ctrl Pts',(662.773501086661,61.9289478589551,10.5123169078354));
#1490=CARTESIAN_POINT('Ctrl Pts',(662.47685658735,62.1074300680647,7.19604666081234));
#1491=CARTESIAN_POINT('Ctrl Pts',(662.180214103478,62.2859567867255,3.87976822330853));
#1492=CARTESIAN_POINT('Ctrl Pts',(634.146971595804,125.883442253486,18.2386196804194));
#1493=CARTESIAN_POINT('Ctrl Pts',(633.899462015126,125.949687774825,14.9147096195994));
#1494=CARTESIAN_POINT('Ctrl Pts',(633.651947682256,126.016013806477,11.5907874178117));
#1495=CARTESIAN_POINT('Ctrl Pts',(633.404438101578,126.082259327817,8.26687735699172));
#1496=CARTESIAN_POINT('Ctrl Pts',(602.515492804569,188.727443470894,20.8497747614788));
#1497=CARTESIAN_POINT('Ctrl Pts',(602.312728584534,188.675530033131,17.5219526468847));
#1498=CARTESIAN_POINT('Ctrl Pts',(602.109980234688,188.62339015321,14.1941629967768));
#1499=CARTESIAN_POINT('Ctrl Pts',(601.907216014654,188.571476715448,10.8663408821827));
#1500=CARTESIAN_POINT('Ctrl Pts',(576.187228927125,234.511828030001,20.7242875182112));
#1501=CARTESIAN_POINT('Ctrl Pts',(576.01259005799,234.365479420269,17.3980588838975));
#1502=CARTESIAN_POINT('Ctrl Pts',(575.837922782516,234.219532936643,14.071773644856));
#1503=CARTESIAN_POINT('Ctrl Pts',(575.663283913381,234.073184326911,10.7455450105422));
#1504=CARTESIAN_POINT('Ctrl Pts',(557.726276730185,264.478078064521,19.6878074439467));
#1505=CARTESIAN_POINT('Ctrl Pts',(557.567464531569,264.265312661636,16.3650644987255));
#1506=CARTESIAN_POINT('Ctrl Pts',(557.408652332953,264.052547258752,13.0423215535043));
#1507=CARTESIAN_POINT('Ctrl Pts',(557.249840134338,263.839781855867,9.71957860828312));
#1508=CARTESIAN_POINT('',(690.,-431.415255768594,-52.5799381456938));
#1509=CARTESIAN_POINT('Ctrl Pts',(-8.88178419700125E-15,-500.,2.86229373536173E-14));
#1510=CARTESIAN_POINT('Ctrl Pts',(-8.88177170354026E-15,-499.525316414936,
-3.29936154508448));
#1511=CARTESIAN_POINT('Ctrl Pts',(-8.88175921007927E-15,-499.050632829872,
-6.59872309016898));
#1512=CARTESIAN_POINT('Ctrl Pts',(-8.88174671661827E-15,-498.575949244808,
-9.89808463525349));
#1513=CARTESIAN_POINT('Ctrl Pts',(32.2359002668793,-498.75165704257,0.179600781037451));
#1514=CARTESIAN_POINT('Ctrl Pts',(32.2262132773431,-498.27682857182,-3.11973485037873));
#1515=CARTESIAN_POINT('Ctrl Pts',(32.2166346612401,-497.801993583166,-6.41908475036439));
#1516=CARTESIAN_POINT('Ctrl Pts',(32.2069476717038,-497.327165112416,-9.71842038178057));
#1517=CARTESIAN_POINT('Ctrl Pts',(82.7603871509098,-496.64396367665,0.273198251594636));
#1518=CARTESIAN_POINT('Ctrl Pts',(82.7335797242159,-496.16909460355,-3.02608912666843));
#1519=CARTESIAN_POINT('Ctrl Pts',(82.7067034578195,-495.694229735121,-6.32536697343222));
#1520=CARTESIAN_POINT('Ctrl Pts',(82.6798960311256,-495.219360662021,-9.62465435169528));
#1521=CARTESIAN_POINT('Ctrl Pts',(141.907763707851,-493.791556445421,-0.163296549641939));
#1522=CARTESIAN_POINT('Ctrl Pts',(141.851663895925,-493.317095935825,-3.46223742762727));
#1523=CARTESIAN_POINT('Ctrl Pts',(141.795583781733,-492.842634250321,-6.76118113298348));
#1524=CARTESIAN_POINT('Ctrl Pts',(141.739483969807,-492.368173740725,-10.0601220109688));
#1525=CARTESIAN_POINT('Ctrl Pts',(171.068817831113,-492.273089490602,-0.551294578324241));
#1526=CARTESIAN_POINT('Ctrl Pts',(170.995129394694,-491.798975185056,-3.84992272859613));
#1527=CARTESIAN_POINT('Ctrl Pts',(170.921435319752,-491.324861109437,-7.14855007334751));
#1528=CARTESIAN_POINT('Ctrl Pts',(170.847746883333,-490.850746803891,-10.4471782236194));
#1529=CARTESIAN_POINT('Ctrl Pts',(187.568532360984,-491.378860098267,-0.825617687062447));
#1530=CARTESIAN_POINT('Ctrl Pts',(187.483875271017,-490.904987877139,-4.12401330830811));
#1531=CARTESIAN_POINT('Ctrl Pts',(187.399223064598,-490.4311157321,-7.42240901310896));
#1532=CARTESIAN_POINT('Ctrl Pts',(187.314565974631,-489.957243510972,-10.7208046343546));
#1533=CARTESIAN_POINT('Ctrl Pts',(212.03785987079,-490.016654231683,-1.28973588952543));
#1534=CARTESIAN_POINT('Ctrl Pts',(211.935886111642,-489.543189383226,-4.58772317498706));
#1535=CARTESIAN_POINT('Ctrl Pts',(211.833898593593,-489.069724409838,-7.88571040338358));
#1536=CARTESIAN_POINT('Ctrl Pts',(211.731924834444,-488.596259561382,-11.1836976888452));
#1537=CARTESIAN_POINT('Ctrl Pts',(249.232481022912,-487.802026728565,-2.22556025954299));
#1538=CARTESIAN_POINT('Ctrl Pts',(249.099900505096,-487.329373186681,-5.52265594572024));
#1539=CARTESIAN_POINT('Ctrl Pts',(248.967330959152,-486.856719372877,-8.81975138578635));
#1540=CARTESIAN_POINT('Ctrl Pts',(248.834750441336,-486.384065830993,-12.1168470719636));
#1541=CARTESIAN_POINT('Ctrl Pts',(299.262414502839,-484.418326877852,-4.13505685245151));
#1542=CARTESIAN_POINT('Ctrl Pts',(299.077224749139,-483.947249306419,-7.42990955168479));
#1543=CARTESIAN_POINT('Ctrl Pts',(298.892033084474,-483.476171643194,-10.7247627880057));
#1544=CARTESIAN_POINT('Ctrl Pts',(298.706843330774,-483.005094071761,-14.019615487239));
#1545=CARTESIAN_POINT('Ctrl Pts',(349.147447282476,-480.504286571266,-6.86195719362555));
#1546=CARTESIAN_POINT('Ctrl Pts',(348.89739019699,-480.03510688752,-10.1528696283276));
#1547=CARTESIAN_POINT('Ctrl Pts',(348.647331332258,-479.565927417165,-13.44378168878));
#1548=CARTESIAN_POINT('Ctrl Pts',(348.397274246772,-479.09674773342,-16.7346941234821));
#1549=CARTESIAN_POINT('Ctrl Pts',(390.003030666973,-476.715060864406,-9.88634825235713));
#1550=CARTESIAN_POINT('Ctrl Pts',(389.690937405434,-476.247201110769,-13.1720784366891));
#1551=CARTESIAN_POINT('Ctrl Pts',(389.37884091212,-475.779341491137,-16.4578083710323));
#1552=CARTESIAN_POINT('Ctrl Pts',(389.066747650581,-475.3114817375,-19.7435385553643));
#1553=CARTESIAN_POINT('Ctrl Pts',(418.574749110688,-473.674997200736,-12.4550548192346));
#1554=CARTESIAN_POINT('Ctrl Pts',(418.216581644253,-473.207372171001,-15.735979807011));
#1555=CARTESIAN_POINT('Ctrl Pts',(417.85843010344,-472.739746973374,-19.0169063149225));
#1556=CARTESIAN_POINT('Ctrl Pts',(417.500262637004,-472.272121943639,-22.2978313026989));
#1557=CARTESIAN_POINT('Ctrl Pts',(434.938789347736,-471.811184550086,-14.0597469015568));
#1558=CARTESIAN_POINT('Ctrl Pts',(434.553915710341,-471.343370635168,-17.3375918196899));
#1559=CARTESIAN_POINT('Ctrl Pts',(434.169020623013,-470.875556059457,-20.6154348916008));
#1560=CARTESIAN_POINT('Ctrl Pts',(433.784146985617,-470.407742144539,-23.8932798097338));
#1561=CARTESIAN_POINT('Ctrl Pts',(459.650092258305,-468.871523506995,-16.6186942031104));
#1562=CARTESIAN_POINT('Ctrl Pts',(459.224710682118,-468.403030935941,-19.8915624190453));
#1563=CARTESIAN_POINT('Ctrl Pts',(458.799366555824,-467.934539996004,-23.1644336852968));
#1564=CARTESIAN_POINT('Ctrl Pts',(458.373984979638,-467.46604742495,-26.4373019012318));
#1565=CARTESIAN_POINT('Ctrl Pts',(496.289623605434,-464.03069223517,-20.920992827198));
#1566=CARTESIAN_POINT('Ctrl Pts',(495.804615137928,-463.559474548169,-24.1853202010264));
#1567=CARTESIAN_POINT('Ctrl Pts',(495.319571976123,-463.08825619842,-27.4496444841683));
#1568=CARTESIAN_POINT('Ctrl Pts',(494.834563508617,-462.617038511418,-30.7139718579967));
#1569=CARTESIAN_POINT('Ctrl Pts',(536.483582245512,-457.990276371998,-26.4775290649341));
#1570=CARTESIAN_POINT('Ctrl Pts',(535.93879450915,-457.51127488357,-29.7311096671595));
#1571=CARTESIAN_POINT('Ctrl Pts',(535.394023066855,-457.032272149477,-32.9846927576194));
#1572=CARTESIAN_POINT('Ctrl Pts',(534.849235330493,-456.553270661049,-36.2382733598448));
#1573=CARTESIAN_POINT('Ctrl Pts',(568.586563079698,-452.831557459785,-31.3581402592846));
#1574=CARTESIAN_POINT('Ctrl Pts',(567.998907767813,-452.342659557372,-34.602691645703));
#1575=CARTESIAN_POINT('Ctrl Pts',(567.411245207667,-451.853764413409,-37.8472416933585));
#1576=CARTESIAN_POINT('Ctrl Pts',(566.823589895781,-451.364866510997,-41.0917930797769));
#1577=CARTESIAN_POINT('Ctrl Pts',(600.889717418513,-447.442393559988,-36.5447158865935));
#1578=CARTESIAN_POINT('Ctrl Pts',(600.262279613915,-446.940900135846,-39.7799444438987));
#1579=CARTESIAN_POINT('Ctrl Pts',(599.634841076554,-446.439400456881,-43.0151726731759));
#1580=CARTESIAN_POINT('Ctrl Pts',(599.007403271956,-445.937907032739,-46.250401230481));
#1581=CARTESIAN_POINT('Ctrl Pts',(641.635601060815,-440.320556285212,-43.5659504579007));
#1582=CARTESIAN_POINT('Ctrl Pts',(640.964564093049,-439.797847340169,-46.7891010527409));
#1583=CARTESIAN_POINT('Ctrl Pts',(640.293541910185,-439.275147558392,-50.0122546244786));
#1584=CARTESIAN_POINT('Ctrl Pts',(639.622504942419,-438.752438613349,-53.2354052193188));
#1585=CARTESIAN_POINT('Ctrl Pts',(674.000206504875,-434.396472585651,-49.5489235054788));
#1586=CARTESIAN_POINT('Ctrl Pts',(673.301051683126,-433.851095315849,-52.7622072652898));
#1587=CARTESIAN_POINT('Ctrl Pts',(672.601871332197,-433.305706431014,-55.9754859104092));
#1588=CARTESIAN_POINT('Ctrl Pts',(671.902716510447,-432.760329161212,-59.1887696702202));
#1589=CARTESIAN_POINT('Ctrl Pts',(690.,-431.415255768594,-52.5799381456937));
#1590=CARTESIAN_POINT('Ctrl Pts',(689.288257162154,-430.85732730103,-55.7882475243181));
#1591=CARTESIAN_POINT('Ctrl Pts',(688.576514324309,-430.299398833466,-58.9965569029424));
#1592=CARTESIAN_POINT('Ctrl Pts',(687.864771486463,-429.741470365902,-62.2048662815667));
#1593=UNCERTAINTY_MEASURE_WITH_UNIT(LENGTH_MEASURE(0.01),#1597,
'DISTANCE_ACCURACY_VALUE',
'Maximum model space distance between geometric entities at asserted c
onnectivities');
#1594=UNCERTAINTY_MEASURE_WITH_UNIT(LENGTH_MEASURE(0.01),#1597,
'DISTANCE_ACCURACY_VALUE',
'Maximum model space distance between geometric entities at asserted c
onnectivities');
#1595=(
GEOMETRIC_REPRESENTATION_CONTEXT(3)
GLOBAL_UNCERTAINTY_ASSIGNED_CONTEXT((#1593))
GLOBAL_UNIT_ASSIGNED_CONTEXT((#1597,#1599,#1600))
REPRESENTATION_CONTEXT('','3D')
);
#1596=(
GEOMETRIC_REPRESENTATION_CONTEXT(3)
GLOBAL_UNCERTAINTY_ASSIGNED_CONTEXT((#1594))
GLOBAL_UNIT_ASSIGNED_CONTEXT((#1597,#1599,#1600))
REPRESENTATION_CONTEXT('','3D')
);
#1597=(
LENGTH_UNIT()
NAMED_UNIT(*)
SI_UNIT(.MILLI.,.METRE.)
);
#1598=(
LENGTH_UNIT()
NAMED_UNIT(*)
SI_UNIT($,.METRE.)
);
#1599=(
NAMED_UNIT(*)
PLANE_ANGLE_UNIT()
SI_UNIT($,.RADIAN.)
);
#1600=(
NAMED_UNIT(*)
SI_UNIT($,.STERADIAN.)
SOLID_ANGLE_UNIT()
);
#1601=SHAPE_DEFINITION_REPRESENTATION(#1602,#1603);
#1602=PRODUCT_DEFINITION_SHAPE('',$,#1605);
#1603=SHAPE_REPRESENTATION('',(#166),#1595);
#1604=PRODUCT_DEFINITION_CONTEXT('part definition',#1609,'design');
#1605=PRODUCT_DEFINITION('windshield','windshield v2',#1606,#1604);
#1606=PRODUCT_DEFINITION_FORMATION('',$,#1611);
#1607=PRODUCT_RELATED_PRODUCT_CATEGORY('windshield v2','windshield v2',
(#1611));
#1608=APPLICATION_PROTOCOL_DEFINITION('international standard',
'automotive_design',2009,#1609);
#1609=APPLICATION_CONTEXT(
'Core Data for Automotive Mechanical Design Process');
#1610=PRODUCT_CONTEXT('part definition',#1609,'mechanical');
#1611=PRODUCT('windshield','windshield v2',$,(#1610));
#1612=PRESENTATION_STYLE_ASSIGNMENT((#1613));
#1613=SURFACE_STYLE_USAGE(.BOTH.,#1614);
#1614=SURFACE_SIDE_STYLE('',(#1615));
#1615=SURFACE_STYLE_FILL_AREA(#1616);
#1616=FILL_AREA_STYLE('Steel - Satin',(#1617));
#1617=FILL_AREA_STYLE_COLOUR('Steel - Satin',#1618);
#1618=COLOUR_RGB('Steel - Satin',0.627450980392157,0.627450980392157,0.627450980392157);
ENDSEC;
END-ISO-10303-21;
